tabla,fila_id,tipo_error,regla_esperada
clientes,02d74168-a0a6-4616-80df-2ee6a8140619,dni_duplicado,unicidad_documento
clientes,082885f2-8359-4e4d-b6f0-216c761de572,dni_duplicado,unicidad_documento
clientes,0cb7de2f-c691-4b18-a3ca-fd7a79a30ad5,dni_duplicado,unicidad_documento
clientes,0ed2ca7c-de86-4a94-80e7-1d6205b302ab,dni_duplicado,unicidad_documento
clientes,106139a3-88ba-47ce-8f5f-f2732ca2f3d4,dni_duplicado,unicidad_documento
clientes,12a066f3-ab8d-4663-b05b-e3e77ae7dc9f,dni_duplicado,unicidad_documento
clientes,14762118-c80f-4800-8050-31edd501bb0e,dni_duplicado,unicidad_documento
clientes,1871ef95-8599-4041-8461-610db728c6d7,dni_duplicado,unicidad_documento
clientes,1ce8a1ce-4892-4b7f-aa6b-8b6dc7e299a4,dni_duplicado,unicidad_documento
clientes,1f13491d-e1eb-4356-a6e8-7820920541c6,dni_duplicado,unicidad_documento
clientes,22592a4e-ff9d-4294-a5b8-6a80e620ec9a,dni_duplicado,unicidad_documento
clientes,23e8a04d-eb8d-4de4-ac04-bfab334b38bb,dni_duplicado,unicidad_documento
clientes,308e32db-fa8b-43aa-84b6-5f9bff4182e6,dni_duplicado,unicidad_documento
clientes,3316f1ff-38db-49aa-8363-316808d9c6a5,dni_duplicado,unicidad_documento
clientes,33201fe3-0871-4142-a8b4-935ba22c16ce,dni_duplicado,unicidad_documento
clientes,3a81d038-1714-438e-b972-843f39905511,dni_duplicado,unicidad_documento
clientes,40540669-e964-4467-af6d-27645a800710,dni_duplicado,unicidad_documento
clientes,41f50344-0bdf-4932-9347-4c807798cb63,dni_duplicado,unicidad_documento
clientes,43674964-0454-443e-bc01-ce1c52bb14c1,dni_duplicado,unicidad_documento
clientes,4a426cc5-ad8a-42b8-8ed1-c77a6674c25e,dni_duplicado,unicidad_documento
clientes,59c19d47-72f8-4dfa-91f1-5c47280428a5,dni_duplicado,unicidad_documento
clientes,5a4dd958-b1ed-44b5-90be-510d44bdebab,dni_duplicado,unicidad_documento
clientes,5bc9a68f-0380-4b6b-a473-7efd5dd36601,dni_duplicado,unicidad_documento
clientes,5fdab25f-d069-48c9-9b08-7cbbe84294dc,dni_duplicado,unicidad_documento
clientes,5fe0f356-c896-45d5-8118-1dcac318e0da,dni_duplicado,unicidad_documento
clientes,60214e5f-76b7-4153-8753-acc1bfbe5b43,dni_duplicado,unicidad_documento
clientes,61f85a91-f5a4-4287-8b64-09264c38a232,dni_duplicado,unicidad_documento
clientes,65cc26dc-8d66-443a-8ee5-67cd487740b8,dni_duplicado,unicidad_documento
clientes,6626364b-194a-4b64-be79-dd6cf22259d4,dni_duplicado,unicidad_documento
clientes,6d862e0b-2d3c-4074-858c-41ae2ae9ab98,dni_duplicado,unicidad_documento
clientes,6e2fde9d-3da5-493e-9efa-47100259e0f4,dni_duplicado,unicidad_documento
clientes,707eecba-6ecb-497d-b8c8-3417354c7caa,dni_duplicado,unicidad_documento
clientes,75c2544f-8b3d-422c-b322-279c2be917e9,dni_duplicado,unicidad_documento
clientes,762f49ca-7de2-4ddb-b306-972d11290615,dni_duplicado,unicidad_documento
clientes,7f9745c3-cb60-410b-aee9-62bb68bfe75b,dni_duplicado,unicidad_documento
clientes,8bc20d12-d599-45fa-93c9-db9e37e4b840,dni_duplicado,unicidad_documento
clientes,8d6ea325-3ca0-4f7d-9e04-be0341a7023a,dni_duplicado,unicidad_documento
clientes,90c58bdb-aa02-4bed-b49e-3d97c443f111,dni_duplicado,unicidad_documento
clientes,91762c25-a19b-4de2-b9ba-40253c66442f,dni_duplicado,unicidad_documento
clientes,933b2116-8d13-4a84-9998-ebb47238f1cf,dni_duplicado,unicidad_documento
clientes,9425e9f0-29f8-4c38-8533-8df9b0f3b96d,dni_duplicado,unicidad_documento
clientes,a492646a-a59f-46db-93dc-108772cabab9,dni_duplicado,unicidad_documento
clientes,a606125e-fe47-4612-b9b3-d1fff06504d7,dni_duplicado,unicidad_documento
clientes,adc861b6-66a6-43dc-b321-230182444775,dni_duplicado,unicidad_documento
clientes,b27f190d-b88e-433f-8271-106e095f4f70,dni_duplicado,unicidad_documento
clientes,b4caf060-e5df-4519-a65f-e92e32852bfb,dni_duplicado,unicidad_documento
clientes,b4e2796d-4c85-465d-a5e4-83b6122ee435,dni_duplicado,unicidad_documento
clientes,b50148e5-5887-4b44-b96b-aa6c0cf46609,dni_duplicado,unicidad_documento
clientes,b65b69a3-737f-495a-83d7-a0c29e536a12,dni_duplicado,unicidad_documento
clientes,b6d15ce9-5983-4692-b1b5-79e339e2612a,dni_duplicado,unicidad_documento
clientes,cb27293f-4823-4f34-a880-f506a7f4ea83,dni_duplicado,unicidad_documento
clientes,cb507255-90a1-4151-88b1-7a8bc7613646,dni_duplicado,unicidad_documento
clientes,d0570ce8-ad9d-4540-a0d6-871bc9ae7b70,dni_duplicado,unicidad_documento
clientes,d47fb716-f1f4-41b7-aea8-21fabae80e7a,dni_duplicado,unicidad_documento
clientes,e604abbd-47dd-4756-ab81-0116a0156c31,dni_duplicado,unicidad_documento
clientes,e9d54154-18af-4195-ac9a-2775bb4fab99,dni_duplicado,unicidad_documento
clientes,eb6961f5-272d-4860-a53f-61c34a03670e,dni_duplicado,unicidad_documento
clientes,f4bc412f-7552-4330-82f8-99e5418cf9d4,dni_duplicado,unicidad_documento
clientes,f98fe84c-0a3c-4266-a45b-3058658f02ac,dni_duplicado,unicidad_documento
clientes,ffab4e88-2036-40c5-b61f-c8a226e3edf6,dni_duplicado,unicidad_documento
creditos,1045,saldo_mayor_aprobado,coherencia_saldos
creditos,1082,saldo_mayor_aprobado,coherencia_saldos
creditos,109,saldo_mayor_aprobado,coherencia_saldos
creditos,1142,saldo_mayor_aprobado,coherencia_saldos
creditos,1167,saldo_mayor_aprobado,coherencia_saldos
creditos,1207,saldo_mayor_aprobado,coherencia_saldos
creditos,1238,saldo_mayor_aprobado,coherencia_saldos
creditos,1240,saldo_mayor_aprobado,coherencia_saldos
creditos,1242,saldo_mayor_aprobado,coherencia_saldos
creditos,1263,saldo_mayor_aprobado,coherencia_saldos
creditos,1269,saldo_mayor_aprobado,coherencia_saldos
creditos,1274,saldo_mayor_aprobado,coherencia_saldos
creditos,1279,saldo_mayor_aprobado,coherencia_saldos
creditos,1309,saldo_mayor_aprobado,coherencia_saldos
creditos,1318,saldo_mayor_aprobado,coherencia_saldos
creditos,1359,saldo_mayor_aprobado,coherencia_saldos
creditos,1375,saldo_mayor_aprobado,coherencia_saldos
creditos,14,saldo_mayor_aprobado,coherencia_saldos
creditos,1431,saldo_mayor_aprobado,coherencia_saldos
creditos,1433,saldo_mayor_aprobado,coherencia_saldos
creditos,1453,saldo_mayor_aprobado,coherencia_saldos
creditos,1461,saldo_mayor_aprobado,coherencia_saldos
creditos,1464,saldo_mayor_aprobado,coherencia_saldos
creditos,1465,saldo_mayor_aprobado,coherencia_saldos
creditos,147,saldo_mayor_aprobado,coherencia_saldos
creditos,152,saldo_mayor_aprobado,coherencia_saldos
creditos,1581,saldo_mayor_aprobado,coherencia_saldos
creditos,16,saldo_mayor_aprobado,coherencia_saldos
creditos,1627,saldo_mayor_aprobado,coherencia_saldos
creditos,1660,saldo_mayor_aprobado,coherencia_saldos
creditos,1672,saldo_mayor_aprobado,coherencia_saldos
creditos,1689,saldo_mayor_aprobado,coherencia_saldos
creditos,1693,saldo_mayor_aprobado,coherencia_saldos
creditos,1713,saldo_mayor_aprobado,coherencia_saldos
creditos,1723,saldo_mayor_aprobado,coherencia_saldos
creditos,1795,saldo_mayor_aprobado,coherencia_saldos
creditos,1816,saldo_mayor_aprobado,coherencia_saldos
creditos,1824,saldo_mayor_aprobado,coherencia_saldos
creditos,1848,saldo_mayor_aprobado,coherencia_saldos
creditos,1868,saldo_mayor_aprobado,coherencia_saldos
creditos,1873,saldo_mayor_aprobado,coherencia_saldos
creditos,189,saldo_mayor_aprobado,coherencia_saldos
creditos,200,saldo_mayor_aprobado,coherencia_saldos
creditos,24,saldo_mayor_aprobado,coherencia_saldos
creditos,244,saldo_mayor_aprobado,coherencia_saldos
creditos,262,saldo_mayor_aprobado,coherencia_saldos
creditos,265,saldo_mayor_aprobado,coherencia_saldos
creditos,313,saldo_mayor_aprobado,coherencia_saldos
creditos,340,saldo_mayor_aprobado,coherencia_saldos
creditos,357,saldo_mayor_aprobado,coherencia_saldos
creditos,363,saldo_mayor_aprobado,coherencia_saldos
creditos,368,saldo_mayor_aprobado,coherencia_saldos
creditos,378,saldo_mayor_aprobado,coherencia_saldos
creditos,380,saldo_mayor_aprobado,coherencia_saldos
creditos,383,saldo_mayor_aprobado,coherencia_saldos
creditos,392,saldo_mayor_aprobado,coherencia_saldos
creditos,423,saldo_mayor_aprobado,coherencia_saldos
creditos,425,saldo_mayor_aprobado,coherencia_saldos
creditos,444,saldo_mayor_aprobado,coherencia_saldos
creditos,450,saldo_mayor_aprobado,coherencia_saldos
creditos,508,saldo_mayor_aprobado,coherencia_saldos
creditos,569,saldo_mayor_aprobado,coherencia_saldos
creditos,589,saldo_mayor_aprobado,coherencia_saldos
creditos,596,saldo_mayor_aprobado,coherencia_saldos
creditos,619,saldo_mayor_aprobado,coherencia_saldos
creditos,642,saldo_mayor_aprobado,coherencia_saldos
creditos,696,saldo_mayor_aprobado,coherencia_saldos
creditos,697,saldo_mayor_aprobado,coherencia_saldos
creditos,730,saldo_mayor_aprobado,coherencia_saldos
creditos,779,saldo_mayor_aprobado,coherencia_saldos
creditos,786,saldo_mayor_aprobado,coherencia_saldos
creditos,822,saldo_mayor_aprobado,coherencia_saldos
creditos,889,saldo_mayor_aprobado,coherencia_saldos
creditos,893,saldo_mayor_aprobado,coherencia_saldos
creditos,904,saldo_mayor_aprobado,coherencia_saldos
creditos,925,saldo_mayor_aprobado,coherencia_saldos
creditos,935,saldo_mayor_aprobado,coherencia_saldos
creditos,958,saldo_mayor_aprobado,coherencia_saldos
creditos,967,saldo_mayor_aprobado,coherencia_saldos
creditos,993,saldo_mayor_aprobado,coherencia_saldos
movimientos,105867,ledger_descuadrado,cuadratura_contable
movimientos,105931,ledger_descuadrado,cuadratura_contable
movimientos,110265,ledger_descuadrado,cuadratura_contable
movimientos,11242,ledger_descuadrado,cuadratura_contable
movimientos,114976,ledger_descuadrado,cuadratura_contable
movimientos,120050,ledger_descuadrado,cuadratura_contable
movimientos,123776,ledger_descuadrado,cuadratura_contable
movimientos,129816,ledger_descuadrado,cuadratura_contable
movimientos,140158,ledger_descuadrado,cuadratura_contable
movimientos,141414,ledger_descuadrado,cuadratura_contable
movimientos,144172,ledger_descuadrado,cuadratura_contable
movimientos,149140,ledger_descuadrado,cuadratura_contable
movimientos,149868,ledger_descuadrado,cuadratura_contable
movimientos,152197,ledger_descuadrado,cuadratura_contable
movimientos,153433,ledger_descuadrado,cuadratura_contable
movimientos,156077,ledger_descuadrado,cuadratura_contable
movimientos,156212,ledger_descuadrado,cuadratura_contable
movimientos,159472,ledger_descuadrado,cuadratura_contable
movimientos,172766,ledger_descuadrado,cuadratura_contable
movimientos,181003,ledger_descuadrado,cuadratura_contable
movimientos,181122,ledger_descuadrado,cuadratura_contable
movimientos,181199,ledger_descuadrado,cuadratura_contable
movimientos,184376,ledger_descuadrado,cuadratura_contable
movimientos,191078,ledger_descuadrado,cuadratura_contable
movimientos,195677,ledger_descuadrado,cuadratura_contable
movimientos,2111,ledger_descuadrado,cuadratura_contable
movimientos,25593,ledger_descuadrado,cuadratura_contable
movimientos,28996,ledger_descuadrado,cuadratura_contable
movimientos,43030,ledger_descuadrado,cuadratura_contable
movimientos,47327,ledger_descuadrado,cuadratura_contable
movimientos,50668,ledger_descuadrado,cuadratura_contable
movimientos,56885,ledger_descuadrado,cuadratura_contable
movimientos,5980,ledger_descuadrado,cuadratura_contable
movimientos,62184,ledger_descuadrado,cuadratura_contable
movimientos,69375,ledger_descuadrado,cuadratura_contable
movimientos,75618,ledger_descuadrado,cuadratura_contable
movimientos,79610,ledger_descuadrado,cuadratura_contable
movimientos,80531,ledger_descuadrado,cuadratura_contable
movimientos,8475,ledger_descuadrado,cuadratura_contable
movimientos,93853,ledger_descuadrado,cuadratura_contable
transacciones,100080,moneda_invalida,catalogo_monedas
transacciones,10015,monto_no_positivo,rango_monto
transacciones,100156,monto_no_positivo,rango_monto
transacciones,100205,fecha_futura,fecha_no_futura
transacciones,100236,fecha_futura,fecha_no_futura
transacciones,100260,origen_inexistente,integridad_referencial_halt
transacciones,100439,origen_inexistente,integridad_referencial_halt
transacciones,100459,nulo_cuenta,nulos_no_permitidos
transacciones,100473,origen_inexistente,integridad_referencial_halt
transacciones,100509,monto_no_positivo,rango_monto
transacciones,100515,fecha_futura,fecha_no_futura
transacciones,100524,moneda_invalida,catalogo_monedas
transacciones,10054,fecha_futura,fecha_no_futura
transacciones,100597,monto_no_positivo,rango_monto
transacciones,100626,fecha_futura,fecha_no_futura
transacciones,10063,fecha_futura,fecha_no_futura
transacciones,100668,monto_no_positivo,rango_monto
transacciones,100672,nulo_cuenta,nulos_no_permitidos
transacciones,100705,nulo_cuenta,nulos_no_permitidos
transacciones,100816,moneda_invalida,catalogo_monedas
transacciones,100862,monto_no_positivo,rango_monto
transacciones,100906,nulo_monto,nulos_no_permitidos
transacciones,100955,moneda_invalida,catalogo_monedas
transacciones,100968,monto_no_positivo,rango_monto
transacciones,10097,monto_no_positivo,rango_monto
transacciones,101004,nulo_cuenta,nulos_no_permitidos
transacciones,101009,fecha_futura,fecha_no_futura
transacciones,101026,origen_inexistente,integridad_referencial_halt
transacciones,101092,nulo_cuenta,nulos_no_permitidos
transacciones,101175,moneda_invalida,catalogo_monedas
transacciones,101304,fecha_futura,fecha_no_futura
transacciones,101309,monto_no_positivo,rango_monto
transacciones,101338,moneda_invalida,catalogo_monedas
transacciones,101495,origen_inexistente,integridad_referencial_halt
transacciones,101519,fecha_futura,fecha_no_futura
transacciones,101541,origen_inexistente,integridad_referencial_halt
transacciones,101575,nulo_cuenta,nulos_no_permitidos
transacciones,101586,nulo_cuenta,nulos_no_permitidos
transacciones,10163,fecha_futura,fecha_no_futura
transacciones,10174,nulo_cuenta,nulos_no_permitidos
transacciones,101782,moneda_invalida,catalogo_monedas
transacciones,101906,fecha_futura,fecha_no_futura
transacciones,101913,moneda_invalida,catalogo_monedas
transacciones,101963,fecha_futura,fecha_no_futura
transacciones,102036,fecha_futura,fecha_no_futura
transacciones,102075,fecha_futura,fecha_no_futura
transacciones,102226,fecha_futura,fecha_no_futura
transacciones,102315,origen_inexistente,integridad_referencial_halt
transacciones,102325,nulo_cuenta,nulos_no_permitidos
transacciones,102332,nulo_fecha,nulos_no_permitidos
transacciones,102375,origen_inexistente,integridad_referencial_halt
transacciones,102404,fecha_futura,fecha_no_futura
transacciones,102529,origen_inexistente,integridad_referencial_halt
transacciones,102560,monto_no_positivo,rango_monto
transacciones,10259,fecha_futura,fecha_no_futura
transacciones,102632,moneda_invalida,catalogo_monedas
transacciones,102878,fecha_futura,fecha_no_futura
transacciones,102914,nulo_monto,nulos_no_permitidos
transacciones,102948,moneda_invalida,catalogo_monedas
transacciones,102975,moneda_invalida,catalogo_monedas
transacciones,10300,nulo_fecha,nulos_no_permitidos
transacciones,103028,nulo_cuenta,nulos_no_permitidos
transacciones,103063,fecha_futura,fecha_no_futura
transacciones,103088,nulo_cuenta,nulos_no_permitidos
transacciones,103189,fecha_futura,fecha_no_futura
transacciones,103309,monto_no_positivo,rango_monto
transacciones,10356,moneda_invalida,catalogo_monedas
transacciones,103563,nulo_cuenta,nulos_no_permitidos
transacciones,10367,origen_inexistente,integridad_referencial_halt
transacciones,103707,origen_inexistente,integridad_referencial_halt
transacciones,10372,origen_inexistente,integridad_referencial_halt
transacciones,103843,fecha_futura,fecha_no_futura
transacciones,103852,moneda_invalida,catalogo_monedas
transacciones,10386,nulo_fecha,nulos_no_permitidos
transacciones,103908,nulo_cuenta,nulos_no_permitidos
transacciones,104045,origen_inexistente,integridad_referencial_halt
transacciones,104101,origen_inexistente,integridad_referencial_halt
transacciones,104136,fecha_futura,fecha_no_futura
transacciones,104143,origen_inexistente,integridad_referencial_halt
transacciones,104221,nulo_cuenta,nulos_no_permitidos
transacciones,104236,fecha_futura,fecha_no_futura
transacciones,104310,fecha_futura,fecha_no_futura
transacciones,104326,origen_inexistente,integridad_referencial_halt
transacciones,104385,monto_no_positivo,rango_monto
transacciones,104433,fecha_futura,fecha_no_futura
transacciones,104510,fecha_futura,fecha_no_futura
transacciones,104537,fecha_futura,fecha_no_futura
transacciones,104541,nulo_cuenta,nulos_no_permitidos
transacciones,10458,fecha_futura,fecha_no_futura
transacciones,104611,moneda_invalida,catalogo_monedas
transacciones,104695,monto_no_positivo,rango_monto
transacciones,10472,fecha_futura,fecha_no_futura
transacciones,104735,monto_no_positivo,rango_monto
transacciones,104830,fecha_futura,fecha_no_futura
transacciones,104881,fecha_futura,fecha_no_futura
transacciones,104902,fecha_futura,fecha_no_futura
transacciones,104955,fecha_futura,fecha_no_futura
transacciones,105012,nulo_fecha,nulos_no_permitidos
transacciones,105040,origen_inexistente,integridad_referencial_halt
transacciones,105093,nulo_fecha,nulos_no_permitidos
transacciones,105114,fecha_futura,fecha_no_futura
transacciones,105187,origen_inexistente,integridad_referencial_halt
transacciones,105199,moneda_invalida,catalogo_monedas
transacciones,105237,fecha_futura,fecha_no_futura
transacciones,105257,fecha_futura,fecha_no_futura
transacciones,105320,monto_no_positivo,rango_monto
transacciones,10541,nulo_fecha,nulos_no_permitidos
transacciones,105431,nulo_monto,nulos_no_permitidos
transacciones,105498,monto_no_positivo,rango_monto
transacciones,10559,origen_inexistente,integridad_referencial_halt
transacciones,105653,moneda_invalida,catalogo_monedas
transacciones,105654,origen_inexistente,integridad_referencial_halt
transacciones,105685,origen_inexistente,integridad_referencial_halt
transacciones,105803,moneda_invalida,catalogo_monedas
transacciones,105811,moneda_invalida,catalogo_monedas
transacciones,105837,fecha_futura,fecha_no_futura
transacciones,105874,monto_no_positivo,rango_monto
transacciones,105967,fecha_futura,fecha_no_futura
transacciones,106029,origen_inexistente,integridad_referencial_halt
transacciones,106060,fecha_futura,fecha_no_futura
transacciones,106196,fecha_futura,fecha_no_futura
transacciones,106401,monto_no_positivo,rango_monto
transacciones,106409,fecha_futura,fecha_no_futura
transacciones,106451,origen_inexistente,integridad_referencial_halt
transacciones,106563,nulo_monto,nulos_no_permitidos
transacciones,106622,origen_inexistente,integridad_referencial_halt
transacciones,10666,nulo_cuenta,nulos_no_permitidos
transacciones,106669,fecha_futura,fecha_no_futura
transacciones,106673,monto_no_positivo,rango_monto
transacciones,106686,origen_inexistente,integridad_referencial_halt
transacciones,106700,origen_inexistente,integridad_referencial_halt
transacciones,106784,fecha_futura,fecha_no_futura
transacciones,106863,monto_no_positivo,rango_monto
transacciones,106864,monto_no_positivo,rango_monto
transacciones,106875,nulo_monto,nulos_no_permitidos
transacciones,106928,moneda_invalida,catalogo_monedas
transacciones,107064,origen_inexistente,integridad_referencial_halt
transacciones,107137,monto_no_positivo,rango_monto
transacciones,107154,fecha_futura,fecha_no_futura
transacciones,107205,moneda_invalida,catalogo_monedas
transacciones,107298,fecha_futura,fecha_no_futura
transacciones,107344,fecha_futura,fecha_no_futura
transacciones,107642,nulo_cuenta,nulos_no_permitidos
transacciones,107674,nulo_fecha,nulos_no_permitidos
transacciones,107878,origen_inexistente,integridad_referencial_halt
transacciones,107880,fecha_futura,fecha_no_futura
transacciones,10793,nulo_monto,nulos_no_permitidos
transacciones,10810,fecha_futura,fecha_no_futura
transacciones,108170,nulo_cuenta,nulos_no_permitidos
transacciones,108221,nulo_monto,nulos_no_permitidos
transacciones,108266,monto_no_positivo,rango_monto
transacciones,108274,monto_no_positivo,rango_monto
transacciones,108305,fecha_futura,fecha_no_futura
transacciones,108317,origen_inexistente,integridad_referencial_halt
transacciones,108365,fecha_futura,fecha_no_futura
transacciones,108491,nulo_cuenta,nulos_no_permitidos
transacciones,108495,fecha_futura,fecha_no_futura
transacciones,108505,fecha_futura,fecha_no_futura
transacciones,108516,origen_inexistente,integridad_referencial_halt
transacciones,108556,fecha_futura,fecha_no_futura
transacciones,108560,nulo_cuenta,nulos_no_permitidos
transacciones,10868,origen_inexistente,integridad_referencial_halt
transacciones,108849,monto_no_positivo,rango_monto
transacciones,108902,fecha_futura,fecha_no_futura
transacciones,108934,nulo_cuenta,nulos_no_permitidos
transacciones,109018,nulo_cuenta,nulos_no_permitidos
transacciones,109095,nulo_cuenta,nulos_no_permitidos
transacciones,109136,nulo_fecha,nulos_no_permitidos
transacciones,109157,monto_no_positivo,rango_monto
transacciones,109208,nulo_monto,nulos_no_permitidos
transacciones,109571,fecha_futura,fecha_no_futura
transacciones,109585,fecha_futura,fecha_no_futura
transacciones,109601,nulo_monto,nulos_no_permitidos
transacciones,109687,fecha_futura,fecha_no_futura
transacciones,109746,origen_inexistente,integridad_referencial_halt
transacciones,109768,fecha_futura,fecha_no_futura
transacciones,109780,origen_inexistente,integridad_referencial_halt
transacciones,109797,fecha_futura,fecha_no_futura
transacciones,109799,nulo_fecha,nulos_no_permitidos
transacciones,109875,fecha_futura,fecha_no_futura
transacciones,109882,fecha_futura,fecha_no_futura
transacciones,109886,origen_inexistente,integridad_referencial_halt
transacciones,109940,moneda_invalida,catalogo_monedas
transacciones,109991,fecha_futura,fecha_no_futura
transacciones,110003,moneda_invalida,catalogo_monedas
transacciones,110074,nulo_cuenta,nulos_no_permitidos
transacciones,11015,nulo_cuenta,nulos_no_permitidos
transacciones,110185,fecha_futura,fecha_no_futura
transacciones,110265,fecha_futura,fecha_no_futura
transacciones,110340,fecha_futura,fecha_no_futura
transacciones,110544,fecha_futura,fecha_no_futura
transacciones,110588,moneda_invalida,catalogo_monedas
transacciones,110649,fecha_futura,fecha_no_futura
transacciones,110850,nulo_cuenta,nulos_no_permitidos
transacciones,110922,fecha_futura,fecha_no_futura
transacciones,110958,nulo_monto,nulos_no_permitidos
transacciones,110969,nulo_monto,nulos_no_permitidos
transacciones,111021,fecha_futura,fecha_no_futura
transacciones,111078,fecha_futura,fecha_no_futura
transacciones,11111,fecha_futura,fecha_no_futura
transacciones,111163,nulo_fecha,nulos_no_permitidos
transacciones,111192,moneda_invalida,catalogo_monedas
transacciones,111200,fecha_futura,fecha_no_futura
transacciones,111221,fecha_futura,fecha_no_futura
transacciones,111224,moneda_invalida,catalogo_monedas
transacciones,111284,nulo_fecha,nulos_no_permitidos
transacciones,111351,origen_inexistente,integridad_referencial_halt
transacciones,111388,nulo_fecha,nulos_no_permitidos
transacciones,111393,fecha_futura,fecha_no_futura
transacciones,111411,monto_no_positivo,rango_monto
transacciones,111422,nulo_fecha,nulos_no_permitidos
transacciones,111451,fecha_futura,fecha_no_futura
transacciones,111456,fecha_futura,fecha_no_futura
transacciones,111470,monto_no_positivo,rango_monto
transacciones,111558,origen_inexistente,integridad_referencial_halt
transacciones,111617,fecha_futura,fecha_no_futura
transacciones,111765,origen_inexistente,integridad_referencial_halt
transacciones,111858,nulo_monto,nulos_no_permitidos
transacciones,111859,fecha_futura,fecha_no_futura
transacciones,111956,fecha_futura,fecha_no_futura
transacciones,11197,origen_inexistente,integridad_referencial_halt
transacciones,112079,origen_inexistente,integridad_referencial_halt
transacciones,112194,fecha_futura,fecha_no_futura
transacciones,112196,moneda_invalida,catalogo_monedas
transacciones,112241,origen_inexistente,integridad_referencial_halt
transacciones,112324,moneda_invalida,catalogo_monedas
transacciones,112647,nulo_fecha,nulos_no_permitidos
transacciones,11270,fecha_futura,fecha_no_futura
transacciones,112720,nulo_monto,nulos_no_permitidos
transacciones,112891,monto_no_positivo,rango_monto
transacciones,112894,monto_no_positivo,rango_monto
transacciones,112899,nulo_monto,nulos_no_permitidos
transacciones,11293,origen_inexistente,integridad_referencial_halt
transacciones,112934,nulo_cuenta,nulos_no_permitidos
transacciones,112951,fecha_futura,fecha_no_futura
transacciones,113104,origen_inexistente,integridad_referencial_halt
transacciones,113155,monto_no_positivo,rango_monto
transacciones,113184,nulo_monto,nulos_no_permitidos
transacciones,113252,moneda_invalida,catalogo_monedas
transacciones,113421,fecha_futura,fecha_no_futura
transacciones,113510,fecha_futura,fecha_no_futura
transacciones,113599,fecha_futura,fecha_no_futura
transacciones,11361,origen_inexistente,integridad_referencial_halt
transacciones,113621,monto_no_positivo,rango_monto
transacciones,113709,nulo_monto,nulos_no_permitidos
transacciones,113734,monto_no_positivo,rango_monto
transacciones,113738,origen_inexistente,integridad_referencial_halt
transacciones,113769,monto_no_positivo,rango_monto
transacciones,113879,fecha_futura,fecha_no_futura
transacciones,11390,monto_no_positivo,rango_monto
transacciones,113918,nulo_cuenta,nulos_no_permitidos
transacciones,113919,moneda_invalida,catalogo_monedas
transacciones,113943,moneda_invalida,catalogo_monedas
transacciones,114035,origen_inexistente,integridad_referencial_halt
transacciones,114069,origen_inexistente,integridad_referencial_halt
transacciones,114073,moneda_invalida,catalogo_monedas
transacciones,114225,nulo_cuenta,nulos_no_permitidos
transacciones,114248,fecha_futura,fecha_no_futura
transacciones,114252,origen_inexistente,integridad_referencial_halt
transacciones,114280,fecha_futura,fecha_no_futura
transacciones,114282,fecha_futura,fecha_no_futura
transacciones,11431,monto_no_positivo,rango_monto
transacciones,114413,monto_no_positivo,rango_monto
transacciones,11444,nulo_monto,nulos_no_permitidos
transacciones,114502,fecha_futura,fecha_no_futura
transacciones,114521,fecha_futura,fecha_no_futura
transacciones,11455,origen_inexistente,integridad_referencial_halt
transacciones,114554,fecha_futura,fecha_no_futura
transacciones,114631,moneda_invalida,catalogo_monedas
transacciones,11474,origen_inexistente,integridad_referencial_halt
transacciones,114798,nulo_cuenta,nulos_no_permitidos
transacciones,114829,moneda_invalida,catalogo_monedas
transacciones,114862,origen_inexistente,integridad_referencial_halt
transacciones,114962,fecha_futura,fecha_no_futura
transacciones,114975,fecha_futura,fecha_no_futura
transacciones,115036,monto_no_positivo,rango_monto
transacciones,115095,fecha_futura,fecha_no_futura
transacciones,115140,moneda_invalida,catalogo_monedas
transacciones,115153,nulo_fecha,nulos_no_permitidos
transacciones,115179,moneda_invalida,catalogo_monedas
transacciones,115213,monto_no_positivo,rango_monto
transacciones,115378,fecha_futura,fecha_no_futura
transacciones,115492,fecha_futura,fecha_no_futura
transacciones,115538,origen_inexistente,integridad_referencial_halt
transacciones,115623,nulo_fecha,nulos_no_permitidos
transacciones,115644,nulo_cuenta,nulos_no_permitidos
transacciones,115679,nulo_fecha,nulos_no_permitidos
transacciones,115807,fecha_futura,fecha_no_futura
transacciones,115857,monto_no_positivo,rango_monto
transacciones,115868,origen_inexistente,integridad_referencial_halt
transacciones,116102,fecha_futura,fecha_no_futura
transacciones,116158,nulo_cuenta,nulos_no_permitidos
transacciones,116179,fecha_futura,fecha_no_futura
transacciones,116223,nulo_cuenta,nulos_no_permitidos
transacciones,116265,moneda_invalida,catalogo_monedas
transacciones,116299,moneda_invalida,catalogo_monedas
transacciones,116351,origen_inexistente,integridad_referencial_halt
transacciones,116365,monto_no_positivo,rango_monto
transacciones,11643,monto_no_positivo,rango_monto
transacciones,116437,origen_inexistente,integridad_referencial_halt
transacciones,116537,nulo_cuenta,nulos_no_permitidos
transacciones,116681,fecha_futura,fecha_no_futura
transacciones,116692,origen_inexistente,integridad_referencial_halt
transacciones,116746,fecha_futura,fecha_no_futura
transacciones,116839,origen_inexistente,integridad_referencial_halt
transacciones,116854,fecha_futura,fecha_no_futura
transacciones,116875,moneda_invalida,catalogo_monedas
transacciones,116885,fecha_futura,fecha_no_futura
transacciones,116944,fecha_futura,fecha_no_futura
transacciones,116991,origen_inexistente,integridad_referencial_halt
transacciones,117045,monto_no_positivo,rango_monto
transacciones,11716,fecha_futura,fecha_no_futura
transacciones,11717,monto_no_positivo,rango_monto
transacciones,117179,nulo_monto,nulos_no_permitidos
transacciones,11722,monto_no_positivo,rango_monto
transacciones,117251,fecha_futura,fecha_no_futura
transacciones,117275,nulo_cuenta,nulos_no_permitidos
transacciones,11729,fecha_futura,fecha_no_futura
transacciones,117314,nulo_fecha,nulos_no_permitidos
transacciones,117369,nulo_monto,nulos_no_permitidos
transacciones,117480,monto_no_positivo,rango_monto
transacciones,11750,fecha_futura,fecha_no_futura
transacciones,117529,origen_inexistente,integridad_referencial_halt
transacciones,117577,origen_inexistente,integridad_referencial_halt
transacciones,117592,origen_inexistente,integridad_referencial_halt
transacciones,1176,monto_no_positivo,rango_monto
transacciones,117673,monto_no_positivo,rango_monto
transacciones,117692,origen_inexistente,integridad_referencial_halt
transacciones,117809,fecha_futura,fecha_no_futura
transacciones,117904,origen_inexistente,integridad_referencial_halt
transacciones,117921,fecha_futura,fecha_no_futura
transacciones,11798,monto_no_positivo,rango_monto
transacciones,11801,moneda_invalida,catalogo_monedas
transacciones,118019,fecha_futura,fecha_no_futura
transacciones,118091,fecha_futura,fecha_no_futura
transacciones,118101,moneda_invalida,catalogo_monedas
transacciones,118260,fecha_futura,fecha_no_futura
transacciones,118280,fecha_futura,fecha_no_futura
transacciones,118323,fecha_futura,fecha_no_futura
transacciones,118349,fecha_futura,fecha_no_futura
transacciones,118376,fecha_futura,fecha_no_futura
transacciones,11839,monto_no_positivo,rango_monto
transacciones,118439,fecha_futura,fecha_no_futura
transacciones,118482,fecha_futura,fecha_no_futura
transacciones,118550,fecha_futura,fecha_no_futura
transacciones,118643,nulo_monto,nulos_no_permitidos
transacciones,118654,fecha_futura,fecha_no_futura
transacciones,118768,fecha_futura,fecha_no_futura
transacciones,118838,moneda_invalida,catalogo_monedas
transacciones,118968,monto_no_positivo,rango_monto
transacciones,118978,nulo_monto,nulos_no_permitidos
transacciones,119100,nulo_fecha,nulos_no_permitidos
transacciones,11912,fecha_futura,fecha_no_futura
transacciones,119175,origen_inexistente,integridad_referencial_halt
transacciones,119178,nulo_cuenta,nulos_no_permitidos
transacciones,119189,nulo_fecha,nulos_no_permitidos
transacciones,119220,origen_inexistente,integridad_referencial_halt
transacciones,119316,nulo_cuenta,nulos_no_permitidos
transacciones,119370,nulo_monto,nulos_no_permitidos
transacciones,119394,moneda_invalida,catalogo_monedas
transacciones,11941,nulo_fecha,nulos_no_permitidos
transacciones,119426,fecha_futura,fecha_no_futura
transacciones,119533,moneda_invalida,catalogo_monedas
transacciones,119538,moneda_invalida,catalogo_monedas
transacciones,119570,nulo_cuenta,nulos_no_permitidos
transacciones,119593,moneda_invalida,catalogo_monedas
transacciones,119741,nulo_fecha,nulos_no_permitidos
transacciones,119795,origen_inexistente,integridad_referencial_halt
transacciones,119824,moneda_invalida,catalogo_monedas
transacciones,119865,monto_no_positivo,rango_monto
transacciones,119906,fecha_futura,fecha_no_futura
transacciones,119913,origen_inexistente,integridad_referencial_halt
transacciones,119918,nulo_fecha,nulos_no_permitidos
transacciones,119973,origen_inexistente,integridad_referencial_halt
transacciones,119995,nulo_cuenta,nulos_no_permitidos
transacciones,120020,moneda_invalida,catalogo_monedas
transacciones,120054,origen_inexistente,integridad_referencial_halt
transacciones,120080,nulo_cuenta,nulos_no_permitidos
transacciones,12012,fecha_futura,fecha_no_futura
transacciones,120137,nulo_fecha,nulos_no_permitidos
transacciones,120139,moneda_invalida,catalogo_monedas
transacciones,120179,fecha_futura,fecha_no_futura
transacciones,120185,moneda_invalida,catalogo_monedas
transacciones,120254,origen_inexistente,integridad_referencial_halt
transacciones,120267,origen_inexistente,integridad_referencial_halt
transacciones,120308,nulo_monto,nulos_no_permitidos
transacciones,120417,nulo_fecha,nulos_no_permitidos
transacciones,120425,monto_no_positivo,rango_monto
transacciones,120666,origen_inexistente,integridad_referencial_halt
transacciones,120700,monto_no_positivo,rango_monto
transacciones,120746,fecha_futura,fecha_no_futura
transacciones,120824,nulo_monto,nulos_no_permitidos
transacciones,120832,nulo_monto,nulos_no_permitidos
transacciones,120844,origen_inexistente,integridad_referencial_halt
transacciones,120912,monto_no_positivo,rango_monto
transacciones,12101,fecha_futura,fecha_no_futura
transacciones,121024,fecha_futura,fecha_no_futura
transacciones,121050,monto_no_positivo,rango_monto
transacciones,121294,monto_no_positivo,rango_monto
transacciones,121329,fecha_futura,fecha_no_futura
transacciones,121359,nulo_fecha,nulos_no_permitidos
transacciones,121398,nulo_monto,nulos_no_permitidos
transacciones,121530,moneda_invalida,catalogo_monedas
transacciones,121531,fecha_futura,fecha_no_futura
transacciones,121545,origen_inexistente,integridad_referencial_halt
transacciones,121563,monto_no_positivo,rango_monto
transacciones,121586,moneda_invalida,catalogo_monedas
transacciones,121605,nulo_fecha,nulos_no_permitidos
transacciones,121694,moneda_invalida,catalogo_monedas
transacciones,12174,monto_no_positivo,rango_monto
transacciones,121925,monto_no_positivo,rango_monto
transacciones,121993,nulo_monto,nulos_no_permitidos
transacciones,12214,fecha_futura,fecha_no_futura
transacciones,122168,nulo_monto,nulos_no_permitidos
transacciones,1222,moneda_invalida,catalogo_monedas
transacciones,12226,fecha_futura,fecha_no_futura
transacciones,122269,origen_inexistente,integridad_referencial_halt
transacciones,122298,moneda_invalida,catalogo_monedas
transacciones,122300,monto_no_positivo,rango_monto
transacciones,122311,nulo_cuenta,nulos_no_permitidos
transacciones,122322,fecha_futura,fecha_no_futura
transacciones,122454,fecha_futura,fecha_no_futura
transacciones,122555,nulo_fecha,nulos_no_permitidos
transacciones,1226,fecha_futura,fecha_no_futura
transacciones,122616,fecha_futura,fecha_no_futura
transacciones,122661,nulo_fecha,nulos_no_permitidos
transacciones,12273,fecha_futura,fecha_no_futura
transacciones,122847,moneda_invalida,catalogo_monedas
transacciones,12285,nulo_monto,nulos_no_permitidos
transacciones,122863,fecha_futura,fecha_no_futura
transacciones,122901,monto_no_positivo,rango_monto
transacciones,123007,monto_no_positivo,rango_monto
transacciones,12306,moneda_invalida,catalogo_monedas
transacciones,123163,origen_inexistente,integridad_referencial_halt
transacciones,123187,moneda_invalida,catalogo_monedas
transacciones,123192,nulo_cuenta,nulos_no_permitidos
transacciones,12331,moneda_invalida,catalogo_monedas
transacciones,123363,fecha_futura,fecha_no_futura
transacciones,123399,monto_no_positivo,rango_monto
transacciones,123471,fecha_futura,fecha_no_futura
transacciones,123485,fecha_futura,fecha_no_futura
transacciones,1235,fecha_futura,fecha_no_futura
transacciones,123558,fecha_futura,fecha_no_futura
transacciones,123689,fecha_futura,fecha_no_futura
transacciones,123695,fecha_futura,fecha_no_futura
transacciones,123721,monto_no_positivo,rango_monto
transacciones,123792,fecha_futura,fecha_no_futura
transacciones,123863,fecha_futura,fecha_no_futura
transacciones,123965,fecha_futura,fecha_no_futura
transacciones,124068,nulo_cuenta,nulos_no_permitidos
transacciones,124104,moneda_invalida,catalogo_monedas
transacciones,124135,nulo_fecha,nulos_no_permitidos
transacciones,124164,monto_no_positivo,rango_monto
transacciones,124349,fecha_futura,fecha_no_futura
transacciones,124398,nulo_cuenta,nulos_no_permitidos
transacciones,124405,fecha_futura,fecha_no_futura
transacciones,124557,moneda_invalida,catalogo_monedas
transacciones,124617,fecha_futura,fecha_no_futura
transacciones,124656,fecha_futura,fecha_no_futura
transacciones,124678,nulo_cuenta,nulos_no_permitidos
transacciones,12481,monto_no_positivo,rango_monto
transacciones,124810,monto_no_positivo,rango_monto
transacciones,124945,fecha_futura,fecha_no_futura
transacciones,125166,monto_no_positivo,rango_monto
transacciones,125186,monto_no_positivo,rango_monto
transacciones,125199,nulo_cuenta,nulos_no_permitidos
transacciones,125233,origen_inexistente,integridad_referencial_halt
transacciones,125394,fecha_futura,fecha_no_futura
transacciones,125423,monto_no_positivo,rango_monto
transacciones,125496,nulo_monto,nulos_no_permitidos
transacciones,125521,origen_inexistente,integridad_referencial_halt
transacciones,125533,nulo_monto,nulos_no_permitidos
transacciones,125561,origen_inexistente,integridad_referencial_halt
transacciones,125566,monto_no_positivo,rango_monto
transacciones,125625,fecha_futura,fecha_no_futura
transacciones,125630,moneda_invalida,catalogo_monedas
transacciones,125649,monto_no_positivo,rango_monto
transacciones,125750,nulo_monto,nulos_no_permitidos
transacciones,125764,moneda_invalida,catalogo_monedas
transacciones,125863,monto_no_positivo,rango_monto
transacciones,125875,moneda_invalida,catalogo_monedas
transacciones,126047,origen_inexistente,integridad_referencial_halt
transacciones,126188,fecha_futura,fecha_no_futura
transacciones,126196,fecha_futura,fecha_no_futura
transacciones,126198,moneda_invalida,catalogo_monedas
transacciones,126254,nulo_cuenta,nulos_no_permitidos
transacciones,126256,monto_no_positivo,rango_monto
transacciones,126279,nulo_cuenta,nulos_no_permitidos
transacciones,126358,nulo_fecha,nulos_no_permitidos
transacciones,126361,fecha_futura,fecha_no_futura
transacciones,126364,origen_inexistente,integridad_referencial_halt
transacciones,126470,origen_inexistente,integridad_referencial_halt
transacciones,126508,fecha_futura,fecha_no_futura
transacciones,126569,fecha_futura,fecha_no_futura
transacciones,12661,origen_inexistente,integridad_referencial_halt
transacciones,126633,nulo_fecha,nulos_no_permitidos
transacciones,126662,nulo_monto,nulos_no_permitidos
transacciones,126713,fecha_futura,fecha_no_futura
transacciones,126742,nulo_monto,nulos_no_permitidos
transacciones,12688,moneda_invalida,catalogo_monedas
transacciones,126913,moneda_invalida,catalogo_monedas
transacciones,127045,fecha_futura,fecha_no_futura
transacciones,127078,monto_no_positivo,rango_monto
transacciones,127174,fecha_futura,fecha_no_futura
transacciones,127211,nulo_cuenta,nulos_no_permitidos
transacciones,127342,fecha_futura,fecha_no_futura
transacciones,127353,fecha_futura,fecha_no_futura
transacciones,127365,moneda_invalida,catalogo_monedas
transacciones,12768,fecha_futura,fecha_no_futura
transacciones,127699,fecha_futura,fecha_no_futura
transacciones,127738,origen_inexistente,integridad_referencial_halt
transacciones,127746,nulo_fecha,nulos_no_permitidos
transacciones,127747,fecha_futura,fecha_no_futura
transacciones,127773,nulo_monto,nulos_no_permitidos
transacciones,127790,moneda_invalida,catalogo_monedas
transacciones,127829,fecha_futura,fecha_no_futura
transacciones,127912,fecha_futura,fecha_no_futura
transacciones,127975,moneda_invalida,catalogo_monedas
transacciones,127996,fecha_futura,fecha_no_futura
transacciones,128008,fecha_futura,fecha_no_futura
transacciones,128048,nulo_monto,nulos_no_permitidos
transacciones,12810,monto_no_positivo,rango_monto
transacciones,128187,fecha_futura,fecha_no_futura
transacciones,128202,monto_no_positivo,rango_monto
transacciones,12835,monto_no_positivo,rango_monto
transacciones,128357,fecha_futura,fecha_no_futura
transacciones,128401,monto_no_positivo,rango_monto
transacciones,128402,origen_inexistente,integridad_referencial_halt
transacciones,128503,fecha_futura,fecha_no_futura
transacciones,128534,fecha_futura,fecha_no_futura
transacciones,128556,origen_inexistente,integridad_referencial_halt
transacciones,128641,nulo_monto,nulos_no_permitidos
transacciones,12869,moneda_invalida,catalogo_monedas
transacciones,128725,nulo_fecha,nulos_no_permitidos
transacciones,12879,fecha_futura,fecha_no_futura
transacciones,128791,nulo_monto,nulos_no_permitidos
transacciones,128804,fecha_futura,fecha_no_futura
transacciones,128890,nulo_fecha,nulos_no_permitidos
transacciones,128898,monto_no_positivo,rango_monto
transacciones,129085,monto_no_positivo,rango_monto
transacciones,129186,origen_inexistente,integridad_referencial_halt
transacciones,129219,fecha_futura,fecha_no_futura
transacciones,129256,monto_no_positivo,rango_monto
transacciones,129317,origen_inexistente,integridad_referencial_halt
transacciones,129350,origen_inexistente,integridad_referencial_halt
transacciones,129435,nulo_cuenta,nulos_no_permitidos
transacciones,129477,fecha_futura,fecha_no_futura
transacciones,129509,fecha_futura,fecha_no_futura
transacciones,129543,nulo_monto,nulos_no_permitidos
transacciones,129814,monto_no_positivo,rango_monto
transacciones,129943,fecha_futura,fecha_no_futura
transacciones,129970,origen_inexistente,integridad_referencial_halt
transacciones,130010,nulo_monto,nulos_no_permitidos
transacciones,130020,origen_inexistente,integridad_referencial_halt
transacciones,130070,fecha_futura,fecha_no_futura
transacciones,130105,origen_inexistente,integridad_referencial_halt
transacciones,130120,fecha_futura,fecha_no_futura
transacciones,130155,origen_inexistente,integridad_referencial_halt
transacciones,130221,fecha_futura,fecha_no_futura
transacciones,130249,fecha_futura,fecha_no_futura
transacciones,130264,origen_inexistente,integridad_referencial_halt
transacciones,130324,fecha_futura,fecha_no_futura
transacciones,130392,nulo_cuenta,nulos_no_permitidos
transacciones,13044,monto_no_positivo,rango_monto
transacciones,13053,moneda_invalida,catalogo_monedas
transacciones,130543,origen_inexistente,integridad_referencial_halt
transacciones,13060,origen_inexistente,integridad_referencial_halt
transacciones,130615,fecha_futura,fecha_no_futura
transacciones,130682,fecha_futura,fecha_no_futura
transacciones,1307,fecha_futura,fecha_no_futura
transacciones,130797,origen_inexistente,integridad_referencial_halt
transacciones,130820,fecha_futura,fecha_no_futura
transacciones,130835,fecha_futura,fecha_no_futura
transacciones,130935,moneda_invalida,catalogo_monedas
transacciones,131022,fecha_futura,fecha_no_futura
transacciones,13104,fecha_futura,fecha_no_futura
transacciones,131113,origen_inexistente,integridad_referencial_halt
transacciones,131318,monto_no_positivo,rango_monto
transacciones,131321,fecha_futura,fecha_no_futura
transacciones,131358,nulo_fecha,nulos_no_permitidos
transacciones,131440,origen_inexistente,integridad_referencial_halt
transacciones,131457,origen_inexistente,integridad_referencial_halt
transacciones,131468,nulo_monto,nulos_no_permitidos
transacciones,131521,fecha_futura,fecha_no_futura
transacciones,131598,moneda_invalida,catalogo_monedas
transacciones,131794,fecha_futura,fecha_no_futura
transacciones,131821,moneda_invalida,catalogo_monedas
transacciones,13188,monto_no_positivo,rango_monto
transacciones,13196,fecha_futura,fecha_no_futura
transacciones,131964,fecha_futura,fecha_no_futura
transacciones,132011,monto_no_positivo,rango_monto
transacciones,132027,fecha_futura,fecha_no_futura
transacciones,132046,moneda_invalida,catalogo_monedas
transacciones,132051,fecha_futura,fecha_no_futura
transacciones,132074,origen_inexistente,integridad_referencial_halt
transacciones,132273,fecha_futura,fecha_no_futura
transacciones,132291,monto_no_positivo,rango_monto
transacciones,132394,monto_no_positivo,rango_monto
transacciones,132447,nulo_fecha,nulos_no_permitidos
transacciones,132476,monto_no_positivo,rango_monto
transacciones,132582,nulo_fecha,nulos_no_permitidos
transacciones,132721,fecha_futura,fecha_no_futura
transacciones,132749,nulo_fecha,nulos_no_permitidos
transacciones,132791,fecha_futura,fecha_no_futura
transacciones,132810,fecha_futura,fecha_no_futura
transacciones,132829,fecha_futura,fecha_no_futura
transacciones,132865,fecha_futura,fecha_no_futura
transacciones,132879,nulo_fecha,nulos_no_permitidos
transacciones,132969,moneda_invalida,catalogo_monedas
transacciones,132989,monto_no_positivo,rango_monto
transacciones,133104,fecha_futura,fecha_no_futura
transacciones,133112,nulo_cuenta,nulos_no_permitidos
transacciones,133136,fecha_futura,fecha_no_futura
transacciones,133148,origen_inexistente,integridad_referencial_halt
transacciones,133155,nulo_fecha,nulos_no_permitidos
transacciones,133157,fecha_futura,fecha_no_futura
transacciones,133162,moneda_invalida,catalogo_monedas
transacciones,133183,origen_inexistente,integridad_referencial_halt
transacciones,133207,monto_no_positivo,rango_monto
transacciones,133270,monto_no_positivo,rango_monto
transacciones,133376,origen_inexistente,integridad_referencial_halt
transacciones,133400,moneda_invalida,catalogo_monedas
transacciones,133408,moneda_invalida,catalogo_monedas
transacciones,133417,moneda_invalida,catalogo_monedas
transacciones,133429,origen_inexistente,integridad_referencial_halt
transacciones,13350,origen_inexistente,integridad_referencial_halt
transacciones,133553,fecha_futura,fecha_no_futura
transacciones,133624,fecha_futura,fecha_no_futura
transacciones,133657,monto_no_positivo,rango_monto
transacciones,133675,origen_inexistente,integridad_referencial_halt
transacciones,133705,fecha_futura,fecha_no_futura
transacciones,133710,monto_no_positivo,rango_monto
transacciones,134024,monto_no_positivo,rango_monto
transacciones,134208,fecha_futura,fecha_no_futura
transacciones,13423,nulo_monto,nulos_no_permitidos
transacciones,13425,fecha_futura,fecha_no_futura
transacciones,134306,fecha_futura,fecha_no_futura
transacciones,134310,fecha_futura,fecha_no_futura
transacciones,134314,moneda_invalida,catalogo_monedas
transacciones,13434,nulo_fecha,nulos_no_permitidos
transacciones,134375,fecha_futura,fecha_no_futura
transacciones,134409,monto_no_positivo,rango_monto
transacciones,134419,nulo_fecha,nulos_no_permitidos
transacciones,134512,fecha_futura,fecha_no_futura
transacciones,134624,origen_inexistente,integridad_referencial_halt
transacciones,134647,origen_inexistente,integridad_referencial_halt
transacciones,134673,origen_inexistente,integridad_referencial_halt
transacciones,134686,fecha_futura,fecha_no_futura
transacciones,134708,fecha_futura,fecha_no_futura
transacciones,134710,fecha_futura,fecha_no_futura
transacciones,13472,nulo_fecha,nulos_no_permitidos
transacciones,134750,nulo_fecha,nulos_no_permitidos
transacciones,134982,moneda_invalida,catalogo_monedas
transacciones,134989,fecha_futura,fecha_no_futura
transacciones,135069,monto_no_positivo,rango_monto
transacciones,13508,monto_no_positivo,rango_monto
transacciones,135162,nulo_monto,nulos_no_permitidos
transacciones,135205,fecha_futura,fecha_no_futura
transacciones,135206,origen_inexistente,integridad_referencial_halt
transacciones,135211,fecha_futura,fecha_no_futura
transacciones,135263,nulo_fecha,nulos_no_permitidos
transacciones,135314,fecha_futura,fecha_no_futura
transacciones,135420,nulo_monto,nulos_no_permitidos
transacciones,135474,origen_inexistente,integridad_referencial_halt
transacciones,135494,nulo_monto,nulos_no_permitidos
transacciones,135600,fecha_futura,fecha_no_futura
transacciones,13562,nulo_cuenta,nulos_no_permitidos
transacciones,135654,monto_no_positivo,rango_monto
transacciones,135687,fecha_futura,fecha_no_futura
transacciones,135727,nulo_cuenta,nulos_no_permitidos
transacciones,13574,fecha_futura,fecha_no_futura
transacciones,135752,nulo_fecha,nulos_no_permitidos
transacciones,135767,origen_inexistente,integridad_referencial_halt
transacciones,135886,fecha_futura,fecha_no_futura
transacciones,135924,fecha_futura,fecha_no_futura
transacciones,135942,moneda_invalida,catalogo_monedas
transacciones,135987,fecha_futura,fecha_no_futura
transacciones,136007,monto_no_positivo,rango_monto
transacciones,136018,fecha_futura,fecha_no_futura
transacciones,136043,origen_inexistente,integridad_referencial_halt
transacciones,136162,monto_no_positivo,rango_monto
transacciones,136185,fecha_futura,fecha_no_futura
transacciones,136211,origen_inexistente,integridad_referencial_halt
transacciones,136221,monto_no_positivo,rango_monto
transacciones,136243,nulo_cuenta,nulos_no_permitidos
transacciones,13635,origen_inexistente,integridad_referencial_halt
transacciones,136412,origen_inexistente,integridad_referencial_halt
transacciones,13642,monto_no_positivo,rango_monto
transacciones,136428,origen_inexistente,integridad_referencial_halt
transacciones,136459,monto_no_positivo,rango_monto
transacciones,136524,origen_inexistente,integridad_referencial_halt
transacciones,136557,fecha_futura,fecha_no_futura
transacciones,136703,fecha_futura,fecha_no_futura
transacciones,136768,moneda_invalida,catalogo_monedas
transacciones,136805,nulo_monto,nulos_no_permitidos
transacciones,136828,monto_no_positivo,rango_monto
transacciones,136829,origen_inexistente,integridad_referencial_halt
transacciones,136908,fecha_futura,fecha_no_futura
transacciones,136977,fecha_futura,fecha_no_futura
transacciones,137049,fecha_futura,fecha_no_futura
transacciones,137057,fecha_futura,fecha_no_futura
transacciones,137092,origen_inexistente,integridad_referencial_halt
transacciones,137106,monto_no_positivo,rango_monto
transacciones,137116,monto_no_positivo,rango_monto
transacciones,137211,moneda_invalida,catalogo_monedas
transacciones,137245,monto_no_positivo,rango_monto
transacciones,137276,fecha_futura,fecha_no_futura
transacciones,137314,origen_inexistente,integridad_referencial_halt
transacciones,137348,monto_no_positivo,rango_monto
transacciones,137530,monto_no_positivo,rango_monto
transacciones,137595,origen_inexistente,integridad_referencial_halt
transacciones,137625,nulo_cuenta,nulos_no_permitidos
transacciones,13763,monto_no_positivo,rango_monto
transacciones,137654,monto_no_positivo,rango_monto
transacciones,137661,monto_no_positivo,rango_monto
transacciones,13768,fecha_futura,fecha_no_futura
transacciones,137717,monto_no_positivo,rango_monto
transacciones,137836,origen_inexistente,integridad_referencial_halt
transacciones,138036,monto_no_positivo,rango_monto
transacciones,138050,origen_inexistente,integridad_referencial_halt
transacciones,138103,moneda_invalida,catalogo_monedas
transacciones,138107,nulo_monto,nulos_no_permitidos
transacciones,13813,fecha_futura,fecha_no_futura
transacciones,13814,monto_no_positivo,rango_monto
transacciones,138206,origen_inexistente,integridad_referencial_halt
transacciones,138487,monto_no_positivo,rango_monto
transacciones,138560,nulo_fecha,nulos_no_permitidos
transacciones,138613,monto_no_positivo,rango_monto
transacciones,138619,fecha_futura,fecha_no_futura
transacciones,138623,moneda_invalida,catalogo_monedas
transacciones,138648,nulo_cuenta,nulos_no_permitidos
transacciones,138670,nulo_cuenta,nulos_no_permitidos
transacciones,138761,fecha_futura,fecha_no_futura
transacciones,13883,origen_inexistente,integridad_referencial_halt
transacciones,138927,monto_no_positivo,rango_monto
transacciones,138942,fecha_futura,fecha_no_futura
transacciones,138991,origen_inexistente,integridad_referencial_halt
transacciones,139059,fecha_futura,fecha_no_futura
transacciones,139072,nulo_cuenta,nulos_no_permitidos
transacciones,139096,moneda_invalida,catalogo_monedas
transacciones,1391,nulo_fecha,nulos_no_permitidos
transacciones,139163,origen_inexistente,integridad_referencial_halt
transacciones,139274,origen_inexistente,integridad_referencial_halt
transacciones,139316,fecha_futura,fecha_no_futura
transacciones,139389,monto_no_positivo,rango_monto
transacciones,139427,fecha_futura,fecha_no_futura
transacciones,139431,monto_no_positivo,rango_monto
transacciones,139458,moneda_invalida,catalogo_monedas
transacciones,139459,fecha_futura,fecha_no_futura
transacciones,139468,monto_no_positivo,rango_monto
transacciones,139538,origen_inexistente,integridad_referencial_halt
transacciones,139548,monto_no_positivo,rango_monto
transacciones,139588,moneda_invalida,catalogo_monedas
transacciones,139629,fecha_futura,fecha_no_futura
transacciones,139759,fecha_futura,fecha_no_futura
transacciones,139809,fecha_futura,fecha_no_futura
transacciones,139819,moneda_invalida,catalogo_monedas
transacciones,140022,fecha_futura,fecha_no_futura
transacciones,140103,moneda_invalida,catalogo_monedas
transacciones,140137,nulo_cuenta,nulos_no_permitidos
transacciones,140338,fecha_futura,fecha_no_futura
transacciones,140347,fecha_futura,fecha_no_futura
transacciones,140370,nulo_cuenta,nulos_no_permitidos
transacciones,140381,nulo_fecha,nulos_no_permitidos
transacciones,14044,origen_inexistente,integridad_referencial_halt
transacciones,140446,origen_inexistente,integridad_referencial_halt
transacciones,140475,fecha_futura,fecha_no_futura
transacciones,140705,origen_inexistente,integridad_referencial_halt
transacciones,14071,moneda_invalida,catalogo_monedas
transacciones,140731,origen_inexistente,integridad_referencial_halt
transacciones,140994,monto_no_positivo,rango_monto
transacciones,141070,monto_no_positivo,rango_monto
transacciones,141089,moneda_invalida,catalogo_monedas
transacciones,141102,moneda_invalida,catalogo_monedas
transacciones,141154,monto_no_positivo,rango_monto
transacciones,141190,nulo_cuenta,nulos_no_permitidos
transacciones,141282,fecha_futura,fecha_no_futura
transacciones,141331,nulo_cuenta,nulos_no_permitidos
transacciones,141452,monto_no_positivo,rango_monto
transacciones,141480,moneda_invalida,catalogo_monedas
transacciones,141553,nulo_fecha,nulos_no_permitidos
transacciones,141555,fecha_futura,fecha_no_futura
transacciones,141569,monto_no_positivo,rango_monto
transacciones,141571,fecha_futura,fecha_no_futura
transacciones,141605,fecha_futura,fecha_no_futura
transacciones,141687,monto_no_positivo,rango_monto
transacciones,141698,fecha_futura,fecha_no_futura
transacciones,141878,origen_inexistente,integridad_referencial_halt
transacciones,141902,nulo_monto,nulos_no_permitidos
transacciones,14197,nulo_monto,nulos_no_permitidos
transacciones,142051,origen_inexistente,integridad_referencial_halt
transacciones,142054,moneda_invalida,catalogo_monedas
transacciones,142177,fecha_futura,fecha_no_futura
transacciones,142221,moneda_invalida,catalogo_monedas
transacciones,142247,origen_inexistente,integridad_referencial_halt
transacciones,142283,origen_inexistente,integridad_referencial_halt
transacciones,142356,origen_inexistente,integridad_referencial_halt
transacciones,142377,nulo_cuenta,nulos_no_permitidos
transacciones,142409,fecha_futura,fecha_no_futura
transacciones,14245,fecha_futura,fecha_no_futura
transacciones,142565,moneda_invalida,catalogo_monedas
transacciones,142635,monto_no_positivo,rango_monto
transacciones,142739,fecha_futura,fecha_no_futura
transacciones,142743,fecha_futura,fecha_no_futura
transacciones,142748,fecha_futura,fecha_no_futura
transacciones,142783,monto_no_positivo,rango_monto
transacciones,14288,fecha_futura,fecha_no_futura
transacciones,142925,origen_inexistente,integridad_referencial_halt
transacciones,142940,origen_inexistente,integridad_referencial_halt
transacciones,142948,origen_inexistente,integridad_referencial_halt
transacciones,142954,nulo_cuenta,nulos_no_permitidos
transacciones,143057,origen_inexistente,integridad_referencial_halt
transacciones,143182,nulo_monto,nulos_no_permitidos
transacciones,143192,fecha_futura,fecha_no_futura
transacciones,143241,fecha_futura,fecha_no_futura
transacciones,143286,fecha_futura,fecha_no_futura
transacciones,143372,nulo_monto,nulos_no_permitidos
transacciones,143553,origen_inexistente,integridad_referencial_halt
transacciones,143705,origen_inexistente,integridad_referencial_halt
transacciones,143725,fecha_futura,fecha_no_futura
transacciones,144006,nulo_monto,nulos_no_permitidos
transacciones,144096,nulo_cuenta,nulos_no_permitidos
transacciones,144119,origen_inexistente,integridad_referencial_halt
transacciones,14418,fecha_futura,fecha_no_futura
transacciones,144297,nulo_monto,nulos_no_permitidos
transacciones,144328,nulo_fecha,nulos_no_permitidos
transacciones,144349,nulo_cuenta,nulos_no_permitidos
transacciones,144404,fecha_futura,fecha_no_futura
transacciones,144416,nulo_monto,nulos_no_permitidos
transacciones,144436,nulo_monto,nulos_no_permitidos
transacciones,144494,fecha_futura,fecha_no_futura
transacciones,144516,origen_inexistente,integridad_referencial_halt
transacciones,144568,monto_no_positivo,rango_monto
transacciones,144706,origen_inexistente,integridad_referencial_halt
transacciones,14472,origen_inexistente,integridad_referencial_halt
transacciones,144741,monto_no_positivo,rango_monto
transacciones,144850,moneda_invalida,catalogo_monedas
transacciones,144861,nulo_fecha,nulos_no_permitidos
transacciones,144950,fecha_futura,fecha_no_futura
transacciones,145038,fecha_futura,fecha_no_futura
transacciones,145049,nulo_fecha,nulos_no_permitidos
transacciones,145155,fecha_futura,fecha_no_futura
transacciones,145188,monto_no_positivo,rango_monto
transacciones,145240,origen_inexistente,integridad_referencial_halt
transacciones,145292,nulo_monto,nulos_no_permitidos
transacciones,145296,monto_no_positivo,rango_monto
transacciones,145354,origen_inexistente,integridad_referencial_halt
transacciones,145367,monto_no_positivo,rango_monto
transacciones,1454,fecha_futura,fecha_no_futura
transacciones,145400,origen_inexistente,integridad_referencial_halt
transacciones,145491,fecha_futura,fecha_no_futura
transacciones,145634,origen_inexistente,integridad_referencial_halt
transacciones,145662,monto_no_positivo,rango_monto
transacciones,14587,origen_inexistente,integridad_referencial_halt
transacciones,145982,nulo_fecha,nulos_no_permitidos
transacciones,146023,nulo_monto,nulos_no_permitidos
transacciones,146035,fecha_futura,fecha_no_futura
transacciones,146099,nulo_monto,nulos_no_permitidos
transacciones,146142,moneda_invalida,catalogo_monedas
transacciones,146151,nulo_monto,nulos_no_permitidos
transacciones,14623,fecha_futura,fecha_no_futura
transacciones,146317,origen_inexistente,integridad_referencial_halt
transacciones,146355,origen_inexistente,integridad_referencial_halt
transacciones,14639,monto_no_positivo,rango_monto
transacciones,146440,fecha_futura,fecha_no_futura
transacciones,146560,fecha_futura,fecha_no_futura
transacciones,146692,monto_no_positivo,rango_monto
transacciones,146786,origen_inexistente,integridad_referencial_halt
transacciones,146835,monto_no_positivo,rango_monto
transacciones,146851,nulo_fecha,nulos_no_permitidos
transacciones,146886,nulo_monto,nulos_no_permitidos
transacciones,146891,nulo_cuenta,nulos_no_permitidos
transacciones,147092,fecha_futura,fecha_no_futura
transacciones,147145,fecha_futura,fecha_no_futura
transacciones,147176,fecha_futura,fecha_no_futura
transacciones,147269,fecha_futura,fecha_no_futura
transacciones,147362,fecha_futura,fecha_no_futura
transacciones,147388,moneda_invalida,catalogo_monedas
transacciones,147463,moneda_invalida,catalogo_monedas
transacciones,147517,origen_inexistente,integridad_referencial_halt
transacciones,147534,origen_inexistente,integridad_referencial_halt
transacciones,147545,nulo_monto,nulos_no_permitidos
transacciones,147595,nulo_fecha,nulos_no_permitidos
transacciones,147640,fecha_futura,fecha_no_futura
transacciones,147649,moneda_invalida,catalogo_monedas
transacciones,147695,nulo_fecha,nulos_no_permitidos
transacciones,147788,fecha_futura,fecha_no_futura
transacciones,147822,monto_no_positivo,rango_monto
transacciones,147967,origen_inexistente,integridad_referencial_halt
transacciones,148025,fecha_futura,fecha_no_futura
transacciones,14805,monto_no_positivo,rango_monto
transacciones,148070,origen_inexistente,integridad_referencial_halt
transacciones,148085,fecha_futura,fecha_no_futura
transacciones,148137,fecha_futura,fecha_no_futura
transacciones,148168,fecha_futura,fecha_no_futura
transacciones,148247,origen_inexistente,integridad_referencial_halt
transacciones,148338,moneda_invalida,catalogo_monedas
transacciones,14836,nulo_fecha,nulos_no_permitidos
transacciones,148367,nulo_fecha,nulos_no_permitidos
transacciones,148384,origen_inexistente,integridad_referencial_halt
transacciones,148509,origen_inexistente,integridad_referencial_halt
transacciones,148546,origen_inexistente,integridad_referencial_halt
transacciones,14858,moneda_invalida,catalogo_monedas
transacciones,148610,moneda_invalida,catalogo_monedas
transacciones,148664,fecha_futura,fecha_no_futura
transacciones,148670,fecha_futura,fecha_no_futura
transacciones,148687,nulo_monto,nulos_no_permitidos
transacciones,148708,fecha_futura,fecha_no_futura
transacciones,148730,moneda_invalida,catalogo_monedas
transacciones,148746,fecha_futura,fecha_no_futura
transacciones,148765,nulo_cuenta,nulos_no_permitidos
transacciones,14881,nulo_fecha,nulos_no_permitidos
transacciones,148860,fecha_futura,fecha_no_futura
transacciones,14899,fecha_futura,fecha_no_futura
transacciones,148993,nulo_cuenta,nulos_no_permitidos
transacciones,149055,monto_no_positivo,rango_monto
transacciones,149063,fecha_futura,fecha_no_futura
transacciones,14907,fecha_futura,fecha_no_futura
transacciones,149097,fecha_futura,fecha_no_futura
transacciones,149155,monto_no_positivo,rango_monto
transacciones,149249,monto_no_positivo,rango_monto
transacciones,149267,monto_no_positivo,rango_monto
transacciones,149291,monto_no_positivo,rango_monto
transacciones,14931,nulo_monto,nulos_no_permitidos
transacciones,149356,nulo_monto,nulos_no_permitidos
transacciones,149378,moneda_invalida,catalogo_monedas
transacciones,149398,nulo_cuenta,nulos_no_permitidos
transacciones,149443,moneda_invalida,catalogo_monedas
transacciones,14956,nulo_cuenta,nulos_no_permitidos
transacciones,149634,origen_inexistente,integridad_referencial_halt
transacciones,149659,nulo_cuenta,nulos_no_permitidos
transacciones,149716,monto_no_positivo,rango_monto
transacciones,149746,monto_no_positivo,rango_monto
transacciones,149817,fecha_futura,fecha_no_futura
transacciones,149829,fecha_futura,fecha_no_futura
transacciones,149948,monto_no_positivo,rango_monto
transacciones,150246,origen_inexistente,integridad_referencial_halt
transacciones,150279,origen_inexistente,integridad_referencial_halt
transacciones,150295,moneda_invalida,catalogo_monedas
transacciones,150381,origen_inexistente,integridad_referencial_halt
transacciones,150440,nulo_monto,nulos_no_permitidos
transacciones,150441,moneda_invalida,catalogo_monedas
transacciones,150620,nulo_fecha,nulos_no_permitidos
transacciones,15063,fecha_futura,fecha_no_futura
transacciones,150735,origen_inexistente,integridad_referencial_halt
transacciones,150826,fecha_futura,fecha_no_futura
transacciones,150840,moneda_invalida,catalogo_monedas
transacciones,150909,moneda_invalida,catalogo_monedas
transacciones,150917,moneda_invalida,catalogo_monedas
transacciones,150936,fecha_futura,fecha_no_futura
transacciones,150956,origen_inexistente,integridad_referencial_halt
transacciones,150977,monto_no_positivo,rango_monto
transacciones,151161,fecha_futura,fecha_no_futura
transacciones,151208,moneda_invalida,catalogo_monedas
transacciones,151351,fecha_futura,fecha_no_futura
transacciones,151376,monto_no_positivo,rango_monto
transacciones,151378,moneda_invalida,catalogo_monedas
transacciones,151441,origen_inexistente,integridad_referencial_halt
transacciones,151451,origen_inexistente,integridad_referencial_halt
transacciones,151504,moneda_invalida,catalogo_monedas
transacciones,151614,fecha_futura,fecha_no_futura
transacciones,15163,fecha_futura,fecha_no_futura
transacciones,151691,nulo_monto,nulos_no_permitidos
transacciones,151695,origen_inexistente,integridad_referencial_halt
transacciones,151709,fecha_futura,fecha_no_futura
transacciones,151913,nulo_fecha,nulos_no_permitidos
transacciones,151959,origen_inexistente,integridad_referencial_halt
transacciones,152033,fecha_futura,fecha_no_futura
transacciones,152065,fecha_futura,fecha_no_futura
transacciones,152114,fecha_futura,fecha_no_futura
transacciones,152123,monto_no_positivo,rango_monto
transacciones,152143,fecha_futura,fecha_no_futura
transacciones,152181,fecha_futura,fecha_no_futura
transacciones,1523,nulo_monto,nulos_no_permitidos
transacciones,152388,moneda_invalida,catalogo_monedas
transacciones,152425,moneda_invalida,catalogo_monedas
transacciones,152529,origen_inexistente,integridad_referencial_halt
transacciones,152533,fecha_futura,fecha_no_futura
transacciones,152573,monto_no_positivo,rango_monto
transacciones,152634,origen_inexistente,integridad_referencial_halt
transacciones,152718,fecha_futura,fecha_no_futura
transacciones,152733,monto_no_positivo,rango_monto
transacciones,152752,monto_no_positivo,rango_monto
transacciones,152758,fecha_futura,fecha_no_futura
transacciones,152862,nulo_monto,nulos_no_permitidos
transacciones,152884,origen_inexistente,integridad_referencial_halt
transacciones,152944,nulo_cuenta,nulos_no_permitidos
transacciones,153046,moneda_invalida,catalogo_monedas
transacciones,15308,nulo_monto,nulos_no_permitidos
transacciones,153081,origen_inexistente,integridad_referencial_halt
transacciones,153092,nulo_cuenta,nulos_no_permitidos
transacciones,15310,fecha_futura,fecha_no_futura
transacciones,153150,origen_inexistente,integridad_referencial_halt
transacciones,153173,fecha_futura,fecha_no_futura
transacciones,153209,fecha_futura,fecha_no_futura
transacciones,153237,monto_no_positivo,rango_monto
transacciones,153339,fecha_futura,fecha_no_futura
transacciones,153416,fecha_futura,fecha_no_futura
transacciones,153447,nulo_fecha,nulos_no_permitidos
transacciones,153451,origen_inexistente,integridad_referencial_halt
transacciones,153620,fecha_futura,fecha_no_futura
transacciones,153668,moneda_invalida,catalogo_monedas
transacciones,153763,nulo_cuenta,nulos_no_permitidos
transacciones,153911,fecha_futura,fecha_no_futura
transacciones,153956,origen_inexistente,integridad_referencial_halt
transacciones,154088,origen_inexistente,integridad_referencial_halt
transacciones,154240,origen_inexistente,integridad_referencial_halt
transacciones,15425,fecha_futura,fecha_no_futura
transacciones,154284,moneda_invalida,catalogo_monedas
transacciones,154398,nulo_cuenta,nulos_no_permitidos
transacciones,154418,nulo_cuenta,nulos_no_permitidos
transacciones,154461,origen_inexistente,integridad_referencial_halt
transacciones,154473,moneda_invalida,catalogo_monedas
transacciones,154553,origen_inexistente,integridad_referencial_halt
transacciones,154651,fecha_futura,fecha_no_futura
transacciones,154690,origen_inexistente,integridad_referencial_halt
transacciones,154696,monto_no_positivo,rango_monto
transacciones,154756,nulo_cuenta,nulos_no_permitidos
transacciones,154761,origen_inexistente,integridad_referencial_halt
transacciones,154770,fecha_futura,fecha_no_futura
transacciones,154793,moneda_invalida,catalogo_monedas
transacciones,154832,monto_no_positivo,rango_monto
transacciones,154842,fecha_futura,fecha_no_futura
transacciones,154968,origen_inexistente,integridad_referencial_halt
transacciones,155020,fecha_futura,fecha_no_futura
transacciones,155055,fecha_futura,fecha_no_futura
transacciones,155065,fecha_futura,fecha_no_futura
transacciones,155126,monto_no_positivo,rango_monto
transacciones,155302,nulo_cuenta,nulos_no_permitidos
transacciones,155303,nulo_cuenta,nulos_no_permitidos
transacciones,155484,fecha_futura,fecha_no_futura
transacciones,155532,origen_inexistente,integridad_referencial_halt
transacciones,155534,fecha_futura,fecha_no_futura
transacciones,155630,monto_no_positivo,rango_monto
transacciones,15575,moneda_invalida,catalogo_monedas
transacciones,155782,nulo_cuenta,nulos_no_permitidos
transacciones,155798,origen_inexistente,integridad_referencial_halt
transacciones,155812,origen_inexistente,integridad_referencial_halt
transacciones,155821,nulo_fecha,nulos_no_permitidos
transacciones,155895,origen_inexistente,integridad_referencial_halt
transacciones,15591,nulo_fecha,nulos_no_permitidos
transacciones,155916,monto_no_positivo,rango_monto
transacciones,155959,moneda_invalida,catalogo_monedas
transacciones,156029,monto_no_positivo,rango_monto
transacciones,156170,monto_no_positivo,rango_monto
transacciones,156231,moneda_invalida,catalogo_monedas
transacciones,156295,fecha_futura,fecha_no_futura
transacciones,156323,nulo_monto,nulos_no_permitidos
transacciones,156398,origen_inexistente,integridad_referencial_halt
transacciones,156532,fecha_futura,fecha_no_futura
transacciones,156573,nulo_monto,nulos_no_permitidos
transacciones,156632,origen_inexistente,integridad_referencial_halt
transacciones,156663,moneda_invalida,catalogo_monedas
transacciones,156688,origen_inexistente,integridad_referencial_halt
transacciones,156747,moneda_invalida,catalogo_monedas
transacciones,156754,nulo_fecha,nulos_no_permitidos
transacciones,156759,nulo_fecha,nulos_no_permitidos
transacciones,156760,moneda_invalida,catalogo_monedas
transacciones,156781,monto_no_positivo,rango_monto
transacciones,156793,nulo_cuenta,nulos_no_permitidos
transacciones,156800,nulo_fecha,nulos_no_permitidos
transacciones,156849,monto_no_positivo,rango_monto
transacciones,156860,origen_inexistente,integridad_referencial_halt
transacciones,156873,fecha_futura,fecha_no_futura
transacciones,156965,origen_inexistente,integridad_referencial_halt
transacciones,157119,moneda_invalida,catalogo_monedas
transacciones,157273,moneda_invalida,catalogo_monedas
transacciones,157573,fecha_futura,fecha_no_futura
transacciones,157705,nulo_cuenta,nulos_no_permitidos
transacciones,157740,fecha_futura,fecha_no_futura
transacciones,157772,nulo_monto,nulos_no_permitidos
transacciones,157780,moneda_invalida,catalogo_monedas
transacciones,157814,nulo_cuenta,nulos_no_permitidos
transacciones,157840,moneda_invalida,catalogo_monedas
transacciones,157851,moneda_invalida,catalogo_monedas
transacciones,157855,fecha_futura,fecha_no_futura
transacciones,158007,monto_no_positivo,rango_monto
transacciones,158024,origen_inexistente,integridad_referencial_halt
transacciones,158027,moneda_invalida,catalogo_monedas
transacciones,158037,fecha_futura,fecha_no_futura
transacciones,158085,moneda_invalida,catalogo_monedas
transacciones,158212,fecha_futura,fecha_no_futura
transacciones,158234,nulo_fecha,nulos_no_permitidos
transacciones,15830,moneda_invalida,catalogo_monedas
transacciones,158385,nulo_fecha,nulos_no_permitidos
transacciones,158391,fecha_futura,fecha_no_futura
transacciones,158463,origen_inexistente,integridad_referencial_halt
transacciones,158487,fecha_futura,fecha_no_futura
transacciones,15849,moneda_invalida,catalogo_monedas
transacciones,158608,fecha_futura,fecha_no_futura
transacciones,15867,nulo_monto,nulos_no_permitidos
transacciones,15870,origen_inexistente,integridad_referencial_halt
transacciones,158702,origen_inexistente,integridad_referencial_halt
transacciones,158706,fecha_futura,fecha_no_futura
transacciones,158857,fecha_futura,fecha_no_futura
transacciones,15886,origen_inexistente,integridad_referencial_halt
transacciones,158925,origen_inexistente,integridad_referencial_halt
transacciones,158935,fecha_futura,fecha_no_futura
transacciones,159024,origen_inexistente,integridad_referencial_halt
transacciones,15914,fecha_futura,fecha_no_futura
transacciones,159142,fecha_futura,fecha_no_futura
transacciones,15918,fecha_futura,fecha_no_futura
transacciones,159220,nulo_monto,nulos_no_permitidos
transacciones,159425,fecha_futura,fecha_no_futura
transacciones,159470,fecha_futura,fecha_no_futura
transacciones,159484,origen_inexistente,integridad_referencial_halt
transacciones,159491,fecha_futura,fecha_no_futura
transacciones,159509,fecha_futura,fecha_no_futura
transacciones,159531,nulo_monto,nulos_no_permitidos
transacciones,159539,origen_inexistente,integridad_referencial_halt
transacciones,159544,nulo_monto,nulos_no_permitidos
transacciones,15957,monto_no_positivo,rango_monto
transacciones,159629,nulo_fecha,nulos_no_permitidos
transacciones,159726,nulo_fecha,nulos_no_permitidos
transacciones,159794,monto_no_positivo,rango_monto
transacciones,1598,fecha_futura,fecha_no_futura
transacciones,159859,fecha_futura,fecha_no_futura
transacciones,159910,fecha_futura,fecha_no_futura
transacciones,160026,fecha_futura,fecha_no_futura
transacciones,160149,nulo_cuenta,nulos_no_permitidos
transacciones,16019,moneda_invalida,catalogo_monedas
transacciones,160236,fecha_futura,fecha_no_futura
transacciones,160250,fecha_futura,fecha_no_futura
transacciones,160260,monto_no_positivo,rango_monto
transacciones,160308,moneda_invalida,catalogo_monedas
transacciones,160339,monto_no_positivo,rango_monto
transacciones,160418,origen_inexistente,integridad_referencial_halt
transacciones,160424,monto_no_positivo,rango_monto
transacciones,160687,moneda_invalida,catalogo_monedas
transacciones,16076,fecha_futura,fecha_no_futura
transacciones,160767,nulo_cuenta,nulos_no_permitidos
transacciones,160822,fecha_futura,fecha_no_futura
transacciones,160895,monto_no_positivo,rango_monto
transacciones,16092,nulo_fecha,nulos_no_permitidos
transacciones,161000,monto_no_positivo,rango_monto
transacciones,161012,origen_inexistente,integridad_referencial_halt
transacciones,161020,fecha_futura,fecha_no_futura
transacciones,161045,moneda_invalida,catalogo_monedas
transacciones,161047,fecha_futura,fecha_no_futura
transacciones,161318,origen_inexistente,integridad_referencial_halt
transacciones,161392,origen_inexistente,integridad_referencial_halt
transacciones,161444,origen_inexistente,integridad_referencial_halt
transacciones,161528,moneda_invalida,catalogo_monedas
transacciones,161537,monto_no_positivo,rango_monto
transacciones,161558,monto_no_positivo,rango_monto
transacciones,161668,fecha_futura,fecha_no_futura
transacciones,161714,nulo_cuenta,nulos_no_permitidos
transacciones,161768,origen_inexistente,integridad_referencial_halt
transacciones,161863,origen_inexistente,integridad_referencial_halt
transacciones,161913,origen_inexistente,integridad_referencial_halt
transacciones,161936,fecha_futura,fecha_no_futura
transacciones,161969,fecha_futura,fecha_no_futura
transacciones,161980,nulo_cuenta,nulos_no_permitidos
transacciones,162013,origen_inexistente,integridad_referencial_halt
transacciones,162094,nulo_cuenta,nulos_no_permitidos
transacciones,162165,nulo_cuenta,nulos_no_permitidos
transacciones,162304,nulo_cuenta,nulos_no_permitidos
transacciones,162494,moneda_invalida,catalogo_monedas
transacciones,162559,origen_inexistente,integridad_referencial_halt
transacciones,162570,fecha_futura,fecha_no_futura
transacciones,16259,fecha_futura,fecha_no_futura
transacciones,162683,moneda_invalida,catalogo_monedas
transacciones,162778,monto_no_positivo,rango_monto
transacciones,162869,monto_no_positivo,rango_monto
transacciones,162888,monto_no_positivo,rango_monto
transacciones,162949,nulo_cuenta,nulos_no_permitidos
transacciones,162960,nulo_monto,nulos_no_permitidos
transacciones,162976,origen_inexistente,integridad_referencial_halt
transacciones,163008,fecha_futura,fecha_no_futura
transacciones,163028,origen_inexistente,integridad_referencial_halt
transacciones,163037,fecha_futura,fecha_no_futura
transacciones,163051,nulo_fecha,nulos_no_permitidos
transacciones,163078,fecha_futura,fecha_no_futura
transacciones,163119,monto_no_positivo,rango_monto
transacciones,163147,origen_inexistente,integridad_referencial_halt
transacciones,163171,monto_no_positivo,rango_monto
transacciones,163271,nulo_cuenta,nulos_no_permitidos
transacciones,163377,monto_no_positivo,rango_monto
transacciones,163400,monto_no_positivo,rango_monto
transacciones,163518,moneda_invalida,catalogo_monedas
transacciones,163523,origen_inexistente,integridad_referencial_halt
transacciones,163590,nulo_fecha,nulos_no_permitidos
transacciones,163611,fecha_futura,fecha_no_futura
transacciones,16369,nulo_fecha,nulos_no_permitidos
transacciones,163716,monto_no_positivo,rango_monto
transacciones,163803,monto_no_positivo,rango_monto
transacciones,163870,origen_inexistente,integridad_referencial_halt
transacciones,163889,moneda_invalida,catalogo_monedas
transacciones,164021,nulo_cuenta,nulos_no_permitidos
transacciones,164128,moneda_invalida,catalogo_monedas
transacciones,164184,origen_inexistente,integridad_referencial_halt
transacciones,164220,nulo_monto,nulos_no_permitidos
transacciones,164315,moneda_invalida,catalogo_monedas
transacciones,164395,origen_inexistente,integridad_referencial_halt
transacciones,164476,moneda_invalida,catalogo_monedas
transacciones,164487,nulo_monto,nulos_no_permitidos
transacciones,164513,fecha_futura,fecha_no_futura
transacciones,164731,fecha_futura,fecha_no_futura
transacciones,16482,moneda_invalida,catalogo_monedas
transacciones,164836,moneda_invalida,catalogo_monedas
transacciones,164891,fecha_futura,fecha_no_futura
transacciones,164940,nulo_monto,nulos_no_permitidos
transacciones,164977,monto_no_positivo,rango_monto
transacciones,165031,origen_inexistente,integridad_referencial_halt
transacciones,165076,monto_no_positivo,rango_monto
transacciones,165077,nulo_monto,nulos_no_permitidos
transacciones,165168,monto_no_positivo,rango_monto
transacciones,165216,nulo_monto,nulos_no_permitidos
transacciones,165275,moneda_invalida,catalogo_monedas
transacciones,165281,moneda_invalida,catalogo_monedas
transacciones,165344,monto_no_positivo,rango_monto
transacciones,165394,fecha_futura,fecha_no_futura
transacciones,165411,fecha_futura,fecha_no_futura
transacciones,165439,fecha_futura,fecha_no_futura
transacciones,165466,fecha_futura,fecha_no_futura
transacciones,165511,monto_no_positivo,rango_monto
transacciones,165526,fecha_futura,fecha_no_futura
transacciones,165572,nulo_cuenta,nulos_no_permitidos
transacciones,165573,fecha_futura,fecha_no_futura
transacciones,165608,origen_inexistente,integridad_referencial_halt
transacciones,165627,moneda_invalida,catalogo_monedas
transacciones,16563,monto_no_positivo,rango_monto
transacciones,165640,moneda_invalida,catalogo_monedas
transacciones,165650,monto_no_positivo,rango_monto
transacciones,165669,nulo_fecha,nulos_no_permitidos
transacciones,165758,nulo_cuenta,nulos_no_permitidos
transacciones,165773,fecha_futura,fecha_no_futura
transacciones,165797,moneda_invalida,catalogo_monedas
transacciones,165912,moneda_invalida,catalogo_monedas
transacciones,165916,nulo_monto,nulos_no_permitidos
transacciones,165944,nulo_fecha,nulos_no_permitidos
transacciones,16596,fecha_futura,fecha_no_futura
transacciones,165995,fecha_futura,fecha_no_futura
transacciones,166077,fecha_futura,fecha_no_futura
transacciones,166112,fecha_futura,fecha_no_futura
transacciones,166118,monto_no_positivo,rango_monto
transacciones,166272,fecha_futura,fecha_no_futura
transacciones,166416,nulo_monto,nulos_no_permitidos
transacciones,166437,fecha_futura,fecha_no_futura
transacciones,166582,fecha_futura,fecha_no_futura
transacciones,16660,origen_inexistente,integridad_referencial_halt
transacciones,166607,origen_inexistente,integridad_referencial_halt
transacciones,166658,nulo_monto,nulos_no_permitidos
transacciones,16675,fecha_futura,fecha_no_futura
transacciones,166792,fecha_futura,fecha_no_futura
transacciones,166843,nulo_cuenta,nulos_no_permitidos
transacciones,16688,origen_inexistente,integridad_referencial_halt
transacciones,166910,monto_no_positivo,rango_monto
transacciones,166953,monto_no_positivo,rango_monto
transacciones,167041,fecha_futura,fecha_no_futura
transacciones,167044,nulo_cuenta,nulos_no_permitidos
transacciones,167050,fecha_futura,fecha_no_futura
transacciones,167110,nulo_monto,nulos_no_permitidos
transacciones,167132,nulo_monto,nulos_no_permitidos
transacciones,167308,fecha_futura,fecha_no_futura
transacciones,167309,fecha_futura,fecha_no_futura
transacciones,167436,origen_inexistente,integridad_referencial_halt
transacciones,16756,fecha_futura,fecha_no_futura
transacciones,16763,fecha_futura,fecha_no_futura
transacciones,167719,origen_inexistente,integridad_referencial_halt
transacciones,16773,moneda_invalida,catalogo_monedas
transacciones,167796,monto_no_positivo,rango_monto
transacciones,16783,nulo_cuenta,nulos_no_permitidos
transacciones,16786,origen_inexistente,integridad_referencial_halt
transacciones,167944,fecha_futura,fecha_no_futura
transacciones,16805,fecha_futura,fecha_no_futura
transacciones,168057,fecha_futura,fecha_no_futura
transacciones,168084,nulo_monto,nulos_no_permitidos
transacciones,168089,fecha_futura,fecha_no_futura
transacciones,168143,fecha_futura,fecha_no_futura
transacciones,168158,moneda_invalida,catalogo_monedas
transacciones,168309,fecha_futura,fecha_no_futura
transacciones,168357,origen_inexistente,integridad_referencial_halt
transacciones,168377,nulo_monto,nulos_no_permitidos
transacciones,168380,nulo_monto,nulos_no_permitidos
transacciones,168405,fecha_futura,fecha_no_futura
transacciones,168462,fecha_futura,fecha_no_futura
transacciones,168603,fecha_futura,fecha_no_futura
transacciones,168704,moneda_invalida,catalogo_monedas
transacciones,168716,origen_inexistente,integridad_referencial_halt
transacciones,168717,monto_no_positivo,rango_monto
transacciones,168719,fecha_futura,fecha_no_futura
transacciones,168806,origen_inexistente,integridad_referencial_halt
transacciones,168821,origen_inexistente,integridad_referencial_halt
transacciones,169049,origen_inexistente,integridad_referencial_halt
transacciones,169055,fecha_futura,fecha_no_futura
transacciones,169356,monto_no_positivo,rango_monto
transacciones,169475,monto_no_positivo,rango_monto
transacciones,169515,nulo_cuenta,nulos_no_permitidos
transacciones,169527,moneda_invalida,catalogo_monedas
transacciones,169602,nulo_monto,nulos_no_permitidos
transacciones,169616,fecha_futura,fecha_no_futura
transacciones,169627,moneda_invalida,catalogo_monedas
transacciones,16963,monto_no_positivo,rango_monto
transacciones,169699,fecha_futura,fecha_no_futura
transacciones,169739,moneda_invalida,catalogo_monedas
transacciones,169787,fecha_futura,fecha_no_futura
transacciones,169862,moneda_invalida,catalogo_monedas
transacciones,169986,monto_no_positivo,rango_monto
transacciones,170044,fecha_futura,fecha_no_futura
transacciones,170080,origen_inexistente,integridad_referencial_halt
transacciones,170108,origen_inexistente,integridad_referencial_halt
transacciones,170199,nulo_cuenta,nulos_no_permitidos
transacciones,170202,origen_inexistente,integridad_referencial_halt
transacciones,170228,nulo_monto,nulos_no_permitidos
transacciones,170320,monto_no_positivo,rango_monto
transacciones,170327,fecha_futura,fecha_no_futura
transacciones,170395,fecha_futura,fecha_no_futura
transacciones,170551,moneda_invalida,catalogo_monedas
transacciones,170566,origen_inexistente,integridad_referencial_halt
transacciones,170621,origen_inexistente,integridad_referencial_halt
transacciones,170635,moneda_invalida,catalogo_monedas
transacciones,170687,fecha_futura,fecha_no_futura
transacciones,170764,moneda_invalida,catalogo_monedas
transacciones,170930,fecha_futura,fecha_no_futura
transacciones,171095,nulo_cuenta,nulos_no_permitidos
transacciones,171134,origen_inexistente,integridad_referencial_halt
transacciones,171166,monto_no_positivo,rango_monto
transacciones,171175,moneda_invalida,catalogo_monedas
transacciones,171213,moneda_invalida,catalogo_monedas
transacciones,171241,moneda_invalida,catalogo_monedas
transacciones,171251,fecha_futura,fecha_no_futura
transacciones,171318,monto_no_positivo,rango_monto
transacciones,171372,fecha_futura,fecha_no_futura
transacciones,171378,nulo_monto,nulos_no_permitidos
transacciones,171429,fecha_futura,fecha_no_futura
transacciones,171476,origen_inexistente,integridad_referencial_halt
transacciones,17148,monto_no_positivo,rango_monto
transacciones,171515,fecha_futura,fecha_no_futura
transacciones,17152,fecha_futura,fecha_no_futura
transacciones,171542,origen_inexistente,integridad_referencial_halt
transacciones,17159,nulo_cuenta,nulos_no_permitidos
transacciones,171637,fecha_futura,fecha_no_futura
transacciones,171694,moneda_invalida,catalogo_monedas
transacciones,171754,origen_inexistente,integridad_referencial_halt
transacciones,171760,monto_no_positivo,rango_monto
transacciones,171881,fecha_futura,fecha_no_futura
transacciones,171882,fecha_futura,fecha_no_futura
transacciones,17193,fecha_futura,fecha_no_futura
transacciones,172021,nulo_monto,nulos_no_permitidos
transacciones,172032,fecha_futura,fecha_no_futura
transacciones,172051,fecha_futura,fecha_no_futura
transacciones,172286,fecha_futura,fecha_no_futura
transacciones,172289,origen_inexistente,integridad_referencial_halt
transacciones,172393,nulo_monto,nulos_no_permitidos
transacciones,172433,nulo_fecha,nulos_no_permitidos
transacciones,172456,monto_no_positivo,rango_monto
transacciones,172463,nulo_fecha,nulos_no_permitidos
transacciones,172573,origen_inexistente,integridad_referencial_halt
transacciones,172671,monto_no_positivo,rango_monto
transacciones,172680,origen_inexistente,integridad_referencial_halt
transacciones,172829,nulo_cuenta,nulos_no_permitidos
transacciones,1729,fecha_futura,fecha_no_futura
transacciones,172919,fecha_futura,fecha_no_futura
transacciones,17295,nulo_cuenta,nulos_no_permitidos
transacciones,172974,nulo_fecha,nulos_no_permitidos
transacciones,173067,moneda_invalida,catalogo_monedas
transacciones,173167,nulo_monto,nulos_no_permitidos
transacciones,173266,moneda_invalida,catalogo_monedas
transacciones,17327,origen_inexistente,integridad_referencial_halt
transacciones,173311,origen_inexistente,integridad_referencial_halt
transacciones,173495,monto_no_positivo,rango_monto
transacciones,173550,fecha_futura,fecha_no_futura
transacciones,173574,nulo_fecha,nulos_no_permitidos
transacciones,173656,moneda_invalida,catalogo_monedas
transacciones,173756,fecha_futura,fecha_no_futura
transacciones,17377,origen_inexistente,integridad_referencial_halt
transacciones,173792,fecha_futura,fecha_no_futura
transacciones,173854,fecha_futura,fecha_no_futura
transacciones,174017,monto_no_positivo,rango_monto
transacciones,17408,fecha_futura,fecha_no_futura
transacciones,174117,fecha_futura,fecha_no_futura
transacciones,174143,nulo_monto,nulos_no_permitidos
transacciones,174209,origen_inexistente,integridad_referencial_halt
transacciones,174232,monto_no_positivo,rango_monto
transacciones,174397,moneda_invalida,catalogo_monedas
transacciones,174398,nulo_fecha,nulos_no_permitidos
transacciones,174419,monto_no_positivo,rango_monto
transacciones,174500,monto_no_positivo,rango_monto
transacciones,174518,nulo_fecha,nulos_no_permitidos
transacciones,174558,fecha_futura,fecha_no_futura
transacciones,1746,fecha_futura,fecha_no_futura
transacciones,174648,nulo_cuenta,nulos_no_permitidos
transacciones,174663,nulo_cuenta,nulos_no_permitidos
transacciones,174779,origen_inexistente,integridad_referencial_halt
transacciones,174782,fecha_futura,fecha_no_futura
transacciones,174951,fecha_futura,fecha_no_futura
transacciones,174974,moneda_invalida,catalogo_monedas
transacciones,175004,moneda_invalida,catalogo_monedas
transacciones,175152,moneda_invalida,catalogo_monedas
transacciones,17535,fecha_futura,fecha_no_futura
transacciones,175695,nulo_cuenta,nulos_no_permitidos
transacciones,17573,fecha_futura,fecha_no_futura
transacciones,175820,moneda_invalida,catalogo_monedas
transacciones,175827,nulo_fecha,nulos_no_permitidos
transacciones,175855,nulo_fecha,nulos_no_permitidos
transacciones,175894,moneda_invalida,catalogo_monedas
transacciones,175923,monto_no_positivo,rango_monto
transacciones,17598,origen_inexistente,integridad_referencial_halt
transacciones,175981,origen_inexistente,integridad_referencial_halt
transacciones,176072,moneda_invalida,catalogo_monedas
transacciones,176075,origen_inexistente,integridad_referencial_halt
transacciones,176162,origen_inexistente,integridad_referencial_halt
transacciones,176193,monto_no_positivo,rango_monto
transacciones,17621,moneda_invalida,catalogo_monedas
transacciones,176260,fecha_futura,fecha_no_futura
transacciones,176304,origen_inexistente,integridad_referencial_halt
transacciones,176334,moneda_invalida,catalogo_monedas
transacciones,176357,fecha_futura,fecha_no_futura
transacciones,176478,fecha_futura,fecha_no_futura
transacciones,176499,fecha_futura,fecha_no_futura
transacciones,176670,nulo_monto,nulos_no_permitidos
transacciones,176684,monto_no_positivo,rango_monto
transacciones,176729,origen_inexistente,integridad_referencial_halt
transacciones,176796,nulo_cuenta,nulos_no_permitidos
transacciones,176812,moneda_invalida,catalogo_monedas
transacciones,176876,fecha_futura,fecha_no_futura
transacciones,176902,fecha_futura,fecha_no_futura
transacciones,17698,origen_inexistente,integridad_referencial_halt
transacciones,177088,moneda_invalida,catalogo_monedas
transacciones,177234,fecha_futura,fecha_no_futura
transacciones,17727,fecha_futura,fecha_no_futura
transacciones,177290,nulo_monto,nulos_no_permitidos
transacciones,177299,fecha_futura,fecha_no_futura
transacciones,177331,origen_inexistente,integridad_referencial_halt
transacciones,177356,nulo_monto,nulos_no_permitidos
transacciones,177416,fecha_futura,fecha_no_futura
transacciones,177536,fecha_futura,fecha_no_futura
transacciones,17762,nulo_fecha,nulos_no_permitidos
transacciones,177643,moneda_invalida,catalogo_monedas
transacciones,177653,moneda_invalida,catalogo_monedas
transacciones,177733,moneda_invalida,catalogo_monedas
transacciones,177757,fecha_futura,fecha_no_futura
transacciones,177795,nulo_fecha,nulos_no_permitidos
transacciones,177811,origen_inexistente,integridad_referencial_halt
transacciones,177866,fecha_futura,fecha_no_futura
transacciones,177912,moneda_invalida,catalogo_monedas
transacciones,178071,moneda_invalida,catalogo_monedas
transacciones,178078,monto_no_positivo,rango_monto
transacciones,178186,moneda_invalida,catalogo_monedas
transacciones,178201,moneda_invalida,catalogo_monedas
transacciones,178217,monto_no_positivo,rango_monto
transacciones,178234,fecha_futura,fecha_no_futura
transacciones,178378,monto_no_positivo,rango_monto
transacciones,178385,monto_no_positivo,rango_monto
transacciones,178450,moneda_invalida,catalogo_monedas
transacciones,178614,nulo_cuenta,nulos_no_permitidos
transacciones,178625,moneda_invalida,catalogo_monedas
transacciones,178688,nulo_fecha,nulos_no_permitidos
transacciones,178706,nulo_fecha,nulos_no_permitidos
transacciones,178838,origen_inexistente,integridad_referencial_halt
transacciones,178848,fecha_futura,fecha_no_futura
transacciones,17897,monto_no_positivo,rango_monto
transacciones,179024,fecha_futura,fecha_no_futura
transacciones,179037,fecha_futura,fecha_no_futura
transacciones,179089,nulo_monto,nulos_no_permitidos
transacciones,179123,nulo_monto,nulos_no_permitidos
transacciones,179143,fecha_futura,fecha_no_futura
transacciones,179145,origen_inexistente,integridad_referencial_halt
transacciones,179171,origen_inexistente,integridad_referencial_halt
transacciones,179305,monto_no_positivo,rango_monto
transacciones,17936,fecha_futura,fecha_no_futura
transacciones,179436,origen_inexistente,integridad_referencial_halt
transacciones,179507,fecha_futura,fecha_no_futura
transacciones,179590,fecha_futura,fecha_no_futura
transacciones,179809,monto_no_positivo,rango_monto
transacciones,179896,moneda_invalida,catalogo_monedas
transacciones,17992,fecha_futura,fecha_no_futura
transacciones,180024,moneda_invalida,catalogo_monedas
transacciones,180033,monto_no_positivo,rango_monto
transacciones,180048,moneda_invalida,catalogo_monedas
transacciones,180106,fecha_futura,fecha_no_futura
transacciones,180115,nulo_fecha,nulos_no_permitidos
transacciones,180179,monto_no_positivo,rango_monto
transacciones,180241,nulo_monto,nulos_no_permitidos
transacciones,180261,origen_inexistente,integridad_referencial_halt
transacciones,180305,nulo_cuenta,nulos_no_permitidos
transacciones,180478,monto_no_positivo,rango_monto
transacciones,180553,fecha_futura,fecha_no_futura
transacciones,180668,monto_no_positivo,rango_monto
transacciones,180681,origen_inexistente,integridad_referencial_halt
transacciones,180781,nulo_cuenta,nulos_no_permitidos
transacciones,180802,origen_inexistente,integridad_referencial_halt
transacciones,180815,origen_inexistente,integridad_referencial_halt
transacciones,180944,fecha_futura,fecha_no_futura
transacciones,180959,moneda_invalida,catalogo_monedas
transacciones,180961,monto_no_positivo,rango_monto
transacciones,18099,origen_inexistente,integridad_referencial_halt
transacciones,180999,fecha_futura,fecha_no_futura
transacciones,181079,nulo_fecha,nulos_no_permitidos
transacciones,1813,fecha_futura,fecha_no_futura
transacciones,181310,origen_inexistente,integridad_referencial_halt
transacciones,181432,monto_no_positivo,rango_monto
transacciones,181533,fecha_futura,fecha_no_futura
transacciones,181542,nulo_cuenta,nulos_no_permitidos
transacciones,181543,nulo_cuenta,nulos_no_permitidos
transacciones,18159,monto_no_positivo,rango_monto
transacciones,181683,nulo_fecha,nulos_no_permitidos
transacciones,181714,fecha_futura,fecha_no_futura
transacciones,181718,nulo_fecha,nulos_no_permitidos
transacciones,18172,origen_inexistente,integridad_referencial_halt
transacciones,181756,fecha_futura,fecha_no_futura
transacciones,181819,nulo_monto,nulos_no_permitidos
transacciones,18184,fecha_futura,fecha_no_futura
transacciones,181928,nulo_cuenta,nulos_no_permitidos
transacciones,182075,moneda_invalida,catalogo_monedas
transacciones,182304,moneda_invalida,catalogo_monedas
transacciones,182308,monto_no_positivo,rango_monto
transacciones,182325,origen_inexistente,integridad_referencial_halt
transacciones,182375,fecha_futura,fecha_no_futura
transacciones,182475,fecha_futura,fecha_no_futura
transacciones,182518,fecha_futura,fecha_no_futura
transacciones,182566,fecha_futura,fecha_no_futura
transacciones,182625,monto_no_positivo,rango_monto
transacciones,182635,fecha_futura,fecha_no_futura
transacciones,182651,origen_inexistente,integridad_referencial_halt
transacciones,182795,nulo_fecha,nulos_no_permitidos
transacciones,182805,moneda_invalida,catalogo_monedas
transacciones,182811,fecha_futura,fecha_no_futura
transacciones,182868,origen_inexistente,integridad_referencial_halt
transacciones,182944,moneda_invalida,catalogo_monedas
transacciones,182994,nulo_monto,nulos_no_permitidos
transacciones,183000,origen_inexistente,integridad_referencial_halt
transacciones,183077,monto_no_positivo,rango_monto
transacciones,183100,origen_inexistente,integridad_referencial_halt
transacciones,183184,moneda_invalida,catalogo_monedas
transacciones,183203,fecha_futura,fecha_no_futura
transacciones,183411,moneda_invalida,catalogo_monedas
transacciones,183599,origen_inexistente,integridad_referencial_halt
transacciones,183651,fecha_futura,fecha_no_futura
transacciones,183655,moneda_invalida,catalogo_monedas
transacciones,183656,origen_inexistente,integridad_referencial_halt
transacciones,183684,origen_inexistente,integridad_referencial_halt
transacciones,183701,origen_inexistente,integridad_referencial_halt
transacciones,18371,fecha_futura,fecha_no_futura
transacciones,183723,moneda_invalida,catalogo_monedas
transacciones,18374,fecha_futura,fecha_no_futura
transacciones,183777,fecha_futura,fecha_no_futura
transacciones,18383,moneda_invalida,catalogo_monedas
transacciones,183918,nulo_cuenta,nulos_no_permitidos
transacciones,183951,fecha_futura,fecha_no_futura
transacciones,184020,origen_inexistente,integridad_referencial_halt
transacciones,184248,nulo_monto,nulos_no_permitidos
transacciones,184348,fecha_futura,fecha_no_futura
transacciones,184374,fecha_futura,fecha_no_futura
transacciones,184486,fecha_futura,fecha_no_futura
transacciones,184595,moneda_invalida,catalogo_monedas
transacciones,184829,origen_inexistente,integridad_referencial_halt
transacciones,184935,fecha_futura,fecha_no_futura
transacciones,185092,fecha_futura,fecha_no_futura
transacciones,18516,nulo_monto,nulos_no_permitidos
transacciones,185241,origen_inexistente,integridad_referencial_halt
transacciones,185275,nulo_cuenta,nulos_no_permitidos
transacciones,185346,monto_no_positivo,rango_monto
transacciones,185407,fecha_futura,fecha_no_futura
transacciones,185449,fecha_futura,fecha_no_futura
transacciones,18550,moneda_invalida,catalogo_monedas
transacciones,185528,origen_inexistente,integridad_referencial_halt
transacciones,185557,fecha_futura,fecha_no_futura
transacciones,185568,origen_inexistente,integridad_referencial_halt
transacciones,185569,monto_no_positivo,rango_monto
transacciones,185653,monto_no_positivo,rango_monto
transacciones,185677,fecha_futura,fecha_no_futura
transacciones,185691,nulo_fecha,nulos_no_permitidos
transacciones,185739,fecha_futura,fecha_no_futura
transacciones,185801,moneda_invalida,catalogo_monedas
transacciones,18581,fecha_futura,fecha_no_futura
transacciones,185833,monto_no_positivo,rango_monto
transacciones,185911,fecha_futura,fecha_no_futura
transacciones,18592,monto_no_positivo,rango_monto
transacciones,185968,moneda_invalida,catalogo_monedas
transacciones,185986,monto_no_positivo,rango_monto
transacciones,185989,fecha_futura,fecha_no_futura
transacciones,186,origen_inexistente,integridad_referencial_halt
transacciones,186039,monto_no_positivo,rango_monto
transacciones,186266,nulo_fecha,nulos_no_permitidos
transacciones,186385,nulo_cuenta,nulos_no_permitidos
transacciones,186618,nulo_fecha,nulos_no_permitidos
transacciones,186642,fecha_futura,fecha_no_futura
transacciones,186655,fecha_futura,fecha_no_futura
transacciones,186674,moneda_invalida,catalogo_monedas
transacciones,186750,origen_inexistente,integridad_referencial_halt
transacciones,186870,origen_inexistente,integridad_referencial_halt
transacciones,186895,origen_inexistente,integridad_referencial_halt
transacciones,186923,origen_inexistente,integridad_referencial_halt
transacciones,186964,fecha_futura,fecha_no_futura
transacciones,187145,fecha_futura,fecha_no_futura
transacciones,187147,fecha_futura,fecha_no_futura
transacciones,187202,nulo_monto,nulos_no_permitidos
transacciones,187239,fecha_futura,fecha_no_futura
transacciones,187279,fecha_futura,fecha_no_futura
transacciones,187364,monto_no_positivo,rango_monto
transacciones,18740,nulo_monto,nulos_no_permitidos
transacciones,187422,origen_inexistente,integridad_referencial_halt
transacciones,187499,monto_no_positivo,rango_monto
transacciones,187545,fecha_futura,fecha_no_futura
transacciones,187629,fecha_futura,fecha_no_futura
transacciones,187638,nulo_monto,nulos_no_permitidos
transacciones,187649,fecha_futura,fecha_no_futura
transacciones,187671,fecha_futura,fecha_no_futura
transacciones,187674,origen_inexistente,integridad_referencial_halt
transacciones,187729,fecha_futura,fecha_no_futura
transacciones,187771,nulo_cuenta,nulos_no_permitidos
transacciones,187786,fecha_futura,fecha_no_futura
transacciones,18785,origen_inexistente,integridad_referencial_halt
transacciones,187860,monto_no_positivo,rango_monto
transacciones,187899,fecha_futura,fecha_no_futura
transacciones,188073,nulo_fecha,nulos_no_permitidos
transacciones,18810,fecha_futura,fecha_no_futura
transacciones,188138,fecha_futura,fecha_no_futura
transacciones,188148,moneda_invalida,catalogo_monedas
transacciones,188177,fecha_futura,fecha_no_futura
transacciones,188290,fecha_futura,fecha_no_futura
transacciones,188322,origen_inexistente,integridad_referencial_halt
transacciones,188429,monto_no_positivo,rango_monto
transacciones,188582,nulo_fecha,nulos_no_permitidos
transacciones,188605,origen_inexistente,integridad_referencial_halt
transacciones,188625,origen_inexistente,integridad_referencial_halt
transacciones,188657,origen_inexistente,integridad_referencial_halt
transacciones,188668,fecha_futura,fecha_no_futura
transacciones,188702,moneda_invalida,catalogo_monedas
transacciones,188757,monto_no_positivo,rango_monto
transacciones,188800,monto_no_positivo,rango_monto
transacciones,18884,origen_inexistente,integridad_referencial_halt
transacciones,18888,moneda_invalida,catalogo_monedas
transacciones,188886,origen_inexistente,integridad_referencial_halt
transacciones,188971,nulo_monto,nulos_no_permitidos
transacciones,189003,fecha_futura,fecha_no_futura
transacciones,189028,origen_inexistente,integridad_referencial_halt
transacciones,189122,nulo_monto,nulos_no_permitidos
transacciones,189142,monto_no_positivo,rango_monto
transacciones,189168,origen_inexistente,integridad_referencial_halt
transacciones,189205,fecha_futura,fecha_no_futura
transacciones,189242,fecha_futura,fecha_no_futura
transacciones,189250,fecha_futura,fecha_no_futura
transacciones,189270,nulo_fecha,nulos_no_permitidos
transacciones,189415,monto_no_positivo,rango_monto
transacciones,189461,origen_inexistente,integridad_referencial_halt
transacciones,189632,fecha_futura,fecha_no_futura
transacciones,189654,origen_inexistente,integridad_referencial_halt
transacciones,189678,monto_no_positivo,rango_monto
transacciones,1897,monto_no_positivo,rango_monto
transacciones,189746,fecha_futura,fecha_no_futura
transacciones,189782,fecha_futura,fecha_no_futura
transacciones,189841,nulo_monto,nulos_no_permitidos
transacciones,189908,monto_no_positivo,rango_monto
transacciones,189925,monto_no_positivo,rango_monto
transacciones,189929,fecha_futura,fecha_no_futura
transacciones,189948,fecha_futura,fecha_no_futura
transacciones,189950,monto_no_positivo,rango_monto
transacciones,189986,nulo_monto,nulos_no_permitidos
transacciones,190003,origen_inexistente,integridad_referencial_halt
transacciones,190018,fecha_futura,fecha_no_futura
transacciones,19007,fecha_futura,fecha_no_futura
transacciones,190146,nulo_cuenta,nulos_no_permitidos
transacciones,190166,fecha_futura,fecha_no_futura
transacciones,190171,origen_inexistente,integridad_referencial_halt
transacciones,190173,fecha_futura,fecha_no_futura
transacciones,190223,moneda_invalida,catalogo_monedas
transacciones,19026,nulo_cuenta,nulos_no_permitidos
transacciones,190286,nulo_cuenta,nulos_no_permitidos
transacciones,190328,fecha_futura,fecha_no_futura
transacciones,190352,fecha_futura,fecha_no_futura
transacciones,190556,fecha_futura,fecha_no_futura
transacciones,190655,fecha_futura,fecha_no_futura
transacciones,190719,fecha_futura,fecha_no_futura
transacciones,190725,monto_no_positivo,rango_monto
transacciones,19081,fecha_futura,fecha_no_futura
transacciones,190890,fecha_futura,fecha_no_futura
transacciones,19102,fecha_futura,fecha_no_futura
transacciones,191020,origen_inexistente,integridad_referencial_halt
transacciones,191097,nulo_monto,nulos_no_permitidos
transacciones,191125,nulo_fecha,nulos_no_permitidos
transacciones,19134,monto_no_positivo,rango_monto
transacciones,191379,monto_no_positivo,rango_monto
transacciones,191502,origen_inexistente,integridad_referencial_halt
transacciones,191515,nulo_fecha,nulos_no_permitidos
transacciones,191516,origen_inexistente,integridad_referencial_halt
transacciones,191528,fecha_futura,fecha_no_futura
transacciones,191586,monto_no_positivo,rango_monto
transacciones,191590,fecha_futura,fecha_no_futura
transacciones,19160,fecha_futura,fecha_no_futura
transacciones,191602,nulo_fecha,nulos_no_permitidos
transacciones,19176,origen_inexistente,integridad_referencial_halt
transacciones,191765,moneda_invalida,catalogo_monedas
transacciones,191766,fecha_futura,fecha_no_futura
transacciones,191837,nulo_fecha,nulos_no_permitidos
transacciones,191865,monto_no_positivo,rango_monto
transacciones,19189,monto_no_positivo,rango_monto
transacciones,191890,monto_no_positivo,rango_monto
transacciones,192097,fecha_futura,fecha_no_futura
transacciones,192195,monto_no_positivo,rango_monto
transacciones,192307,origen_inexistente,integridad_referencial_halt
transacciones,192375,moneda_invalida,catalogo_monedas
transacciones,192378,moneda_invalida,catalogo_monedas
transacciones,192387,moneda_invalida,catalogo_monedas
transacciones,192393,fecha_futura,fecha_no_futura
transacciones,192536,origen_inexistente,integridad_referencial_halt
transacciones,192569,fecha_futura,fecha_no_futura
transacciones,192660,nulo_fecha,nulos_no_permitidos
transacciones,192677,monto_no_positivo,rango_monto
transacciones,192712,fecha_futura,fecha_no_futura
transacciones,192802,monto_no_positivo,rango_monto
transacciones,192849,monto_no_positivo,rango_monto
transacciones,192895,moneda_invalida,catalogo_monedas
transacciones,192933,monto_no_positivo,rango_monto
transacciones,192960,moneda_invalida,catalogo_monedas
transacciones,192963,origen_inexistente,integridad_referencial_halt
transacciones,192994,origen_inexistente,integridad_referencial_halt
transacciones,193087,nulo_fecha,nulos_no_permitidos
transacciones,193112,nulo_fecha,nulos_no_permitidos
transacciones,193148,origen_inexistente,integridad_referencial_halt
transacciones,193202,monto_no_positivo,rango_monto
transacciones,193265,monto_no_positivo,rango_monto
transacciones,193347,fecha_futura,fecha_no_futura
transacciones,193362,fecha_futura,fecha_no_futura
transacciones,193420,fecha_futura,fecha_no_futura
transacciones,193535,moneda_invalida,catalogo_monedas
transacciones,193568,fecha_futura,fecha_no_futura
transacciones,193612,origen_inexistente,integridad_referencial_halt
transacciones,193637,monto_no_positivo,rango_monto
transacciones,193731,origen_inexistente,integridad_referencial_halt
transacciones,193816,fecha_futura,fecha_no_futura
transacciones,194016,fecha_futura,fecha_no_futura
transacciones,194058,monto_no_positivo,rango_monto
transacciones,194061,monto_no_positivo,rango_monto
transacciones,194091,moneda_invalida,catalogo_monedas
transacciones,19410,monto_no_positivo,rango_monto
transacciones,194275,monto_no_positivo,rango_monto
transacciones,194365,nulo_cuenta,nulos_no_permitidos
transacciones,194493,origen_inexistente,integridad_referencial_halt
transacciones,194499,nulo_fecha,nulos_no_permitidos
transacciones,19458,origen_inexistente,integridad_referencial_halt
transacciones,19463,fecha_futura,fecha_no_futura
transacciones,194677,nulo_monto,nulos_no_permitidos
transacciones,194809,fecha_futura,fecha_no_futura
transacciones,194850,fecha_futura,fecha_no_futura
transacciones,194873,moneda_invalida,catalogo_monedas
transacciones,1949,nulo_monto,nulos_no_permitidos
transacciones,194915,monto_no_positivo,rango_monto
transacciones,194938,fecha_futura,fecha_no_futura
transacciones,194960,nulo_cuenta,nulos_no_permitidos
transacciones,194989,monto_no_positivo,rango_monto
transacciones,195037,monto_no_positivo,rango_monto
transacciones,19508,fecha_futura,fecha_no_futura
transacciones,195121,origen_inexistente,integridad_referencial_halt
transacciones,195166,monto_no_positivo,rango_monto
transacciones,195242,origen_inexistente,integridad_referencial_halt
transacciones,195264,fecha_futura,fecha_no_futura
transacciones,195295,nulo_cuenta,nulos_no_permitidos
transacciones,195339,nulo_fecha,nulos_no_permitidos
transacciones,195343,origen_inexistente,integridad_referencial_halt
transacciones,195347,origen_inexistente,integridad_referencial_halt
transacciones,195357,nulo_monto,nulos_no_permitidos
transacciones,195397,nulo_cuenta,nulos_no_permitidos
transacciones,195406,nulo_fecha,nulos_no_permitidos
transacciones,195413,fecha_futura,fecha_no_futura
transacciones,195437,moneda_invalida,catalogo_monedas
transacciones,195521,fecha_futura,fecha_no_futura
transacciones,195573,fecha_futura,fecha_no_futura
transacciones,195714,nulo_fecha,nulos_no_permitidos
transacciones,195719,nulo_fecha,nulos_no_permitidos
transacciones,19579,moneda_invalida,catalogo_monedas
transacciones,195822,fecha_futura,fecha_no_futura
transacciones,195826,origen_inexistente,integridad_referencial_halt
transacciones,195981,origen_inexistente,integridad_referencial_halt
transacciones,195983,fecha_futura,fecha_no_futura
transacciones,196005,fecha_futura,fecha_no_futura
transacciones,196023,fecha_futura,fecha_no_futura
transacciones,196037,fecha_futura,fecha_no_futura
transacciones,19605,moneda_invalida,catalogo_monedas
transacciones,19636,monto_no_positivo,rango_monto
transacciones,196553,monto_no_positivo,rango_monto
transacciones,19656,fecha_futura,fecha_no_futura
transacciones,196627,fecha_futura,fecha_no_futura
transacciones,196658,monto_no_positivo,rango_monto
transacciones,196707,nulo_fecha,nulos_no_permitidos
transacciones,196760,fecha_futura,fecha_no_futura
transacciones,196789,fecha_futura,fecha_no_futura
transacciones,196792,nulo_cuenta,nulos_no_permitidos
transacciones,196843,origen_inexistente,integridad_referencial_halt
transacciones,196856,nulo_fecha,nulos_no_permitidos
transacciones,196866,fecha_futura,fecha_no_futura
transacciones,196956,fecha_futura,fecha_no_futura
transacciones,197007,fecha_futura,fecha_no_futura
transacciones,197119,fecha_futura,fecha_no_futura
transacciones,197138,origen_inexistente,integridad_referencial_halt
transacciones,197159,monto_no_positivo,rango_monto
transacciones,197194,moneda_invalida,catalogo_monedas
transacciones,19728,moneda_invalida,catalogo_monedas
transacciones,197338,fecha_futura,fecha_no_futura
transacciones,197355,fecha_futura,fecha_no_futura
transacciones,197378,monto_no_positivo,rango_monto
transacciones,1974,nulo_fecha,nulos_no_permitidos
transacciones,197433,fecha_futura,fecha_no_futura
transacciones,197465,nulo_monto,nulos_no_permitidos
transacciones,197490,monto_no_positivo,rango_monto
transacciones,197564,fecha_futura,fecha_no_futura
transacciones,197580,fecha_futura,fecha_no_futura
transacciones,197677,origen_inexistente,integridad_referencial_halt
transacciones,197771,monto_no_positivo,rango_monto
transacciones,197897,origen_inexistente,integridad_referencial_halt
transacciones,197977,moneda_invalida,catalogo_monedas
transacciones,198034,monto_no_positivo,rango_monto
transacciones,198070,monto_no_positivo,rango_monto
transacciones,198148,origen_inexistente,integridad_referencial_halt
transacciones,198170,origen_inexistente,integridad_referencial_halt
transacciones,198232,nulo_monto,nulos_no_permitidos
transacciones,198308,monto_no_positivo,rango_monto
transacciones,198348,monto_no_positivo,rango_monto
transacciones,198361,origen_inexistente,integridad_referencial_halt
transacciones,198365,nulo_fecha,nulos_no_permitidos
transacciones,198459,origen_inexistente,integridad_referencial_halt
transacciones,198597,fecha_futura,fecha_no_futura
transacciones,198692,origen_inexistente,integridad_referencial_halt
transacciones,198765,nulo_monto,nulos_no_permitidos
transacciones,198770,nulo_cuenta,nulos_no_permitidos
transacciones,198793,nulo_cuenta,nulos_no_permitidos
transacciones,198809,monto_no_positivo,rango_monto
transacciones,198872,fecha_futura,fecha_no_futura
transacciones,198990,origen_inexistente,integridad_referencial_halt
transacciones,199102,fecha_futura,fecha_no_futura
transacciones,199193,nulo_cuenta,nulos_no_permitidos
transacciones,199212,fecha_futura,fecha_no_futura
transacciones,199215,nulo_fecha,nulos_no_permitidos
transacciones,199265,nulo_cuenta,nulos_no_permitidos
transacciones,199333,fecha_futura,fecha_no_futura
transacciones,199450,nulo_fecha,nulos_no_permitidos
transacciones,199566,nulo_monto,nulos_no_permitidos
transacciones,199592,moneda_invalida,catalogo_monedas
transacciones,199638,moneda_invalida,catalogo_monedas
transacciones,199697,origen_inexistente,integridad_referencial_halt
transacciones,199741,nulo_fecha,nulos_no_permitidos
transacciones,199941,monto_no_positivo,rango_monto
transacciones,199945,fecha_futura,fecha_no_futura
transacciones,200001,duplicada,unicidad_clave_idempotencia
transacciones,200002,duplicada,unicidad_clave_idempotencia
transacciones,200003,duplicada,unicidad_clave_idempotencia
transacciones,200004,duplicada,unicidad_clave_idempotencia
transacciones,200005,duplicada,unicidad_clave_idempotencia
transacciones,200006,duplicada,unicidad_clave_idempotencia
transacciones,200007,duplicada,unicidad_clave_idempotencia
transacciones,200008,duplicada,unicidad_clave_idempotencia
transacciones,200009,duplicada,unicidad_clave_idempotencia
transacciones,200010,duplicada,unicidad_clave_idempotencia
transacciones,200011,duplicada,unicidad_clave_idempotencia
transacciones,200012,duplicada,unicidad_clave_idempotencia
transacciones,200013,duplicada,unicidad_clave_idempotencia
transacciones,200014,duplicada,unicidad_clave_idempotencia
transacciones,200015,duplicada,unicidad_clave_idempotencia
transacciones,200016,duplicada,unicidad_clave_idempotencia
transacciones,200017,duplicada,unicidad_clave_idempotencia
transacciones,200018,duplicada,unicidad_clave_idempotencia
transacciones,200019,duplicada,unicidad_clave_idempotencia
transacciones,200020,duplicada,unicidad_clave_idempotencia
transacciones,200021,duplicada,unicidad_clave_idempotencia
transacciones,200022,duplicada,unicidad_clave_idempotencia
transacciones,200023,duplicada,unicidad_clave_idempotencia
transacciones,200024,duplicada,unicidad_clave_idempotencia
transacciones,200025,duplicada,unicidad_clave_idempotencia
transacciones,200026,duplicada,unicidad_clave_idempotencia
transacciones,200027,duplicada,unicidad_clave_idempotencia
transacciones,200028,duplicada,unicidad_clave_idempotencia
transacciones,200029,duplicada,unicidad_clave_idempotencia
transacciones,200030,duplicada,unicidad_clave_idempotencia
transacciones,200031,duplicada,unicidad_clave_idempotencia
transacciones,200032,duplicada,unicidad_clave_idempotencia
transacciones,200033,duplicada,unicidad_clave_idempotencia
transacciones,200034,duplicada,unicidad_clave_idempotencia
transacciones,200035,duplicada,unicidad_clave_idempotencia
transacciones,200036,duplicada,unicidad_clave_idempotencia
transacciones,200037,duplicada,unicidad_clave_idempotencia
transacciones,200038,duplicada,unicidad_clave_idempotencia
transacciones,200039,duplicada,unicidad_clave_idempotencia
transacciones,200040,duplicada,unicidad_clave_idempotencia
transacciones,200041,duplicada,unicidad_clave_idempotencia
transacciones,200042,duplicada,unicidad_clave_idempotencia
transacciones,200043,duplicada,unicidad_clave_idempotencia
transacciones,200044,duplicada,unicidad_clave_idempotencia
transacciones,200045,duplicada,unicidad_clave_idempotencia
transacciones,200046,duplicada,unicidad_clave_idempotencia
transacciones,200047,duplicada,unicidad_clave_idempotencia
transacciones,200048,duplicada,unicidad_clave_idempotencia
transacciones,200049,duplicada,unicidad_clave_idempotencia
transacciones,200050,duplicada,unicidad_clave_idempotencia
transacciones,200051,duplicada,unicidad_clave_idempotencia
transacciones,200052,duplicada,unicidad_clave_idempotencia
transacciones,200053,duplicada,unicidad_clave_idempotencia
transacciones,200054,duplicada,unicidad_clave_idempotencia
transacciones,200055,duplicada,unicidad_clave_idempotencia
transacciones,200056,duplicada,unicidad_clave_idempotencia
transacciones,200057,duplicada,unicidad_clave_idempotencia
transacciones,200058,duplicada,unicidad_clave_idempotencia
transacciones,200059,duplicada,unicidad_clave_idempotencia
transacciones,200060,duplicada,unicidad_clave_idempotencia
transacciones,200061,duplicada,unicidad_clave_idempotencia
transacciones,200062,duplicada,unicidad_clave_idempotencia
transacciones,200063,duplicada,unicidad_clave_idempotencia
transacciones,200064,duplicada,unicidad_clave_idempotencia
transacciones,200065,duplicada,unicidad_clave_idempotencia
transacciones,200066,duplicada,unicidad_clave_idempotencia
transacciones,200067,duplicada,unicidad_clave_idempotencia
transacciones,200068,duplicada,unicidad_clave_idempotencia
transacciones,200069,duplicada,unicidad_clave_idempotencia
transacciones,200070,duplicada,unicidad_clave_idempotencia
transacciones,200071,duplicada,unicidad_clave_idempotencia
transacciones,200072,duplicada,unicidad_clave_idempotencia
transacciones,200073,duplicada,unicidad_clave_idempotencia
transacciones,200074,duplicada,unicidad_clave_idempotencia
transacciones,200075,duplicada,unicidad_clave_idempotencia
transacciones,200076,duplicada,unicidad_clave_idempotencia
transacciones,200077,duplicada,unicidad_clave_idempotencia
transacciones,200078,duplicada,unicidad_clave_idempotencia
transacciones,200079,duplicada,unicidad_clave_idempotencia
transacciones,200080,duplicada,unicidad_clave_idempotencia
transacciones,200081,duplicada,unicidad_clave_idempotencia
transacciones,200082,duplicada,unicidad_clave_idempotencia
transacciones,200083,duplicada,unicidad_clave_idempotencia
transacciones,200084,duplicada,unicidad_clave_idempotencia
transacciones,200085,duplicada,unicidad_clave_idempotencia
transacciones,200086,duplicada,unicidad_clave_idempotencia
transacciones,200087,duplicada,unicidad_clave_idempotencia
transacciones,200088,duplicada,unicidad_clave_idempotencia
transacciones,200089,duplicada,unicidad_clave_idempotencia
transacciones,200090,duplicada,unicidad_clave_idempotencia
transacciones,200091,duplicada,unicidad_clave_idempotencia
transacciones,200092,duplicada,unicidad_clave_idempotencia
transacciones,200093,duplicada,unicidad_clave_idempotencia
transacciones,200094,duplicada,unicidad_clave_idempotencia
transacciones,200095,duplicada,unicidad_clave_idempotencia
transacciones,200096,duplicada,unicidad_clave_idempotencia
transacciones,200097,duplicada,unicidad_clave_idempotencia
transacciones,200098,duplicada,unicidad_clave_idempotencia
transacciones,200099,duplicada,unicidad_clave_idempotencia
transacciones,200100,duplicada,unicidad_clave_idempotencia
transacciones,200101,duplicada,unicidad_clave_idempotencia
transacciones,200102,duplicada,unicidad_clave_idempotencia
transacciones,200103,duplicada,unicidad_clave_idempotencia
transacciones,200104,duplicada,unicidad_clave_idempotencia
transacciones,200105,duplicada,unicidad_clave_idempotencia
transacciones,200106,duplicada,unicidad_clave_idempotencia
transacciones,200107,duplicada,unicidad_clave_idempotencia
transacciones,200108,duplicada,unicidad_clave_idempotencia
transacciones,200109,duplicada,unicidad_clave_idempotencia
transacciones,200110,duplicada,unicidad_clave_idempotencia
transacciones,200111,duplicada,unicidad_clave_idempotencia
transacciones,200112,duplicada,unicidad_clave_idempotencia
transacciones,200113,duplicada,unicidad_clave_idempotencia
transacciones,200114,duplicada,unicidad_clave_idempotencia
transacciones,200115,duplicada,unicidad_clave_idempotencia
transacciones,200116,duplicada,unicidad_clave_idempotencia
transacciones,200117,duplicada,unicidad_clave_idempotencia
transacciones,200118,duplicada,unicidad_clave_idempotencia
transacciones,200119,duplicada,unicidad_clave_idempotencia
transacciones,200120,duplicada,unicidad_clave_idempotencia
transacciones,200121,duplicada,unicidad_clave_idempotencia
transacciones,200122,duplicada,unicidad_clave_idempotencia
transacciones,200123,duplicada,unicidad_clave_idempotencia
transacciones,200124,duplicada,unicidad_clave_idempotencia
transacciones,200125,duplicada,unicidad_clave_idempotencia
transacciones,200126,duplicada,unicidad_clave_idempotencia
transacciones,200127,duplicada,unicidad_clave_idempotencia
transacciones,200128,duplicada,unicidad_clave_idempotencia
transacciones,200129,duplicada,unicidad_clave_idempotencia
transacciones,200130,duplicada,unicidad_clave_idempotencia
transacciones,200131,duplicada,unicidad_clave_idempotencia
transacciones,200132,duplicada,unicidad_clave_idempotencia
transacciones,200133,duplicada,unicidad_clave_idempotencia
transacciones,200134,duplicada,unicidad_clave_idempotencia
transacciones,200135,duplicada,unicidad_clave_idempotencia
transacciones,200136,duplicada,unicidad_clave_idempotencia
transacciones,200137,duplicada,unicidad_clave_idempotencia
transacciones,200138,duplicada,unicidad_clave_idempotencia
transacciones,200139,duplicada,unicidad_clave_idempotencia
transacciones,200140,duplicada,unicidad_clave_idempotencia
transacciones,200141,duplicada,unicidad_clave_idempotencia
transacciones,200142,duplicada,unicidad_clave_idempotencia
transacciones,200143,duplicada,unicidad_clave_idempotencia
transacciones,200144,duplicada,unicidad_clave_idempotencia
transacciones,200145,duplicada,unicidad_clave_idempotencia
transacciones,200146,duplicada,unicidad_clave_idempotencia
transacciones,200147,duplicada,unicidad_clave_idempotencia
transacciones,200148,duplicada,unicidad_clave_idempotencia
transacciones,200149,duplicada,unicidad_clave_idempotencia
transacciones,200150,duplicada,unicidad_clave_idempotencia
transacciones,200151,duplicada,unicidad_clave_idempotencia
transacciones,200152,duplicada,unicidad_clave_idempotencia
transacciones,200153,duplicada,unicidad_clave_idempotencia
transacciones,200154,duplicada,unicidad_clave_idempotencia
transacciones,200155,duplicada,unicidad_clave_idempotencia
transacciones,200156,duplicada,unicidad_clave_idempotencia
transacciones,200157,duplicada,unicidad_clave_idempotencia
transacciones,200158,duplicada,unicidad_clave_idempotencia
transacciones,200159,duplicada,unicidad_clave_idempotencia
transacciones,200160,duplicada,unicidad_clave_idempotencia
transacciones,200161,duplicada,unicidad_clave_idempotencia
transacciones,200162,duplicada,unicidad_clave_idempotencia
transacciones,200163,duplicada,unicidad_clave_idempotencia
transacciones,200164,duplicada,unicidad_clave_idempotencia
transacciones,200165,duplicada,unicidad_clave_idempotencia
transacciones,200166,duplicada,unicidad_clave_idempotencia
transacciones,200167,duplicada,unicidad_clave_idempotencia
transacciones,200168,duplicada,unicidad_clave_idempotencia
transacciones,200169,duplicada,unicidad_clave_idempotencia
transacciones,200170,duplicada,unicidad_clave_idempotencia
transacciones,200171,duplicada,unicidad_clave_idempotencia
transacciones,200172,duplicada,unicidad_clave_idempotencia
transacciones,200173,duplicada,unicidad_clave_idempotencia
transacciones,200174,duplicada,unicidad_clave_idempotencia
transacciones,200175,duplicada,unicidad_clave_idempotencia
transacciones,200176,duplicada,unicidad_clave_idempotencia
transacciones,200177,duplicada,unicidad_clave_idempotencia
transacciones,200178,duplicada,unicidad_clave_idempotencia
transacciones,200179,duplicada,unicidad_clave_idempotencia
transacciones,200180,duplicada,unicidad_clave_idempotencia
transacciones,200181,duplicada,unicidad_clave_idempotencia
transacciones,200182,duplicada,unicidad_clave_idempotencia
transacciones,200183,duplicada,unicidad_clave_idempotencia
transacciones,200184,duplicada,unicidad_clave_idempotencia
transacciones,200185,duplicada,unicidad_clave_idempotencia
transacciones,200186,duplicada,unicidad_clave_idempotencia
transacciones,200187,duplicada,unicidad_clave_idempotencia
transacciones,200188,duplicada,unicidad_clave_idempotencia
transacciones,200189,duplicada,unicidad_clave_idempotencia
transacciones,200190,duplicada,unicidad_clave_idempotencia
transacciones,200191,duplicada,unicidad_clave_idempotencia
transacciones,200192,duplicada,unicidad_clave_idempotencia
transacciones,200193,duplicada,unicidad_clave_idempotencia
transacciones,200194,duplicada,unicidad_clave_idempotencia
transacciones,200195,duplicada,unicidad_clave_idempotencia
transacciones,200196,duplicada,unicidad_clave_idempotencia
transacciones,200197,duplicada,unicidad_clave_idempotencia
transacciones,200198,duplicada,unicidad_clave_idempotencia
transacciones,200199,duplicada,unicidad_clave_idempotencia
transacciones,2002,fecha_futura,fecha_no_futura
transacciones,200200,duplicada,unicidad_clave_idempotencia
transacciones,200201,duplicada,unicidad_clave_idempotencia
transacciones,200202,duplicada,unicidad_clave_idempotencia
transacciones,200203,duplicada,unicidad_clave_idempotencia
transacciones,200204,duplicada,unicidad_clave_idempotencia
transacciones,200205,duplicada,unicidad_clave_idempotencia
transacciones,200206,duplicada,unicidad_clave_idempotencia
transacciones,200207,duplicada,unicidad_clave_idempotencia
transacciones,200208,duplicada,unicidad_clave_idempotencia
transacciones,200209,duplicada,unicidad_clave_idempotencia
transacciones,200210,duplicada,unicidad_clave_idempotencia
transacciones,200211,duplicada,unicidad_clave_idempotencia
transacciones,200212,duplicada,unicidad_clave_idempotencia
transacciones,200213,duplicada,unicidad_clave_idempotencia
transacciones,200214,duplicada,unicidad_clave_idempotencia
transacciones,200215,duplicada,unicidad_clave_idempotencia
transacciones,200216,duplicada,unicidad_clave_idempotencia
transacciones,200217,duplicada,unicidad_clave_idempotencia
transacciones,200218,duplicada,unicidad_clave_idempotencia
transacciones,200219,duplicada,unicidad_clave_idempotencia
transacciones,200220,duplicada,unicidad_clave_idempotencia
transacciones,200221,duplicada,unicidad_clave_idempotencia
transacciones,200222,duplicada,unicidad_clave_idempotencia
transacciones,200223,duplicada,unicidad_clave_idempotencia
transacciones,200224,duplicada,unicidad_clave_idempotencia
transacciones,200225,duplicada,unicidad_clave_idempotencia
transacciones,200226,duplicada,unicidad_clave_idempotencia
transacciones,200227,duplicada,unicidad_clave_idempotencia
transacciones,200228,duplicada,unicidad_clave_idempotencia
transacciones,200229,duplicada,unicidad_clave_idempotencia
transacciones,20023,nulo_monto,nulos_no_permitidos
transacciones,200230,duplicada,unicidad_clave_idempotencia
transacciones,200231,duplicada,unicidad_clave_idempotencia
transacciones,200232,duplicada,unicidad_clave_idempotencia
transacciones,200233,duplicada,unicidad_clave_idempotencia
transacciones,200234,duplicada,unicidad_clave_idempotencia
transacciones,200235,duplicada,unicidad_clave_idempotencia
transacciones,200236,duplicada,unicidad_clave_idempotencia
transacciones,200237,duplicada,unicidad_clave_idempotencia
transacciones,200238,duplicada,unicidad_clave_idempotencia
transacciones,200239,duplicada,unicidad_clave_idempotencia
transacciones,200240,duplicada,unicidad_clave_idempotencia
transacciones,200241,duplicada,unicidad_clave_idempotencia
transacciones,200242,duplicada,unicidad_clave_idempotencia
transacciones,200243,duplicada,unicidad_clave_idempotencia
transacciones,200244,duplicada,unicidad_clave_idempotencia
transacciones,200245,duplicada,unicidad_clave_idempotencia
transacciones,200246,duplicada,unicidad_clave_idempotencia
transacciones,200247,duplicada,unicidad_clave_idempotencia
transacciones,200248,duplicada,unicidad_clave_idempotencia
transacciones,200249,duplicada,unicidad_clave_idempotencia
transacciones,200250,duplicada,unicidad_clave_idempotencia
transacciones,200251,duplicada,unicidad_clave_idempotencia
transacciones,200252,duplicada,unicidad_clave_idempotencia
transacciones,200253,duplicada,unicidad_clave_idempotencia
transacciones,200254,duplicada,unicidad_clave_idempotencia
transacciones,200255,duplicada,unicidad_clave_idempotencia
transacciones,200256,duplicada,unicidad_clave_idempotencia
transacciones,200257,duplicada,unicidad_clave_idempotencia
transacciones,200258,duplicada,unicidad_clave_idempotencia
transacciones,200259,duplicada,unicidad_clave_idempotencia
transacciones,200260,duplicada,unicidad_clave_idempotencia
transacciones,200261,duplicada,unicidad_clave_idempotencia
transacciones,200262,duplicada,unicidad_clave_idempotencia
transacciones,200263,duplicada,unicidad_clave_idempotencia
transacciones,200264,duplicada,unicidad_clave_idempotencia
transacciones,200265,duplicada,unicidad_clave_idempotencia
transacciones,200266,duplicada,unicidad_clave_idempotencia
transacciones,200267,duplicada,unicidad_clave_idempotencia
transacciones,200268,duplicada,unicidad_clave_idempotencia
transacciones,200269,duplicada,unicidad_clave_idempotencia
transacciones,200270,duplicada,unicidad_clave_idempotencia
transacciones,200271,duplicada,unicidad_clave_idempotencia
transacciones,200272,duplicada,unicidad_clave_idempotencia
transacciones,200273,duplicada,unicidad_clave_idempotencia
transacciones,200274,duplicada,unicidad_clave_idempotencia
transacciones,200275,duplicada,unicidad_clave_idempotencia
transacciones,200276,duplicada,unicidad_clave_idempotencia
transacciones,200277,duplicada,unicidad_clave_idempotencia
transacciones,200278,duplicada,unicidad_clave_idempotencia
transacciones,200279,duplicada,unicidad_clave_idempotencia
transacciones,200280,duplicada,unicidad_clave_idempotencia
transacciones,200281,duplicada,unicidad_clave_idempotencia
transacciones,200282,duplicada,unicidad_clave_idempotencia
transacciones,200283,duplicada,unicidad_clave_idempotencia
transacciones,200284,duplicada,unicidad_clave_idempotencia
transacciones,200285,duplicada,unicidad_clave_idempotencia
transacciones,200286,duplicada,unicidad_clave_idempotencia
transacciones,200287,duplicada,unicidad_clave_idempotencia
transacciones,200288,duplicada,unicidad_clave_idempotencia
transacciones,200289,duplicada,unicidad_clave_idempotencia
transacciones,200290,duplicada,unicidad_clave_idempotencia
transacciones,200291,duplicada,unicidad_clave_idempotencia
transacciones,200292,duplicada,unicidad_clave_idempotencia
transacciones,200293,duplicada,unicidad_clave_idempotencia
transacciones,200294,duplicada,unicidad_clave_idempotencia
transacciones,200295,duplicada,unicidad_clave_idempotencia
transacciones,200296,duplicada,unicidad_clave_idempotencia
transacciones,200297,duplicada,unicidad_clave_idempotencia
transacciones,200298,duplicada,unicidad_clave_idempotencia
transacciones,200299,duplicada,unicidad_clave_idempotencia
transacciones,200300,duplicada,unicidad_clave_idempotencia
transacciones,200301,duplicada,unicidad_clave_idempotencia
transacciones,200302,duplicada,unicidad_clave_idempotencia
transacciones,200303,duplicada,unicidad_clave_idempotencia
transacciones,200304,duplicada,unicidad_clave_idempotencia
transacciones,200305,duplicada,unicidad_clave_idempotencia
transacciones,200306,duplicada,unicidad_clave_idempotencia
transacciones,200307,duplicada,unicidad_clave_idempotencia
transacciones,200308,duplicada,unicidad_clave_idempotencia
transacciones,200309,duplicada,unicidad_clave_idempotencia
transacciones,200310,duplicada,unicidad_clave_idempotencia
transacciones,200311,duplicada,unicidad_clave_idempotencia
transacciones,200312,duplicada,unicidad_clave_idempotencia
transacciones,200313,duplicada,unicidad_clave_idempotencia
transacciones,200314,duplicada,unicidad_clave_idempotencia
transacciones,200315,duplicada,unicidad_clave_idempotencia
transacciones,200316,duplicada,unicidad_clave_idempotencia
transacciones,200317,duplicada,unicidad_clave_idempotencia
transacciones,200318,duplicada,unicidad_clave_idempotencia
transacciones,200319,duplicada,unicidad_clave_idempotencia
transacciones,200320,duplicada,unicidad_clave_idempotencia
transacciones,200321,duplicada,unicidad_clave_idempotencia
transacciones,200322,duplicada,unicidad_clave_idempotencia
transacciones,200323,duplicada,unicidad_clave_idempotencia
transacciones,200324,duplicada,unicidad_clave_idempotencia
transacciones,200325,duplicada,unicidad_clave_idempotencia
transacciones,200326,duplicada,unicidad_clave_idempotencia
transacciones,200327,duplicada,unicidad_clave_idempotencia
transacciones,200328,duplicada,unicidad_clave_idempotencia
transacciones,200329,duplicada,unicidad_clave_idempotencia
transacciones,200330,duplicada,unicidad_clave_idempotencia
transacciones,200331,duplicada,unicidad_clave_idempotencia
transacciones,200332,duplicada,unicidad_clave_idempotencia
transacciones,200333,duplicada,unicidad_clave_idempotencia
transacciones,200334,duplicada,unicidad_clave_idempotencia
transacciones,200335,duplicada,unicidad_clave_idempotencia
transacciones,200336,duplicada,unicidad_clave_idempotencia
transacciones,200337,duplicada,unicidad_clave_idempotencia
transacciones,200338,duplicada,unicidad_clave_idempotencia
transacciones,200339,duplicada,unicidad_clave_idempotencia
transacciones,200340,duplicada,unicidad_clave_idempotencia
transacciones,200341,duplicada,unicidad_clave_idempotencia
transacciones,200342,duplicada,unicidad_clave_idempotencia
transacciones,200343,duplicada,unicidad_clave_idempotencia
transacciones,200344,duplicada,unicidad_clave_idempotencia
transacciones,200345,duplicada,unicidad_clave_idempotencia
transacciones,200346,duplicada,unicidad_clave_idempotencia
transacciones,200347,duplicada,unicidad_clave_idempotencia
transacciones,200348,duplicada,unicidad_clave_idempotencia
transacciones,200349,duplicada,unicidad_clave_idempotencia
transacciones,200350,duplicada,unicidad_clave_idempotencia
transacciones,200351,duplicada,unicidad_clave_idempotencia
transacciones,200352,duplicada,unicidad_clave_idempotencia
transacciones,200353,duplicada,unicidad_clave_idempotencia
transacciones,200354,duplicada,unicidad_clave_idempotencia
transacciones,200355,duplicada,unicidad_clave_idempotencia
transacciones,200356,duplicada,unicidad_clave_idempotencia
transacciones,200357,duplicada,unicidad_clave_idempotencia
transacciones,200358,duplicada,unicidad_clave_idempotencia
transacciones,200359,duplicada,unicidad_clave_idempotencia
transacciones,200360,duplicada,unicidad_clave_idempotencia
transacciones,200361,duplicada,unicidad_clave_idempotencia
transacciones,200362,duplicada,unicidad_clave_idempotencia
transacciones,200363,duplicada,unicidad_clave_idempotencia
transacciones,200364,duplicada,unicidad_clave_idempotencia
transacciones,200365,duplicada,unicidad_clave_idempotencia
transacciones,200366,duplicada,unicidad_clave_idempotencia
transacciones,200367,duplicada,unicidad_clave_idempotencia
transacciones,200368,duplicada,unicidad_clave_idempotencia
transacciones,200369,duplicada,unicidad_clave_idempotencia
transacciones,200370,duplicada,unicidad_clave_idempotencia
transacciones,200371,duplicada,unicidad_clave_idempotencia
transacciones,200372,duplicada,unicidad_clave_idempotencia
transacciones,200373,duplicada,unicidad_clave_idempotencia
transacciones,200374,duplicada,unicidad_clave_idempotencia
transacciones,200375,duplicada,unicidad_clave_idempotencia
transacciones,200376,duplicada,unicidad_clave_idempotencia
transacciones,200377,duplicada,unicidad_clave_idempotencia
transacciones,200378,duplicada,unicidad_clave_idempotencia
transacciones,200379,duplicada,unicidad_clave_idempotencia
transacciones,200380,duplicada,unicidad_clave_idempotencia
transacciones,200381,duplicada,unicidad_clave_idempotencia
transacciones,200382,duplicada,unicidad_clave_idempotencia
transacciones,200383,duplicada,unicidad_clave_idempotencia
transacciones,200384,duplicada,unicidad_clave_idempotencia
transacciones,200385,duplicada,unicidad_clave_idempotencia
transacciones,200386,duplicada,unicidad_clave_idempotencia
transacciones,200387,duplicada,unicidad_clave_idempotencia
transacciones,200388,duplicada,unicidad_clave_idempotencia
transacciones,200389,duplicada,unicidad_clave_idempotencia
transacciones,200390,duplicada,unicidad_clave_idempotencia
transacciones,200391,duplicada,unicidad_clave_idempotencia
transacciones,200392,duplicada,unicidad_clave_idempotencia
transacciones,200393,duplicada,unicidad_clave_idempotencia
transacciones,200394,duplicada,unicidad_clave_idempotencia
transacciones,200395,duplicada,unicidad_clave_idempotencia
transacciones,200396,duplicada,unicidad_clave_idempotencia
transacciones,200397,duplicada,unicidad_clave_idempotencia
transacciones,200398,duplicada,unicidad_clave_idempotencia
transacciones,200399,duplicada,unicidad_clave_idempotencia
transacciones,200400,duplicada,unicidad_clave_idempotencia
transacciones,200401,duplicada,unicidad_clave_idempotencia
transacciones,200402,duplicada,unicidad_clave_idempotencia
transacciones,200403,duplicada,unicidad_clave_idempotencia
transacciones,200404,duplicada,unicidad_clave_idempotencia
transacciones,200405,duplicada,unicidad_clave_idempotencia
transacciones,200406,duplicada,unicidad_clave_idempotencia
transacciones,200407,duplicada,unicidad_clave_idempotencia
transacciones,200408,duplicada,unicidad_clave_idempotencia
transacciones,200409,duplicada,unicidad_clave_idempotencia
transacciones,200410,duplicada,unicidad_clave_idempotencia
transacciones,200411,duplicada,unicidad_clave_idempotencia
transacciones,200412,duplicada,unicidad_clave_idempotencia
transacciones,200413,duplicada,unicidad_clave_idempotencia
transacciones,200414,duplicada,unicidad_clave_idempotencia
transacciones,200415,duplicada,unicidad_clave_idempotencia
transacciones,200416,duplicada,unicidad_clave_idempotencia
transacciones,200417,duplicada,unicidad_clave_idempotencia
transacciones,200418,duplicada,unicidad_clave_idempotencia
transacciones,200419,duplicada,unicidad_clave_idempotencia
transacciones,200420,duplicada,unicidad_clave_idempotencia
transacciones,200421,duplicada,unicidad_clave_idempotencia
transacciones,200422,duplicada,unicidad_clave_idempotencia
transacciones,200423,duplicada,unicidad_clave_idempotencia
transacciones,200424,duplicada,unicidad_clave_idempotencia
transacciones,200425,duplicada,unicidad_clave_idempotencia
transacciones,200426,duplicada,unicidad_clave_idempotencia
transacciones,200427,duplicada,unicidad_clave_idempotencia
transacciones,200428,duplicada,unicidad_clave_idempotencia
transacciones,200429,duplicada,unicidad_clave_idempotencia
transacciones,200430,duplicada,unicidad_clave_idempotencia
transacciones,200431,duplicada,unicidad_clave_idempotencia
transacciones,200432,duplicada,unicidad_clave_idempotencia
transacciones,200433,duplicada,unicidad_clave_idempotencia
transacciones,200434,duplicada,unicidad_clave_idempotencia
transacciones,200435,duplicada,unicidad_clave_idempotencia
transacciones,200436,duplicada,unicidad_clave_idempotencia
transacciones,200437,duplicada,unicidad_clave_idempotencia
transacciones,200438,duplicada,unicidad_clave_idempotencia
transacciones,200439,duplicada,unicidad_clave_idempotencia
transacciones,200440,duplicada,unicidad_clave_idempotencia
transacciones,200441,duplicada,unicidad_clave_idempotencia
transacciones,200442,duplicada,unicidad_clave_idempotencia
transacciones,200443,duplicada,unicidad_clave_idempotencia
transacciones,200444,duplicada,unicidad_clave_idempotencia
transacciones,200445,duplicada,unicidad_clave_idempotencia
transacciones,200446,duplicada,unicidad_clave_idempotencia
transacciones,200447,duplicada,unicidad_clave_idempotencia
transacciones,200448,duplicada,unicidad_clave_idempotencia
transacciones,200449,duplicada,unicidad_clave_idempotencia
transacciones,200450,duplicada,unicidad_clave_idempotencia
transacciones,200451,duplicada,unicidad_clave_idempotencia
transacciones,200452,duplicada,unicidad_clave_idempotencia
transacciones,200453,duplicada,unicidad_clave_idempotencia
transacciones,200454,duplicada,unicidad_clave_idempotencia
transacciones,200455,duplicada,unicidad_clave_idempotencia
transacciones,200456,duplicada,unicidad_clave_idempotencia
transacciones,200457,duplicada,unicidad_clave_idempotencia
transacciones,200458,duplicada,unicidad_clave_idempotencia
transacciones,200459,duplicada,unicidad_clave_idempotencia
transacciones,200460,duplicada,unicidad_clave_idempotencia
transacciones,200461,duplicada,unicidad_clave_idempotencia
transacciones,200462,duplicada,unicidad_clave_idempotencia
transacciones,200463,duplicada,unicidad_clave_idempotencia
transacciones,200464,duplicada,unicidad_clave_idempotencia
transacciones,200465,duplicada,unicidad_clave_idempotencia
transacciones,200466,duplicada,unicidad_clave_idempotencia
transacciones,200467,duplicada,unicidad_clave_idempotencia
transacciones,200468,duplicada,unicidad_clave_idempotencia
transacciones,200469,duplicada,unicidad_clave_idempotencia
transacciones,200470,duplicada,unicidad_clave_idempotencia
transacciones,200471,duplicada,unicidad_clave_idempotencia
transacciones,200472,duplicada,unicidad_clave_idempotencia
transacciones,200473,duplicada,unicidad_clave_idempotencia
transacciones,200474,duplicada,unicidad_clave_idempotencia
transacciones,200475,duplicada,unicidad_clave_idempotencia
transacciones,200476,duplicada,unicidad_clave_idempotencia
transacciones,200477,duplicada,unicidad_clave_idempotencia
transacciones,200478,duplicada,unicidad_clave_idempotencia
transacciones,200479,duplicada,unicidad_clave_idempotencia
transacciones,200480,duplicada,unicidad_clave_idempotencia
transacciones,200481,duplicada,unicidad_clave_idempotencia
transacciones,200482,duplicada,unicidad_clave_idempotencia
transacciones,200483,duplicada,unicidad_clave_idempotencia
transacciones,200484,duplicada,unicidad_clave_idempotencia
transacciones,200485,duplicada,unicidad_clave_idempotencia
transacciones,200486,duplicada,unicidad_clave_idempotencia
transacciones,200487,duplicada,unicidad_clave_idempotencia
transacciones,200488,duplicada,unicidad_clave_idempotencia
transacciones,200489,duplicada,unicidad_clave_idempotencia
transacciones,200490,duplicada,unicidad_clave_idempotencia
transacciones,200491,duplicada,unicidad_clave_idempotencia
transacciones,200492,duplicada,unicidad_clave_idempotencia
transacciones,200493,duplicada,unicidad_clave_idempotencia
transacciones,200494,duplicada,unicidad_clave_idempotencia
transacciones,200495,duplicada,unicidad_clave_idempotencia
transacciones,200496,duplicada,unicidad_clave_idempotencia
transacciones,200497,duplicada,unicidad_clave_idempotencia
transacciones,200498,duplicada,unicidad_clave_idempotencia
transacciones,200499,duplicada,unicidad_clave_idempotencia
transacciones,200500,duplicada,unicidad_clave_idempotencia
transacciones,200501,duplicada,unicidad_clave_idempotencia
transacciones,200502,duplicada,unicidad_clave_idempotencia
transacciones,200503,duplicada,unicidad_clave_idempotencia
transacciones,200504,duplicada,unicidad_clave_idempotencia
transacciones,200505,duplicada,unicidad_clave_idempotencia
transacciones,200506,duplicada,unicidad_clave_idempotencia
transacciones,200507,duplicada,unicidad_clave_idempotencia
transacciones,200508,duplicada,unicidad_clave_idempotencia
transacciones,200509,duplicada,unicidad_clave_idempotencia
transacciones,200510,duplicada,unicidad_clave_idempotencia
transacciones,200511,duplicada,unicidad_clave_idempotencia
transacciones,200512,duplicada,unicidad_clave_idempotencia
transacciones,200513,duplicada,unicidad_clave_idempotencia
transacciones,200514,duplicada,unicidad_clave_idempotencia
transacciones,200515,duplicada,unicidad_clave_idempotencia
transacciones,200516,duplicada,unicidad_clave_idempotencia
transacciones,200517,duplicada,unicidad_clave_idempotencia
transacciones,200518,duplicada,unicidad_clave_idempotencia
transacciones,200519,duplicada,unicidad_clave_idempotencia
transacciones,200520,duplicada,unicidad_clave_idempotencia
transacciones,200521,duplicada,unicidad_clave_idempotencia
transacciones,200522,duplicada,unicidad_clave_idempotencia
transacciones,200523,duplicada,unicidad_clave_idempotencia
transacciones,200524,duplicada,unicidad_clave_idempotencia
transacciones,200525,duplicada,unicidad_clave_idempotencia
transacciones,200526,duplicada,unicidad_clave_idempotencia
transacciones,200527,duplicada,unicidad_clave_idempotencia
transacciones,200528,duplicada,unicidad_clave_idempotencia
transacciones,200529,duplicada,unicidad_clave_idempotencia
transacciones,200530,duplicada,unicidad_clave_idempotencia
transacciones,200531,duplicada,unicidad_clave_idempotencia
transacciones,200532,duplicada,unicidad_clave_idempotencia
transacciones,200533,duplicada,unicidad_clave_idempotencia
transacciones,200534,duplicada,unicidad_clave_idempotencia
transacciones,200535,duplicada,unicidad_clave_idempotencia
transacciones,200536,duplicada,unicidad_clave_idempotencia
transacciones,200537,duplicada,unicidad_clave_idempotencia
transacciones,200538,duplicada,unicidad_clave_idempotencia
transacciones,200539,duplicada,unicidad_clave_idempotencia
transacciones,200540,duplicada,unicidad_clave_idempotencia
transacciones,200541,duplicada,unicidad_clave_idempotencia
transacciones,200542,duplicada,unicidad_clave_idempotencia
transacciones,200543,duplicada,unicidad_clave_idempotencia
transacciones,200544,duplicada,unicidad_clave_idempotencia
transacciones,200545,duplicada,unicidad_clave_idempotencia
transacciones,200546,duplicada,unicidad_clave_idempotencia
transacciones,200547,duplicada,unicidad_clave_idempotencia
transacciones,200548,duplicada,unicidad_clave_idempotencia
transacciones,200549,duplicada,unicidad_clave_idempotencia
transacciones,200550,duplicada,unicidad_clave_idempotencia
transacciones,200551,duplicada,unicidad_clave_idempotencia
transacciones,200552,duplicada,unicidad_clave_idempotencia
transacciones,200553,duplicada,unicidad_clave_idempotencia
transacciones,200554,duplicada,unicidad_clave_idempotencia
transacciones,200555,duplicada,unicidad_clave_idempotencia
transacciones,200556,duplicada,unicidad_clave_idempotencia
transacciones,200557,duplicada,unicidad_clave_idempotencia
transacciones,200558,duplicada,unicidad_clave_idempotencia
transacciones,200559,duplicada,unicidad_clave_idempotencia
transacciones,200560,duplicada,unicidad_clave_idempotencia
transacciones,200561,duplicada,unicidad_clave_idempotencia
transacciones,200562,duplicada,unicidad_clave_idempotencia
transacciones,200563,duplicada,unicidad_clave_idempotencia
transacciones,200564,duplicada,unicidad_clave_idempotencia
transacciones,200565,duplicada,unicidad_clave_idempotencia
transacciones,200566,duplicada,unicidad_clave_idempotencia
transacciones,200567,duplicada,unicidad_clave_idempotencia
transacciones,200568,duplicada,unicidad_clave_idempotencia
transacciones,200569,duplicada,unicidad_clave_idempotencia
transacciones,200570,duplicada,unicidad_clave_idempotencia
transacciones,200571,duplicada,unicidad_clave_idempotencia
transacciones,200572,duplicada,unicidad_clave_idempotencia
transacciones,200573,duplicada,unicidad_clave_idempotencia
transacciones,200574,duplicada,unicidad_clave_idempotencia
transacciones,200575,duplicada,unicidad_clave_idempotencia
transacciones,200576,duplicada,unicidad_clave_idempotencia
transacciones,200577,duplicada,unicidad_clave_idempotencia
transacciones,200578,duplicada,unicidad_clave_idempotencia
transacciones,200579,duplicada,unicidad_clave_idempotencia
transacciones,200580,duplicada,unicidad_clave_idempotencia
transacciones,200581,duplicada,unicidad_clave_idempotencia
transacciones,200582,duplicada,unicidad_clave_idempotencia
transacciones,200583,duplicada,unicidad_clave_idempotencia
transacciones,200584,duplicada,unicidad_clave_idempotencia
transacciones,200585,duplicada,unicidad_clave_idempotencia
transacciones,200586,duplicada,unicidad_clave_idempotencia
transacciones,200587,duplicada,unicidad_clave_idempotencia
transacciones,200588,duplicada,unicidad_clave_idempotencia
transacciones,200589,duplicada,unicidad_clave_idempotencia
transacciones,200590,duplicada,unicidad_clave_idempotencia
transacciones,200591,duplicada,unicidad_clave_idempotencia
transacciones,200592,duplicada,unicidad_clave_idempotencia
transacciones,200593,duplicada,unicidad_clave_idempotencia
transacciones,200594,duplicada,unicidad_clave_idempotencia
transacciones,200595,duplicada,unicidad_clave_idempotencia
transacciones,200596,duplicada,unicidad_clave_idempotencia
transacciones,200597,duplicada,unicidad_clave_idempotencia
transacciones,200598,duplicada,unicidad_clave_idempotencia
transacciones,200599,duplicada,unicidad_clave_idempotencia
transacciones,200600,duplicada,unicidad_clave_idempotencia
transacciones,200601,duplicada,unicidad_clave_idempotencia
transacciones,200602,duplicada,unicidad_clave_idempotencia
transacciones,200603,duplicada,unicidad_clave_idempotencia
transacciones,200604,duplicada,unicidad_clave_idempotencia
transacciones,200605,duplicada,unicidad_clave_idempotencia
transacciones,200606,duplicada,unicidad_clave_idempotencia
transacciones,200607,duplicada,unicidad_clave_idempotencia
transacciones,200608,duplicada,unicidad_clave_idempotencia
transacciones,200609,duplicada,unicidad_clave_idempotencia
transacciones,200610,duplicada,unicidad_clave_idempotencia
transacciones,200611,duplicada,unicidad_clave_idempotencia
transacciones,200612,duplicada,unicidad_clave_idempotencia
transacciones,200613,duplicada,unicidad_clave_idempotencia
transacciones,200614,duplicada,unicidad_clave_idempotencia
transacciones,200615,duplicada,unicidad_clave_idempotencia
transacciones,200616,duplicada,unicidad_clave_idempotencia
transacciones,200617,duplicada,unicidad_clave_idempotencia
transacciones,200618,duplicada,unicidad_clave_idempotencia
transacciones,200619,duplicada,unicidad_clave_idempotencia
transacciones,200620,duplicada,unicidad_clave_idempotencia
transacciones,200621,duplicada,unicidad_clave_idempotencia
transacciones,200622,duplicada,unicidad_clave_idempotencia
transacciones,200623,duplicada,unicidad_clave_idempotencia
transacciones,200624,duplicada,unicidad_clave_idempotencia
transacciones,200625,duplicada,unicidad_clave_idempotencia
transacciones,200626,duplicada,unicidad_clave_idempotencia
transacciones,200627,duplicada,unicidad_clave_idempotencia
transacciones,200628,duplicada,unicidad_clave_idempotencia
transacciones,200629,duplicada,unicidad_clave_idempotencia
transacciones,200630,duplicada,unicidad_clave_idempotencia
transacciones,200631,duplicada,unicidad_clave_idempotencia
transacciones,200632,duplicada,unicidad_clave_idempotencia
transacciones,200633,duplicada,unicidad_clave_idempotencia
transacciones,200634,duplicada,unicidad_clave_idempotencia
transacciones,200635,duplicada,unicidad_clave_idempotencia
transacciones,200636,duplicada,unicidad_clave_idempotencia
transacciones,200637,duplicada,unicidad_clave_idempotencia
transacciones,200638,duplicada,unicidad_clave_idempotencia
transacciones,200639,duplicada,unicidad_clave_idempotencia
transacciones,200640,duplicada,unicidad_clave_idempotencia
transacciones,200641,duplicada,unicidad_clave_idempotencia
transacciones,200642,duplicada,unicidad_clave_idempotencia
transacciones,200643,duplicada,unicidad_clave_idempotencia
transacciones,200644,duplicada,unicidad_clave_idempotencia
transacciones,200645,duplicada,unicidad_clave_idempotencia
transacciones,200646,duplicada,unicidad_clave_idempotencia
transacciones,200647,duplicada,unicidad_clave_idempotencia
transacciones,200648,duplicada,unicidad_clave_idempotencia
transacciones,200649,duplicada,unicidad_clave_idempotencia
transacciones,200650,duplicada,unicidad_clave_idempotencia
transacciones,200651,duplicada,unicidad_clave_idempotencia
transacciones,200652,duplicada,unicidad_clave_idempotencia
transacciones,200653,duplicada,unicidad_clave_idempotencia
transacciones,200654,duplicada,unicidad_clave_idempotencia
transacciones,200655,duplicada,unicidad_clave_idempotencia
transacciones,200656,duplicada,unicidad_clave_idempotencia
transacciones,200657,duplicada,unicidad_clave_idempotencia
transacciones,200658,duplicada,unicidad_clave_idempotencia
transacciones,200659,duplicada,unicidad_clave_idempotencia
transacciones,200660,duplicada,unicidad_clave_idempotencia
transacciones,200661,duplicada,unicidad_clave_idempotencia
transacciones,200662,duplicada,unicidad_clave_idempotencia
transacciones,200663,duplicada,unicidad_clave_idempotencia
transacciones,200664,duplicada,unicidad_clave_idempotencia
transacciones,200665,duplicada,unicidad_clave_idempotencia
transacciones,200666,duplicada,unicidad_clave_idempotencia
transacciones,200667,duplicada,unicidad_clave_idempotencia
transacciones,200668,duplicada,unicidad_clave_idempotencia
transacciones,200669,duplicada,unicidad_clave_idempotencia
transacciones,200670,duplicada,unicidad_clave_idempotencia
transacciones,200671,duplicada,unicidad_clave_idempotencia
transacciones,200672,duplicada,unicidad_clave_idempotencia
transacciones,200673,duplicada,unicidad_clave_idempotencia
transacciones,200674,duplicada,unicidad_clave_idempotencia
transacciones,200675,duplicada,unicidad_clave_idempotencia
transacciones,200676,duplicada,unicidad_clave_idempotencia
transacciones,200677,duplicada,unicidad_clave_idempotencia
transacciones,200678,duplicada,unicidad_clave_idempotencia
transacciones,200679,duplicada,unicidad_clave_idempotencia
transacciones,200680,duplicada,unicidad_clave_idempotencia
transacciones,200681,duplicada,unicidad_clave_idempotencia
transacciones,200682,duplicada,unicidad_clave_idempotencia
transacciones,200683,duplicada,unicidad_clave_idempotencia
transacciones,200684,duplicada,unicidad_clave_idempotencia
transacciones,200685,duplicada,unicidad_clave_idempotencia
transacciones,200686,duplicada,unicidad_clave_idempotencia
transacciones,200687,duplicada,unicidad_clave_idempotencia
transacciones,200688,duplicada,unicidad_clave_idempotencia
transacciones,200689,duplicada,unicidad_clave_idempotencia
transacciones,200690,duplicada,unicidad_clave_idempotencia
transacciones,200691,duplicada,unicidad_clave_idempotencia
transacciones,200692,duplicada,unicidad_clave_idempotencia
transacciones,200693,duplicada,unicidad_clave_idempotencia
transacciones,200694,duplicada,unicidad_clave_idempotencia
transacciones,200695,duplicada,unicidad_clave_idempotencia
transacciones,200696,duplicada,unicidad_clave_idempotencia
transacciones,20073,fecha_futura,fecha_no_futura
transacciones,20110,fecha_futura,fecha_no_futura
transacciones,20278,nulo_cuenta,nulos_no_permitidos
transacciones,20305,fecha_futura,fecha_no_futura
transacciones,20375,fecha_futura,fecha_no_futura
transacciones,20451,origen_inexistente,integridad_referencial_halt
transacciones,20452,moneda_invalida,catalogo_monedas
transacciones,20460,origen_inexistente,integridad_referencial_halt
transacciones,20499,nulo_fecha,nulos_no_permitidos
transacciones,20561,monto_no_positivo,rango_monto
transacciones,20588,fecha_futura,fecha_no_futura
transacciones,20656,origen_inexistente,integridad_referencial_halt
transacciones,20658,fecha_futura,fecha_no_futura
transacciones,20740,fecha_futura,fecha_no_futura
transacciones,20763,nulo_fecha,nulos_no_permitidos
transacciones,20826,nulo_fecha,nulos_no_permitidos
transacciones,20847,origen_inexistente,integridad_referencial_halt
transacciones,20925,monto_no_positivo,rango_monto
transacciones,21030,fecha_futura,fecha_no_futura
transacciones,21193,fecha_futura,fecha_no_futura
transacciones,212,fecha_futura,fecha_no_futura
transacciones,21303,origen_inexistente,integridad_referencial_halt
transacciones,21343,fecha_futura,fecha_no_futura
transacciones,21348,fecha_futura,fecha_no_futura
transacciones,21366,nulo_cuenta,nulos_no_permitidos
transacciones,21373,origen_inexistente,integridad_referencial_halt
transacciones,21383,monto_no_positivo,rango_monto
transacciones,21422,fecha_futura,fecha_no_futura
transacciones,21473,fecha_futura,fecha_no_futura
transacciones,21482,nulo_fecha,nulos_no_permitidos
transacciones,21509,origen_inexistente,integridad_referencial_halt
transacciones,21617,monto_no_positivo,rango_monto
transacciones,21630,origen_inexistente,integridad_referencial_halt
transacciones,21640,fecha_futura,fecha_no_futura
transacciones,21680,origen_inexistente,integridad_referencial_halt
transacciones,21753,fecha_futura,fecha_no_futura
transacciones,21950,monto_no_positivo,rango_monto
transacciones,22042,nulo_monto,nulos_no_permitidos
transacciones,22072,monto_no_positivo,rango_monto
transacciones,22090,moneda_invalida,catalogo_monedas
transacciones,22091,fecha_futura,fecha_no_futura
transacciones,22182,fecha_futura,fecha_no_futura
transacciones,22183,fecha_futura,fecha_no_futura
transacciones,22209,moneda_invalida,catalogo_monedas
transacciones,22306,origen_inexistente,integridad_referencial_halt
transacciones,22329,monto_no_positivo,rango_monto
transacciones,22390,origen_inexistente,integridad_referencial_halt
transacciones,22503,moneda_invalida,catalogo_monedas
transacciones,22575,fecha_futura,fecha_no_futura
transacciones,22590,fecha_futura,fecha_no_futura
transacciones,22642,origen_inexistente,integridad_referencial_halt
transacciones,2266,fecha_futura,fecha_no_futura
transacciones,22703,fecha_futura,fecha_no_futura
transacciones,22842,fecha_futura,fecha_no_futura
transacciones,22859,fecha_futura,fecha_no_futura
transacciones,22905,fecha_futura,fecha_no_futura
transacciones,22944,origen_inexistente,integridad_referencial_halt
transacciones,22951,fecha_futura,fecha_no_futura
transacciones,22999,monto_no_positivo,rango_monto
transacciones,23064,origen_inexistente,integridad_referencial_halt
transacciones,23254,moneda_invalida,catalogo_monedas
transacciones,23270,fecha_futura,fecha_no_futura
transacciones,23426,fecha_futura,fecha_no_futura
transacciones,23440,origen_inexistente,integridad_referencial_halt
transacciones,23453,fecha_futura,fecha_no_futura
transacciones,23542,fecha_futura,fecha_no_futura
transacciones,2360,fecha_futura,fecha_no_futura
transacciones,23639,fecha_futura,fecha_no_futura
transacciones,2365,fecha_futura,fecha_no_futura
transacciones,2371,nulo_fecha,nulos_no_permitidos
transacciones,23710,fecha_futura,fecha_no_futura
transacciones,23798,monto_no_positivo,rango_monto
transacciones,23850,nulo_fecha,nulos_no_permitidos
transacciones,24004,origen_inexistente,integridad_referencial_halt
transacciones,2406,fecha_futura,fecha_no_futura
transacciones,24068,origen_inexistente,integridad_referencial_halt
transacciones,2409,monto_no_positivo,rango_monto
transacciones,24120,fecha_futura,fecha_no_futura
transacciones,24135,monto_no_positivo,rango_monto
transacciones,24171,origen_inexistente,integridad_referencial_halt
transacciones,2430,fecha_futura,fecha_no_futura
transacciones,24412,monto_no_positivo,rango_monto
transacciones,24428,monto_no_positivo,rango_monto
transacciones,24459,fecha_futura,fecha_no_futura
transacciones,24472,nulo_fecha,nulos_no_permitidos
transacciones,24477,monto_no_positivo,rango_monto
transacciones,24517,fecha_futura,fecha_no_futura
transacciones,24595,moneda_invalida,catalogo_monedas
transacciones,24643,monto_no_positivo,rango_monto
transacciones,24681,origen_inexistente,integridad_referencial_halt
transacciones,24710,nulo_monto,nulos_no_permitidos
transacciones,24731,fecha_futura,fecha_no_futura
transacciones,24808,monto_no_positivo,rango_monto
transacciones,24925,moneda_invalida,catalogo_monedas
transacciones,24944,moneda_invalida,catalogo_monedas
transacciones,24964,moneda_invalida,catalogo_monedas
transacciones,25064,monto_no_positivo,rango_monto
transacciones,25120,fecha_futura,fecha_no_futura
transacciones,25244,monto_no_positivo,rango_monto
transacciones,25265,nulo_fecha,nulos_no_permitidos
transacciones,25277,fecha_futura,fecha_no_futura
transacciones,25465,nulo_monto,nulos_no_permitidos
transacciones,25540,fecha_futura,fecha_no_futura
transacciones,25544,moneda_invalida,catalogo_monedas
transacciones,25590,moneda_invalida,catalogo_monedas
transacciones,25604,nulo_fecha,nulos_no_permitidos
transacciones,25666,nulo_fecha,nulos_no_permitidos
transacciones,25726,origen_inexistente,integridad_referencial_halt
transacciones,25740,moneda_invalida,catalogo_monedas
transacciones,25759,nulo_monto,nulos_no_permitidos
transacciones,25797,monto_no_positivo,rango_monto
transacciones,25874,fecha_futura,fecha_no_futura
transacciones,25926,fecha_futura,fecha_no_futura
transacciones,2601,monto_no_positivo,rango_monto
transacciones,26033,nulo_fecha,nulos_no_permitidos
transacciones,26045,monto_no_positivo,rango_monto
transacciones,26079,fecha_futura,fecha_no_futura
transacciones,26104,nulo_cuenta,nulos_no_permitidos
transacciones,26136,nulo_monto,nulos_no_permitidos
transacciones,26159,fecha_futura,fecha_no_futura
transacciones,26177,fecha_futura,fecha_no_futura
transacciones,26210,origen_inexistente,integridad_referencial_halt
transacciones,26375,monto_no_positivo,rango_monto
transacciones,26689,fecha_futura,fecha_no_futura
transacciones,2671,origen_inexistente,integridad_referencial_halt
transacciones,26851,fecha_futura,fecha_no_futura
transacciones,26900,fecha_futura,fecha_no_futura
transacciones,26924,origen_inexistente,integridad_referencial_halt
transacciones,2695,nulo_monto,nulos_no_permitidos
transacciones,26952,moneda_invalida,catalogo_monedas
transacciones,26968,moneda_invalida,catalogo_monedas
transacciones,26976,monto_no_positivo,rango_monto
transacciones,26992,moneda_invalida,catalogo_monedas
transacciones,27001,nulo_monto,nulos_no_permitidos
transacciones,27006,origen_inexistente,integridad_referencial_halt
transacciones,27070,monto_no_positivo,rango_monto
transacciones,27158,fecha_futura,fecha_no_futura
transacciones,2718,nulo_cuenta,nulos_no_permitidos
transacciones,27180,origen_inexistente,integridad_referencial_halt
transacciones,27184,origen_inexistente,integridad_referencial_halt
transacciones,27377,nulo_cuenta,nulos_no_permitidos
transacciones,27414,nulo_fecha,nulos_no_permitidos
transacciones,27448,fecha_futura,fecha_no_futura
transacciones,27498,fecha_futura,fecha_no_futura
transacciones,27501,moneda_invalida,catalogo_monedas
transacciones,27573,origen_inexistente,integridad_referencial_halt
transacciones,27637,fecha_futura,fecha_no_futura
transacciones,2766,fecha_futura,fecha_no_futura
transacciones,27683,fecha_futura,fecha_no_futura
transacciones,27713,fecha_futura,fecha_no_futura
transacciones,27760,origen_inexistente,integridad_referencial_halt
transacciones,27824,monto_no_positivo,rango_monto
transacciones,27914,nulo_fecha,nulos_no_permitidos
transacciones,27925,origen_inexistente,integridad_referencial_halt
transacciones,2793,origen_inexistente,integridad_referencial_halt
transacciones,27980,origen_inexistente,integridad_referencial_halt
transacciones,27995,fecha_futura,fecha_no_futura
transacciones,28034,nulo_cuenta,nulos_no_permitidos
transacciones,28084,fecha_futura,fecha_no_futura
transacciones,28176,moneda_invalida,catalogo_monedas
transacciones,28184,moneda_invalida,catalogo_monedas
transacciones,2832,monto_no_positivo,rango_monto
transacciones,2835,monto_no_positivo,rango_monto
transacciones,28381,nulo_cuenta,nulos_no_permitidos
transacciones,28451,fecha_futura,fecha_no_futura
transacciones,28544,origen_inexistente,integridad_referencial_halt
transacciones,28631,fecha_futura,fecha_no_futura
transacciones,28691,moneda_invalida,catalogo_monedas
transacciones,2878,moneda_invalida,catalogo_monedas
transacciones,28855,moneda_invalida,catalogo_monedas
transacciones,29027,nulo_monto,nulos_no_permitidos
transacciones,29100,fecha_futura,fecha_no_futura
transacciones,2911,fecha_futura,fecha_no_futura
transacciones,29122,nulo_fecha,nulos_no_permitidos
transacciones,29173,fecha_futura,fecha_no_futura
transacciones,2923,moneda_invalida,catalogo_monedas
transacciones,29264,fecha_futura,fecha_no_futura
transacciones,29323,origen_inexistente,integridad_referencial_halt
transacciones,29349,monto_no_positivo,rango_monto
transacciones,29366,monto_no_positivo,rango_monto
transacciones,29370,origen_inexistente,integridad_referencial_halt
transacciones,29463,nulo_monto,nulos_no_permitidos
transacciones,29521,origen_inexistente,integridad_referencial_halt
transacciones,29556,nulo_fecha,nulos_no_permitidos
transacciones,29599,origen_inexistente,integridad_referencial_halt
transacciones,29695,moneda_invalida,catalogo_monedas
transacciones,29721,monto_no_positivo,rango_monto
transacciones,29739,nulo_monto,nulos_no_permitidos
transacciones,29746,origen_inexistente,integridad_referencial_halt
transacciones,29756,monto_no_positivo,rango_monto
transacciones,29763,monto_no_positivo,rango_monto
transacciones,29822,origen_inexistente,integridad_referencial_halt
transacciones,30027,origen_inexistente,integridad_referencial_halt
transacciones,30120,fecha_futura,fecha_no_futura
transacciones,30147,nulo_cuenta,nulos_no_permitidos
transacciones,30151,fecha_futura,fecha_no_futura
transacciones,3018,monto_no_positivo,rango_monto
transacciones,30239,fecha_futura,fecha_no_futura
transacciones,30268,monto_no_positivo,rango_monto
transacciones,30317,fecha_futura,fecha_no_futura
transacciones,30318,fecha_futura,fecha_no_futura
transacciones,3033,fecha_futura,fecha_no_futura
transacciones,30415,nulo_cuenta,nulos_no_permitidos
transacciones,3042,monto_no_positivo,rango_monto
transacciones,3045,fecha_futura,fecha_no_futura
transacciones,30560,moneda_invalida,catalogo_monedas
transacciones,30578,moneda_invalida,catalogo_monedas
transacciones,30596,fecha_futura,fecha_no_futura
transacciones,30635,origen_inexistente,integridad_referencial_halt
transacciones,30708,moneda_invalida,catalogo_monedas
transacciones,30727,nulo_fecha,nulos_no_permitidos
transacciones,30791,monto_no_positivo,rango_monto
transacciones,30835,nulo_monto,nulos_no_permitidos
transacciones,30882,origen_inexistente,integridad_referencial_halt
transacciones,30928,fecha_futura,fecha_no_futura
transacciones,30976,fecha_futura,fecha_no_futura
transacciones,31013,nulo_cuenta,nulos_no_permitidos
transacciones,31148,moneda_invalida,catalogo_monedas
transacciones,31179,fecha_futura,fecha_no_futura
transacciones,3124,monto_no_positivo,rango_monto
transacciones,31258,nulo_cuenta,nulos_no_permitidos
transacciones,31299,monto_no_positivo,rango_monto
transacciones,31350,fecha_futura,fecha_no_futura
transacciones,31360,fecha_futura,fecha_no_futura
transacciones,31370,fecha_futura,fecha_no_futura
transacciones,31395,moneda_invalida,catalogo_monedas
transacciones,31451,nulo_fecha,nulos_no_permitidos
transacciones,31478,fecha_futura,fecha_no_futura
transacciones,31597,moneda_invalida,catalogo_monedas
transacciones,31639,nulo_monto,nulos_no_permitidos
transacciones,31695,moneda_invalida,catalogo_monedas
transacciones,31778,moneda_invalida,catalogo_monedas
transacciones,31852,nulo_monto,nulos_no_permitidos
transacciones,31884,moneda_invalida,catalogo_monedas
transacciones,31926,fecha_futura,fecha_no_futura
transacciones,32000,fecha_futura,fecha_no_futura
transacciones,32028,fecha_futura,fecha_no_futura
transacciones,32185,moneda_invalida,catalogo_monedas
transacciones,32246,nulo_cuenta,nulos_no_permitidos
transacciones,32254,origen_inexistente,integridad_referencial_halt
transacciones,32265,fecha_futura,fecha_no_futura
transacciones,32314,monto_no_positivo,rango_monto
transacciones,32318,fecha_futura,fecha_no_futura
transacciones,32350,fecha_futura,fecha_no_futura
transacciones,32457,moneda_invalida,catalogo_monedas
transacciones,32494,monto_no_positivo,rango_monto
transacciones,32612,fecha_futura,fecha_no_futura
transacciones,32715,fecha_futura,fecha_no_futura
transacciones,32748,origen_inexistente,integridad_referencial_halt
transacciones,32830,fecha_futura,fecha_no_futura
transacciones,32901,nulo_monto,nulos_no_permitidos
transacciones,32919,fecha_futura,fecha_no_futura
transacciones,32977,nulo_fecha,nulos_no_permitidos
transacciones,33067,moneda_invalida,catalogo_monedas
transacciones,33197,fecha_futura,fecha_no_futura
transacciones,3335,nulo_fecha,nulos_no_permitidos
transacciones,33367,nulo_cuenta,nulos_no_permitidos
transacciones,33378,fecha_futura,fecha_no_futura
transacciones,33522,nulo_cuenta,nulos_no_permitidos
transacciones,33612,fecha_futura,fecha_no_futura
transacciones,3363,moneda_invalida,catalogo_monedas
transacciones,33639,fecha_futura,fecha_no_futura
transacciones,33649,fecha_futura,fecha_no_futura
transacciones,33650,origen_inexistente,integridad_referencial_halt
transacciones,33702,nulo_cuenta,nulos_no_permitidos
transacciones,33714,moneda_invalida,catalogo_monedas
transacciones,33767,fecha_futura,fecha_no_futura
transacciones,33872,origen_inexistente,integridad_referencial_halt
transacciones,33893,nulo_cuenta,nulos_no_permitidos
transacciones,33918,origen_inexistente,integridad_referencial_halt
transacciones,3395,fecha_futura,fecha_no_futura
transacciones,33989,origen_inexistente,integridad_referencial_halt
transacciones,34137,monto_no_positivo,rango_monto
transacciones,34184,moneda_invalida,catalogo_monedas
transacciones,34234,nulo_cuenta,nulos_no_permitidos
transacciones,3432,fecha_futura,fecha_no_futura
transacciones,34358,origen_inexistente,integridad_referencial_halt
transacciones,34419,nulo_cuenta,nulos_no_permitidos
transacciones,34516,origen_inexistente,integridad_referencial_halt
transacciones,3459,fecha_futura,fecha_no_futura
transacciones,34607,fecha_futura,fecha_no_futura
transacciones,34619,fecha_futura,fecha_no_futura
transacciones,34733,nulo_monto,nulos_no_permitidos
transacciones,34824,monto_no_positivo,rango_monto
transacciones,34851,moneda_invalida,catalogo_monedas
transacciones,34870,moneda_invalida,catalogo_monedas
transacciones,34929,monto_no_positivo,rango_monto
transacciones,34971,monto_no_positivo,rango_monto
transacciones,35023,origen_inexistente,integridad_referencial_halt
transacciones,35374,origen_inexistente,integridad_referencial_halt
transacciones,35395,fecha_futura,fecha_no_futura
transacciones,35419,nulo_monto,nulos_no_permitidos
transacciones,35425,fecha_futura,fecha_no_futura
transacciones,35483,fecha_futura,fecha_no_futura
transacciones,3550,fecha_futura,fecha_no_futura
transacciones,35564,monto_no_positivo,rango_monto
transacciones,35581,nulo_monto,nulos_no_permitidos
transacciones,35596,origen_inexistente,integridad_referencial_halt
transacciones,35778,fecha_futura,fecha_no_futura
transacciones,35856,fecha_futura,fecha_no_futura
transacciones,35989,moneda_invalida,catalogo_monedas
transacciones,36038,fecha_futura,fecha_no_futura
transacciones,36110,fecha_futura,fecha_no_futura
transacciones,36162,nulo_cuenta,nulos_no_permitidos
transacciones,36193,moneda_invalida,catalogo_monedas
transacciones,36203,fecha_futura,fecha_no_futura
transacciones,36235,fecha_futura,fecha_no_futura
transacciones,36264,fecha_futura,fecha_no_futura
transacciones,3628,moneda_invalida,catalogo_monedas
transacciones,36322,monto_no_positivo,rango_monto
transacciones,3651,nulo_cuenta,nulos_no_permitidos
transacciones,36527,nulo_fecha,nulos_no_permitidos
transacciones,36613,moneda_invalida,catalogo_monedas
transacciones,36640,monto_no_positivo,rango_monto
transacciones,36641,nulo_fecha,nulos_no_permitidos
transacciones,36682,origen_inexistente,integridad_referencial_halt
transacciones,36685,origen_inexistente,integridad_referencial_halt
transacciones,36703,nulo_monto,nulos_no_permitidos
transacciones,36766,fecha_futura,fecha_no_futura
transacciones,36808,nulo_monto,nulos_no_permitidos
transacciones,36820,origen_inexistente,integridad_referencial_halt
transacciones,36834,monto_no_positivo,rango_monto
transacciones,36840,fecha_futura,fecha_no_futura
transacciones,36983,moneda_invalida,catalogo_monedas
transacciones,37010,fecha_futura,fecha_no_futura
transacciones,37022,origen_inexistente,integridad_referencial_halt
transacciones,37079,fecha_futura,fecha_no_futura
transacciones,3718,fecha_futura,fecha_no_futura
transacciones,37221,monto_no_positivo,rango_monto
transacciones,37284,origen_inexistente,integridad_referencial_halt
transacciones,3731,nulo_fecha,nulos_no_permitidos
transacciones,37311,origen_inexistente,integridad_referencial_halt
transacciones,37504,monto_no_positivo,rango_monto
transacciones,37533,fecha_futura,fecha_no_futura
transacciones,37534,monto_no_positivo,rango_monto
transacciones,37541,monto_no_positivo,rango_monto
transacciones,37583,fecha_futura,fecha_no_futura
transacciones,37586,nulo_fecha,nulos_no_permitidos
transacciones,37588,nulo_monto,nulos_no_permitidos
transacciones,37635,fecha_futura,fecha_no_futura
transacciones,37660,origen_inexistente,integridad_referencial_halt
transacciones,37670,nulo_cuenta,nulos_no_permitidos
transacciones,37804,moneda_invalida,catalogo_monedas
transacciones,37809,monto_no_positivo,rango_monto
transacciones,37910,nulo_cuenta,nulos_no_permitidos
transacciones,37924,origen_inexistente,integridad_referencial_halt
transacciones,38026,nulo_cuenta,nulos_no_permitidos
transacciones,38173,fecha_futura,fecha_no_futura
transacciones,38296,origen_inexistente,integridad_referencial_halt
transacciones,38309,monto_no_positivo,rango_monto
transacciones,38334,moneda_invalida,catalogo_monedas
transacciones,38344,fecha_futura,fecha_no_futura
transacciones,38348,nulo_fecha,nulos_no_permitidos
transacciones,38427,origen_inexistente,integridad_referencial_halt
transacciones,38584,monto_no_positivo,rango_monto
transacciones,38701,fecha_futura,fecha_no_futura
transacciones,38739,monto_no_positivo,rango_monto
transacciones,38751,monto_no_positivo,rango_monto
transacciones,38756,origen_inexistente,integridad_referencial_halt
transacciones,38793,nulo_cuenta,nulos_no_permitidos
transacciones,38797,fecha_futura,fecha_no_futura
transacciones,38833,origen_inexistente,integridad_referencial_halt
transacciones,3886,origen_inexistente,integridad_referencial_halt
transacciones,38916,fecha_futura,fecha_no_futura
transacciones,39001,nulo_monto,nulos_no_permitidos
transacciones,39205,fecha_futura,fecha_no_futura
transacciones,39249,fecha_futura,fecha_no_futura
transacciones,39366,nulo_monto,nulos_no_permitidos
transacciones,39468,nulo_monto,nulos_no_permitidos
transacciones,39544,origen_inexistente,integridad_referencial_halt
transacciones,39672,moneda_invalida,catalogo_monedas
transacciones,39681,origen_inexistente,integridad_referencial_halt
transacciones,39871,fecha_futura,fecha_no_futura
transacciones,39887,nulo_cuenta,nulos_no_permitidos
transacciones,3991,nulo_cuenta,nulos_no_permitidos
transacciones,4,origen_inexistente,integridad_referencial_halt
transacciones,40133,nulo_fecha,nulos_no_permitidos
transacciones,40237,origen_inexistente,integridad_referencial_halt
transacciones,40313,fecha_futura,fecha_no_futura
transacciones,40358,moneda_invalida,catalogo_monedas
transacciones,4038,nulo_fecha,nulos_no_permitidos
transacciones,40512,origen_inexistente,integridad_referencial_halt
transacciones,4055,nulo_fecha,nulos_no_permitidos
transacciones,4057,fecha_futura,fecha_no_futura
transacciones,40572,fecha_futura,fecha_no_futura
transacciones,4059,origen_inexistente,integridad_referencial_halt
transacciones,40618,fecha_futura,fecha_no_futura
transacciones,40706,origen_inexistente,integridad_referencial_halt
transacciones,40838,nulo_monto,nulos_no_permitidos
transacciones,4089,nulo_cuenta,nulos_no_permitidos
transacciones,41005,monto_no_positivo,rango_monto
transacciones,41058,origen_inexistente,integridad_referencial_halt
transacciones,41069,monto_no_positivo,rango_monto
transacciones,41082,moneda_invalida,catalogo_monedas
transacciones,41127,fecha_futura,fecha_no_futura
transacciones,41141,monto_no_positivo,rango_monto
transacciones,41178,nulo_monto,nulos_no_permitidos
transacciones,4128,origen_inexistente,integridad_referencial_halt
transacciones,41288,origen_inexistente,integridad_referencial_halt
transacciones,41304,fecha_futura,fecha_no_futura
transacciones,41319,fecha_futura,fecha_no_futura
transacciones,41357,nulo_cuenta,nulos_no_permitidos
transacciones,41410,moneda_invalida,catalogo_monedas
transacciones,41612,fecha_futura,fecha_no_futura
transacciones,41639,fecha_futura,fecha_no_futura
transacciones,4166,nulo_fecha,nulos_no_permitidos
transacciones,41664,moneda_invalida,catalogo_monedas
transacciones,41758,moneda_invalida,catalogo_monedas
transacciones,41771,origen_inexistente,integridad_referencial_halt
transacciones,4184,fecha_futura,fecha_no_futura
transacciones,41867,nulo_monto,nulos_no_permitidos
transacciones,41959,origen_inexistente,integridad_referencial_halt
transacciones,42003,origen_inexistente,integridad_referencial_halt
transacciones,42018,monto_no_positivo,rango_monto
transacciones,42051,monto_no_positivo,rango_monto
transacciones,42109,fecha_futura,fecha_no_futura
transacciones,42308,fecha_futura,fecha_no_futura
transacciones,42444,fecha_futura,fecha_no_futura
transacciones,42465,fecha_futura,fecha_no_futura
transacciones,42523,fecha_futura,fecha_no_futura
transacciones,42538,origen_inexistente,integridad_referencial_halt
transacciones,4259,nulo_monto,nulos_no_permitidos
transacciones,42700,moneda_invalida,catalogo_monedas
transacciones,42734,fecha_futura,fecha_no_futura
transacciones,42788,monto_no_positivo,rango_monto
transacciones,42919,fecha_futura,fecha_no_futura
transacciones,42951,monto_no_positivo,rango_monto
transacciones,43167,nulo_cuenta,nulos_no_permitidos
transacciones,43174,fecha_futura,fecha_no_futura
transacciones,43180,fecha_futura,fecha_no_futura
transacciones,43200,nulo_fecha,nulos_no_permitidos
transacciones,43308,nulo_cuenta,nulos_no_permitidos
transacciones,43311,nulo_fecha,nulos_no_permitidos
transacciones,4336,moneda_invalida,catalogo_monedas
transacciones,43367,nulo_monto,nulos_no_permitidos
transacciones,43482,fecha_futura,fecha_no_futura
transacciones,43501,monto_no_positivo,rango_monto
transacciones,43515,nulo_monto,nulos_no_permitidos
transacciones,43557,fecha_futura,fecha_no_futura
transacciones,43569,moneda_invalida,catalogo_monedas
transacciones,43618,fecha_futura,fecha_no_futura
transacciones,43653,origen_inexistente,integridad_referencial_halt
transacciones,43690,nulo_fecha,nulos_no_permitidos
transacciones,43753,nulo_cuenta,nulos_no_permitidos
transacciones,43901,monto_no_positivo,rango_monto
transacciones,43923,monto_no_positivo,rango_monto
transacciones,43997,fecha_futura,fecha_no_futura
transacciones,44043,nulo_fecha,nulos_no_permitidos
transacciones,44045,moneda_invalida,catalogo_monedas
transacciones,44205,monto_no_positivo,rango_monto
transacciones,44223,fecha_futura,fecha_no_futura
transacciones,44249,moneda_invalida,catalogo_monedas
transacciones,44250,monto_no_positivo,rango_monto
transacciones,44253,moneda_invalida,catalogo_monedas
transacciones,44307,monto_no_positivo,rango_monto
transacciones,44315,nulo_monto,nulos_no_permitidos
transacciones,44354,moneda_invalida,catalogo_monedas
transacciones,44397,origen_inexistente,integridad_referencial_halt
transacciones,44430,nulo_monto,nulos_no_permitidos
transacciones,44570,origen_inexistente,integridad_referencial_halt
transacciones,44575,fecha_futura,fecha_no_futura
transacciones,44589,fecha_futura,fecha_no_futura
transacciones,44596,nulo_cuenta,nulos_no_permitidos
transacciones,44641,monto_no_positivo,rango_monto
transacciones,44685,origen_inexistente,integridad_referencial_halt
transacciones,44711,fecha_futura,fecha_no_futura
transacciones,44866,nulo_fecha,nulos_no_permitidos
transacciones,44918,nulo_cuenta,nulos_no_permitidos
transacciones,44939,fecha_futura,fecha_no_futura
transacciones,44973,monto_no_positivo,rango_monto
transacciones,45126,moneda_invalida,catalogo_monedas
transacciones,45290,fecha_futura,fecha_no_futura
transacciones,45353,nulo_cuenta,nulos_no_permitidos
transacciones,45460,fecha_futura,fecha_no_futura
transacciones,45500,moneda_invalida,catalogo_monedas
transacciones,45655,nulo_monto,nulos_no_permitidos
transacciones,45720,fecha_futura,fecha_no_futura
transacciones,45807,nulo_monto,nulos_no_permitidos
transacciones,45810,moneda_invalida,catalogo_monedas
transacciones,45830,origen_inexistente,integridad_referencial_halt
transacciones,45913,fecha_futura,fecha_no_futura
transacciones,46033,fecha_futura,fecha_no_futura
transacciones,46052,nulo_fecha,nulos_no_permitidos
transacciones,46091,monto_no_positivo,rango_monto
transacciones,46114,origen_inexistente,integridad_referencial_halt
transacciones,46130,nulo_cuenta,nulos_no_permitidos
transacciones,46187,moneda_invalida,catalogo_monedas
transacciones,46310,monto_no_positivo,rango_monto
transacciones,4635,moneda_invalida,catalogo_monedas
transacciones,46388,origen_inexistente,integridad_referencial_halt
transacciones,46444,fecha_futura,fecha_no_futura
transacciones,46483,moneda_invalida,catalogo_monedas
transacciones,46521,nulo_fecha,nulos_no_permitidos
transacciones,46545,monto_no_positivo,rango_monto
transacciones,46612,fecha_futura,fecha_no_futura
transacciones,46630,nulo_monto,nulos_no_permitidos
transacciones,4668,nulo_monto,nulos_no_permitidos
transacciones,46764,monto_no_positivo,rango_monto
transacciones,46817,moneda_invalida,catalogo_monedas
transacciones,46911,origen_inexistente,integridad_referencial_halt
transacciones,47073,fecha_futura,fecha_no_futura
transacciones,47145,origen_inexistente,integridad_referencial_halt
transacciones,47157,fecha_futura,fecha_no_futura
transacciones,47173,nulo_cuenta,nulos_no_permitidos
transacciones,47185,fecha_futura,fecha_no_futura
transacciones,47194,fecha_futura,fecha_no_futura
transacciones,47228,origen_inexistente,integridad_referencial_halt
transacciones,47278,nulo_fecha,nulos_no_permitidos
transacciones,47322,origen_inexistente,integridad_referencial_halt
transacciones,47323,fecha_futura,fecha_no_futura
transacciones,47493,monto_no_positivo,rango_monto
transacciones,47513,monto_no_positivo,rango_monto
transacciones,4758,fecha_futura,fecha_no_futura
transacciones,4761,monto_no_positivo,rango_monto
transacciones,47611,origen_inexistente,integridad_referencial_halt
transacciones,4762,fecha_futura,fecha_no_futura
transacciones,47663,nulo_fecha,nulos_no_permitidos
transacciones,47710,moneda_invalida,catalogo_monedas
transacciones,47716,origen_inexistente,integridad_referencial_halt
transacciones,47733,nulo_fecha,nulos_no_permitidos
transacciones,47754,fecha_futura,fecha_no_futura
transacciones,47765,fecha_futura,fecha_no_futura
transacciones,47795,monto_no_positivo,rango_monto
transacciones,47908,fecha_futura,fecha_no_futura
transacciones,47956,monto_no_positivo,rango_monto
transacciones,4800,monto_no_positivo,rango_monto
transacciones,48009,moneda_invalida,catalogo_monedas
transacciones,4816,nulo_cuenta,nulos_no_permitidos
transacciones,48187,fecha_futura,fecha_no_futura
transacciones,48238,moneda_invalida,catalogo_monedas
transacciones,48303,fecha_futura,fecha_no_futura
transacciones,48403,nulo_fecha,nulos_no_permitidos
transacciones,48554,monto_no_positivo,rango_monto
transacciones,48555,monto_no_positivo,rango_monto
transacciones,48562,origen_inexistente,integridad_referencial_halt
transacciones,48609,moneda_invalida,catalogo_monedas
transacciones,48668,nulo_monto,nulos_no_permitidos
transacciones,48678,origen_inexistente,integridad_referencial_halt
transacciones,48748,moneda_invalida,catalogo_monedas
transacciones,48756,monto_no_positivo,rango_monto
transacciones,48804,origen_inexistente,integridad_referencial_halt
transacciones,49038,monto_no_positivo,rango_monto
transacciones,49097,moneda_invalida,catalogo_monedas
transacciones,49228,nulo_monto,nulos_no_permitidos
transacciones,49323,origen_inexistente,integridad_referencial_halt
transacciones,49334,monto_no_positivo,rango_monto
transacciones,4935,origen_inexistente,integridad_referencial_halt
transacciones,49456,fecha_futura,fecha_no_futura
transacciones,49514,fecha_futura,fecha_no_futura
transacciones,49545,fecha_futura,fecha_no_futura
transacciones,49552,nulo_cuenta,nulos_no_permitidos
transacciones,49744,fecha_futura,fecha_no_futura
transacciones,49745,fecha_futura,fecha_no_futura
transacciones,4976,fecha_futura,fecha_no_futura
transacciones,49779,fecha_futura,fecha_no_futura
transacciones,50021,fecha_futura,fecha_no_futura
transacciones,5004,origen_inexistente,integridad_referencial_halt
transacciones,50106,nulo_monto,nulos_no_permitidos
transacciones,50237,moneda_invalida,catalogo_monedas
transacciones,50243,moneda_invalida,catalogo_monedas
transacciones,5029,origen_inexistente,integridad_referencial_halt
transacciones,50333,nulo_monto,nulos_no_permitidos
transacciones,50343,monto_no_positivo,rango_monto
transacciones,50355,nulo_fecha,nulos_no_permitidos
transacciones,50440,nulo_cuenta,nulos_no_permitidos
transacciones,50586,fecha_futura,fecha_no_futura
transacciones,50632,origen_inexistente,integridad_referencial_halt
transacciones,50660,monto_no_positivo,rango_monto
transacciones,50674,moneda_invalida,catalogo_monedas
transacciones,50719,origen_inexistente,integridad_referencial_halt
transacciones,50891,origen_inexistente,integridad_referencial_halt
transacciones,50963,origen_inexistente,integridad_referencial_halt
transacciones,51037,moneda_invalida,catalogo_monedas
transacciones,51056,fecha_futura,fecha_no_futura
transacciones,51062,fecha_futura,fecha_no_futura
transacciones,51124,moneda_invalida,catalogo_monedas
transacciones,51185,fecha_futura,fecha_no_futura
transacciones,51225,fecha_futura,fecha_no_futura
transacciones,51230,origen_inexistente,integridad_referencial_halt
transacciones,51250,moneda_invalida,catalogo_monedas
transacciones,51293,fecha_futura,fecha_no_futura
transacciones,51348,nulo_fecha,nulos_no_permitidos
transacciones,51350,fecha_futura,fecha_no_futura
transacciones,51401,origen_inexistente,integridad_referencial_halt
transacciones,51491,monto_no_positivo,rango_monto
transacciones,51541,origen_inexistente,integridad_referencial_halt
transacciones,51572,monto_no_positivo,rango_monto
transacciones,51628,nulo_monto,nulos_no_permitidos
transacciones,51675,fecha_futura,fecha_no_futura
transacciones,51755,monto_no_positivo,rango_monto
transacciones,51786,monto_no_positivo,rango_monto
transacciones,51787,origen_inexistente,integridad_referencial_halt
transacciones,52052,nulo_monto,nulos_no_permitidos
transacciones,5206,nulo_fecha,nulos_no_permitidos
transacciones,52118,origen_inexistente,integridad_referencial_halt
transacciones,52149,nulo_cuenta,nulos_no_permitidos
transacciones,52211,nulo_monto,nulos_no_permitidos
transacciones,52217,moneda_invalida,catalogo_monedas
transacciones,52312,origen_inexistente,integridad_referencial_halt
transacciones,52314,fecha_futura,fecha_no_futura
transacciones,5236,fecha_futura,fecha_no_futura
transacciones,5243,monto_no_positivo,rango_monto
transacciones,52443,monto_no_positivo,rango_monto
transacciones,52446,moneda_invalida,catalogo_monedas
transacciones,52851,origen_inexistente,integridad_referencial_halt
transacciones,52878,monto_no_positivo,rango_monto
transacciones,52952,fecha_futura,fecha_no_futura
transacciones,53003,moneda_invalida,catalogo_monedas
transacciones,5304,fecha_futura,fecha_no_futura
transacciones,53057,fecha_futura,fecha_no_futura
transacciones,53084,nulo_cuenta,nulos_no_permitidos
transacciones,5319,origen_inexistente,integridad_referencial_halt
transacciones,5325,nulo_fecha,nulos_no_permitidos
transacciones,53273,monto_no_positivo,rango_monto
transacciones,53281,nulo_cuenta,nulos_no_permitidos
transacciones,53332,nulo_fecha,nulos_no_permitidos
transacciones,53403,fecha_futura,fecha_no_futura
transacciones,53417,nulo_monto,nulos_no_permitidos
transacciones,53447,origen_inexistente,integridad_referencial_halt
transacciones,53620,fecha_futura,fecha_no_futura
transacciones,53648,nulo_monto,nulos_no_permitidos
transacciones,53675,moneda_invalida,catalogo_monedas
transacciones,53717,origen_inexistente,integridad_referencial_halt
transacciones,53736,monto_no_positivo,rango_monto
transacciones,53758,fecha_futura,fecha_no_futura
transacciones,53772,fecha_futura,fecha_no_futura
transacciones,53815,nulo_monto,nulos_no_permitidos
transacciones,53834,moneda_invalida,catalogo_monedas
transacciones,53875,fecha_futura,fecha_no_futura
transacciones,5397,fecha_futura,fecha_no_futura
transacciones,54010,nulo_monto,nulos_no_permitidos
transacciones,54036,fecha_futura,fecha_no_futura
transacciones,54049,nulo_cuenta,nulos_no_permitidos
transacciones,54058,origen_inexistente,integridad_referencial_halt
transacciones,54171,fecha_futura,fecha_no_futura
transacciones,54427,moneda_invalida,catalogo_monedas
transacciones,54508,fecha_futura,fecha_no_futura
transacciones,54530,monto_no_positivo,rango_monto
transacciones,54573,nulo_fecha,nulos_no_permitidos
transacciones,54756,monto_no_positivo,rango_monto
transacciones,5476,monto_no_positivo,rango_monto
transacciones,54773,fecha_futura,fecha_no_futura
transacciones,55023,moneda_invalida,catalogo_monedas
transacciones,5503,fecha_futura,fecha_no_futura
transacciones,55090,origen_inexistente,integridad_referencial_halt
transacciones,55119,monto_no_positivo,rango_monto
transacciones,55167,monto_no_positivo,rango_monto
transacciones,55208,fecha_futura,fecha_no_futura
transacciones,55251,nulo_cuenta,nulos_no_permitidos
transacciones,55360,nulo_fecha,nulos_no_permitidos
transacciones,55429,origen_inexistente,integridad_referencial_halt
transacciones,55603,nulo_fecha,nulos_no_permitidos
transacciones,55839,nulo_fecha,nulos_no_permitidos
transacciones,55990,monto_no_positivo,rango_monto
transacciones,56065,monto_no_positivo,rango_monto
transacciones,56079,nulo_cuenta,nulos_no_permitidos
transacciones,56347,monto_no_positivo,rango_monto
transacciones,56362,fecha_futura,fecha_no_futura
transacciones,56396,fecha_futura,fecha_no_futura
transacciones,56509,nulo_fecha,nulos_no_permitidos
transacciones,56558,nulo_cuenta,nulos_no_permitidos
transacciones,56611,monto_no_positivo,rango_monto
transacciones,56868,monto_no_positivo,rango_monto
transacciones,56888,origen_inexistente,integridad_referencial_halt
transacciones,57052,nulo_monto,nulos_no_permitidos
transacciones,57082,origen_inexistente,integridad_referencial_halt
transacciones,5715,fecha_futura,fecha_no_futura
transacciones,57177,fecha_futura,fecha_no_futura
transacciones,57231,nulo_cuenta,nulos_no_permitidos
transacciones,57232,nulo_monto,nulos_no_permitidos
transacciones,5727,fecha_futura,fecha_no_futura
transacciones,57317,fecha_futura,fecha_no_futura
transacciones,57354,monto_no_positivo,rango_monto
transacciones,5744,fecha_futura,fecha_no_futura
transacciones,57494,nulo_cuenta,nulos_no_permitidos
transacciones,57507,fecha_futura,fecha_no_futura
transacciones,57530,nulo_cuenta,nulos_no_permitidos
transacciones,57642,fecha_futura,fecha_no_futura
transacciones,57647,fecha_futura,fecha_no_futura
transacciones,57655,fecha_futura,fecha_no_futura
transacciones,57776,origen_inexistente,integridad_referencial_halt
transacciones,5785,nulo_fecha,nulos_no_permitidos
transacciones,57857,nulo_fecha,nulos_no_permitidos
transacciones,5787,origen_inexistente,integridad_referencial_halt
transacciones,5796,nulo_monto,nulos_no_permitidos
transacciones,58023,moneda_invalida,catalogo_monedas
transacciones,58106,moneda_invalida,catalogo_monedas
transacciones,58111,fecha_futura,fecha_no_futura
transacciones,58267,origen_inexistente,integridad_referencial_halt
transacciones,58292,moneda_invalida,catalogo_monedas
transacciones,58303,moneda_invalida,catalogo_monedas
transacciones,58307,fecha_futura,fecha_no_futura
transacciones,58318,origen_inexistente,integridad_referencial_halt
transacciones,58341,nulo_monto,nulos_no_permitidos
transacciones,58439,moneda_invalida,catalogo_monedas
transacciones,58448,nulo_monto,nulos_no_permitidos
transacciones,58517,nulo_monto,nulos_no_permitidos
transacciones,58525,fecha_futura,fecha_no_futura
transacciones,58554,nulo_monto,nulos_no_permitidos
transacciones,58642,monto_no_positivo,rango_monto
transacciones,58666,fecha_futura,fecha_no_futura
transacciones,58677,monto_no_positivo,rango_monto
transacciones,58732,nulo_cuenta,nulos_no_permitidos
transacciones,58793,nulo_fecha,nulos_no_permitidos
transacciones,58925,origen_inexistente,integridad_referencial_halt
transacciones,5893,origen_inexistente,integridad_referencial_halt
transacciones,59016,origen_inexistente,integridad_referencial_halt
transacciones,59040,fecha_futura,fecha_no_futura
transacciones,5906,origen_inexistente,integridad_referencial_halt
transacciones,5909,fecha_futura,fecha_no_futura
transacciones,59128,nulo_monto,nulos_no_permitidos
transacciones,59184,fecha_futura,fecha_no_futura
transacciones,59294,moneda_invalida,catalogo_monedas
transacciones,59331,fecha_futura,fecha_no_futura
transacciones,59358,monto_no_positivo,rango_monto
transacciones,5940,nulo_fecha,nulos_no_permitidos
transacciones,59473,origen_inexistente,integridad_referencial_halt
transacciones,59480,nulo_monto,nulos_no_permitidos
transacciones,59547,origen_inexistente,integridad_referencial_halt
transacciones,59549,origen_inexistente,integridad_referencial_halt
transacciones,59567,moneda_invalida,catalogo_monedas
transacciones,59577,nulo_cuenta,nulos_no_permitidos
transacciones,59629,fecha_futura,fecha_no_futura
transacciones,59653,fecha_futura,fecha_no_futura
transacciones,59666,nulo_cuenta,nulos_no_permitidos
transacciones,59926,fecha_futura,fecha_no_futura
transacciones,59995,fecha_futura,fecha_no_futura
transacciones,60007,nulo_cuenta,nulos_no_permitidos
transacciones,60016,fecha_futura,fecha_no_futura
transacciones,60077,origen_inexistente,integridad_referencial_halt
transacciones,60146,nulo_fecha,nulos_no_permitidos
transacciones,60150,fecha_futura,fecha_no_futura
transacciones,60183,nulo_fecha,nulos_no_permitidos
transacciones,60282,fecha_futura,fecha_no_futura
transacciones,60384,fecha_futura,fecha_no_futura
transacciones,605,origen_inexistente,integridad_referencial_halt
transacciones,60655,nulo_fecha,nulos_no_permitidos
transacciones,60698,fecha_futura,fecha_no_futura
transacciones,60780,nulo_cuenta,nulos_no_permitidos
transacciones,6088,nulo_monto,nulos_no_permitidos
transacciones,60933,moneda_invalida,catalogo_monedas
transacciones,60996,origen_inexistente,integridad_referencial_halt
transacciones,61006,nulo_monto,nulos_no_permitidos
transacciones,6104,origen_inexistente,integridad_referencial_halt
transacciones,61063,nulo_monto,nulos_no_permitidos
transacciones,61071,origen_inexistente,integridad_referencial_halt
transacciones,61132,moneda_invalida,catalogo_monedas
transacciones,61138,monto_no_positivo,rango_monto
transacciones,61153,origen_inexistente,integridad_referencial_halt
transacciones,61469,nulo_monto,nulos_no_permitidos
transacciones,6152,nulo_fecha,nulos_no_permitidos
transacciones,61531,nulo_monto,nulos_no_permitidos
transacciones,61557,nulo_fecha,nulos_no_permitidos
transacciones,61650,moneda_invalida,catalogo_monedas
transacciones,61660,moneda_invalida,catalogo_monedas
transacciones,61671,monto_no_positivo,rango_monto
transacciones,61734,origen_inexistente,integridad_referencial_halt
transacciones,61745,origen_inexistente,integridad_referencial_halt
transacciones,61751,fecha_futura,fecha_no_futura
transacciones,61804,moneda_invalida,catalogo_monedas
transacciones,61815,nulo_monto,nulos_no_permitidos
transacciones,61958,fecha_futura,fecha_no_futura
transacciones,61969,monto_no_positivo,rango_monto
transacciones,62021,monto_no_positivo,rango_monto
transacciones,62025,origen_inexistente,integridad_referencial_halt
transacciones,62037,moneda_invalida,catalogo_monedas
transacciones,62094,monto_no_positivo,rango_monto
transacciones,62379,nulo_monto,nulos_no_permitidos
transacciones,62434,monto_no_positivo,rango_monto
transacciones,62533,fecha_futura,fecha_no_futura
transacciones,62568,origen_inexistente,integridad_referencial_halt
transacciones,62569,fecha_futura,fecha_no_futura
transacciones,62631,origen_inexistente,integridad_referencial_halt
transacciones,62719,nulo_fecha,nulos_no_permitidos
transacciones,62837,fecha_futura,fecha_no_futura
transacciones,6290,nulo_fecha,nulos_no_permitidos
transacciones,62954,origen_inexistente,integridad_referencial_halt
transacciones,62978,moneda_invalida,catalogo_monedas
transacciones,63156,fecha_futura,fecha_no_futura
transacciones,63189,nulo_cuenta,nulos_no_permitidos
transacciones,63243,monto_no_positivo,rango_monto
transacciones,63404,fecha_futura,fecha_no_futura
transacciones,63411,fecha_futura,fecha_no_futura
transacciones,63414,nulo_monto,nulos_no_permitidos
transacciones,63430,monto_no_positivo,rango_monto
transacciones,63468,nulo_monto,nulos_no_permitidos
transacciones,63478,monto_no_positivo,rango_monto
transacciones,63541,monto_no_positivo,rango_monto
transacciones,63601,origen_inexistente,integridad_referencial_halt
transacciones,63672,origen_inexistente,integridad_referencial_halt
transacciones,63716,fecha_futura,fecha_no_futura
transacciones,63734,nulo_cuenta,nulos_no_permitidos
transacciones,63756,moneda_invalida,catalogo_monedas
transacciones,63817,fecha_futura,fecha_no_futura
transacciones,63837,fecha_futura,fecha_no_futura
transacciones,63888,fecha_futura,fecha_no_futura
transacciones,63962,monto_no_positivo,rango_monto
transacciones,64002,nulo_monto,nulos_no_permitidos
transacciones,6402,origen_inexistente,integridad_referencial_halt
transacciones,641,nulo_fecha,nulos_no_permitidos
transacciones,64233,origen_inexistente,integridad_referencial_halt
transacciones,6424,origen_inexistente,integridad_referencial_halt
transacciones,64248,fecha_futura,fecha_no_futura
transacciones,64335,nulo_fecha,nulos_no_permitidos
transacciones,64389,fecha_futura,fecha_no_futura
transacciones,64462,origen_inexistente,integridad_referencial_halt
transacciones,64541,fecha_futura,fecha_no_futura
transacciones,64620,monto_no_positivo,rango_monto
transacciones,64654,fecha_futura,fecha_no_futura
transacciones,64656,fecha_futura,fecha_no_futura
transacciones,6467,fecha_futura,fecha_no_futura
transacciones,64709,origen_inexistente,integridad_referencial_halt
transacciones,64753,nulo_fecha,nulos_no_permitidos
transacciones,64829,nulo_fecha,nulos_no_permitidos
transacciones,64932,origen_inexistente,integridad_referencial_halt
transacciones,64973,nulo_cuenta,nulos_no_permitidos
transacciones,65002,monto_no_positivo,rango_monto
transacciones,65034,nulo_monto,nulos_no_permitidos
transacciones,65048,moneda_invalida,catalogo_monedas
transacciones,651,monto_no_positivo,rango_monto
transacciones,65164,origen_inexistente,integridad_referencial_halt
transacciones,65238,nulo_cuenta,nulos_no_permitidos
transacciones,65250,fecha_futura,fecha_no_futura
transacciones,65320,nulo_fecha,nulos_no_permitidos
transacciones,65334,fecha_futura,fecha_no_futura
transacciones,65406,moneda_invalida,catalogo_monedas
transacciones,65412,nulo_monto,nulos_no_permitidos
transacciones,65474,monto_no_positivo,rango_monto
transacciones,65557,origen_inexistente,integridad_referencial_halt
transacciones,65623,fecha_futura,fecha_no_futura
transacciones,65649,origen_inexistente,integridad_referencial_halt
transacciones,65677,fecha_futura,fecha_no_futura
transacciones,65727,origen_inexistente,integridad_referencial_halt
transacciones,65737,origen_inexistente,integridad_referencial_halt
transacciones,65805,origen_inexistente,integridad_referencial_halt
transacciones,65867,nulo_fecha,nulos_no_permitidos
transacciones,65889,origen_inexistente,integridad_referencial_halt
transacciones,65959,nulo_fecha,nulos_no_permitidos
transacciones,66010,fecha_futura,fecha_no_futura
transacciones,66011,nulo_monto,nulos_no_permitidos
transacciones,66213,fecha_futura,fecha_no_futura
transacciones,66311,moneda_invalida,catalogo_monedas
transacciones,66351,moneda_invalida,catalogo_monedas
transacciones,66533,origen_inexistente,integridad_referencial_halt
transacciones,66549,fecha_futura,fecha_no_futura
transacciones,66633,fecha_futura,fecha_no_futura
transacciones,66638,nulo_cuenta,nulos_no_permitidos
transacciones,66774,fecha_futura,fecha_no_futura
transacciones,66788,nulo_cuenta,nulos_no_permitidos
transacciones,6684,fecha_futura,fecha_no_futura
transacciones,66921,moneda_invalida,catalogo_monedas
transacciones,6702,fecha_futura,fecha_no_futura
transacciones,67043,fecha_futura,fecha_no_futura
transacciones,6711,origen_inexistente,integridad_referencial_halt
transacciones,67115,nulo_monto,nulos_no_permitidos
transacciones,67152,nulo_monto,nulos_no_permitidos
transacciones,67173,fecha_futura,fecha_no_futura
transacciones,67207,nulo_monto,nulos_no_permitidos
transacciones,67217,nulo_cuenta,nulos_no_permitidos
transacciones,67239,fecha_futura,fecha_no_futura
transacciones,67252,origen_inexistente,integridad_referencial_halt
transacciones,67287,nulo_fecha,nulos_no_permitidos
transacciones,67384,fecha_futura,fecha_no_futura
transacciones,67407,origen_inexistente,integridad_referencial_halt
transacciones,67433,nulo_monto,nulos_no_permitidos
transacciones,67466,monto_no_positivo,rango_monto
transacciones,67559,fecha_futura,fecha_no_futura
transacciones,67656,origen_inexistente,integridad_referencial_halt
transacciones,67736,nulo_fecha,nulos_no_permitidos
transacciones,67826,nulo_fecha,nulos_no_permitidos
transacciones,67943,fecha_futura,fecha_no_futura
transacciones,6795,fecha_futura,fecha_no_futura
transacciones,67983,nulo_monto,nulos_no_permitidos
transacciones,68167,fecha_futura,fecha_no_futura
transacciones,68472,fecha_futura,fecha_no_futura
transacciones,68475,fecha_futura,fecha_no_futura
transacciones,68574,fecha_futura,fecha_no_futura
transacciones,68575,nulo_cuenta,nulos_no_permitidos
transacciones,68638,fecha_futura,fecha_no_futura
transacciones,687,origen_inexistente,integridad_referencial_halt
transacciones,68701,monto_no_positivo,rango_monto
transacciones,68729,origen_inexistente,integridad_referencial_halt
transacciones,6874,nulo_fecha,nulos_no_permitidos
transacciones,68769,moneda_invalida,catalogo_monedas
transacciones,68773,fecha_futura,fecha_no_futura
transacciones,68800,fecha_futura,fecha_no_futura
transacciones,68837,nulo_fecha,nulos_no_permitidos
transacciones,68847,nulo_cuenta,nulos_no_permitidos
transacciones,68963,fecha_futura,fecha_no_futura
transacciones,69057,fecha_futura,fecha_no_futura
transacciones,69064,monto_no_positivo,rango_monto
transacciones,69090,monto_no_positivo,rango_monto
transacciones,6912,fecha_futura,fecha_no_futura
transacciones,69177,fecha_futura,fecha_no_futura
transacciones,69180,moneda_invalida,catalogo_monedas
transacciones,69192,fecha_futura,fecha_no_futura
transacciones,69257,moneda_invalida,catalogo_monedas
transacciones,69426,origen_inexistente,integridad_referencial_halt
transacciones,6945,monto_no_positivo,rango_monto
transacciones,69487,fecha_futura,fecha_no_futura
transacciones,69553,monto_no_positivo,rango_monto
transacciones,69645,monto_no_positivo,rango_monto
transacciones,69659,nulo_cuenta,nulos_no_permitidos
transacciones,69767,moneda_invalida,catalogo_monedas
transacciones,6981,fecha_futura,fecha_no_futura
transacciones,69892,fecha_futura,fecha_no_futura
transacciones,6997,nulo_fecha,nulos_no_permitidos
transacciones,69981,monto_no_positivo,rango_monto
transacciones,70007,fecha_futura,fecha_no_futura
transacciones,70092,monto_no_positivo,rango_monto
transacciones,70151,fecha_futura,fecha_no_futura
transacciones,70252,fecha_futura,fecha_no_futura
transacciones,70263,fecha_futura,fecha_no_futura
transacciones,70348,fecha_futura,fecha_no_futura
transacciones,70402,nulo_fecha,nulos_no_permitidos
transacciones,70441,monto_no_positivo,rango_monto
transacciones,70502,monto_no_positivo,rango_monto
transacciones,70651,moneda_invalida,catalogo_monedas
transacciones,70772,monto_no_positivo,rango_monto
transacciones,7081,fecha_futura,fecha_no_futura
transacciones,70826,nulo_fecha,nulos_no_permitidos
transacciones,70884,monto_no_positivo,rango_monto
transacciones,71006,moneda_invalida,catalogo_monedas
transacciones,71013,monto_no_positivo,rango_monto
transacciones,71033,fecha_futura,fecha_no_futura
transacciones,71085,origen_inexistente,integridad_referencial_halt
transacciones,71202,fecha_futura,fecha_no_futura
transacciones,71370,fecha_futura,fecha_no_futura
transacciones,71392,moneda_invalida,catalogo_monedas
transacciones,71444,origen_inexistente,integridad_referencial_halt
transacciones,71447,nulo_monto,nulos_no_permitidos
transacciones,71452,moneda_invalida,catalogo_monedas
transacciones,71475,moneda_invalida,catalogo_monedas
transacciones,71480,fecha_futura,fecha_no_futura
transacciones,71490,nulo_fecha,nulos_no_permitidos
transacciones,71535,fecha_futura,fecha_no_futura
transacciones,71539,fecha_futura,fecha_no_futura
transacciones,71563,monto_no_positivo,rango_monto
transacciones,71575,nulo_cuenta,nulos_no_permitidos
transacciones,71586,nulo_fecha,nulos_no_permitidos
transacciones,71598,monto_no_positivo,rango_monto
transacciones,71656,origen_inexistente,integridad_referencial_halt
transacciones,71671,nulo_fecha,nulos_no_permitidos
transacciones,71716,fecha_futura,fecha_no_futura
transacciones,71717,moneda_invalida,catalogo_monedas
transacciones,71742,fecha_futura,fecha_no_futura
transacciones,71758,fecha_futura,fecha_no_futura
transacciones,71769,fecha_futura,fecha_no_futura
transacciones,71808,monto_no_positivo,rango_monto
transacciones,7181,monto_no_positivo,rango_monto
transacciones,71828,fecha_futura,fecha_no_futura
transacciones,71867,fecha_futura,fecha_no_futura
transacciones,71958,monto_no_positivo,rango_monto
transacciones,71963,monto_no_positivo,rango_monto
transacciones,71998,monto_no_positivo,rango_monto
transacciones,72018,fecha_futura,fecha_no_futura
transacciones,72090,monto_no_positivo,rango_monto
transacciones,72097,fecha_futura,fecha_no_futura
transacciones,72180,monto_no_positivo,rango_monto
transacciones,72231,origen_inexistente,integridad_referencial_halt
transacciones,72262,nulo_cuenta,nulos_no_permitidos
transacciones,7229,moneda_invalida,catalogo_monedas
transacciones,7230,nulo_monto,nulos_no_permitidos
transacciones,72340,moneda_invalida,catalogo_monedas
transacciones,72370,moneda_invalida,catalogo_monedas
transacciones,72385,monto_no_positivo,rango_monto
transacciones,72432,monto_no_positivo,rango_monto
transacciones,72433,fecha_futura,fecha_no_futura
transacciones,72481,nulo_monto,nulos_no_permitidos
transacciones,72587,nulo_monto,nulos_no_permitidos
transacciones,72605,fecha_futura,fecha_no_futura
transacciones,72631,origen_inexistente,integridad_referencial_halt
transacciones,72643,moneda_invalida,catalogo_monedas
transacciones,72650,monto_no_positivo,rango_monto
transacciones,72651,nulo_monto,nulos_no_permitidos
transacciones,72658,origen_inexistente,integridad_referencial_halt
transacciones,72715,nulo_monto,nulos_no_permitidos
transacciones,72925,moneda_invalida,catalogo_monedas
transacciones,72937,fecha_futura,fecha_no_futura
transacciones,73033,nulo_monto,nulos_no_permitidos
transacciones,73059,nulo_cuenta,nulos_no_permitidos
transacciones,73132,monto_no_positivo,rango_monto
transacciones,73210,monto_no_positivo,rango_monto
transacciones,73244,monto_no_positivo,rango_monto
transacciones,73268,origen_inexistente,integridad_referencial_halt
transacciones,73358,nulo_cuenta,nulos_no_permitidos
transacciones,73384,fecha_futura,fecha_no_futura
transacciones,73417,origen_inexistente,integridad_referencial_halt
transacciones,73529,nulo_fecha,nulos_no_permitidos
transacciones,73746,origen_inexistente,integridad_referencial_halt
transacciones,73808,nulo_cuenta,nulos_no_permitidos
transacciones,73880,fecha_futura,fecha_no_futura
transacciones,7396,monto_no_positivo,rango_monto
transacciones,73979,origen_inexistente,integridad_referencial_halt
transacciones,74137,nulo_cuenta,nulos_no_permitidos
transacciones,74162,origen_inexistente,integridad_referencial_halt
transacciones,74243,nulo_fecha,nulos_no_permitidos
transacciones,74338,moneda_invalida,catalogo_monedas
transacciones,74340,moneda_invalida,catalogo_monedas
transacciones,74357,origen_inexistente,integridad_referencial_halt
transacciones,7440,fecha_futura,fecha_no_futura
transacciones,745,moneda_invalida,catalogo_monedas
transacciones,74567,origen_inexistente,integridad_referencial_halt
transacciones,74583,origen_inexistente,integridad_referencial_halt
transacciones,74628,monto_no_positivo,rango_monto
transacciones,74653,moneda_invalida,catalogo_monedas
transacciones,74655,origen_inexistente,integridad_referencial_halt
transacciones,74685,origen_inexistente,integridad_referencial_halt
transacciones,74725,fecha_futura,fecha_no_futura
transacciones,74776,origen_inexistente,integridad_referencial_halt
transacciones,74817,origen_inexistente,integridad_referencial_halt
transacciones,74848,moneda_invalida,catalogo_monedas
transacciones,75005,fecha_futura,fecha_no_futura
transacciones,75029,origen_inexistente,integridad_referencial_halt
transacciones,75042,moneda_invalida,catalogo_monedas
transacciones,75052,moneda_invalida,catalogo_monedas
transacciones,75066,monto_no_positivo,rango_monto
transacciones,75112,origen_inexistente,integridad_referencial_halt
transacciones,75114,fecha_futura,fecha_no_futura
transacciones,75203,nulo_cuenta,nulos_no_permitidos
transacciones,75302,origen_inexistente,integridad_referencial_halt
transacciones,75351,monto_no_positivo,rango_monto
transacciones,75477,fecha_futura,fecha_no_futura
transacciones,75558,origen_inexistente,integridad_referencial_halt
transacciones,75565,origen_inexistente,integridad_referencial_halt
transacciones,75601,nulo_monto,nulos_no_permitidos
transacciones,75647,origen_inexistente,integridad_referencial_halt
transacciones,75792,origen_inexistente,integridad_referencial_halt
transacciones,75815,monto_no_positivo,rango_monto
transacciones,75867,fecha_futura,fecha_no_futura
transacciones,76011,nulo_fecha,nulos_no_permitidos
transacciones,76062,fecha_futura,fecha_no_futura
transacciones,76137,fecha_futura,fecha_no_futura
transacciones,76148,monto_no_positivo,rango_monto
transacciones,76224,fecha_futura,fecha_no_futura
transacciones,76276,nulo_fecha,nulos_no_permitidos
transacciones,76372,origen_inexistente,integridad_referencial_halt
transacciones,7643,origen_inexistente,integridad_referencial_halt
transacciones,76466,monto_no_positivo,rango_monto
transacciones,76534,origen_inexistente,integridad_referencial_halt
transacciones,76545,moneda_invalida,catalogo_monedas
transacciones,76552,origen_inexistente,integridad_referencial_halt
transacciones,7659,origen_inexistente,integridad_referencial_halt
transacciones,76690,origen_inexistente,integridad_referencial_halt
transacciones,76842,origen_inexistente,integridad_referencial_halt
transacciones,76916,monto_no_positivo,rango_monto
transacciones,76941,moneda_invalida,catalogo_monedas
transacciones,77033,monto_no_positivo,rango_monto
transacciones,77062,moneda_invalida,catalogo_monedas
transacciones,77236,nulo_monto,nulos_no_permitidos
transacciones,7725,fecha_futura,fecha_no_futura
transacciones,77276,fecha_futura,fecha_no_futura
transacciones,77294,fecha_futura,fecha_no_futura
transacciones,77376,origen_inexistente,integridad_referencial_halt
transacciones,77379,origen_inexistente,integridad_referencial_halt
transacciones,77396,origen_inexistente,integridad_referencial_halt
transacciones,77476,nulo_fecha,nulos_no_permitidos
transacciones,77504,fecha_futura,fecha_no_futura
transacciones,776,fecha_futura,fecha_no_futura
transacciones,7764,fecha_futura,fecha_no_futura
transacciones,77672,nulo_cuenta,nulos_no_permitidos
transacciones,77730,nulo_fecha,nulos_no_permitidos
transacciones,778,fecha_futura,fecha_no_futura
transacciones,7802,nulo_fecha,nulos_no_permitidos
transacciones,78030,origen_inexistente,integridad_referencial_halt
transacciones,78068,fecha_futura,fecha_no_futura
transacciones,78133,moneda_invalida,catalogo_monedas
transacciones,78269,origen_inexistente,integridad_referencial_halt
transacciones,78379,nulo_fecha,nulos_no_permitidos
transacciones,78386,monto_no_positivo,rango_monto
transacciones,78444,fecha_futura,fecha_no_futura
transacciones,78486,monto_no_positivo,rango_monto
transacciones,78501,monto_no_positivo,rango_monto
transacciones,78686,nulo_fecha,nulos_no_permitidos
transacciones,78829,monto_no_positivo,rango_monto
transacciones,789,fecha_futura,fecha_no_futura
transacciones,78955,nulo_cuenta,nulos_no_permitidos
transacciones,78970,origen_inexistente,integridad_referencial_halt
transacciones,78999,fecha_futura,fecha_no_futura
transacciones,79062,nulo_cuenta,nulos_no_permitidos
transacciones,79088,moneda_invalida,catalogo_monedas
transacciones,79179,origen_inexistente,integridad_referencial_halt
transacciones,79274,origen_inexistente,integridad_referencial_halt
transacciones,7938,monto_no_positivo,rango_monto
transacciones,79391,fecha_futura,fecha_no_futura
transacciones,79495,moneda_invalida,catalogo_monedas
transacciones,79511,nulo_fecha,nulos_no_permitidos
transacciones,79572,fecha_futura,fecha_no_futura
transacciones,79602,fecha_futura,fecha_no_futura
transacciones,79617,nulo_monto,nulos_no_permitidos
transacciones,79629,fecha_futura,fecha_no_futura
transacciones,79659,fecha_futura,fecha_no_futura
transacciones,79677,fecha_futura,fecha_no_futura
transacciones,79709,fecha_futura,fecha_no_futura
transacciones,798,moneda_invalida,catalogo_monedas
transacciones,79877,fecha_futura,fecha_no_futura
transacciones,79951,origen_inexistente,integridad_referencial_halt
transacciones,79977,origen_inexistente,integridad_referencial_halt
transacciones,80126,moneda_invalida,catalogo_monedas
transacciones,80131,fecha_futura,fecha_no_futura
transacciones,80150,nulo_cuenta,nulos_no_permitidos
transacciones,80180,fecha_futura,fecha_no_futura
transacciones,80239,fecha_futura,fecha_no_futura
transacciones,80350,nulo_fecha,nulos_no_permitidos
transacciones,80416,origen_inexistente,integridad_referencial_halt
transacciones,80452,fecha_futura,fecha_no_futura
transacciones,80465,monto_no_positivo,rango_monto
transacciones,80494,origen_inexistente,integridad_referencial_halt
transacciones,80542,origen_inexistente,integridad_referencial_halt
transacciones,80577,fecha_futura,fecha_no_futura
transacciones,80590,nulo_cuenta,nulos_no_permitidos
transacciones,80608,monto_no_positivo,rango_monto
transacciones,8063,fecha_futura,fecha_no_futura
transacciones,80697,origen_inexistente,integridad_referencial_halt
transacciones,80814,nulo_fecha,nulos_no_permitidos
transacciones,80822,monto_no_positivo,rango_monto
transacciones,80882,moneda_invalida,catalogo_monedas
transacciones,80986,fecha_futura,fecha_no_futura
transacciones,81047,origen_inexistente,integridad_referencial_halt
transacciones,81074,origen_inexistente,integridad_referencial_halt
transacciones,81096,monto_no_positivo,rango_monto
transacciones,81138,fecha_futura,fecha_no_futura
transacciones,81144,moneda_invalida,catalogo_monedas
transacciones,81168,origen_inexistente,integridad_referencial_halt
transacciones,81178,fecha_futura,fecha_no_futura
transacciones,81186,monto_no_positivo,rango_monto
transacciones,81233,monto_no_positivo,rango_monto
transacciones,8125,fecha_futura,fecha_no_futura
transacciones,81424,fecha_futura,fecha_no_futura
transacciones,81442,nulo_cuenta,nulos_no_permitidos
transacciones,81515,nulo_monto,nulos_no_permitidos
transacciones,81518,nulo_monto,nulos_no_permitidos
transacciones,81687,nulo_cuenta,nulos_no_permitidos
transacciones,81716,origen_inexistente,integridad_referencial_halt
transacciones,81847,origen_inexistente,integridad_referencial_halt
transacciones,81852,origen_inexistente,integridad_referencial_halt
transacciones,8198,nulo_fecha,nulos_no_permitidos
transacciones,81999,origen_inexistente,integridad_referencial_halt
transacciones,82114,moneda_invalida,catalogo_monedas
transacciones,82126,moneda_invalida,catalogo_monedas
transacciones,8216,moneda_invalida,catalogo_monedas
transacciones,82267,fecha_futura,fecha_no_futura
transacciones,82333,moneda_invalida,catalogo_monedas
transacciones,82592,fecha_futura,fecha_no_futura
transacciones,82618,origen_inexistente,integridad_referencial_halt
transacciones,82699,fecha_futura,fecha_no_futura
transacciones,82723,monto_no_positivo,rango_monto
transacciones,82743,fecha_futura,fecha_no_futura
transacciones,82787,monto_no_positivo,rango_monto
transacciones,82793,monto_no_positivo,rango_monto
transacciones,82798,fecha_futura,fecha_no_futura
transacciones,82801,monto_no_positivo,rango_monto
transacciones,82804,origen_inexistente,integridad_referencial_halt
transacciones,82808,moneda_invalida,catalogo_monedas
transacciones,82829,moneda_invalida,catalogo_monedas
transacciones,82848,nulo_fecha,nulos_no_permitidos
transacciones,82859,origen_inexistente,integridad_referencial_halt
transacciones,82979,origen_inexistente,integridad_referencial_halt
transacciones,8319,origen_inexistente,integridad_referencial_halt
transacciones,83210,nulo_cuenta,nulos_no_permitidos
transacciones,8331,nulo_monto,nulos_no_permitidos
transacciones,8336,origen_inexistente,integridad_referencial_halt
transacciones,83617,nulo_monto,nulos_no_permitidos
transacciones,8368,fecha_futura,fecha_no_futura
transacciones,83735,origen_inexistente,integridad_referencial_halt
transacciones,83742,monto_no_positivo,rango_monto
transacciones,83805,monto_no_positivo,rango_monto
transacciones,83828,monto_no_positivo,rango_monto
transacciones,83915,fecha_futura,fecha_no_futura
transacciones,83919,monto_no_positivo,rango_monto
transacciones,83970,nulo_fecha,nulos_no_permitidos
transacciones,8419,monto_no_positivo,rango_monto
transacciones,84215,moneda_invalida,catalogo_monedas
transacciones,84237,nulo_fecha,nulos_no_permitidos
transacciones,84255,fecha_futura,fecha_no_futura
transacciones,84263,fecha_futura,fecha_no_futura
transacciones,84324,fecha_futura,fecha_no_futura
transacciones,84328,monto_no_positivo,rango_monto
transacciones,84350,nulo_monto,nulos_no_permitidos
transacciones,844,monto_no_positivo,rango_monto
transacciones,84427,moneda_invalida,catalogo_monedas
transacciones,84430,fecha_futura,fecha_no_futura
transacciones,84493,monto_no_positivo,rango_monto
transacciones,84573,origen_inexistente,integridad_referencial_halt
transacciones,84588,origen_inexistente,integridad_referencial_halt
transacciones,84608,origen_inexistente,integridad_referencial_halt
transacciones,84625,origen_inexistente,integridad_referencial_halt
transacciones,84677,monto_no_positivo,rango_monto
transacciones,84717,fecha_futura,fecha_no_futura
transacciones,84730,fecha_futura,fecha_no_futura
transacciones,84757,origen_inexistente,integridad_referencial_halt
transacciones,84819,fecha_futura,fecha_no_futura
transacciones,84939,fecha_futura,fecha_no_futura
transacciones,84975,fecha_futura,fecha_no_futura
transacciones,84992,origen_inexistente,integridad_referencial_halt
transacciones,85014,nulo_cuenta,nulos_no_permitidos
transacciones,85023,fecha_futura,fecha_no_futura
transacciones,85216,origen_inexistente,integridad_referencial_halt
transacciones,85223,moneda_invalida,catalogo_monedas
transacciones,85288,fecha_futura,fecha_no_futura
transacciones,85381,moneda_invalida,catalogo_monedas
transacciones,85388,origen_inexistente,integridad_referencial_halt
transacciones,85583,monto_no_positivo,rango_monto
transacciones,85602,origen_inexistente,integridad_referencial_halt
transacciones,85661,fecha_futura,fecha_no_futura
transacciones,85685,origen_inexistente,integridad_referencial_halt
transacciones,85707,monto_no_positivo,rango_monto
transacciones,85776,nulo_monto,nulos_no_permitidos
transacciones,85848,moneda_invalida,catalogo_monedas
transacciones,85853,fecha_futura,fecha_no_futura
transacciones,85874,nulo_fecha,nulos_no_permitidos
transacciones,85885,moneda_invalida,catalogo_monedas
transacciones,85961,monto_no_positivo,rango_monto
transacciones,86048,fecha_futura,fecha_no_futura
transacciones,8606,fecha_futura,fecha_no_futura
transacciones,86071,origen_inexistente,integridad_referencial_halt
transacciones,86104,moneda_invalida,catalogo_monedas
transacciones,86160,monto_no_positivo,rango_monto
transacciones,86170,origen_inexistente,integridad_referencial_halt
transacciones,86198,moneda_invalida,catalogo_monedas
transacciones,86384,fecha_futura,fecha_no_futura
transacciones,8639,moneda_invalida,catalogo_monedas
transacciones,86405,monto_no_positivo,rango_monto
transacciones,86414,monto_no_positivo,rango_monto
transacciones,86422,monto_no_positivo,rango_monto
transacciones,86444,fecha_futura,fecha_no_futura
transacciones,8655,monto_no_positivo,rango_monto
transacciones,86561,origen_inexistente,integridad_referencial_halt
transacciones,86629,fecha_futura,fecha_no_futura
transacciones,8672,fecha_futura,fecha_no_futura
transacciones,86797,fecha_futura,fecha_no_futura
transacciones,87067,fecha_futura,fecha_no_futura
transacciones,87368,origen_inexistente,integridad_referencial_halt
transacciones,87423,monto_no_positivo,rango_monto
transacciones,87489,origen_inexistente,integridad_referencial_halt
transacciones,87671,fecha_futura,fecha_no_futura
transacciones,87678,nulo_cuenta,nulos_no_permitidos
transacciones,87704,fecha_futura,fecha_no_futura
transacciones,87751,monto_no_positivo,rango_monto
transacciones,87765,nulo_fecha,nulos_no_permitidos
transacciones,87802,monto_no_positivo,rango_monto
transacciones,87810,origen_inexistente,integridad_referencial_halt
transacciones,87912,nulo_monto,nulos_no_permitidos
transacciones,87941,nulo_monto,nulos_no_permitidos
transacciones,88010,moneda_invalida,catalogo_monedas
transacciones,88012,fecha_futura,fecha_no_futura
transacciones,88018,monto_no_positivo,rango_monto
transacciones,88024,origen_inexistente,integridad_referencial_halt
transacciones,88083,moneda_invalida,catalogo_monedas
transacciones,88110,fecha_futura,fecha_no_futura
transacciones,88243,nulo_cuenta,nulos_no_permitidos
transacciones,88366,monto_no_positivo,rango_monto
transacciones,88367,origen_inexistente,integridad_referencial_halt
transacciones,88448,fecha_futura,fecha_no_futura
transacciones,88474,fecha_futura,fecha_no_futura
transacciones,88523,nulo_fecha,nulos_no_permitidos
transacciones,88540,fecha_futura,fecha_no_futura
transacciones,88593,origen_inexistente,integridad_referencial_halt
transacciones,88596,nulo_monto,nulos_no_permitidos
transacciones,88604,origen_inexistente,integridad_referencial_halt
transacciones,88684,monto_no_positivo,rango_monto
transacciones,8878,origen_inexistente,integridad_referencial_halt
transacciones,88801,nulo_monto,nulos_no_permitidos
transacciones,88912,monto_no_positivo,rango_monto
transacciones,89162,monto_no_positivo,rango_monto
transacciones,89195,monto_no_positivo,rango_monto
transacciones,89211,moneda_invalida,catalogo_monedas
transacciones,8927,origen_inexistente,integridad_referencial_halt
transacciones,89292,nulo_monto,nulos_no_permitidos
transacciones,89338,monto_no_positivo,rango_monto
transacciones,89366,monto_no_positivo,rango_monto
transacciones,89459,origen_inexistente,integridad_referencial_halt
transacciones,89468,nulo_cuenta,nulos_no_permitidos
transacciones,89517,nulo_cuenta,nulos_no_permitidos
transacciones,89541,nulo_monto,nulos_no_permitidos
transacciones,89552,nulo_fecha,nulos_no_permitidos
transacciones,89698,origen_inexistente,integridad_referencial_halt
transacciones,89714,nulo_monto,nulos_no_permitidos
transacciones,89785,fecha_futura,fecha_no_futura
transacciones,89813,monto_no_positivo,rango_monto
transacciones,89911,fecha_futura,fecha_no_futura
transacciones,89941,origen_inexistente,integridad_referencial_halt
transacciones,90180,nulo_monto,nulos_no_permitidos
transacciones,90255,nulo_fecha,nulos_no_permitidos
transacciones,90280,fecha_futura,fecha_no_futura
transacciones,90287,nulo_fecha,nulos_no_permitidos
transacciones,90368,fecha_futura,fecha_no_futura
transacciones,90372,nulo_fecha,nulos_no_permitidos
transacciones,90423,origen_inexistente,integridad_referencial_halt
transacciones,90439,fecha_futura,fecha_no_futura
transacciones,90478,origen_inexistente,integridad_referencial_halt
transacciones,90494,monto_no_positivo,rango_monto
transacciones,90497,fecha_futura,fecha_no_futura
transacciones,90518,fecha_futura,fecha_no_futura
transacciones,90681,nulo_fecha,nulos_no_permitidos
transacciones,90689,nulo_fecha,nulos_no_permitidos
transacciones,90752,fecha_futura,fecha_no_futura
transacciones,90844,origen_inexistente,integridad_referencial_halt
transacciones,90995,fecha_futura,fecha_no_futura
transacciones,91037,origen_inexistente,integridad_referencial_halt
transacciones,91179,origen_inexistente,integridad_referencial_halt
transacciones,91224,monto_no_positivo,rango_monto
transacciones,91305,fecha_futura,fecha_no_futura
transacciones,91348,fecha_futura,fecha_no_futura
transacciones,91349,monto_no_positivo,rango_monto
transacciones,91400,fecha_futura,fecha_no_futura
transacciones,91454,moneda_invalida,catalogo_monedas
transacciones,91566,fecha_futura,fecha_no_futura
transacciones,91660,monto_no_positivo,rango_monto
transacciones,91709,nulo_monto,nulos_no_permitidos
transacciones,91713,fecha_futura,fecha_no_futura
transacciones,91740,origen_inexistente,integridad_referencial_halt
transacciones,91741,moneda_invalida,catalogo_monedas
transacciones,91816,moneda_invalida,catalogo_monedas
transacciones,91854,origen_inexistente,integridad_referencial_halt
transacciones,9189,fecha_futura,fecha_no_futura
transacciones,91912,origen_inexistente,integridad_referencial_halt
transacciones,91917,monto_no_positivo,rango_monto
transacciones,91920,fecha_futura,fecha_no_futura
transacciones,91925,nulo_monto,nulos_no_permitidos
transacciones,91976,moneda_invalida,catalogo_monedas
transacciones,91981,nulo_monto,nulos_no_permitidos
transacciones,92084,origen_inexistente,integridad_referencial_halt
transacciones,92142,fecha_futura,fecha_no_futura
transacciones,92292,fecha_futura,fecha_no_futura
transacciones,92313,fecha_futura,fecha_no_futura
transacciones,9238,nulo_monto,nulos_no_permitidos
transacciones,9241,moneda_invalida,catalogo_monedas
transacciones,92444,monto_no_positivo,rango_monto
transacciones,92460,fecha_futura,fecha_no_futura
transacciones,92501,nulo_fecha,nulos_no_permitidos
transacciones,92514,fecha_futura,fecha_no_futura
transacciones,92600,fecha_futura,fecha_no_futura
transacciones,92635,origen_inexistente,integridad_referencial_halt
transacciones,92694,origen_inexistente,integridad_referencial_halt
transacciones,92708,monto_no_positivo,rango_monto
transacciones,92755,monto_no_positivo,rango_monto
transacciones,92761,fecha_futura,fecha_no_futura
transacciones,92795,monto_no_positivo,rango_monto
transacciones,92839,nulo_fecha,nulos_no_permitidos
transacciones,9285,fecha_futura,fecha_no_futura
transacciones,92941,origen_inexistente,integridad_referencial_halt
transacciones,93008,nulo_monto,nulos_no_permitidos
transacciones,93060,nulo_fecha,nulos_no_permitidos
transacciones,93112,nulo_cuenta,nulos_no_permitidos
transacciones,93209,nulo_fecha,nulos_no_permitidos
transacciones,93376,nulo_cuenta,nulos_no_permitidos
transacciones,93429,fecha_futura,fecha_no_futura
transacciones,93536,moneda_invalida,catalogo_monedas
transacciones,93598,moneda_invalida,catalogo_monedas
transacciones,93606,moneda_invalida,catalogo_monedas
transacciones,93775,nulo_cuenta,nulos_no_permitidos
transacciones,93823,fecha_futura,fecha_no_futura
transacciones,93959,origen_inexistente,integridad_referencial_halt
transacciones,94016,fecha_futura,fecha_no_futura
transacciones,94038,origen_inexistente,integridad_referencial_halt
transacciones,94137,moneda_invalida,catalogo_monedas
transacciones,94268,nulo_fecha,nulos_no_permitidos
transacciones,94323,nulo_monto,nulos_no_permitidos
transacciones,94372,fecha_futura,fecha_no_futura
transacciones,94405,fecha_futura,fecha_no_futura
transacciones,94551,origen_inexistente,integridad_referencial_halt
transacciones,94553,nulo_monto,nulos_no_permitidos
transacciones,9461,monto_no_positivo,rango_monto
transacciones,94715,origen_inexistente,integridad_referencial_halt
transacciones,94777,fecha_futura,fecha_no_futura
transacciones,94787,moneda_invalida,catalogo_monedas
transacciones,94845,fecha_futura,fecha_no_futura
transacciones,94850,nulo_cuenta,nulos_no_permitidos
transacciones,94884,fecha_futura,fecha_no_futura
transacciones,94975,origen_inexistente,integridad_referencial_halt
transacciones,94984,fecha_futura,fecha_no_futura
transacciones,95036,nulo_monto,nulos_no_permitidos
transacciones,95099,origen_inexistente,integridad_referencial_halt
transacciones,95113,moneda_invalida,catalogo_monedas
transacciones,95124,origen_inexistente,integridad_referencial_halt
transacciones,95139,origen_inexistente,integridad_referencial_halt
transacciones,95266,fecha_futura,fecha_no_futura
transacciones,95440,moneda_invalida,catalogo_monedas
transacciones,95515,moneda_invalida,catalogo_monedas
transacciones,95561,fecha_futura,fecha_no_futura
transacciones,95594,moneda_invalida,catalogo_monedas
transacciones,95608,monto_no_positivo,rango_monto
transacciones,95685,nulo_cuenta,nulos_no_permitidos
transacciones,95717,origen_inexistente,integridad_referencial_halt
transacciones,95730,nulo_fecha,nulos_no_permitidos
transacciones,9578,moneda_invalida,catalogo_monedas
transacciones,95871,monto_no_positivo,rango_monto
transacciones,96069,origen_inexistente,integridad_referencial_halt
transacciones,96158,fecha_futura,fecha_no_futura
transacciones,96169,nulo_cuenta,nulos_no_permitidos
transacciones,96201,fecha_futura,fecha_no_futura
transacciones,96253,fecha_futura,fecha_no_futura
transacciones,96357,fecha_futura,fecha_no_futura
transacciones,96363,monto_no_positivo,rango_monto
transacciones,96407,nulo_cuenta,nulos_no_permitidos
transacciones,96488,nulo_cuenta,nulos_no_permitidos
transacciones,96499,moneda_invalida,catalogo_monedas
transacciones,96535,origen_inexistente,integridad_referencial_halt
transacciones,96707,nulo_monto,nulos_no_permitidos
transacciones,96781,monto_no_positivo,rango_monto
transacciones,96794,moneda_invalida,catalogo_monedas
transacciones,96852,nulo_monto,nulos_no_permitidos
transacciones,96922,monto_no_positivo,rango_monto
transacciones,96930,fecha_futura,fecha_no_futura
transacciones,96950,origen_inexistente,integridad_referencial_halt
transacciones,97007,fecha_futura,fecha_no_futura
transacciones,97077,fecha_futura,fecha_no_futura
transacciones,97258,moneda_invalida,catalogo_monedas
transacciones,97262,origen_inexistente,integridad_referencial_halt
transacciones,97318,nulo_cuenta,nulos_no_permitidos
transacciones,97416,origen_inexistente,integridad_referencial_halt
transacciones,97453,fecha_futura,fecha_no_futura
transacciones,97516,nulo_fecha,nulos_no_permitidos
transacciones,97674,origen_inexistente,integridad_referencial_halt
transacciones,97756,fecha_futura,fecha_no_futura
transacciones,97926,fecha_futura,fecha_no_futura
transacciones,97986,monto_no_positivo,rango_monto
transacciones,98039,origen_inexistente,integridad_referencial_halt
transacciones,98069,origen_inexistente,integridad_referencial_halt
transacciones,98157,nulo_cuenta,nulos_no_permitidos
transacciones,98234,monto_no_positivo,rango_monto
transacciones,9825,nulo_monto,nulos_no_permitidos
transacciones,98312,fecha_futura,fecha_no_futura
transacciones,98318,nulo_monto,nulos_no_permitidos
transacciones,9841,fecha_futura,fecha_no_futura
transacciones,9842,moneda_invalida,catalogo_monedas
transacciones,98425,monto_no_positivo,rango_monto
transacciones,98435,nulo_cuenta,nulos_no_permitidos
transacciones,98441,origen_inexistente,integridad_referencial_halt
transacciones,98453,fecha_futura,fecha_no_futura
transacciones,98492,fecha_futura,fecha_no_futura
transacciones,98503,fecha_futura,fecha_no_futura
transacciones,98557,fecha_futura,fecha_no_futura
transacciones,98655,moneda_invalida,catalogo_monedas
transacciones,9873,fecha_futura,fecha_no_futura
transacciones,98735,fecha_futura,fecha_no_futura
transacciones,98768,fecha_futura,fecha_no_futura
transacciones,9882,origen_inexistente,integridad_referencial_halt
transacciones,98820,origen_inexistente,integridad_referencial_halt
transacciones,98821,origen_inexistente,integridad_referencial_halt
transacciones,98954,origen_inexistente,integridad_referencial_halt
transacciones,98991,nulo_cuenta,nulos_no_permitidos
transacciones,99002,fecha_futura,fecha_no_futura
transacciones,9906,fecha_futura,fecha_no_futura
transacciones,99067,moneda_invalida,catalogo_monedas
transacciones,99208,origen_inexistente,integridad_referencial_halt
transacciones,99225,fecha_futura,fecha_no_futura
transacciones,9923,moneda_invalida,catalogo_monedas
transacciones,99245,origen_inexistente,integridad_referencial_halt
transacciones,99336,nulo_cuenta,nulos_no_permitidos
transacciones,9945,nulo_cuenta,nulos_no_permitidos
transacciones,99592,origen_inexistente,integridad_referencial_halt
transacciones,99600,origen_inexistente,integridad_referencial_halt
transacciones,99630,monto_no_positivo,rango_monto
transacciones,99763,fecha_futura,fecha_no_futura
transacciones,99765,moneda_invalida,catalogo_monedas
transacciones,99767,monto_no_positivo,rango_monto
transacciones,99773,fecha_futura,fecha_no_futura
transacciones,99795,moneda_invalida,catalogo_monedas
transacciones,99835,moneda_invalida,catalogo_monedas
transacciones,99844,nulo_fecha,nulos_no_permitidos
transacciones,99870,nulo_cuenta,nulos_no_permitidos
transacciones,99872,origen_inexistente,integridad_referencial_halt
transacciones,99875,monto_no_positivo,rango_monto
transacciones,99904,nulo_cuenta,nulos_no_permitidos
transacciones,99918,monto_no_positivo,rango_monto
