pago_id,cuota_id,monto_pagado,fecha_pago,canal_id
1,1,1866.14,2026-05-30 12:00:00+00:00,3
2,5,1866.61,2026-06-03 12:00:00+00:00,1
3,2,1866.25,2026-07-03 12:00:00+00:00,5
4,6,1866.73,2026-07-03 12:00:00+00:00,6
5,3,1866.37,2026-07-28 12:00:00+00:00,7
6,7,1866.86,2026-08-02 12:00:00+00:00,6
7,4,1866.49,2026-08-31 12:00:00+00:00,6
8,8,1866.98,2026-09-01 12:00:00+00:00,4
9,13,3573.31,2026-01-14 12:00:00+00:00,4
10,14,3573.58,2026-02-15 12:00:00+00:00,6
11,15,3573.87,2026-03-15 12:00:00+00:00,4
12,16,3574.16,2026-04-15 12:00:00+00:00,7
13,22,3576.12,2026-04-18 12:00:00+00:00,2
14,17,3574.46,2026-05-14 12:00:00+00:00,1
15,23,3576.48,2026-05-18 12:00:00+00:00,4
16,18,3574.77,2026-06-12 12:00:00+00:00,2
17,24,3576.82,2026-06-17 12:00:00+00:00,4
18,19,3575.09,2026-07-16 12:00:00+00:00,3
19,20,3575.42,2026-08-15 12:00:00+00:00,6
20,21,3575.77,2026-09-13 12:00:00+00:00,7
21,25,235.32,2026-06-17 12:00:00+00:00,2
22,29,235.37,2026-06-22 12:00:00+00:00,4
23,26,235.33,2026-07-17 12:00:00+00:00,2
24,30,235.38,2026-07-22 12:00:00+00:00,4
25,27,235.34,2026-08-18 12:00:00+00:00,1
26,31,235.39,2026-08-21 12:00:00+00:00,4
27,28,235.36,2026-09-17 12:00:00+00:00,2
28,32,235.40,2026-09-20 12:00:00+00:00,6
29,43,1409.05,2026-04-27 12:00:00+00:00,4
30,44,1409.12,2026-05-27 12:00:00+00:00,6
31,49,1409.52,2026-05-31 12:00:00+00:00,5
32,45,1409.19,2026-06-29 12:00:00+00:00,4
33,50,1409.60,2026-06-30 12:00:00+00:00,7
34,46,1409.27,2026-07-25 12:00:00+00:00,4
35,47,1409.35,2026-08-25 12:00:00+00:00,3
36,51,1409.69,2026-08-29 12:00:00+00:00,2
37,48,1409.43,2026-09-28 12:00:00+00:00,4
38,52,1409.78,2026-09-28 12:00:00+00:00,6
39,67,997.31,2026-01-23 12:00:00+00:00,2
40,68,997.38,2026-02-24 12:00:00+00:00,7
41,69,997.45,2026-03-21 12:00:00+00:00,4
42,76,997.99,2026-03-26 12:00:00+00:00,1
43,70,997.52,2026-04-24 12:00:00+00:00,1
44,77,998.07,2026-04-25 12:00:00+00:00,4
45,71,997.59,2026-05-23 12:00:00+00:00,7
46,78,998.16,2026-05-25 12:00:00+00:00,3
47,72,997.66,2026-06-22 12:00:00+00:00,5
48,73,997.74,2026-07-22 12:00:00+00:00,1
49,79,998.26,2026-07-24 12:00:00+00:00,6
50,74,997.82,2026-08-18 12:00:00+00:00,2
51,80,998.36,2026-08-23 12:00:00+00:00,3
52,75,997.90,2026-09-20 12:00:00+00:00,6
53,81,998.46,2026-09-22 12:00:00+00:00,6
54,85,217.67,2025-12-20 12:00:00+00:00,6
55,86,217.68,2026-01-17 12:00:00+00:00,6
56,95,217.80,2026-01-22 12:00:00+00:00,3
57,87,217.69,2026-02-17 12:00:00+00:00,2
58,96,217.81,2026-02-21 12:00:00+00:00,1
59,88,217.70,2026-03-18 12:00:00+00:00,4
60,89,217.71,2026-04-17 12:00:00+00:00,4
61,90,217.73,2026-05-18 12:00:00+00:00,4
62,97,217.83,2026-05-22 12:00:00+00:00,4
63,91,217.74,2026-06-18 12:00:00+00:00,6
64,98,217.84,2026-06-21 12:00:00+00:00,5
65,92,217.75,2026-07-18 12:00:00+00:00,7
66,93,217.77,2026-08-19 12:00:00+00:00,2
67,99,217.86,2026-08-20 12:00:00+00:00,2
68,94,217.78,2026-09-17 12:00:00+00:00,3
69,100,217.88,2026-09-19 12:00:00+00:00,5
70,109,643.67,2026-07-14 12:00:00+00:00,2
71,110,643.69,2026-08-11 12:00:00+00:00,5
72,111,643.71,2026-09-10 12:00:00+00:00,5
73,145,644.91,2026-04-06 12:00:00+00:00,6
74,151,645.06,2026-04-10 12:00:00+00:00,2
75,146,644.93,2026-05-06 12:00:00+00:00,3
76,152,645.08,2026-05-10 12:00:00+00:00,4
77,147,644.95,2026-06-08 12:00:00+00:00,7
78,153,645.11,2026-06-09 12:00:00+00:00,5
79,148,644.98,2026-07-08 12:00:00+00:00,3
80,149,645.00,2026-08-04 12:00:00+00:00,3
81,154,645.14,2026-08-08 12:00:00+00:00,1
82,150,645.03,2026-09-07 12:00:00+00:00,7
83,181,1553.57,2025-11-13 12:00:00+00:00,5
84,192,1554.32,2025-11-13 12:00:00+00:00,1
85,182,1553.63,2025-12-10 12:00:00+00:00,4
86,183,1553.70,2026-01-10 12:00:00+00:00,1
87,184,1553.76,2026-02-06 12:00:00+00:00,6
88,193,1554.39,2026-02-11 12:00:00+00:00,7
89,185,1553.83,2026-03-13 12:00:00+00:00,2
90,186,1553.89,2026-04-08 12:00:00+00:00,1
91,194,1554.47,2026-04-12 12:00:00+00:00,4
92,187,1553.96,2026-05-11 12:00:00+00:00,1
93,188,1554.03,2026-06-09 12:00:00+00:00,6
94,189,1554.10,2026-07-06 12:00:00+00:00,3
95,195,1554.54,2026-07-11 12:00:00+00:00,5
96,190,1554.17,2026-08-08 12:00:00+00:00,4
97,196,1554.62,2026-08-10 12:00:00+00:00,4
98,191,1554.24,2026-09-05 12:00:00+00:00,5
99,197,1554.70,2026-09-09 12:00:00+00:00,5
100,199,2213.77,2026-06-08 12:00:00+00:00,1
101,203,2214.38,2026-06-09 12:00:00+00:00,6
102,200,2213.92,2026-07-08 12:00:00+00:00,1
103,204,2214.54,2026-07-09 12:00:00+00:00,7
104,201,2214.07,2026-08-04 12:00:00+00:00,3
105,205,2214.71,2026-08-08 12:00:00+00:00,5
106,202,2214.22,2026-09-03 12:00:00+00:00,1
107,217,1293.20,2026-05-06 12:00:00+00:00,5
108,218,1293.25,2026-06-06 12:00:00+00:00,7
109,222,1293.45,2026-06-10 12:00:00+00:00,7
110,219,1293.29,2026-07-05 12:00:00+00:00,7
111,220,1293.34,2026-08-05 12:00:00+00:00,2
112,221,1293.39,2026-09-06 12:00:00+00:00,2
113,253,761.92,2026-02-15 12:00:00+00:00,7
114,254,761.96,2026-03-17 12:00:00+00:00,6
115,255,762.00,2026-04-13 12:00:00+00:00,2
116,261,762.26,2026-04-17 12:00:00+00:00,5
117,256,762.04,2026-05-17 12:00:00+00:00,1
118,257,762.08,2026-06-15 12:00:00+00:00,4
119,258,762.12,2026-07-15 12:00:00+00:00,5
120,262,762.31,2026-07-16 12:00:00+00:00,5
121,259,762.17,2026-08-15 12:00:00+00:00,3
122,263,762.36,2026-08-15 12:00:00+00:00,3
123,260,762.22,2026-09-11 12:00:00+00:00,5
124,264,762.42,2026-09-14 12:00:00+00:00,1
125,277,1735.89,2026-05-12 12:00:00+00:00,7
126,282,1736.33,2026-05-14 12:00:00+00:00,3
127,278,1735.97,2026-06-08 12:00:00+00:00,5
128,283,1736.42,2026-06-13 12:00:00+00:00,2
129,279,1736.06,2026-07-10 12:00:00+00:00,5
130,280,1736.14,2026-08-11 12:00:00+00:00,2
131,284,1736.52,2026-08-12 12:00:00+00:00,3
132,281,1736.23,2026-09-07 12:00:00+00:00,5
133,301,2706.34,2025-12-18 12:00:00+00:00,6
134,302,2706.55,2026-01-24 12:00:00+00:00,6
135,303,2706.76,2026-03-02 12:00:00+00:00,1
136,304,2706.97,2026-03-28 12:00:00+00:00,1
137,305,2707.20,2026-04-19 12:00:00+00:00,2
138,306,2707.43,2026-05-22 12:00:00+00:00,4
139,307,2707.67,2026-06-22 12:00:00+00:00,4
140,308,2707.92,2026-07-17 12:00:00+00:00,4
141,309,2708.17,2026-08-19 12:00:00+00:00,2
142,313,1680.75,2026-05-24 12:00:00+00:00,3
143,318,1681.13,2026-05-24 12:00:00+00:00,5
144,314,1680.82,2026-06-21 12:00:00+00:00,3
145,319,1681.21,2026-06-23 12:00:00+00:00,4
146,315,1680.89,2026-07-22 12:00:00+00:00,4
147,316,1680.97,2026-08-19 12:00:00+00:00,5
148,320,1681.29,2026-08-22 12:00:00+00:00,5
149,317,1681.05,2026-09-16 12:00:00+00:00,6
150,321,1681.37,2026-09-21 12:00:00+00:00,4
151,331,719.15,2025-12-13 12:00:00+00:00,1
152,332,719.18,2026-01-13 12:00:00+00:00,7
153,333,719.21,2026-02-11 12:00:00+00:00,4
154,341,719.50,2026-02-12 12:00:00+00:00,2
155,334,719.25,2026-03-14 12:00:00+00:00,1
156,335,719.28,2026-04-11 12:00:00+00:00,1
157,336,719.32,2026-05-10 12:00:00+00:00,6
158,342,719.54,2026-05-13 12:00:00+00:00,5
159,337,719.35,2026-06-12 12:00:00+00:00,4
160,338,719.39,2026-07-12 12:00:00+00:00,3
161,343,719.58,2026-07-12 12:00:00+00:00,3
162,339,719.43,2026-08-06 12:00:00+00:00,2
163,344,719.62,2026-08-11 12:00:00+00:00,6
164,340,719.46,2026-09-10 12:00:00+00:00,3
165,355,3127.88,2026-04-19 12:00:00+00:00,2
166,361,3129.32,2026-04-19 12:00:00+00:00,4
167,356,3128.10,2026-05-19 12:00:00+00:00,3
168,357,3128.33,2026-06-13 12:00:00+00:00,7
169,362,3129.58,2026-06-18 12:00:00+00:00,3
170,358,3128.57,2026-07-13 12:00:00+00:00,7
171,359,3128.81,2026-08-15 12:00:00+00:00,5
172,360,3129.06,2026-09-12 12:00:00+00:00,5
173,363,3129.85,2026-09-16 12:00:00+00:00,4
174,367,2733.71,2026-03-10 12:00:00+00:00,4
175,368,2733.86,2026-04-08 12:00:00+00:00,2
176,374,2734.82,2026-04-12 12:00:00+00:00,7
177,369,2734.01,2026-05-08 12:00:00+00:00,4
178,375,2735.00,2026-05-12 12:00:00+00:00,1
179,370,2734.17,2026-06-08 12:00:00+00:00,6
180,376,2735.17,2026-06-11 12:00:00+00:00,1
181,371,2734.33,2026-07-09 12:00:00+00:00,1
182,377,2735.35,2026-07-11 12:00:00+00:00,1
183,372,2734.49,2026-08-07 12:00:00+00:00,4
184,373,2734.66,2026-09-08 12:00:00+00:00,7
185,378,2735.55,2026-09-09 12:00:00+00:00,1
186,379,661.97,2026-01-28 12:00:00+00:00,5
187,380,662.00,2026-02-24 12:00:00+00:00,4
188,388,662.27,2026-03-01 12:00:00+00:00,1
189,381,662.03,2026-03-28 12:00:00+00:00,7
190,389,662.31,2026-03-31 12:00:00+00:00,5
191,382,662.06,2026-04-29 12:00:00+00:00,1
192,390,662.35,2026-04-30 12:00:00+00:00,4
193,383,662.10,2026-05-27 12:00:00+00:00,5
194,391,662.38,2026-05-30 12:00:00+00:00,5
195,384,662.13,2026-06-29 12:00:00+00:00,3
196,385,662.16,2026-07-26 12:00:00+00:00,6
197,392,662.42,2026-07-29 12:00:00+00:00,4
198,386,662.20,2026-08-23 12:00:00+00:00,3
199,387,662.23,2026-09-24 12:00:00+00:00,6
200,393,662.46,2026-09-27 12:00:00+00:00,3
201,403,156.67,2026-01-05 12:00:00+00:00,7
202,412,156.73,2026-01-05 12:00:00+00:00,7
203,404,156.68,2026-02-02 12:00:00+00:00,5
204,413,156.74,2026-02-04 12:00:00+00:00,2
205,405,156.69,2026-03-01 12:00:00+00:00,7
206,406,156.69,2026-04-02 12:00:00+00:00,2
207,414,156.74,2026-04-05 12:00:00+00:00,7
208,407,156.70,2026-05-04 12:00:00+00:00,2
209,415,156.75,2026-05-05 12:00:00+00:00,7
210,408,156.70,2026-06-01 12:00:00+00:00,6
211,409,156.71,2026-07-04 12:00:00+00:00,1
212,416,156.76,2026-07-04 12:00:00+00:00,3
213,410,156.72,2026-07-29 12:00:00+00:00,2
214,417,156.76,2026-08-03 12:00:00+00:00,1
215,411,156.72,2026-08-31 12:00:00+00:00,6
216,439,784.63,2026-03-18 12:00:00+00:00,5
217,446,785.01,2026-03-19 12:00:00+00:00,4
218,440,784.68,2026-04-18 12:00:00+00:00,3
219,447,785.07,2026-04-18 12:00:00+00:00,4
220,441,784.73,2026-05-16 12:00:00+00:00,1
221,448,785.13,2026-05-18 12:00:00+00:00,4
222,442,784.78,2026-06-16 12:00:00+00:00,4
223,449,785.19,2026-06-17 12:00:00+00:00,1
224,443,784.84,2026-07-15 12:00:00+00:00,4
225,444,784.89,2026-08-14 12:00:00+00:00,3
226,450,785.26,2026-08-16 12:00:00+00:00,5
227,445,784.95,2026-09-14 12:00:00+00:00,4
228,457,3250.72,2026-01-14 12:00:00+00:00,6
229,458,3250.86,2026-02-14 12:00:00+00:00,2
230,459,3250.99,2026-03-21 12:00:00+00:00,6
231,460,3251.13,2026-04-19 12:00:00+00:00,7
232,461,3251.27,2026-05-23 12:00:00+00:00,6
233,462,3251.42,2026-06-11 12:00:00+00:00,3
234,463,3251.56,2026-07-17 12:00:00+00:00,6
235,464,3251.71,2026-08-23 12:00:00+00:00,4
236,469,1169.61,2026-02-01 12:00:00+00:00,3
237,470,1169.67,2026-03-02 12:00:00+00:00,1
238,471,1169.73,2026-03-25 12:00:00+00:00,5
239,472,1169.79,2026-04-23 12:00:00+00:00,5
240,473,1169.85,2026-05-29 12:00:00+00:00,2
241,474,1169.92,2026-07-03 12:00:00+00:00,2
242,475,1169.99,2026-07-25 12:00:00+00:00,5
243,476,1170.06,2026-09-01 12:00:00+00:00,6
244,493,714.74,2026-06-12 12:00:00+00:00,3
245,494,714.77,2026-07-12 12:00:00+00:00,2
246,497,714.89,2026-07-15 12:00:00+00:00,7
247,495,714.81,2026-08-14 12:00:00+00:00,1
248,496,714.85,2026-09-12 12:00:00+00:00,7
249,498,714.93,2026-09-13 12:00:00+00:00,1
250,517,2312.45,2026-01-01 12:00:00+00:00,2
251,518,2312.59,2026-02-10 12:00:00+00:00,2
252,519,2312.74,2026-03-14 12:00:00+00:00,3
253,520,2312.89,2026-04-14 12:00:00+00:00,6
254,521,2313.05,2026-05-05 12:00:00+00:00,6
255,522,2313.22,2026-05-29 12:00:00+00:00,5
256,523,2313.38,2026-07-11 12:00:00+00:00,4
257,524,2313.56,2026-07-29 12:00:00+00:00,6
258,525,2313.74,2026-08-27 12:00:00+00:00,3
259,535,2983.42,2025-12-31 12:00:00+00:00,6
260,536,2983.57,2026-02-01 12:00:00+00:00,4
261,537,2983.72,2026-03-01 12:00:00+00:00,7
262,538,2983.87,2026-04-03 12:00:00+00:00,6
263,544,2984.82,2026-04-04 12:00:00+00:00,4
264,539,2984.02,2026-05-01 12:00:00+00:00,7
265,545,2984.99,2026-05-04 12:00:00+00:00,4
266,540,2984.17,2026-06-01 12:00:00+00:00,4
267,541,2984.33,2026-06-28 12:00:00+00:00,7
268,546,2985.16,2026-07-03 12:00:00+00:00,1
269,542,2984.49,2026-07-28 12:00:00+00:00,4
270,543,2984.66,2026-08-27 12:00:00+00:00,2
271,547,717.60,2026-03-05 12:00:00+00:00,4
272,554,717.84,2026-03-06 12:00:00+00:00,6
273,548,717.63,2026-04-01 12:00:00+00:00,3
274,549,717.66,2026-05-02 12:00:00+00:00,3
275,550,717.70,2026-05-30 12:00:00+00:00,4
276,551,717.73,2026-06-29 12:00:00+00:00,7
277,552,717.77,2026-07-31 12:00:00+00:00,3
278,553,717.80,2026-09-01 12:00:00+00:00,2
279,555,717.87,2026-09-02 12:00:00+00:00,5
280,559,849.76,2026-03-18 12:00:00+00:00,3
281,566,849.94,2026-03-18 12:00:00+00:00,7
282,560,849.78,2026-04-13 12:00:00+00:00,4
283,567,849.97,2026-04-17 12:00:00+00:00,1
284,561,849.81,2026-05-15 12:00:00+00:00,1
285,568,850.00,2026-05-17 12:00:00+00:00,2
286,562,849.83,2026-06-12 12:00:00+00:00,3
287,563,849.86,2026-07-14 12:00:00+00:00,4
288,569,850.03,2026-07-16 12:00:00+00:00,6
289,564,849.89,2026-08-13 12:00:00+00:00,4
290,565,849.92,2026-09-13 12:00:00+00:00,3
291,570,850.06,2026-09-14 12:00:00+00:00,4
292,595,1655.23,2026-01-25 12:00:00+00:00,5
293,596,1655.33,2026-02-19 12:00:00+00:00,7
294,597,1655.43,2026-04-01 12:00:00+00:00,2
295,598,1655.54,2026-04-24 12:00:00+00:00,4
296,599,1655.65,2026-05-24 12:00:00+00:00,7
297,600,1655.76,2026-06-29 12:00:00+00:00,2
298,601,1655.88,2026-07-19 12:00:00+00:00,4
299,602,1656.00,2026-08-22 12:00:00+00:00,5
300,613,439.31,2026-07-21 12:00:00+00:00,6
301,616,439.38,2026-07-23 12:00:00+00:00,7
302,614,439.33,2026-08-19 12:00:00+00:00,6
303,617,439.41,2026-08-22 12:00:00+00:00,7
304,615,439.36,2026-09-16 12:00:00+00:00,7
305,631,2148.37,2026-03-05 12:00:00+00:00,3
306,638,2149.41,2026-03-06 12:00:00+00:00,6
307,632,2148.50,2026-04-04 12:00:00+00:00,2
308,633,2148.64,2026-05-01 12:00:00+00:00,1
309,634,2148.79,2026-06-04 12:00:00+00:00,5
310,635,2148.93,2026-06-30 12:00:00+00:00,3
311,636,2149.09,2026-08-03 12:00:00+00:00,2
312,637,2149.25,2026-08-29 12:00:00+00:00,7
313,639,2149.58,2026-09-02 12:00:00+00:00,3
314,649,2374.50,2026-03-13 12:00:00+00:00,6
315,650,2374.64,2026-04-14 12:00:00+00:00,2
316,656,2375.60,2026-04-14 12:00:00+00:00,7
317,651,2374.79,2026-05-12 12:00:00+00:00,7
318,657,2375.77,2026-05-14 12:00:00+00:00,6
319,652,2374.94,2026-06-08 12:00:00+00:00,4
320,658,2375.95,2026-06-13 12:00:00+00:00,7
321,653,2375.10,2026-07-12 12:00:00+00:00,6
322,659,2376.14,2026-07-13 12:00:00+00:00,1
323,654,2375.26,2026-08-10 12:00:00+00:00,6
324,660,2376.33,2026-08-12 12:00:00+00:00,2
325,655,2375.43,2026-09-09 12:00:00+00:00,6
326,661,2376.53,2026-09-11 12:00:00+00:00,5
327,667,957.45,2026-03-08 12:00:00+00:00,5
328,674,957.70,2026-03-11 12:00:00+00:00,1
329,668,957.49,2026-04-05 12:00:00+00:00,4
330,675,957.74,2026-04-10 12:00:00+00:00,2
331,669,957.52,2026-05-05 12:00:00+00:00,1
332,676,957.78,2026-05-10 12:00:00+00:00,1
333,670,957.56,2026-06-09 12:00:00+00:00,6
334,677,957.82,2026-06-09 12:00:00+00:00,2
335,671,957.59,2026-07-04 12:00:00+00:00,3
336,672,957.63,2026-08-05 12:00:00+00:00,1
337,678,957.86,2026-08-08 12:00:00+00:00,7
338,673,957.66,2026-09-02 12:00:00+00:00,3
339,679,957.90,2026-09-07 12:00:00+00:00,2
340,691,3086.23,2025-12-08 12:00:00+00:00,1
341,701,3087.70,2025-12-11 12:00:00+00:00,1
342,692,3086.36,2026-01-08 12:00:00+00:00,7
343,693,3086.50,2026-02-09 12:00:00+00:00,4
344,702,3087.85,2026-02-09 12:00:00+00:00,5
345,694,3086.64,2026-03-06 12:00:00+00:00,1
346,695,3086.79,2026-04-10 12:00:00+00:00,5
347,696,3086.93,2026-05-07 12:00:00+00:00,1
348,697,3087.08,2026-06-07 12:00:00+00:00,3
349,698,3087.23,2026-07-08 12:00:00+00:00,7
350,699,3087.39,2026-08-06 12:00:00+00:00,2
351,700,3087.54,2026-09-02 12:00:00+00:00,5
352,703,1268.85,2026-05-02 12:00:00+00:00,4
353,704,1268.95,2026-05-29 12:00:00+00:00,7
354,709,1269.48,2026-06-01 12:00:00+00:00,6
355,705,1269.05,2026-07-01 12:00:00+00:00,6
356,710,1269.60,2026-07-01 12:00:00+00:00,2
357,706,1269.15,2026-07-31 12:00:00+00:00,1
358,707,1269.26,2026-08-25 12:00:00+00:00,3
359,711,1269.72,2026-08-30 12:00:00+00:00,7
360,708,1269.37,2026-09-24 12:00:00+00:00,7
361,712,1269.84,2026-09-29 12:00:00+00:00,7
362,715,1188.37,2025-11-10 12:00:00+00:00,4
363,716,1188.44,2025-12-08 12:00:00+00:00,7
364,726,1189.08,2025-12-13 12:00:00+00:00,7
365,717,1188.50,2026-01-09 12:00:00+00:00,1
366,718,1188.57,2026-02-07 12:00:00+00:00,1
367,719,1188.64,2026-03-09 12:00:00+00:00,3
368,720,1188.71,2026-04-11 12:00:00+00:00,6
369,721,1188.78,2026-05-09 12:00:00+00:00,3
370,722,1188.85,2026-06-06 12:00:00+00:00,2
371,723,1188.92,2026-07-08 12:00:00+00:00,4
372,724,1189.00,2026-08-09 12:00:00+00:00,7
373,725,1189.07,2026-09-06 12:00:00+00:00,4
374,727,169.10,2026-04-20 12:00:00+00:00,7
375,728,169.11,2026-05-17 12:00:00+00:00,3
376,733,169.15,2026-05-20 12:00:00+00:00,6
377,729,169.12,2026-06-19 12:00:00+00:00,1
378,730,169.12,2026-07-15 12:00:00+00:00,6
379,734,169.16,2026-07-19 12:00:00+00:00,5
380,731,169.13,2026-08-15 12:00:00+00:00,3
381,735,169.17,2026-08-18 12:00:00+00:00,4
382,732,169.14,2026-09-13 12:00:00+00:00,2
383,751,598.22,2025-12-13 12:00:00+00:00,5
384,752,598.25,2026-01-11 12:00:00+00:00,7
385,761,598.56,2026-01-16 12:00:00+00:00,3
386,753,598.28,2026-02-15 12:00:00+00:00,1
387,754,598.31,2026-03-15 12:00:00+00:00,6
388,755,598.34,2026-04-13 12:00:00+00:00,2
389,762,598.60,2026-04-16 12:00:00+00:00,1
390,756,598.38,2026-05-14 12:00:00+00:00,1
391,757,598.41,2026-06-15 12:00:00+00:00,4
392,758,598.45,2026-07-11 12:00:00+00:00,4
393,759,598.49,2026-08-14 12:00:00+00:00,3
394,763,598.64,2026-08-14 12:00:00+00:00,4
395,760,598.52,2026-09-10 12:00:00+00:00,3
396,769,303.02,2026-02-15 12:00:00+00:00,1
397,770,303.04,2026-03-19 12:00:00+00:00,6
398,771,303.05,2026-04-03 12:00:00+00:00,6
399,772,303.07,2026-05-03 12:00:00+00:00,3
400,773,303.08,2026-06-12 12:00:00+00:00,6
401,774,303.10,2026-07-11 12:00:00+00:00,6
402,775,303.12,2026-08-08 12:00:00+00:00,5
403,777,303.15,2026-10-27 12:00:00+00:00,7
404,793,1825.81,2026-01-13 12:00:00+00:00,3
405,794,1825.90,2026-02-15 12:00:00+00:00,7
406,795,1825.99,2026-03-14 12:00:00+00:00,1
407,796,1826.08,2026-04-15 12:00:00+00:00,6
408,802,1826.69,2026-04-17 12:00:00+00:00,3
409,797,1826.18,2026-05-17 12:00:00+00:00,7
410,798,1826.28,2026-06-13 12:00:00+00:00,1
411,803,1826.80,2026-06-16 12:00:00+00:00,2
412,799,1826.38,2026-07-15 12:00:00+00:00,3
413,804,1826.92,2026-07-16 12:00:00+00:00,5
414,800,1826.48,2026-08-14 12:00:00+00:00,5
415,805,1827.03,2026-08-15 12:00:00+00:00,1
416,801,1826.58,2026-09-11 12:00:00+00:00,5
417,817,1468.90,2026-02-17 12:00:00+00:00,6
418,825,1469.62,2026-02-22 12:00:00+00:00,6
419,818,1468.99,2026-03-19 12:00:00+00:00,2
420,826,1469.72,2026-03-24 12:00:00+00:00,6
421,819,1469.07,2026-04-21 12:00:00+00:00,3
422,827,1469.82,2026-04-23 12:00:00+00:00,6
423,820,1469.16,2026-05-19 12:00:00+00:00,5
424,828,1469.93,2026-05-23 12:00:00+00:00,2
425,821,1469.24,2026-06-18 12:00:00+00:00,4
426,822,1469.34,2026-07-18 12:00:00+00:00,7
427,829,1470.04,2026-07-22 12:00:00+00:00,4
428,823,1469.43,2026-08-16 12:00:00+00:00,6
429,830,1470.15,2026-08-21 12:00:00+00:00,1
430,824,1469.52,2026-09-17 12:00:00+00:00,7
431,831,1470.26,2026-09-20 12:00:00+00:00,7
432,835,1405.82,2026-08-09 12:00:00+00:00,6
433,837,1406.00,2026-10-21 12:00:00+00:00,7
434,853,2166.14,2026-06-21 12:00:00+00:00,3
435,857,2166.63,2026-06-26 12:00:00+00:00,7
436,854,2166.26,2026-07-24 12:00:00+00:00,7
437,855,2166.38,2026-08-24 12:00:00+00:00,1
438,858,2166.75,2026-08-25 12:00:00+00:00,7
439,856,2166.50,2026-09-22 12:00:00+00:00,1
440,865,1861.63,2026-06-16 12:00:00+00:00,1
441,866,1861.72,2026-07-12 12:00:00+00:00,3
442,869,1862.01,2026-07-16 12:00:00+00:00,1
443,867,1861.81,2026-08-11 12:00:00+00:00,2
444,870,1862.11,2026-08-15 12:00:00+00:00,6
445,868,1861.91,2026-09-11 12:00:00+00:00,3
446,871,1862.22,2026-09-14 12:00:00+00:00,2
447,889,676.31,2025-11-26 12:00:00+00:00,3
448,890,676.34,2025-12-25 12:00:00+00:00,1
449,900,676.62,2025-12-27 12:00:00+00:00,6
450,891,676.36,2026-01-24 12:00:00+00:00,4
451,892,676.39,2026-02-24 12:00:00+00:00,3
452,893,676.42,2026-03-27 12:00:00+00:00,6
453,894,676.45,2026-04-26 12:00:00+00:00,4
454,895,676.47,2026-05-21 12:00:00+00:00,6
455,901,676.65,2026-05-26 12:00:00+00:00,1
456,896,676.50,2026-06-25 12:00:00+00:00,6
457,897,676.53,2026-07-23 12:00:00+00:00,5
458,898,676.56,2026-08-20 12:00:00+00:00,3
459,899,676.59,2026-09-20 12:00:00+00:00,7
460,902,676.69,2026-09-23 12:00:00+00:00,4
461,907,3185.45,2026-03-27 12:00:00+00:00,4
462,908,3185.59,2026-04-12 12:00:00+00:00,1
463,909,3185.74,2026-05-14 12:00:00+00:00,6
464,910,3185.88,2026-06-15 12:00:00+00:00,7
465,911,3186.03,2026-07-25 12:00:00+00:00,2
466,912,3186.18,2026-08-13 12:00:00+00:00,7
467,919,1752.98,2026-07-30 12:00:00+00:00,7
468,921,1753.17,2026-08-02 12:00:00+00:00,7
469,920,1753.07,2026-09-01 12:00:00+00:00,3
470,943,1647.09,2026-04-26 12:00:00+00:00,5
471,949,1647.65,2026-04-27 12:00:00+00:00,1
472,944,1647.18,2026-05-26 12:00:00+00:00,5
473,950,1647.75,2026-05-27 12:00:00+00:00,3
474,945,1647.27,2026-06-22 12:00:00+00:00,3
475,946,1647.36,2026-07-24 12:00:00+00:00,5
476,951,1647.85,2026-07-26 12:00:00+00:00,2
477,947,1647.45,2026-08-20 12:00:00+00:00,3
478,948,1647.55,2026-09-23 12:00:00+00:00,3
479,952,1647.95,2026-09-24 12:00:00+00:00,7
480,961,1260.57,2026-03-23 12:00:00+00:00,1
481,968,1260.91,2026-03-26 12:00:00+00:00,5
482,962,1260.61,2026-04-20 12:00:00+00:00,6
483,963,1260.66,2026-05-25 12:00:00+00:00,4
484,964,1260.71,2026-06-22 12:00:00+00:00,4
485,965,1260.76,2026-07-23 12:00:00+00:00,2
486,969,1260.96,2026-07-24 12:00:00+00:00,3
487,966,1260.81,2026-08-22 12:00:00+00:00,4
488,967,1260.86,2026-09-17 12:00:00+00:00,6
489,985,1549.10,2026-05-25 12:00:00+00:00,2
490,986,1549.19,2026-06-22 12:00:00+00:00,2
491,987,1549.27,2026-07-21 12:00:00+00:00,4
492,990,1549.53,2026-07-26 12:00:00+00:00,6
493,988,1549.35,2026-08-23 12:00:00+00:00,3
494,989,1549.44,2026-09-19 12:00:00+00:00,5
495,991,1549.63,2026-09-24 12:00:00+00:00,3
496,1009,974.07,2026-02-10 12:00:00+00:00,4
497,1017,974.33,2026-02-15 12:00:00+00:00,6
498,1010,974.10,2026-03-13 12:00:00+00:00,7
499,1011,974.13,2026-04-15 12:00:00+00:00,5
500,1018,974.37,2026-04-16 12:00:00+00:00,5
501,1012,974.16,2026-05-16 12:00:00+00:00,3
502,1013,974.20,2026-06-14 12:00:00+00:00,5
503,1014,974.23,2026-07-12 12:00:00+00:00,3
504,1019,974.40,2026-07-15 12:00:00+00:00,4
505,1015,974.26,2026-08-12 12:00:00+00:00,3
506,1020,974.44,2026-08-14 12:00:00+00:00,3
507,1016,974.30,2026-09-08 12:00:00+00:00,6
508,1021,974.47,2026-09-13 12:00:00+00:00,5
509,1045,538.87,2026-05-15 12:00:00+00:00,6
510,1046,538.90,2026-06-12 12:00:00+00:00,3
511,1050,539.01,2026-06-16 12:00:00+00:00,4
512,1047,538.92,2026-07-13 12:00:00+00:00,1
513,1048,538.95,2026-08-12 12:00:00+00:00,7
514,1051,539.04,2026-08-15 12:00:00+00:00,6
515,1049,538.98,2026-09-13 12:00:00+00:00,3
516,1052,539.08,2026-09-14 12:00:00+00:00,5
517,1069,2269.81,2026-07-10 12:00:00+00:00,6
518,1072,2270.15,2026-07-10 12:00:00+00:00,5
519,1070,2269.92,2026-08-04 12:00:00+00:00,4
520,1073,2270.26,2026-08-09 12:00:00+00:00,6
521,1071,2270.03,2026-09-03 12:00:00+00:00,4
522,1074,2270.38,2026-09-08 12:00:00+00:00,6
523,1081,1599.17,2026-07-09 12:00:00+00:00,4
524,1082,1599.23,2026-08-06 12:00:00+00:00,1
525,1084,1599.37,2026-10-09 12:00:00+00:00,5
526,1093,405.13,2026-05-23 12:00:00+00:00,1
527,1098,405.27,2026-05-23 12:00:00+00:00,1
528,1094,405.15,2026-06-19 12:00:00+00:00,4
529,1099,405.30,2026-06-22 12:00:00+00:00,2
530,1095,405.18,2026-07-22 12:00:00+00:00,4
531,1100,405.33,2026-07-22 12:00:00+00:00,3
532,1096,405.21,2026-08-16 12:00:00+00:00,3
533,1097,405.24,2026-09-19 12:00:00+00:00,6
534,1111,3173.02,2026-06-21 12:00:00+00:00,2
535,1112,3173.22,2026-07-24 12:00:00+00:00,1
536,1115,3173.82,2026-07-26 12:00:00+00:00,2
537,1113,3173.41,2026-08-20 12:00:00+00:00,7
538,1114,3173.61,2026-09-23 12:00:00+00:00,5
539,1116,3174.02,2026-09-24 12:00:00+00:00,6
540,1123,344.42,2026-07-14 12:00:00+00:00,2
541,1126,344.46,2026-07-14 12:00:00+00:00,5
542,1124,344.43,2026-08-09 12:00:00+00:00,2
543,1127,344.47,2026-08-13 12:00:00+00:00,2
544,1125,344.45,2026-09-12 12:00:00+00:00,1
545,1128,344.49,2026-09-12 12:00:00+00:00,2
546,1147,1175.95,2026-05-12 12:00:00+00:00,7
547,1152,1176.26,2026-05-12 12:00:00+00:00,5
548,1148,1176.01,2026-06-09 12:00:00+00:00,1
549,1153,1176.33,2026-06-11 12:00:00+00:00,3
550,1149,1176.07,2026-07-07 12:00:00+00:00,6
551,1154,1176.40,2026-07-11 12:00:00+00:00,3
552,1150,1176.13,2026-08-06 12:00:00+00:00,4
553,1155,1176.47,2026-08-10 12:00:00+00:00,6
554,1151,1176.19,2026-09-09 12:00:00+00:00,2
555,1156,1176.54,2026-09-09 12:00:00+00:00,6
556,1171,682.34,2026-03-15 12:00:00+00:00,6
557,1172,682.37,2026-04-18 12:00:00+00:00,3
558,1173,682.41,2026-05-16 12:00:00+00:00,2
559,1178,682.59,2026-05-18 12:00:00+00:00,3
560,1174,682.44,2026-06-15 12:00:00+00:00,6
561,1175,682.48,2026-07-15 12:00:00+00:00,5
562,1179,682.63,2026-07-17 12:00:00+00:00,5
563,1176,682.51,2026-08-14 12:00:00+00:00,3
564,1180,682.67,2026-08-16 12:00:00+00:00,6
565,1177,682.55,2026-09-12 12:00:00+00:00,4
566,1189,1665.13,2026-08-05 12:00:00+00:00,1
567,1191,1665.35,2026-10-30 12:00:00+00:00,2
568,1207,2572.82,2025-12-22 12:00:00+00:00,6
569,1217,2574.23,2025-12-23 12:00:00+00:00,1
570,1208,2572.95,2026-01-18 12:00:00+00:00,6
571,1218,2574.33,2026-01-22 12:00:00+00:00,5
572,1209,2573.08,2026-02-17 12:00:00+00:00,2
573,1210,2573.22,2026-03-20 12:00:00+00:00,1
574,1211,2573.35,2026-04-21 12:00:00+00:00,4
575,1212,2573.49,2026-05-21 12:00:00+00:00,6
576,1213,2573.63,2026-06-16 12:00:00+00:00,5
577,1214,2573.78,2026-07-17 12:00:00+00:00,7
578,1215,2573.92,2026-08-16 12:00:00+00:00,7
579,1216,2574.07,2026-09-18 12:00:00+00:00,6
580,1219,2793.04,2026-07-25 12:00:00+00:00,4
581,1222,2793.54,2026-07-27 12:00:00+00:00,2
582,1220,2793.20,2026-08-21 12:00:00+00:00,7
583,1223,2793.71,2026-08-26 12:00:00+00:00,1
584,1221,2793.37,2026-09-21 12:00:00+00:00,3
585,1237,2025.23,2025-11-13 12:00:00+00:00,7
586,1248,2026.51,2025-11-18 12:00:00+00:00,2
587,1238,2025.33,2025-12-15 12:00:00+00:00,1
588,1239,2025.44,2026-01-13 12:00:00+00:00,3
589,1240,2025.55,2026-02-13 12:00:00+00:00,4
590,1241,2025.66,2026-03-17 12:00:00+00:00,1
591,1242,2025.78,2026-04-15 12:00:00+00:00,2
592,1243,2025.89,2026-05-13 12:00:00+00:00,5
593,1244,2026.01,2026-06-13 12:00:00+00:00,5
594,1245,2026.13,2026-07-14 12:00:00+00:00,1
595,1246,2026.26,2026-08-15 12:00:00+00:00,3
596,1247,2026.38,2026-09-14 12:00:00+00:00,5
597,1249,1526.44,2026-06-08 12:00:00+00:00,4
598,1253,1526.73,2026-06-11 12:00:00+00:00,1
599,1250,1526.51,2026-07-07 12:00:00+00:00,4
600,1251,1526.58,2026-08-05 12:00:00+00:00,5
601,1252,1526.66,2026-09-08 12:00:00+00:00,3
602,1273,727.92,2026-04-18 12:00:00+00:00,4
603,1274,727.96,2026-05-16 12:00:00+00:00,6
604,1275,727.99,2026-06-19 12:00:00+00:00,7
605,1276,728.03,2026-07-18 12:00:00+00:00,2
606,1279,728.14,2026-07-19 12:00:00+00:00,1
607,1277,728.07,2026-08-16 12:00:00+00:00,2
608,1278,728.10,2026-09-13 12:00:00+00:00,5
609,1280,728.18,2026-09-17 12:00:00+00:00,2
610,1285,516.74,2026-05-03 12:00:00+00:00,6
611,1286,516.76,2026-06-05 12:00:00+00:00,3
612,1290,516.86,2026-06-06 12:00:00+00:00,4
613,1287,516.79,2026-07-04 12:00:00+00:00,7
614,1291,516.88,2026-07-06 12:00:00+00:00,3
615,1288,516.81,2026-08-04 12:00:00+00:00,1
616,1289,516.83,2026-08-30 12:00:00+00:00,3
617,1292,516.90,2026-09-04 12:00:00+00:00,1
618,1297,1416.85,2026-06-24 12:00:00+00:00,4
619,1301,1417.10,2026-06-25 12:00:00+00:00,3
620,1298,1416.91,2026-07-25 12:00:00+00:00,3
621,1302,1417.17,2026-07-25 12:00:00+00:00,3
622,1299,1416.98,2026-08-22 12:00:00+00:00,7
623,1300,1417.04,2026-09-18 12:00:00+00:00,1
624,1303,1417.24,2026-09-23 12:00:00+00:00,2
625,1321,2066.76,2026-04-06 12:00:00+00:00,4
626,1322,2066.88,2026-05-03 12:00:00+00:00,1
627,1323,2067.01,2026-05-30 12:00:00+00:00,4
628,1324,2067.14,2026-07-05 12:00:00+00:00,6
629,1325,2067.27,2026-07-27 12:00:00+00:00,3
630,1326,2067.40,2026-08-25 12:00:00+00:00,7
631,1333,590.00,2025-11-03 12:00:00+00:00,6
632,1344,590.27,2025-11-07 12:00:00+00:00,5
633,1334,590.02,2025-12-06 12:00:00+00:00,5
634,1335,590.04,2026-01-06 12:00:00+00:00,4
635,1345,590.30,2026-01-06 12:00:00+00:00,3
636,1336,590.07,2026-02-01 12:00:00+00:00,1
637,1346,590.33,2026-02-05 12:00:00+00:00,5
638,1337,590.09,2026-03-03 12:00:00+00:00,4
639,1347,590.36,2026-03-07 12:00:00+00:00,5
640,1338,590.11,2026-04-02 12:00:00+00:00,7
641,1339,590.14,2026-05-05 12:00:00+00:00,4
642,1348,590.39,2026-05-06 12:00:00+00:00,2
643,1340,590.16,2026-06-02 12:00:00+00:00,3
644,1341,590.19,2026-07-04 12:00:00+00:00,3
645,1342,590.22,2026-08-04 12:00:00+00:00,2
646,1343,590.24,2026-09-03 12:00:00+00:00,1
647,1349,590.42,2026-09-03 12:00:00+00:00,1
648,1369,1312.11,2026-03-27 12:00:00+00:00,7
649,1370,1312.15,2026-04-29 12:00:00+00:00,3
650,1376,1312.47,2026-04-29 12:00:00+00:00,3
651,1371,1312.20,2026-05-29 12:00:00+00:00,1
652,1377,1312.52,2026-05-29 12:00:00+00:00,1
653,1372,1312.25,2026-06-27 12:00:00+00:00,3
654,1378,1312.58,2026-06-28 12:00:00+00:00,5
655,1373,1312.30,2026-07-25 12:00:00+00:00,1
656,1379,1312.64,2026-07-28 12:00:00+00:00,5
657,1374,1312.36,2026-08-27 12:00:00+00:00,4
658,1380,1312.71,2026-08-27 12:00:00+00:00,3
659,1375,1312.41,2026-09-24 12:00:00+00:00,6
660,1405,1023.25,2026-04-02 12:00:00+00:00,5
661,1411,1023.59,2026-04-04 12:00:00+00:00,4
662,1406,1023.30,2026-04-29 12:00:00+00:00,4
663,1412,1023.65,2026-05-04 12:00:00+00:00,3
664,1407,1023.35,2026-05-30 12:00:00+00:00,7
665,1413,1023.71,2026-06-03 12:00:00+00:00,1
666,1408,1023.41,2026-07-01 12:00:00+00:00,3
667,1409,1023.47,2026-08-02 12:00:00+00:00,1
668,1414,1023.78,2026-08-02 12:00:00+00:00,7
669,1410,1023.53,2026-08-31 12:00:00+00:00,6
670,1415,1023.85,2026-09-01 12:00:00+00:00,5
671,1429,413.14,2026-05-25 12:00:00+00:00,6
672,1434,413.22,2026-05-29 12:00:00+00:00,5
673,1430,413.16,2026-06-24 12:00:00+00:00,3
674,1435,413.23,2026-06-28 12:00:00+00:00,1
675,1431,413.17,2026-07-26 12:00:00+00:00,4
676,1432,413.19,2026-08-24 12:00:00+00:00,2
677,1436,413.25,2026-08-27 12:00:00+00:00,2
678,1433,413.20,2026-09-23 12:00:00+00:00,2
679,1453,2669.32,2026-06-23 12:00:00+00:00,6
680,1454,2669.52,2026-07-26 12:00:00+00:00,5
681,1455,2669.74,2026-08-22 12:00:00+00:00,2
682,1457,2670.19,2026-08-25 12:00:00+00:00,7
683,1456,2669.96,2026-09-23 12:00:00+00:00,7
684,1465,406.47,2026-08-01 12:00:00+00:00,6
685,1467,406.50,2026-08-04 12:00:00+00:00,4
686,1466,406.49,2026-08-30 12:00:00+00:00,4
687,1468,406.52,2026-09-03 12:00:00+00:00,3
688,1483,449.77,2026-04-15 12:00:00+00:00,7
689,1484,449.78,2026-05-17 12:00:00+00:00,1
690,1489,449.88,2026-05-20 12:00:00+00:00,3
691,1485,449.80,2026-06-14 12:00:00+00:00,2
692,1490,449.90,2026-06-19 12:00:00+00:00,1
693,1486,449.82,2026-07-15 12:00:00+00:00,1
694,1487,449.84,2026-08-18 12:00:00+00:00,4
695,1488,449.86,2026-09-17 12:00:00+00:00,2
696,1501,1361.73,2026-06-05 12:00:00+00:00,2
697,1502,1361.79,2026-07-05 12:00:00+00:00,4
698,1505,1361.99,2026-07-07 12:00:00+00:00,3
699,1503,1361.86,2026-08-06 12:00:00+00:00,7
700,1504,1361.92,2026-09-05 12:00:00+00:00,3
701,1506,1362.06,2026-09-05 12:00:00+00:00,3
702,1525,2584.83,2026-01-04 12:00:00+00:00,4
703,1534,2586.52,2026-01-04 12:00:00+00:00,4
704,1526,2585.00,2026-01-29 12:00:00+00:00,5
705,1535,2586.73,2026-02-03 12:00:00+00:00,7
706,1527,2585.18,2026-03-05 12:00:00+00:00,7
707,1536,2586.97,2026-03-05 12:00:00+00:00,1
708,1528,2585.35,2026-03-30 12:00:00+00:00,4
709,1529,2585.54,2026-05-03 12:00:00+00:00,6
710,1530,2585.72,2026-06-02 12:00:00+00:00,6
711,1531,2585.92,2026-07-03 12:00:00+00:00,5
712,1532,2586.11,2026-08-02 12:00:00+00:00,1
713,1533,2586.31,2026-08-27 12:00:00+00:00,3
714,1537,1627.26,2026-07-05 12:00:00+00:00,7
715,1540,1627.56,2026-07-05 12:00:00+00:00,4
716,1538,1627.36,2026-08-01 12:00:00+00:00,5
717,1541,1627.67,2026-08-04 12:00:00+00:00,4
718,1539,1627.46,2026-09-02 12:00:00+00:00,3
719,1549,1931.82,2026-02-19 12:00:00+00:00,2
720,1557,1932.43,2026-02-24 12:00:00+00:00,7
721,1550,1931.89,2026-03-21 12:00:00+00:00,6
722,1558,1932.51,2026-03-26 12:00:00+00:00,1
723,1551,1931.97,2026-04-20 12:00:00+00:00,2
724,1559,1932.60,2026-04-25 12:00:00+00:00,4
725,1552,1932.04,2026-05-22 12:00:00+00:00,5
726,1553,1932.12,2026-06-23 12:00:00+00:00,2
727,1554,1932.19,2026-07-23 12:00:00+00:00,1
728,1555,1932.27,2026-08-22 12:00:00+00:00,5
729,1556,1932.35,2026-09-21 12:00:00+00:00,7
730,1560,1932.68,2026-09-22 12:00:00+00:00,4
731,1567,1807.30,2026-01-14 12:00:00+00:00,5
732,1576,1808.59,2026-01-14 12:00:00+00:00,3
733,1568,1807.43,2026-02-10 12:00:00+00:00,6
734,1569,1807.56,2026-03-11 12:00:00+00:00,4
735,1577,1808.76,2026-03-15 12:00:00+00:00,1
736,1570,1807.70,2026-04-12 12:00:00+00:00,3
737,1578,1808.96,2026-04-14 12:00:00+00:00,2
738,1571,1807.83,2026-05-14 12:00:00+00:00,4
739,1572,1807.98,2026-06-12 12:00:00+00:00,4
740,1573,1808.12,2026-07-08 12:00:00+00:00,6
741,1574,1808.28,2026-08-12 12:00:00+00:00,6
742,1575,1808.43,2026-09-11 12:00:00+00:00,2
743,1579,236.32,2026-03-15 12:00:00+00:00,5
744,1586,236.41,2026-03-15 12:00:00+00:00,7
745,1580,236.33,2026-04-14 12:00:00+00:00,7
746,1581,236.34,2026-05-12 12:00:00+00:00,7
747,1587,236.43,2026-05-14 12:00:00+00:00,1
748,1582,236.36,2026-06-09 12:00:00+00:00,6
749,1588,236.44,2026-06-13 12:00:00+00:00,7
750,1583,236.37,2026-07-08 12:00:00+00:00,2
751,1584,236.39,2026-08-10 12:00:00+00:00,4
752,1585,236.40,2026-09-08 12:00:00+00:00,7
753,1597,1413.59,2026-02-05 12:00:00+00:00,2
754,1605,1414.15,2026-02-08 12:00:00+00:00,7
755,1598,1413.66,2026-03-08 12:00:00+00:00,5
756,1606,1414.22,2026-03-10 12:00:00+00:00,7
757,1599,1413.72,2026-04-05 12:00:00+00:00,3
758,1607,1414.30,2026-04-09 12:00:00+00:00,2
759,1600,1413.79,2026-05-08 12:00:00+00:00,2
760,1608,1414.38,2026-05-09 12:00:00+00:00,5
761,1601,1413.86,2026-06-04 12:00:00+00:00,7
762,1609,1414.46,2026-06-08 12:00:00+00:00,5
763,1602,1413.93,2026-07-05 12:00:00+00:00,2
764,1610,1414.54,2026-07-08 12:00:00+00:00,5
765,1603,1414.00,2026-08-04 12:00:00+00:00,2
766,1604,1414.07,2026-09-05 12:00:00+00:00,3
767,1611,1414.62,2026-09-06 12:00:00+00:00,1
768,1615,2472.94,2026-01-17 12:00:00+00:00,6
769,1616,2473.06,2026-02-18 12:00:00+00:00,3
770,1624,2474.13,2026-02-21 12:00:00+00:00,3
771,1617,2473.19,2026-03-22 12:00:00+00:00,7
772,1618,2473.31,2026-04-21 12:00:00+00:00,2
773,1619,2473.44,2026-05-22 12:00:00+00:00,3
774,1625,2474.28,2026-05-22 12:00:00+00:00,6
775,1620,2473.58,2026-06-20 12:00:00+00:00,2
776,1626,2474.43,2026-06-21 12:00:00+00:00,7
777,1621,2473.71,2026-07-18 12:00:00+00:00,7
778,1622,2473.85,2026-08-18 12:00:00+00:00,2
779,1623,2473.99,2026-09-16 12:00:00+00:00,5
780,1627,2474.58,2026-09-19 12:00:00+00:00,3
781,1633,1744.96,2026-04-10 12:00:00+00:00,4
782,1634,1745.07,2026-05-09 12:00:00+00:00,7
783,1639,1745.67,2026-05-14 12:00:00+00:00,6
784,1635,1745.19,2026-06-13 12:00:00+00:00,6
785,1640,1745.81,2026-06-13 12:00:00+00:00,6
786,1636,1745.30,2026-07-12 12:00:00+00:00,4
787,1641,1745.94,2026-07-13 12:00:00+00:00,7
788,1637,1745.42,2026-08-07 12:00:00+00:00,7
789,1642,1746.08,2026-08-12 12:00:00+00:00,4
790,1638,1745.55,2026-09-08 12:00:00+00:00,1
791,1651,688.53,2026-06-13 12:00:00+00:00,3
792,1655,688.63,2026-06-15 12:00:00+00:00,4
793,1652,688.56,2026-07-14 12:00:00+00:00,4
794,1653,688.58,2026-08-14 12:00:00+00:00,6
795,1656,688.66,2026-08-14 12:00:00+00:00,2
796,1654,688.61,2026-09-13 12:00:00+00:00,7
797,1657,688.69,2026-09-13 12:00:00+00:00,5
798,1687,453.06,2026-06-20 12:00:00+00:00,6
799,1691,453.13,2026-06-25 12:00:00+00:00,2
800,1688,453.08,2026-07-21 12:00:00+00:00,2
801,1692,453.14,2026-07-25 12:00:00+00:00,1
802,1689,453.09,2026-08-21 12:00:00+00:00,6
803,1693,453.16,2026-08-24 12:00:00+00:00,1
804,1690,453.11,2026-09-23 12:00:00+00:00,3
805,1694,453.18,2026-09-23 12:00:00+00:00,7
806,1723,659.52,2026-02-03 12:00:00+00:00,2
807,1731,659.77,2026-02-07 12:00:00+00:00,6
808,1724,659.55,2026-03-08 12:00:00+00:00,4
809,1725,659.58,2026-04-07 12:00:00+00:00,4
810,1732,659.81,2026-04-08 12:00:00+00:00,5
811,1726,659.61,2026-05-08 12:00:00+00:00,4
812,1733,659.84,2026-05-08 12:00:00+00:00,6
813,1727,659.64,2026-06-07 12:00:00+00:00,6
814,1734,659.88,2026-06-07 12:00:00+00:00,2
815,1728,659.67,2026-07-07 12:00:00+00:00,5
816,1735,659.92,2026-07-07 12:00:00+00:00,7
817,1729,659.71,2026-08-02 12:00:00+00:00,7
818,1736,659.96,2026-08-06 12:00:00+00:00,6
819,1730,659.74,2026-09-02 12:00:00+00:00,7
820,1747,1688.67,2025-11-27 12:00:00+00:00,2
821,1748,1688.78,2025-12-17 12:00:00+00:00,4
822,1749,1688.89,2026-01-20 12:00:00+00:00,1
823,1750,1689.00,2026-02-19 12:00:00+00:00,4
824,1751,1689.12,2026-03-13 12:00:00+00:00,5
825,1752,1689.24,2026-04-26 12:00:00+00:00,6
826,1753,1689.37,2026-05-25 12:00:00+00:00,4
827,1754,1689.50,2026-06-18 12:00:00+00:00,2
828,1755,1689.64,2026-07-19 12:00:00+00:00,3
829,1756,1689.78,2026-08-12 12:00:00+00:00,4
830,1765,1722.46,2026-05-03 12:00:00+00:00,6
831,1770,1722.92,2026-05-05 12:00:00+00:00,4
832,1766,1722.55,2026-05-30 12:00:00+00:00,6
833,1767,1722.64,2026-07-01 12:00:00+00:00,1
834,1771,1723.01,2026-07-04 12:00:00+00:00,6
835,1768,1722.73,2026-08-03 12:00:00+00:00,1
836,1769,1722.82,2026-08-30 12:00:00+00:00,2
837,1772,1723.11,2026-09-02 12:00:00+00:00,2
838,1783,2392.16,2026-05-14 12:00:00+00:00,6
839,1784,2392.27,2026-06-13 12:00:00+00:00,7
840,1785,2392.39,2026-07-13 12:00:00+00:00,3
841,1786,2392.50,2026-08-11 12:00:00+00:00,1
842,1787,2392.62,2026-09-09 12:00:00+00:00,2
843,1801,843.67,2026-03-14 12:00:00+00:00,7
844,1802,843.72,2026-04-19 12:00:00+00:00,6
845,1803,843.78,2026-05-17 12:00:00+00:00,1
846,1804,843.84,2026-06-22 12:00:00+00:00,5
847,1805,843.89,2026-07-24 12:00:00+00:00,7
848,1806,843.95,2026-08-10 12:00:00+00:00,5
849,1813,3061.76,2026-05-17 12:00:00+00:00,1
850,1818,3062.79,2026-05-17 12:00:00+00:00,1
851,1814,3061.95,2026-06-14 12:00:00+00:00,5
852,1815,3062.16,2026-07-12 12:00:00+00:00,6
853,1819,3063.01,2026-07-16 12:00:00+00:00,5
854,1816,3062.36,2026-08-10 12:00:00+00:00,2
855,1820,3063.24,2026-08-15 12:00:00+00:00,7
856,1817,3062.57,2026-09-12 12:00:00+00:00,4
857,1825,502.31,2026-05-25 12:00:00+00:00,1
858,1830,502.44,2026-05-26 12:00:00+00:00,3
859,1826,502.33,2026-06-20 12:00:00+00:00,4
860,1827,502.36,2026-07-24 12:00:00+00:00,5
861,1831,502.46,2026-07-25 12:00:00+00:00,5
862,1828,502.38,2026-08-24 12:00:00+00:00,7
863,1832,502.49,2026-08-24 12:00:00+00:00,2
864,1829,502.41,2026-09-22 12:00:00+00:00,5
865,1833,502.52,2026-09-23 12:00:00+00:00,7
866,1849,411.18,2026-02-16 12:00:00+00:00,7
867,1857,411.31,2026-02-20 12:00:00+00:00,3
868,1850,411.20,2026-03-19 12:00:00+00:00,4
869,1858,411.33,2026-03-22 12:00:00+00:00,2
870,1851,411.21,2026-04-16 12:00:00+00:00,5
871,1852,411.23,2026-05-16 12:00:00+00:00,5
872,1859,411.35,2026-05-21 12:00:00+00:00,1
873,1853,411.24,2026-06-18 12:00:00+00:00,3
874,1860,411.37,2026-06-20 12:00:00+00:00,3
875,1854,411.26,2026-07-19 12:00:00+00:00,2
876,1855,411.28,2026-08-18 12:00:00+00:00,6
877,1856,411.29,2026-09-18 12:00:00+00:00,3
878,1861,411.39,2026-09-18 12:00:00+00:00,5
879,1885,1476.01,2026-04-15 12:00:00+00:00,5
880,1886,1476.08,2026-05-12 12:00:00+00:00,1
881,1891,1476.47,2026-05-16 12:00:00+00:00,1
882,1887,1476.15,2026-06-11 12:00:00+00:00,3
883,1892,1476.55,2026-06-15 12:00:00+00:00,6
884,1888,1476.23,2026-07-13 12:00:00+00:00,5
885,1893,1476.64,2026-07-15 12:00:00+00:00,5
886,1889,1476.31,2026-08-12 12:00:00+00:00,7
887,1894,1476.73,2026-08-14 12:00:00+00:00,3
888,1890,1476.39,2026-09-13 12:00:00+00:00,6
889,1895,1476.82,2026-09-13 12:00:00+00:00,1
890,1909,3474.50,2025-11-14 12:00:00+00:00,1
891,1920,3477.13,2025-11-18 12:00:00+00:00,3
892,1910,3474.71,2025-12-14 12:00:00+00:00,1
893,1911,3474.93,2026-01-14 12:00:00+00:00,1
894,1912,3475.15,2026-02-13 12:00:00+00:00,2
895,1913,3475.38,2026-03-13 12:00:00+00:00,1
896,1914,3475.62,2026-04-12 12:00:00+00:00,7
897,1915,3475.86,2026-05-14 12:00:00+00:00,6
898,1916,3476.11,2026-06-15 12:00:00+00:00,3
899,1917,3476.36,2026-07-16 12:00:00+00:00,5
900,1918,3476.62,2026-08-11 12:00:00+00:00,7
901,1919,3476.88,2026-09-11 12:00:00+00:00,5
902,1921,2002.90,2026-02-25 12:00:00+00:00,6
903,1922,2003.02,2026-03-31 12:00:00+00:00,4
904,1929,2003.89,2026-03-31 12:00:00+00:00,1
905,1923,2003.13,2026-04-28 12:00:00+00:00,1
906,1924,2003.25,2026-05-28 12:00:00+00:00,1
907,1930,2004.03,2026-05-30 12:00:00+00:00,4
908,1925,2003.37,2026-06-25 12:00:00+00:00,1
909,1926,2003.50,2026-07-27 12:00:00+00:00,1
910,1931,2004.17,2026-07-29 12:00:00+00:00,1
911,1927,2003.63,2026-08-28 12:00:00+00:00,2
912,1928,2003.76,2026-09-25 12:00:00+00:00,7
913,1939,273.70,2026-05-30 12:00:00+00:00,6
914,1944,273.75,2026-06-02 12:00:00+00:00,2
915,1940,273.71,2026-06-29 12:00:00+00:00,5
916,1941,273.72,2026-07-28 12:00:00+00:00,4
917,1945,273.76,2026-08-01 12:00:00+00:00,2
918,1942,273.73,2026-08-27 12:00:00+00:00,3
919,1943,273.74,2026-09-27 12:00:00+00:00,2
920,1946,273.77,2026-09-30 12:00:00+00:00,7
921,1975,2742.13,2026-01-03 12:00:00+00:00,3
922,1984,2743.41,2026-01-08 12:00:00+00:00,7
923,1976,2742.26,2026-02-06 12:00:00+00:00,3
924,1977,2742.40,2026-03-05 12:00:00+00:00,4
925,1978,2742.53,2026-04-07 12:00:00+00:00,1
926,1985,2743.56,2026-04-08 12:00:00+00:00,1
927,1979,2742.67,2026-05-04 12:00:00+00:00,1
928,1980,2742.82,2026-06-02 12:00:00+00:00,4
929,1986,2743.73,2026-06-07 12:00:00+00:00,1
930,1981,2742.96,2026-07-05 12:00:00+00:00,6
931,1982,2743.11,2026-08-01 12:00:00+00:00,7
932,1983,2743.26,2026-09-02 12:00:00+00:00,2
933,1987,3157.38,2026-02-28 12:00:00+00:00,6
934,1995,3159.49,2026-03-04 12:00:00+00:00,1
935,1988,3157.61,2026-03-30 12:00:00+00:00,5
936,1989,3157.86,2026-04-30 12:00:00+00:00,6
937,1996,3159.79,2026-05-03 12:00:00+00:00,1
938,1990,3158.11,2026-05-30 12:00:00+00:00,5
939,1997,3160.10,2026-06-02 12:00:00+00:00,1
940,1991,3158.37,2026-06-27 12:00:00+00:00,7
941,1998,3160.39,2026-07-02 12:00:00+00:00,7
942,1992,3158.64,2026-07-31 12:00:00+00:00,3
943,1993,3158.91,2026-08-31 12:00:00+00:00,7
944,1994,3159.20,2026-09-28 12:00:00+00:00,6
945,1999,3020.60,2026-02-03 12:00:00+00:00,1
946,2007,3021.86,2026-02-05 12:00:00+00:00,7
947,2000,3020.75,2026-03-06 12:00:00+00:00,7
948,2008,3022.03,2026-03-07 12:00:00+00:00,4
949,2001,3020.90,2026-04-03 12:00:00+00:00,7
950,2009,3022.21,2026-04-06 12:00:00+00:00,2
951,2002,3021.05,2026-05-05 12:00:00+00:00,1
952,2003,3021.21,2026-06-03 12:00:00+00:00,6
953,2004,3021.37,2026-07-05 12:00:00+00:00,6
954,2005,3021.53,2026-07-31 12:00:00+00:00,1
955,2006,3021.70,2026-09-02 12:00:00+00:00,2
956,2011,240.15,2026-03-09 12:00:00+00:00,5
957,2018,240.22,2026-03-09 12:00:00+00:00,5
958,2012,240.16,2026-04-08 12:00:00+00:00,2
959,2013,240.17,2026-05-08 12:00:00+00:00,2
960,2014,240.18,2026-06-05 12:00:00+00:00,1
961,2019,240.23,2026-06-07 12:00:00+00:00,2
962,2015,240.19,2026-07-05 12:00:00+00:00,5
963,2016,240.20,2026-08-06 12:00:00+00:00,1
964,2020,240.24,2026-08-06 12:00:00+00:00,6
965,2017,240.21,2026-09-04 12:00:00+00:00,7
966,2021,240.25,2026-09-05 12:00:00+00:00,1
967,2029,280.34,2026-06-27 12:00:00+00:00,1
968,2030,280.36,2026-07-23 12:00:00+00:00,6
969,2033,280.41,2026-07-27 12:00:00+00:00,3
970,2031,280.38,2026-08-22 12:00:00+00:00,5
971,2032,280.39,2026-09-22 12:00:00+00:00,7
972,2047,1971.34,2026-04-17 12:00:00+00:00,2
973,2048,1971.45,2026-05-18 12:00:00+00:00,5
974,2053,1972.02,2026-05-21 12:00:00+00:00,5
975,2049,1971.56,2026-06-16 12:00:00+00:00,7
976,2050,1971.67,2026-07-19 12:00:00+00:00,7
977,2054,1972.14,2026-07-20 12:00:00+00:00,4
978,2051,1971.78,2026-08-16 12:00:00+00:00,5
979,2052,1971.90,2026-09-15 12:00:00+00:00,4
980,2055,1972.26,2026-09-18 12:00:00+00:00,6
981,2065,2587.86,2026-03-24 12:00:00+00:00,1
982,2072,2589.10,2026-03-26 12:00:00+00:00,2
983,2066,2588.03,2026-04-21 12:00:00+00:00,7
984,2067,2588.19,2026-05-25 12:00:00+00:00,1
985,2073,2589.29,2026-05-25 12:00:00+00:00,6
986,2068,2588.36,2026-06-23 12:00:00+00:00,3
987,2074,2589.50,2026-06-24 12:00:00+00:00,4
988,2069,2588.54,2026-07-23 12:00:00+00:00,2
989,2070,2588.72,2026-08-23 12:00:00+00:00,4
990,2075,2589.71,2026-08-23 12:00:00+00:00,4
991,2071,2588.90,2026-09-20 12:00:00+00:00,4
992,2076,2589.93,2026-09-22 12:00:00+00:00,1
993,2083,783.99,2026-06-11 12:00:00+00:00,5
994,2084,784.02,2026-07-11 12:00:00+00:00,4
995,2087,784.12,2026-07-13 12:00:00+00:00,6
996,2085,784.05,2026-08-09 12:00:00+00:00,2
997,2088,784.16,2026-08-12 12:00:00+00:00,4
998,2086,784.09,2026-09-08 12:00:00+00:00,2
999,2101,1496.15,2026-02-24 12:00:00+00:00,2
1000,2102,1496.20,2026-03-23 12:00:00+00:00,1
1001,2109,1496.62,2026-03-26 12:00:00+00:00,5
1002,2103,1496.26,2026-04-23 12:00:00+00:00,4
1003,2110,1496.69,2026-04-25 12:00:00+00:00,7
1004,2104,1496.31,2026-05-22 12:00:00+00:00,7
1005,2111,1496.76,2026-05-25 12:00:00+00:00,5
1006,2105,1496.37,2026-06-24 12:00:00+00:00,7
1007,2106,1496.43,2026-07-21 12:00:00+00:00,7
1008,2112,1496.83,2026-07-24 12:00:00+00:00,1
1009,2107,1496.49,2026-08-23 12:00:00+00:00,1
1010,2113,1496.90,2026-08-23 12:00:00+00:00,6
1011,2108,1496.56,2026-09-18 12:00:00+00:00,6
1012,2137,3475.84,2026-04-07 12:00:00+00:00,3
1013,2138,3476.07,2026-05-05 12:00:00+00:00,2
1014,2139,3476.30,2026-06-05 12:00:00+00:00,7
1015,2140,3476.55,2026-07-02 12:00:00+00:00,7
1016,2141,3476.80,2026-07-31 12:00:00+00:00,3
1017,2142,3477.05,2026-08-21 12:00:00+00:00,4
1018,2149,1631.55,2025-12-17 12:00:00+00:00,6
1019,2159,1632.56,2025-12-19 12:00:00+00:00,3
1020,2150,1631.64,2026-01-17 12:00:00+00:00,7
1021,2160,1632.67,2026-01-18 12:00:00+00:00,6
1022,2151,1631.73,2026-02-15 12:00:00+00:00,3
1023,2152,1631.82,2026-03-18 12:00:00+00:00,2
1024,2153,1631.92,2026-04-14 12:00:00+00:00,4
1025,2161,1632.79,2026-04-18 12:00:00+00:00,4
1026,2154,1632.02,2026-05-15 12:00:00+00:00,1
1027,2155,1632.12,2026-06-16 12:00:00+00:00,7
1028,2162,1632.91,2026-06-17 12:00:00+00:00,5
1029,2156,1632.23,2026-07-14 12:00:00+00:00,4
1030,2157,1632.33,2026-08-14 12:00:00+00:00,7
1031,2163,1633.03,2026-08-16 12:00:00+00:00,6
1032,2158,1632.44,2026-09-14 12:00:00+00:00,5
1033,2164,1633.16,2026-09-15 12:00:00+00:00,5
1034,2167,2654.24,2026-05-06 12:00:00+00:00,3
1035,2168,2654.39,2026-06-04 12:00:00+00:00,5
1036,2172,2655.04,2026-06-07 12:00:00+00:00,4
1037,2169,2654.55,2026-07-07 12:00:00+00:00,7
1038,2173,2655.21,2026-07-07 12:00:00+00:00,5
1039,2170,2654.71,2026-08-05 12:00:00+00:00,4
1040,2171,2654.87,2026-09-02 12:00:00+00:00,5
1041,2185,3267.04,2026-07-11 12:00:00+00:00,5
1042,2188,3267.82,2026-07-16 12:00:00+00:00,2
1043,2186,3267.29,2026-08-14 12:00:00+00:00,2
1044,2187,3267.55,2026-09-10 12:00:00+00:00,4
1045,2189,3268.09,2026-09-14 12:00:00+00:00,7
1046,2197,2709.69,2026-07-02 12:00:00+00:00,1
1047,2200,2710.30,2026-07-03 12:00:00+00:00,2
1048,2198,2709.89,2026-07-30 12:00:00+00:00,4
1049,2199,2710.09,2026-08-27 12:00:00+00:00,6
1050,2209,1141.07,2026-01-29 12:00:00+00:00,3
1051,2218,1141.49,2026-01-30 12:00:00+00:00,2
1052,2210,1141.12,2026-02-28 12:00:00+00:00,7
1053,2219,1141.55,2026-03-01 12:00:00+00:00,4
1054,2211,1141.16,2026-03-30 12:00:00+00:00,2
1055,2212,1141.20,2026-04-30 12:00:00+00:00,7
1056,2220,1141.61,2026-04-30 12:00:00+00:00,7
1057,2213,1141.25,2026-05-26 12:00:00+00:00,1
1058,2214,1141.29,2026-06-25 12:00:00+00:00,2
1059,2221,1141.66,2026-06-29 12:00:00+00:00,2
1060,2215,1141.34,2026-07-29 12:00:00+00:00,1
1061,2222,1141.72,2026-07-29 12:00:00+00:00,3
1062,2216,1141.39,2026-08-26 12:00:00+00:00,5
1063,2223,1141.79,2026-08-28 12:00:00+00:00,4
1064,2217,1141.44,2026-09-22 12:00:00+00:00,4
1065,2245,1021.51,2026-04-24 12:00:00+00:00,5
1066,2246,1021.56,2026-05-20 12:00:00+00:00,5
1067,2251,1021.81,2026-05-25 12:00:00+00:00,2
1068,2247,1021.61,2026-06-24 12:00:00+00:00,6
1069,2252,1021.86,2026-06-24 12:00:00+00:00,3
1070,2248,1021.66,2026-07-24 12:00:00+00:00,3
1071,2253,1021.92,2026-07-24 12:00:00+00:00,1
1072,2249,1021.71,2026-08-20 12:00:00+00:00,5
1073,2254,1021.97,2026-08-23 12:00:00+00:00,5
1074,2250,1021.76,2026-09-20 12:00:00+00:00,4
1075,2255,1022.03,2026-09-22 12:00:00+00:00,4
1076,2269,2651.14,2026-03-11 12:00:00+00:00,7
1077,2270,2651.34,2026-04-08 12:00:00+00:00,4
1078,2271,2651.54,2026-05-16 12:00:00+00:00,2
1079,2272,2651.74,2026-06-15 12:00:00+00:00,2
1080,2273,2651.96,2026-07-14 12:00:00+00:00,5
1081,2274,2652.18,2026-08-03 12:00:00+00:00,2
1082,2275,2652.40,2026-09-15 12:00:00+00:00,6
1083,2281,393.03,2026-05-15 12:00:00+00:00,5
1084,2286,393.15,2026-05-17 12:00:00+00:00,4
1085,2282,393.06,2026-06-12 12:00:00+00:00,4
1086,2283,393.08,2026-07-11 12:00:00+00:00,6
1087,2287,393.17,2026-07-16 12:00:00+00:00,2
1088,2284,393.10,2026-08-14 12:00:00+00:00,1
1089,2288,393.19,2026-08-15 12:00:00+00:00,2
1090,2285,393.12,2026-09-12 12:00:00+00:00,2
1091,2289,393.22,2026-09-14 12:00:00+00:00,2
1092,2293,1378.93,2025-11-22 12:00:00+00:00,6
1093,2294,1378.98,2025-12-19 12:00:00+00:00,6
1094,2304,1379.51,2025-12-24 12:00:00+00:00,6
1095,2295,1379.03,2026-01-22 12:00:00+00:00,7
1096,2305,1379.57,2026-01-23 12:00:00+00:00,7
1097,2296,1379.08,2026-02-19 12:00:00+00:00,4
1098,2306,1379.63,2026-02-22 12:00:00+00:00,7
1099,2297,1379.13,2026-03-20 12:00:00+00:00,1
1100,2307,1379.69,2026-03-24 12:00:00+00:00,3
1101,2298,1379.18,2026-04-23 12:00:00+00:00,7
1102,2308,1379.76,2026-04-23 12:00:00+00:00,6
1103,2299,1379.23,2026-05-19 12:00:00+00:00,3
1104,2309,1379.82,2026-05-23 12:00:00+00:00,3
1105,2300,1379.28,2026-06-19 12:00:00+00:00,3
1106,2310,1379.89,2026-06-22 12:00:00+00:00,3
1107,2301,1379.34,2026-07-17 12:00:00+00:00,7
1108,2302,1379.40,2026-08-19 12:00:00+00:00,5
1109,2311,1379.96,2026-08-21 12:00:00+00:00,5
1110,2303,1379.45,2026-09-18 12:00:00+00:00,2
1111,2312,1380.02,2026-09-20 12:00:00+00:00,3
1112,2329,1407.44,2026-02-23 12:00:00+00:00,2
1113,2330,1407.50,2026-03-31 12:00:00+00:00,6
1114,2331,1407.56,2026-04-25 12:00:00+00:00,7
1115,2332,1407.62,2026-06-02 12:00:00+00:00,5
1116,2333,1407.69,2026-07-02 12:00:00+00:00,7
1117,2334,1407.75,2026-08-03 12:00:00+00:00,5
1118,2347,1283.10,2026-03-18 12:00:00+00:00,7
1119,2348,1283.19,2026-04-19 12:00:00+00:00,4
1120,2354,1283.74,2026-04-22 12:00:00+00:00,4
1121,2349,1283.27,2026-05-19 12:00:00+00:00,1
1122,2355,1283.85,2026-05-22 12:00:00+00:00,5
1123,2350,1283.36,2026-06-17 12:00:00+00:00,4
1124,2351,1283.45,2026-07-21 12:00:00+00:00,1
1125,2356,1283.95,2026-07-21 12:00:00+00:00,6
1126,2352,1283.55,2026-08-15 12:00:00+00:00,2
1127,2357,1284.06,2026-08-20 12:00:00+00:00,1
1128,2353,1283.64,2026-09-19 12:00:00+00:00,2
1129,2358,1284.16,2026-09-19 12:00:00+00:00,3
1130,2359,1343.92,2026-01-04 12:00:00+00:00,7
1131,2368,1344.88,2026-01-04 12:00:00+00:00,7
1132,2360,1344.01,2026-02-03 12:00:00+00:00,4
1133,2361,1344.11,2026-02-28 12:00:00+00:00,1
1134,2362,1344.21,2026-04-03 12:00:00+00:00,1
1135,2369,1345.01,2026-04-04 12:00:00+00:00,7
1136,2363,1344.32,2026-05-01 12:00:00+00:00,4
1137,2364,1344.42,2026-05-29 12:00:00+00:00,1
1138,2370,1345.12,2026-06-03 12:00:00+00:00,1
1139,2365,1344.53,2026-07-03 12:00:00+00:00,4
1140,2366,1344.65,2026-08-01 12:00:00+00:00,5
1141,2367,1344.76,2026-09-01 12:00:00+00:00,1
1142,2371,1960.08,2026-01-31 12:00:00+00:00,4
1143,2372,1960.23,2026-03-12 12:00:00+00:00,7
1144,2373,1960.38,2026-03-31 12:00:00+00:00,4
1145,2374,1960.54,2026-05-09 12:00:00+00:00,5
1146,2375,1960.70,2026-05-30 12:00:00+00:00,5
1147,2376,1960.87,2026-07-01 12:00:00+00:00,4
1148,2377,1961.05,2026-07-30 12:00:00+00:00,4
1149,2379,980.71,2026-09-20 12:00:00+00:00,7
1150,2379,980.71,2026-10-14 12:00:00+00:00,3
1151,2383,1648.18,2026-01-25 12:00:00+00:00,4
1152,2384,1648.30,2026-02-23 12:00:00+00:00,5
1153,2385,1648.43,2026-03-25 12:00:00+00:00,1
1154,2392,1649.42,2026-03-28 12:00:00+00:00,2
1155,2386,1648.56,2026-04-23 12:00:00+00:00,1
1156,2387,1648.69,2026-05-23 12:00:00+00:00,5
1157,2393,1649.57,2026-05-27 12:00:00+00:00,3
1158,2388,1648.83,2026-06-23 12:00:00+00:00,5
1159,2394,1649.69,2026-06-26 12:00:00+00:00,3
1160,2389,1648.97,2026-07-21 12:00:00+00:00,2
1161,2390,1649.11,2026-08-20 12:00:00+00:00,1
1162,2391,1649.26,2026-09-24 12:00:00+00:00,3
1163,2395,958.17,2026-01-20 12:00:00+00:00,3
1164,2404,958.71,2026-01-20 12:00:00+00:00,7
1165,2396,958.22,2026-02-16 12:00:00+00:00,1
1166,2405,958.78,2026-02-19 12:00:00+00:00,5
1167,2397,958.28,2026-03-18 12:00:00+00:00,4
1168,2406,958.85,2026-03-21 12:00:00+00:00,6
1169,2398,958.33,2026-04-20 12:00:00+00:00,2
1170,2399,958.39,2026-05-20 12:00:00+00:00,5
1171,2407,958.92,2026-05-20 12:00:00+00:00,1
1172,2400,958.45,2026-06-19 12:00:00+00:00,4
1173,2401,958.51,2026-07-19 12:00:00+00:00,4
1174,2408,958.99,2026-07-19 12:00:00+00:00,6
1175,2402,958.58,2026-08-16 12:00:00+00:00,6
1176,2403,958.64,2026-09-12 12:00:00+00:00,2
1177,2413,2257.63,2026-02-22 12:00:00+00:00,1
1178,2421,2259.11,2026-02-27 12:00:00+00:00,7
1179,2414,2257.79,2026-03-28 12:00:00+00:00,7
1180,2422,2259.32,2026-03-29 12:00:00+00:00,1
1181,2415,2257.96,2026-04-24 12:00:00+00:00,3
1182,2423,2259.54,2026-04-28 12:00:00+00:00,7
1183,2416,2258.14,2026-05-24 12:00:00+00:00,5
1184,2424,2259.69,2026-05-28 12:00:00+00:00,7
1185,2417,2258.32,2026-06-25 12:00:00+00:00,6
1186,2418,2258.51,2026-07-27 12:00:00+00:00,4
1187,2419,2258.70,2026-08-22 12:00:00+00:00,2
1188,2420,2258.90,2026-09-24 12:00:00+00:00,4
1189,2425,3405.16,2026-03-10 12:00:00+00:00,4
1190,2432,3406.96,2026-03-14 12:00:00+00:00,2
1191,2426,3405.40,2026-04-11 12:00:00+00:00,5
1192,2433,3407.25,2026-04-13 12:00:00+00:00,4
1193,2427,3405.64,2026-05-13 12:00:00+00:00,5
1194,2428,3405.89,2026-06-10 12:00:00+00:00,3
1195,2434,3407.54,2026-06-12 12:00:00+00:00,2
1196,2429,3406.15,2026-07-10 12:00:00+00:00,1
1197,2430,3406.41,2026-08-08 12:00:00+00:00,3
1198,2435,3407.85,2026-08-11 12:00:00+00:00,2
1199,2431,3406.68,2026-09-06 12:00:00+00:00,4
1200,2436,3408.15,2026-09-10 12:00:00+00:00,2
1201,2437,347.12,2026-07-30 12:00:00+00:00,6
1202,2438,347.13,2026-08-31 12:00:00+00:00,3
1203,2439,347.15,2026-09-03 12:00:00+00:00,3
1204,2473,2377.40,2026-03-31 12:00:00+00:00,1
1205,2480,2378.13,2026-03-31 12:00:00+00:00,1
1206,2474,2377.50,2026-04-26 12:00:00+00:00,1
1207,2481,2378.24,2026-04-30 12:00:00+00:00,2
1208,2475,2377.60,2026-05-26 12:00:00+00:00,7
1209,2476,2377.70,2026-06-29 12:00:00+00:00,6
1210,2477,2377.81,2026-07-24 12:00:00+00:00,4
1211,2478,2377.91,2026-08-28 12:00:00+00:00,5
1212,2479,2378.02,2026-09-22 12:00:00+00:00,6
1213,2482,2378.35,2026-09-27 12:00:00+00:00,5
1214,2485,581.78,2026-06-25 12:00:00+00:00,7
1215,2489,581.89,2026-06-27 12:00:00+00:00,3
1216,2486,581.80,2026-07-25 12:00:00+00:00,4
1217,2490,581.93,2026-07-27 12:00:00+00:00,6
1218,2487,581.83,2026-08-25 12:00:00+00:00,3
1219,2491,581.96,2026-08-26 12:00:00+00:00,4
1220,2488,581.86,2026-09-20 12:00:00+00:00,7
1221,2492,581.99,2026-09-25 12:00:00+00:00,4
1222,2509,1299.50,2026-06-04 12:00:00+00:00,2
1223,2510,1299.58,2026-07-03 12:00:00+00:00,4
1224,2513,1299.83,2026-07-07 12:00:00+00:00,5
1225,2511,1299.66,2026-08-02 12:00:00+00:00,5
1226,2512,1299.75,2026-09-03 12:00:00+00:00,7
1227,2514,1299.92,2026-09-05 12:00:00+00:00,7
1228,2521,1177.67,2025-12-26 12:00:00+00:00,2
1229,2522,1177.74,2026-01-26 12:00:00+00:00,5
1230,2531,1178.43,2026-01-26 12:00:00+00:00,5
1231,2523,1177.81,2026-02-21 12:00:00+00:00,2
1232,2524,1177.88,2026-03-26 12:00:00+00:00,7
1233,2532,1178.52,2026-03-27 12:00:00+00:00,3
1234,2525,1177.95,2026-04-21 12:00:00+00:00,3
1235,2533,1178.61,2026-04-26 12:00:00+00:00,7
1236,2526,1178.03,2026-05-24 12:00:00+00:00,7
1237,2527,1178.10,2026-06-24 12:00:00+00:00,1
1238,2534,1178.70,2026-06-25 12:00:00+00:00,4
1239,2528,1178.18,2026-07-25 12:00:00+00:00,3
1240,2529,1178.26,2026-08-21 12:00:00+00:00,4
1241,2530,1178.35,2026-09-18 12:00:00+00:00,5
1242,2535,1178.80,2026-09-23 12:00:00+00:00,6
1243,2539,603.81,2026-06-05 12:00:00+00:00,4
1244,2543,603.97,2026-06-08 12:00:00+00:00,4
1245,2540,603.85,2026-07-03 12:00:00+00:00,5
1246,2544,604.01,2026-07-08 12:00:00+00:00,5
1247,2541,603.89,2026-08-05 12:00:00+00:00,1
1248,2545,604.05,2026-08-07 12:00:00+00:00,4
1249,2542,603.93,2026-09-01 12:00:00+00:00,4
1250,2546,604.10,2026-09-06 12:00:00+00:00,2
1251,2557,864.79,2026-02-26 12:00:00+00:00,2
1252,2565,865.07,2026-02-26 12:00:00+00:00,2
1253,2558,864.82,2026-03-24 12:00:00+00:00,6
1254,2566,865.10,2026-03-28 12:00:00+00:00,5
1255,2559,864.85,2026-04-23 12:00:00+00:00,3
1256,2567,865.14,2026-04-27 12:00:00+00:00,2
1257,2560,864.89,2026-05-25 12:00:00+00:00,5
1258,2568,865.18,2026-05-27 12:00:00+00:00,6
1259,2561,864.92,2026-06-22 12:00:00+00:00,7
1260,2569,865.22,2026-06-26 12:00:00+00:00,2
1261,2562,864.96,2026-07-22 12:00:00+00:00,7
1262,2563,864.99,2026-08-25 12:00:00+00:00,2
1263,2564,865.03,2026-09-19 12:00:00+00:00,5
1264,2575,262.11,2025-12-04 12:00:00+00:00,6
1265,2585,262.21,2025-12-08 12:00:00+00:00,6
1266,2576,262.12,2026-01-05 12:00:00+00:00,7
1267,2577,262.13,2026-02-04 12:00:00+00:00,5
1268,2578,262.14,2026-03-08 12:00:00+00:00,2
1269,2579,262.15,2026-04-03 12:00:00+00:00,4
1270,2586,262.22,2026-04-07 12:00:00+00:00,4
1271,2580,262.16,2026-05-06 12:00:00+00:00,7
1272,2587,262.23,2026-05-07 12:00:00+00:00,3
1273,2581,262.17,2026-06-06 12:00:00+00:00,6
1274,2582,262.18,2026-07-06 12:00:00+00:00,1
1275,2588,262.25,2026-07-06 12:00:00+00:00,3
1276,2583,262.19,2026-07-31 12:00:00+00:00,3
1277,2584,262.20,2026-09-03 12:00:00+00:00,1
1278,2589,262.26,2026-09-04 12:00:00+00:00,6
1279,2599,2006.65,2026-06-07 12:00:00+00:00,3
1280,2603,2007.14,2026-06-09 12:00:00+00:00,7
1281,2600,2006.77,2026-07-05 12:00:00+00:00,6
1282,2604,2007.28,2026-07-09 12:00:00+00:00,7
1283,2601,2006.89,2026-08-05 12:00:00+00:00,7
1284,2605,2007.41,2026-08-08 12:00:00+00:00,7
1285,2602,2007.01,2026-09-02 12:00:00+00:00,5
1286,2606,2007.55,2026-09-07 12:00:00+00:00,1
1287,2617,1495.92,2025-11-26 12:00:00+00:00,3
1288,2618,1495.97,2025-12-26 12:00:00+00:00,4
1289,2619,1496.03,2026-01-21 12:00:00+00:00,1
1290,2628,1496.59,2026-01-25 12:00:00+00:00,7
1291,2620,1496.09,2026-02-20 12:00:00+00:00,1
1292,2621,1496.15,2026-03-25 12:00:00+00:00,1
1293,2622,1496.21,2026-04-21 12:00:00+00:00,1
1294,2629,1496.66,2026-04-25 12:00:00+00:00,5
1295,2623,1496.27,2026-05-25 12:00:00+00:00,3
1296,2630,1496.73,2026-05-25 12:00:00+00:00,5
1297,2624,1496.33,2026-06-23 12:00:00+00:00,4
1298,2631,1496.80,2026-06-24 12:00:00+00:00,3
1299,2625,1496.40,2026-07-22 12:00:00+00:00,4
1300,2626,1496.46,2026-08-22 12:00:00+00:00,1
1301,2632,1496.87,2026-08-23 12:00:00+00:00,7
1302,2627,1496.53,2026-09-17 12:00:00+00:00,6
1303,2635,627.00,2026-01-25 12:00:00+00:00,2
1304,2636,627.03,2026-02-20 12:00:00+00:00,6
1305,2644,627.31,2026-02-25 12:00:00+00:00,4
1306,2637,627.07,2026-03-24 12:00:00+00:00,5
1307,2645,627.35,2026-03-27 12:00:00+00:00,3
1308,2638,627.10,2026-04-23 12:00:00+00:00,5
1309,2646,627.39,2026-04-26 12:00:00+00:00,5
1310,2639,627.13,2026-05-21 12:00:00+00:00,2
1311,2640,627.16,2026-06-23 12:00:00+00:00,4
1312,2647,627.43,2026-06-25 12:00:00+00:00,4
1313,2641,627.20,2026-07-22 12:00:00+00:00,3
1314,2648,627.47,2026-07-25 12:00:00+00:00,5
1315,2642,627.23,2026-08-24 12:00:00+00:00,3
1316,2649,627.51,2026-08-24 12:00:00+00:00,3
1317,2643,627.27,2026-09-23 12:00:00+00:00,6
1318,2650,627.55,2026-09-23 12:00:00+00:00,2
1319,2659,274.71,2026-06-15 12:00:00+00:00,3
1320,2663,274.76,2026-06-16 12:00:00+00:00,6
1321,2660,274.72,2026-07-11 12:00:00+00:00,5
1322,2664,274.77,2026-07-16 12:00:00+00:00,7
1323,2661,274.73,2026-08-13 12:00:00+00:00,6
1324,2665,274.78,2026-08-15 12:00:00+00:00,6
1325,2662,274.75,2026-09-13 12:00:00+00:00,1
1326,2666,274.79,2026-09-14 12:00:00+00:00,6
1327,2683,1938.64,2026-05-26 12:00:00+00:00,6
1328,2684,1938.75,2026-06-23 12:00:00+00:00,4
1329,2685,1938.87,2026-07-25 12:00:00+00:00,7
1330,2686,1938.99,2026-08-23 12:00:00+00:00,4
1331,2695,1338.84,2026-03-24 12:00:00+00:00,5
1332,2696,1338.89,2026-04-25 12:00:00+00:00,3
1333,2697,1338.94,2026-05-27 12:00:00+00:00,4
1334,2702,1339.21,2026-05-27 12:00:00+00:00,1
1335,2698,1338.99,2026-06-24 12:00:00+00:00,3
1336,2703,1339.27,2026-06-26 12:00:00+00:00,7
1337,2699,1339.04,2026-07-24 12:00:00+00:00,1
1338,2704,1339.33,2026-07-26 12:00:00+00:00,2
1339,2700,1339.10,2026-08-22 12:00:00+00:00,3
1340,2705,1339.40,2026-08-25 12:00:00+00:00,6
1341,2701,1339.15,2026-09-19 12:00:00+00:00,2
1342,2706,1339.46,2026-09-24 12:00:00+00:00,3
1343,2731,1739.47,2026-04-08 12:00:00+00:00,3
1344,2737,1740.26,2026-04-09 12:00:00+00:00,3
1345,2732,1739.59,2026-05-05 12:00:00+00:00,7
1346,2738,1740.41,2026-05-09 12:00:00+00:00,6
1347,2733,1739.72,2026-06-05 12:00:00+00:00,4
1348,2734,1739.85,2026-07-08 12:00:00+00:00,1
1349,2739,1740.56,2026-07-08 12:00:00+00:00,1
1350,2735,1739.98,2026-08-04 12:00:00+00:00,4
1351,2740,1740.71,2026-08-07 12:00:00+00:00,1
1352,2736,1740.12,2026-09-03 12:00:00+00:00,2
1353,2743,358.41,2026-06-07 12:00:00+00:00,5
1354,2747,358.46,2026-06-12 12:00:00+00:00,2
1355,2744,358.42,2026-07-08 12:00:00+00:00,5
1356,2745,358.44,2026-08-08 12:00:00+00:00,6
1357,2746,358.45,2026-09-07 12:00:00+00:00,2
1358,2779,2843.96,2026-04-06 12:00:00+00:00,6
1359,2780,2844.14,2026-05-04 12:00:00+00:00,4
1360,2785,2845.15,2026-05-08 12:00:00+00:00,1
1361,2781,2844.33,2026-06-03 12:00:00+00:00,5
1362,2786,2845.37,2026-06-07 12:00:00+00:00,6
1363,2782,2844.52,2026-07-03 12:00:00+00:00,5
1364,2783,2844.72,2026-08-04 12:00:00+00:00,7
1365,2787,2845.60,2026-08-06 12:00:00+00:00,3
1366,2784,2844.93,2026-09-05 12:00:00+00:00,4
1367,2797,503.96,2025-11-18 12:00:00+00:00,7
1368,2798,503.98,2025-12-20 12:00:00+00:00,1
1369,2799,504.01,2026-01-21 12:00:00+00:00,7
1370,2808,504.26,2026-01-21 12:00:00+00:00,7
1371,2800,504.03,2026-02-20 12:00:00+00:00,4
1372,2809,504.29,2026-02-20 12:00:00+00:00,3
1373,2801,504.06,2026-03-18 12:00:00+00:00,1
1374,2802,504.08,2026-04-19 12:00:00+00:00,4
1375,2810,504.32,2026-04-21 12:00:00+00:00,1
1376,2803,504.11,2026-05-21 12:00:00+00:00,1
1377,2811,504.35,2026-05-21 12:00:00+00:00,5
1378,2804,504.14,2026-06-15 12:00:00+00:00,5
1379,2812,504.38,2026-06-20 12:00:00+00:00,5
1380,2805,504.17,2026-07-20 12:00:00+00:00,2
1381,2806,504.20,2026-08-14 12:00:00+00:00,7
1382,2813,504.42,2026-08-19 12:00:00+00:00,5
1383,2807,504.22,2026-09-14 12:00:00+00:00,5
1384,2821,2933.97,2026-07-28 12:00:00+00:00,6
1385,2824,2934.57,2026-07-31 12:00:00+00:00,7
1386,2822,2934.16,2026-08-29 12:00:00+00:00,6
1387,2825,2934.78,2026-08-30 12:00:00+00:00,1
1388,2823,2934.36,2026-09-24 12:00:00+00:00,1
1389,2833,2068.85,2026-06-25 12:00:00+00:00,2
1390,2837,2069.39,2026-06-28 12:00:00+00:00,5
1391,2834,2068.98,2026-07-25 12:00:00+00:00,4
1392,2835,2069.11,2026-08-23 12:00:00+00:00,2
1393,2838,2069.54,2026-08-27 12:00:00+00:00,1
1394,2836,2069.25,2026-09-23 12:00:00+00:00,6
1395,2851,1575.35,2026-01-08 12:00:00+00:00,4
1396,2852,1575.41,2026-02-04 12:00:00+00:00,5
1397,2860,1575.93,2026-02-07 12:00:00+00:00,1
1398,2853,1575.47,2026-03-09 12:00:00+00:00,1
1399,2861,1576.01,2026-03-09 12:00:00+00:00,5
1400,2854,1575.53,2026-04-03 12:00:00+00:00,4
1401,2862,1576.09,2026-04-08 12:00:00+00:00,5
1402,2855,1575.59,2026-05-04 12:00:00+00:00,2
1403,2856,1575.65,2026-06-03 12:00:00+00:00,7
1404,2857,1575.72,2026-07-05 12:00:00+00:00,5
1405,2863,1576.17,2026-07-07 12:00:00+00:00,3
1406,2858,1575.79,2026-08-02 12:00:00+00:00,5
1407,2864,1576.25,2026-08-06 12:00:00+00:00,5
1408,2859,1575.86,2026-08-31 12:00:00+00:00,2
1409,2865,1576.34,2026-09-05 12:00:00+00:00,6
1410,2887,2205.22,2026-07-30 12:00:00+00:00,6
1411,2890,2205.61,2026-07-30 12:00:00+00:00,6
1412,2888,2205.35,2026-08-25 12:00:00+00:00,5
1413,2889,2205.48,2026-09-24 12:00:00+00:00,7
1414,2899,2094.95,2026-03-23 12:00:00+00:00,3
1415,2900,2095.06,2026-04-21 12:00:00+00:00,2
1416,2906,2095.81,2026-04-24 12:00:00+00:00,2
1417,2901,2095.17,2026-05-21 12:00:00+00:00,4
1418,2907,2095.95,2026-05-24 12:00:00+00:00,6
1419,2902,2095.29,2026-06-18 12:00:00+00:00,1
1420,2903,2095.41,2026-07-20 12:00:00+00:00,2
1421,2904,2095.54,2026-08-21 12:00:00+00:00,7
1422,2908,2096.09,2026-08-22 12:00:00+00:00,5
1423,2905,2095.67,2026-09-20 12:00:00+00:00,5
1424,2923,476.32,2026-03-18 12:00:00+00:00,4
1425,2924,476.35,2026-04-15 12:00:00+00:00,1
1426,2925,476.38,2026-05-16 12:00:00+00:00,4
1427,2930,476.54,2026-05-19 12:00:00+00:00,1
1428,2926,476.41,2026-06-14 12:00:00+00:00,2
1429,2931,476.57,2026-06-18 12:00:00+00:00,5
1430,2927,476.44,2026-07-13 12:00:00+00:00,1
1431,2932,476.61,2026-07-18 12:00:00+00:00,7
1432,2928,476.47,2026-08-17 12:00:00+00:00,4
1433,2933,476.64,2026-08-17 12:00:00+00:00,2
1434,2929,476.50,2026-09-14 12:00:00+00:00,4
1435,2934,476.68,2026-09-16 12:00:00+00:00,3
1436,2941,2958.53,2025-12-31 12:00:00+00:00,2
1437,2951,2960.59,2026-01-02 12:00:00+00:00,4
1438,2942,2958.72,2026-01-31 12:00:00+00:00,4
1439,2952,2960.89,2026-02-01 12:00:00+00:00,7
1440,2943,2958.91,2026-02-26 12:00:00+00:00,5
1441,2944,2959.10,2026-03-31 12:00:00+00:00,3
1442,2945,2959.30,2026-05-01 12:00:00+00:00,1
1443,2946,2959.50,2026-05-27 12:00:00+00:00,2
1444,2947,2959.71,2026-06-29 12:00:00+00:00,7
1445,2948,2959.92,2026-07-28 12:00:00+00:00,3
1446,2949,2960.14,2026-08-26 12:00:00+00:00,2
1447,2950,2960.36,2026-09-25 12:00:00+00:00,2
1448,2953,825.72,2026-03-10 12:00:00+00:00,2
1449,2960,825.95,2026-03-11 12:00:00+00:00,5
1450,2954,825.75,2026-04-08 12:00:00+00:00,4
1451,2955,825.78,2026-05-08 12:00:00+00:00,5
1452,2961,825.99,2026-05-10 12:00:00+00:00,2
1453,2956,825.81,2026-06-09 12:00:00+00:00,4
1454,2957,825.85,2026-07-08 12:00:00+00:00,3
1455,2958,825.88,2026-08-05 12:00:00+00:00,6
1456,2959,825.92,2026-09-02 12:00:00+00:00,5
1457,2962,826.03,2026-09-07 12:00:00+00:00,2
1458,2989,526.26,2026-06-27 12:00:00+00:00,1
1459,2990,526.28,2026-07-30 12:00:00+00:00,6
1460,2993,526.37,2026-08-01 12:00:00+00:00,2
1461,2991,526.31,2026-08-26 12:00:00+00:00,6
1462,2994,526.40,2026-08-31 12:00:00+00:00,6
1463,2992,526.34,2026-09-25 12:00:00+00:00,1
1464,3007,3285.45,2025-12-05 12:00:00+00:00,3
1465,3017,3288.23,2025-12-09 12:00:00+00:00,3
1466,3008,3285.69,2026-01-05 12:00:00+00:00,7
1467,3009,3285.94,2026-02-05 12:00:00+00:00,1
1468,3010,3286.20,2026-03-04 12:00:00+00:00,4
1469,3011,3286.47,2026-04-08 12:00:00+00:00,5
1470,3018,3288.52,2026-04-08 12:00:00+00:00,6
1471,3012,3286.74,2026-05-07 12:00:00+00:00,4
1472,3013,3287.02,2026-06-07 12:00:00+00:00,6
1473,3014,3287.31,2026-07-03 12:00:00+00:00,3
1474,3015,3287.61,2026-08-02 12:00:00+00:00,7
1475,3016,3287.91,2026-09-02 12:00:00+00:00,2
1476,3019,783.35,2026-04-27 12:00:00+00:00,1
1477,3025,783.54,2026-04-29 12:00:00+00:00,5
1478,3020,783.38,2026-05-29 12:00:00+00:00,1
1479,3026,783.57,2026-05-29 12:00:00+00:00,6
1480,3021,783.41,2026-06-25 12:00:00+00:00,7
1481,3022,783.44,2026-07-28 12:00:00+00:00,2
1482,3027,783.61,2026-07-28 12:00:00+00:00,4
1483,3023,783.47,2026-08-25 12:00:00+00:00,3
1484,3028,783.64,2026-08-27 12:00:00+00:00,5
1485,3024,783.50,2026-09-21 12:00:00+00:00,2
1486,3029,783.68,2026-09-26 12:00:00+00:00,2
1487,3055,2438.80,2026-04-14 12:00:00+00:00,1
1488,3056,2438.98,2026-05-12 12:00:00+00:00,4
1489,3057,2439.18,2026-06-07 12:00:00+00:00,5
1490,3058,2439.38,2026-07-04 12:00:00+00:00,1
1491,3059,2439.58,2026-08-06 12:00:00+00:00,3
1492,3060,2439.80,2026-08-30 12:00:00+00:00,6
1493,3067,1430.55,2025-12-08 12:00:00+00:00,1
1494,3077,1431.19,2025-12-12 12:00:00+00:00,2
1495,3068,1430.61,2026-01-10 12:00:00+00:00,4
1496,3078,1431.26,2026-01-11 12:00:00+00:00,4
1497,3069,1430.67,2026-02-06 12:00:00+00:00,5
1498,3079,1431.33,2026-02-10 12:00:00+00:00,2
1499,3070,1430.73,2026-03-12 12:00:00+00:00,3
1500,3071,1430.80,2026-04-10 12:00:00+00:00,1
1501,3072,1430.86,2026-05-11 12:00:00+00:00,5
1502,3073,1430.92,2026-06-07 12:00:00+00:00,5
1503,3080,1431.41,2026-06-10 12:00:00+00:00,4
1504,3074,1430.99,2026-07-06 12:00:00+00:00,6
1505,3081,1431.48,2026-07-10 12:00:00+00:00,7
1506,3075,1431.06,2026-08-04 12:00:00+00:00,6
1507,3076,1431.12,2026-09-07 12:00:00+00:00,3
1508,3082,1431.55,2026-09-08 12:00:00+00:00,3
1509,3085,188.27,2026-04-29 12:00:00+00:00,1
1510,3091,188.32,2026-05-01 12:00:00+00:00,1
1511,3086,188.28,2026-05-26 12:00:00+00:00,6
1512,3087,188.29,2026-06-26 12:00:00+00:00,3
1513,3092,188.33,2026-06-30 12:00:00+00:00,4
1514,3088,188.30,2026-07-26 12:00:00+00:00,6
1515,3093,188.34,2026-07-30 12:00:00+00:00,1
1516,3089,188.30,2026-08-29 12:00:00+00:00,5
1517,3094,188.35,2026-08-29 12:00:00+00:00,3
1518,3090,188.31,2026-09-25 12:00:00+00:00,6
1519,3103,261.17,2026-07-04 12:00:00+00:00,6
1520,3104,261.17,2026-08-04 12:00:00+00:00,3
1521,3105,261.18,2026-09-04 12:00:00+00:00,6
1522,3106,261.19,2026-09-07 12:00:00+00:00,2
1523,3139,1035.90,2026-07-01 12:00:00+00:00,1
1524,3140,1035.96,2026-08-04 12:00:00+00:00,4
1525,3141,1036.01,2026-09-01 12:00:00+00:00,4
1526,3142,1036.06,2026-09-04 12:00:00+00:00,2
1527,3163,1296.14,2025-11-14 12:00:00+00:00,1
1528,3164,1296.24,2025-12-13 12:00:00+00:00,6
1529,3174,1297.45,2025-12-18 12:00:00+00:00,1
1530,3165,1296.34,2026-01-17 12:00:00+00:00,5
1531,3166,1296.45,2026-02-15 12:00:00+00:00,1
1532,3167,1296.56,2026-03-15 12:00:00+00:00,7
1533,3168,1296.67,2026-04-12 12:00:00+00:00,1
1534,3169,1296.79,2026-05-12 12:00:00+00:00,7
1535,3170,1296.91,2026-06-12 12:00:00+00:00,3
1536,3171,1297.04,2026-07-12 12:00:00+00:00,2
1537,3172,1297.16,2026-08-15 12:00:00+00:00,6
1538,3173,1297.30,2026-09-10 12:00:00+00:00,3
1539,3175,1146.73,2025-11-08 12:00:00+00:00,5
1540,3186,1147.57,2025-11-12 12:00:00+00:00,7
1541,3176,1146.80,2025-12-11 12:00:00+00:00,3
1542,3177,1146.87,2026-01-10 12:00:00+00:00,4
1543,3178,1146.94,2026-02-05 12:00:00+00:00,2
1544,3179,1147.01,2026-03-10 12:00:00+00:00,2
1545,3180,1147.09,2026-04-11 12:00:00+00:00,3
1546,3181,1147.16,2026-05-08 12:00:00+00:00,2
1547,3182,1147.24,2026-06-10 12:00:00+00:00,6
1548,3183,1147.32,2026-07-05 12:00:00+00:00,4
1549,3184,1147.40,2026-08-04 12:00:00+00:00,7
1550,3185,1147.49,2026-09-08 12:00:00+00:00,1
1551,3187,2044.51,2026-02-19 12:00:00+00:00,1
1552,3195,2045.24,2026-02-22 12:00:00+00:00,7
1553,3188,2044.60,2026-03-22 12:00:00+00:00,4
1554,3189,2044.68,2026-04-22 12:00:00+00:00,5
1555,3196,2045.34,2026-04-23 12:00:00+00:00,1
1556,3190,2044.77,2026-05-18 12:00:00+00:00,3
1557,3197,2045.44,2026-05-23 12:00:00+00:00,3
1558,3191,2044.86,2026-06-17 12:00:00+00:00,2
1559,3192,2044.96,2026-07-19 12:00:00+00:00,3
1560,3193,2045.05,2026-08-18 12:00:00+00:00,5
1561,3198,2045.54,2026-08-21 12:00:00+00:00,6
1562,3194,2045.14,2026-09-16 12:00:00+00:00,6
1563,3199,2045.64,2026-09-20 12:00:00+00:00,2
1564,3205,969.41,2026-02-23 12:00:00+00:00,2
1565,3213,969.66,2026-02-27 12:00:00+00:00,3
1566,3206,969.44,2026-03-26 12:00:00+00:00,5
1567,3207,969.47,2026-04-23 12:00:00+00:00,2
1568,3208,969.50,2026-05-24 12:00:00+00:00,2
1569,3214,969.69,2026-05-28 12:00:00+00:00,7
1570,3209,969.53,2026-06-23 12:00:00+00:00,4
1571,3215,969.72,2026-06-27 12:00:00+00:00,4
1572,3210,969.56,2026-07-27 12:00:00+00:00,7
1573,3211,969.59,2026-08-24 12:00:00+00:00,3
1574,3212,969.63,2026-09-24 12:00:00+00:00,4
1575,3241,220.78,2026-05-16 12:00:00+00:00,6
1576,3242,220.79,2026-06-16 12:00:00+00:00,1
1577,3246,220.84,2026-06-19 12:00:00+00:00,7
1578,3243,220.81,2026-07-19 12:00:00+00:00,1
1579,3244,220.82,2026-08-17 12:00:00+00:00,3
1580,3245,220.83,2026-09-14 12:00:00+00:00,1
1581,3247,220.86,2026-09-17 12:00:00+00:00,7
1582,3265,1849.30,2026-05-18 12:00:00+00:00,5
1583,3266,1849.41,2026-06-11 12:00:00+00:00,2
1584,3267,1849.52,2026-07-08 12:00:00+00:00,1
1585,3268,1849.64,2026-08-12 12:00:00+00:00,5
1586,3270,1849.88,2026-11-03 12:00:00+00:00,6
1587,3283,1449.67,2026-01-22 12:00:00+00:00,6
1588,3284,1449.73,2026-02-23 12:00:00+00:00,1
1589,3292,1450.26,2026-02-25 12:00:00+00:00,7
1590,3285,1449.79,2026-03-22 12:00:00+00:00,6
1591,3293,1450.33,2026-03-27 12:00:00+00:00,2
1592,3286,1449.86,2026-04-22 12:00:00+00:00,5
1593,3294,1450.41,2026-04-26 12:00:00+00:00,6
1594,3287,1449.92,2026-05-21 12:00:00+00:00,7
1595,3295,1450.48,2026-05-26 12:00:00+00:00,5
1596,3288,1449.99,2026-06-25 12:00:00+00:00,4
1597,3296,1450.56,2026-06-25 12:00:00+00:00,1
1598,3289,1450.05,2026-07-21 12:00:00+00:00,7
1599,3297,1450.63,2026-07-25 12:00:00+00:00,4
1600,3290,1450.12,2026-08-21 12:00:00+00:00,2
1601,3298,1450.71,2026-08-24 12:00:00+00:00,6
1602,3291,1450.19,2026-09-23 12:00:00+00:00,2
1603,3299,1450.79,2026-09-23 12:00:00+00:00,4
1604,3307,2362.76,2026-07-09 12:00:00+00:00,3
1605,3310,2363.22,2026-07-14 12:00:00+00:00,3
1606,3308,2362.91,2026-08-10 12:00:00+00:00,7
1607,3309,2363.06,2026-09-11 12:00:00+00:00,6
1608,3311,2363.39,2026-09-12 12:00:00+00:00,3
1609,3325,987.89,2025-12-23 12:00:00+00:00,5
1610,3326,987.92,2026-01-25 12:00:00+00:00,4
1611,3327,987.96,2026-02-19 12:00:00+00:00,4
1612,3328,988.00,2026-03-15 12:00:00+00:00,7
1613,3329,988.03,2026-04-17 12:00:00+00:00,4
1614,3330,988.07,2026-05-21 12:00:00+00:00,7
1615,3331,988.12,2026-06-14 12:00:00+00:00,1
1616,3332,988.16,2026-07-16 12:00:00+00:00,7
1617,3334,494.12,2026-09-06 12:00:00+00:00,6
1618,3334,494.13,2026-10-06 12:00:00+00:00,4
1619,3361,174.53,2026-01-21 12:00:00+00:00,7
1620,3362,174.54,2026-02-19 12:00:00+00:00,7
1621,3370,174.60,2026-02-23 12:00:00+00:00,6
1622,3363,174.55,2026-03-24 12:00:00+00:00,2
1623,3371,174.61,2026-03-25 12:00:00+00:00,5
1624,3364,174.55,2026-04-20 12:00:00+00:00,6
1625,3372,174.61,2026-04-24 12:00:00+00:00,2
1626,3365,174.56,2026-05-22 12:00:00+00:00,4
1627,3373,174.62,2026-05-24 12:00:00+00:00,3
1628,3366,174.57,2026-06-23 12:00:00+00:00,6
1629,3374,174.63,2026-06-23 12:00:00+00:00,6
1630,3367,174.57,2026-07-21 12:00:00+00:00,6
1631,3368,174.58,2026-08-20 12:00:00+00:00,6
1632,3375,174.64,2026-08-22 12:00:00+00:00,4
1633,3369,174.59,2026-09-19 12:00:00+00:00,4
1634,3397,468.84,2026-03-12 12:00:00+00:00,2
1635,3404,469.06,2026-03-17 12:00:00+00:00,3
1636,3398,468.87,2026-04-12 12:00:00+00:00,5
1637,3405,469.10,2026-04-16 12:00:00+00:00,7
1638,3399,468.90,2026-05-14 12:00:00+00:00,6
1639,3406,469.14,2026-05-16 12:00:00+00:00,3
1640,3400,468.93,2026-06-10 12:00:00+00:00,3
1641,3401,468.96,2026-07-12 12:00:00+00:00,1
1642,3407,469.18,2026-07-15 12:00:00+00:00,5
1643,3402,468.99,2026-08-14 12:00:00+00:00,3
1644,3408,469.22,2026-08-14 12:00:00+00:00,4
1645,3403,469.03,2026-09-12 12:00:00+00:00,1
1646,3409,469.26,2026-09-13 12:00:00+00:00,5
1647,3415,1557.18,2026-07-14 12:00:00+00:00,3
1648,3416,1557.26,2026-08-13 12:00:00+00:00,6
1649,3418,1557.43,2026-08-17 12:00:00+00:00,7
1650,3417,1557.34,2026-09-16 12:00:00+00:00,1
1651,3419,1557.52,2026-09-16 12:00:00+00:00,5
1652,3439,3361.72,2026-02-04 12:00:00+00:00,6
1653,3447,3364.05,2026-02-05 12:00:00+00:00,5
1654,3440,3361.98,2026-03-04 12:00:00+00:00,3
1655,3441,3362.25,2026-04-03 12:00:00+00:00,5
1656,3448,3364.39,2026-04-06 12:00:00+00:00,6
1657,3442,3362.53,2026-05-06 12:00:00+00:00,6
1658,3449,3364.73,2026-05-06 12:00:00+00:00,7
1659,3443,3362.81,2026-06-03 12:00:00+00:00,2
1660,3444,3363.11,2026-07-01 12:00:00+00:00,6
1661,3445,3363.41,2026-08-01 12:00:00+00:00,7
1662,3446,3363.73,2026-09-01 12:00:00+00:00,5
1663,3451,2570.69,2026-04-05 12:00:00+00:00,2
1664,3452,2570.89,2026-05-03 12:00:00+00:00,2
1665,3457,2572.03,2026-05-07 12:00:00+00:00,3
1666,3453,2571.11,2026-06-03 12:00:00+00:00,7
1667,3458,2572.28,2026-06-06 12:00:00+00:00,3
1668,3454,2571.33,2026-07-05 12:00:00+00:00,3
1669,3455,2571.55,2026-08-02 12:00:00+00:00,2
1670,3459,2572.54,2026-08-05 12:00:00+00:00,4
1671,3456,2571.79,2026-09-04 12:00:00+00:00,1
1672,3463,1163.75,2026-06-13 12:00:00+00:00,5
1673,3467,1164.07,2026-06-17 12:00:00+00:00,2
1674,3464,1163.83,2026-07-12 12:00:00+00:00,6
1675,3465,1163.90,2026-08-16 12:00:00+00:00,7
1676,3466,1163.98,2026-09-13 12:00:00+00:00,5
1677,3481,944.65,2026-04-16 12:00:00+00:00,5
1678,3487,944.98,2026-04-18 12:00:00+00:00,1
1679,3482,944.70,2026-05-15 12:00:00+00:00,7
1680,3488,945.04,2026-05-18 12:00:00+00:00,7
1681,3483,944.75,2026-06-15 12:00:00+00:00,5
1682,3489,945.11,2026-06-17 12:00:00+00:00,1
1683,3484,944.81,2026-07-14 12:00:00+00:00,2
1684,3485,944.86,2026-08-12 12:00:00+00:00,5
1685,3486,944.92,2026-09-12 12:00:00+00:00,6
1686,3505,877.23,2026-01-10 12:00:00+00:00,5
1687,3514,877.52,2026-01-12 12:00:00+00:00,2
1688,3506,877.26,2026-02-10 12:00:00+00:00,2
1689,3515,877.55,2026-02-11 12:00:00+00:00,4
1690,3507,877.29,2026-03-09 12:00:00+00:00,4
1691,3516,877.59,2026-03-13 12:00:00+00:00,4
1692,3508,877.32,2026-04-10 12:00:00+00:00,7
1693,3509,877.35,2026-05-10 12:00:00+00:00,1
1694,3517,877.63,2026-05-12 12:00:00+00:00,5
1695,3510,877.38,2026-06-08 12:00:00+00:00,1
1696,3518,877.67,2026-06-11 12:00:00+00:00,6
1697,3511,877.41,2026-07-10 12:00:00+00:00,2
1698,3519,877.70,2026-07-11 12:00:00+00:00,4
1699,3512,877.45,2026-08-05 12:00:00+00:00,2
1700,3513,877.48,2026-09-08 12:00:00+00:00,1
1701,3520,877.74,2026-09-09 12:00:00+00:00,7
1702,3541,1343.07,2026-07-23 12:00:00+00:00,3
1703,3544,1343.29,2026-07-24 12:00:00+00:00,2
1704,3542,1343.14,2026-08-23 12:00:00+00:00,7
1705,3543,1343.22,2026-09-19 12:00:00+00:00,6
1706,3565,1122.41,2026-05-08 12:00:00+00:00,5
1707,3566,1122.45,2026-06-02 12:00:00+00:00,2
1708,3570,1122.63,2026-06-07 12:00:00+00:00,3
1709,3567,1122.49,2026-07-04 12:00:00+00:00,4
1710,3571,1122.67,2026-07-07 12:00:00+00:00,6
1711,3568,1122.54,2026-08-06 12:00:00+00:00,7
1712,3572,1122.72,2026-08-06 12:00:00+00:00,1
1713,3569,1122.58,2026-09-03 12:00:00+00:00,6
1714,3573,1122.77,2026-09-05 12:00:00+00:00,4
1715,3601,1512.90,2026-01-12 12:00:00+00:00,1
1716,3610,1513.45,2026-01-17 12:00:00+00:00,6
1717,3602,1512.95,2026-02-13 12:00:00+00:00,4
1718,3603,1513.01,2026-03-16 12:00:00+00:00,2
1719,3611,1513.53,2026-03-18 12:00:00+00:00,7
1720,3604,1513.06,2026-04-12 12:00:00+00:00,6
1721,3612,1513.60,2026-04-17 12:00:00+00:00,7
1722,3605,1513.12,2026-05-15 12:00:00+00:00,7
1723,3606,1513.19,2026-06-15 12:00:00+00:00,1
1724,3607,1513.25,2026-07-14 12:00:00+00:00,7
1725,3613,1513.68,2026-07-16 12:00:00+00:00,5
1726,3608,1513.32,2026-08-14 12:00:00+00:00,1
1727,3614,1513.76,2026-08-15 12:00:00+00:00,7
1728,3609,1513.38,2026-09-09 12:00:00+00:00,4
1729,3615,1513.84,2026-09-14 12:00:00+00:00,5
1730,3637,2200.66,2026-04-24 12:00:00+00:00,4
1731,3638,2200.82,2026-05-23 12:00:00+00:00,5
1732,3639,2200.99,2026-06-19 12:00:00+00:00,2
1733,3643,2201.71,2026-06-23 12:00:00+00:00,2
1734,3640,2201.16,2026-07-22 12:00:00+00:00,7
1735,3641,2201.34,2026-08-22 12:00:00+00:00,6
1736,3642,2201.52,2026-09-17 12:00:00+00:00,1
1737,3644,2201.90,2026-09-21 12:00:00+00:00,5
1738,3649,2115.56,2026-07-26 12:00:00+00:00,7
1739,3650,2115.72,2026-08-30 12:00:00+00:00,6
1740,3652,2116.07,2026-08-30 12:00:00+00:00,4
1741,3651,2115.89,2026-09-28 12:00:00+00:00,1
1742,3661,1474.54,2026-04-09 12:00:00+00:00,3
1743,3667,1474.98,2026-04-12 12:00:00+00:00,3
1744,3662,1474.61,2026-05-07 12:00:00+00:00,7
1745,3668,1475.07,2026-05-12 12:00:00+00:00,6
1746,3663,1474.68,2026-06-08 12:00:00+00:00,4
1747,3664,1474.75,2026-07-11 12:00:00+00:00,1
1748,3665,1474.83,2026-08-10 12:00:00+00:00,6
1749,3666,1474.91,2026-09-07 12:00:00+00:00,4
1750,3669,1475.15,2026-09-09 12:00:00+00:00,2
1751,3685,533.86,2026-06-24 12:00:00+00:00,5
1752,3686,533.90,2026-07-27 12:00:00+00:00,6
1753,3689,534.04,2026-07-29 12:00:00+00:00,2
1754,3687,533.94,2026-08-24 12:00:00+00:00,5
1755,3688,533.99,2026-09-23 12:00:00+00:00,5
1756,3697,2483.87,2026-05-15 12:00:00+00:00,3
1757,3698,2484.00,2026-06-24 12:00:00+00:00,4
1758,3699,2484.14,2026-07-26 12:00:00+00:00,1
1759,3701,2484.42,2026-10-02 12:00:00+00:00,1
1760,3709,1757.63,2026-04-13 12:00:00+00:00,7
1761,3715,1758.35,2026-04-18 12:00:00+00:00,4
1762,3710,1757.74,2026-05-16 12:00:00+00:00,1
1763,3716,1758.49,2026-05-18 12:00:00+00:00,3
1764,3711,1757.85,2026-06-15 12:00:00+00:00,5
1765,3712,1757.97,2026-07-16 12:00:00+00:00,3
1766,3717,1758.63,2026-07-17 12:00:00+00:00,5
1767,3713,1758.09,2026-08-16 12:00:00+00:00,5
1768,3718,1758.77,2026-08-16 12:00:00+00:00,3
1769,3714,1758.22,2026-09-15 12:00:00+00:00,5
1770,3719,1758.92,2026-09-15 12:00:00+00:00,2
1771,3727,845.84,2026-03-26 12:00:00+00:00,1
1772,3734,846.16,2026-03-30 12:00:00+00:00,4
1773,3728,845.88,2026-04-24 12:00:00+00:00,1
1774,3735,846.20,2026-04-29 12:00:00+00:00,1
1775,3729,845.93,2026-05-27 12:00:00+00:00,2
1776,3736,846.25,2026-05-29 12:00:00+00:00,6
1777,3730,845.97,2026-06-27 12:00:00+00:00,5
1778,3731,846.02,2026-07-23 12:00:00+00:00,2
1779,3737,846.31,2026-07-28 12:00:00+00:00,4
1780,3732,846.06,2026-08-25 12:00:00+00:00,2
1781,3738,846.36,2026-08-27 12:00:00+00:00,7
1782,3733,846.11,2026-09-21 12:00:00+00:00,7
1783,3739,846.41,2026-09-26 12:00:00+00:00,6
1784,3745,2544.17,2026-04-14 12:00:00+00:00,5
1785,3746,2544.33,2026-05-12 12:00:00+00:00,1
1786,3751,2545.21,2026-05-14 12:00:00+00:00,3
1787,3747,2544.49,2026-06-08 12:00:00+00:00,3
1788,3748,2544.66,2026-07-10 12:00:00+00:00,2
1789,3749,2544.84,2026-08-10 12:00:00+00:00,5
1790,3750,2545.02,2026-09-07 12:00:00+00:00,3
1791,3763,862.20,2026-01-03 12:00:00+00:00,5
1792,3772,862.50,2026-01-07 12:00:00+00:00,4
1793,3764,862.23,2026-02-06 12:00:00+00:00,2
1794,3773,862.54,2026-02-06 12:00:00+00:00,2
1795,3765,862.27,2026-03-06 12:00:00+00:00,3
1796,3766,862.30,2026-04-07 12:00:00+00:00,7
1797,3767,862.33,2026-05-03 12:00:00+00:00,3
1798,3774,862.58,2026-05-07 12:00:00+00:00,2
1799,3768,862.36,2026-06-03 12:00:00+00:00,7
1800,3769,862.40,2026-07-01 12:00:00+00:00,7
1801,3770,862.43,2026-08-05 12:00:00+00:00,1
1802,3775,862.62,2026-08-05 12:00:00+00:00,4
1803,3771,862.47,2026-08-30 12:00:00+00:00,7
1804,3776,862.66,2026-09-04 12:00:00+00:00,4
1805,3799,198.53,2026-07-18 12:00:00+00:00,1
1806,3802,198.56,2026-07-22 12:00:00+00:00,2
1807,3800,198.54,2026-08-18 12:00:00+00:00,3
1808,3801,198.55,2026-09-15 12:00:00+00:00,7
1809,3803,198.58,2026-09-20 12:00:00+00:00,7
1810,3817,1640.17,2026-03-30 12:00:00+00:00,7
1811,3824,1640.69,2026-03-31 12:00:00+00:00,2
1812,3818,1640.24,2026-04-30 12:00:00+00:00,2
1813,3825,1640.77,2026-04-30 12:00:00+00:00,7
1814,3819,1640.31,2026-05-28 12:00:00+00:00,5
1815,3826,1640.85,2026-05-30 12:00:00+00:00,4
1816,3820,1640.38,2026-06-25 12:00:00+00:00,1
1817,3827,1640.93,2026-06-29 12:00:00+00:00,1
1818,3821,1640.46,2026-07-29 12:00:00+00:00,5
1819,3828,1641.02,2026-07-29 12:00:00+00:00,2
1820,3822,1640.53,2026-08-26 12:00:00+00:00,6
1821,3829,1641.10,2026-08-28 12:00:00+00:00,4
1822,3823,1640.61,2026-09-22 12:00:00+00:00,6
1823,3830,1641.19,2026-09-27 12:00:00+00:00,4
1824,3841,786.33,2026-07-28 12:00:00+00:00,3
1825,3844,786.41,2026-07-29 12:00:00+00:00,5
1826,3842,786.36,2026-08-26 12:00:00+00:00,2
1827,3845,786.44,2026-08-28 12:00:00+00:00,4
1828,3843,786.38,2026-09-24 12:00:00+00:00,2
1829,3846,786.46,2026-09-27 12:00:00+00:00,5
1830,3877,2396.41,2025-12-02 12:00:00+00:00,7
1831,3887,2398.58,2025-12-05 12:00:00+00:00,7
1832,3878,2396.60,2026-01-02 12:00:00+00:00,7
1833,3879,2396.79,2026-01-30 12:00:00+00:00,2
1834,3880,2396.99,2026-02-28 12:00:00+00:00,3
1835,3888,2398.85,2026-03-05 12:00:00+00:00,5
1836,3881,2397.20,2026-04-01 12:00:00+00:00,5
1837,3882,2397.41,2026-05-03 12:00:00+00:00,2
1838,3883,2397.63,2026-05-30 12:00:00+00:00,1
1839,3884,2397.86,2026-06-29 12:00:00+00:00,4
1840,3885,2398.09,2026-08-02 12:00:00+00:00,1
1841,3886,2398.33,2026-08-29 12:00:00+00:00,3
1842,3889,1037.36,2026-05-28 12:00:00+00:00,4
1843,3894,1037.61,2026-05-30 12:00:00+00:00,4
1844,3890,1037.41,2026-06-26 12:00:00+00:00,3
1845,3891,1037.46,2026-07-24 12:00:00+00:00,4
1846,3892,1037.51,2026-08-28 12:00:00+00:00,2
1847,3893,1037.56,2026-09-24 12:00:00+00:00,6
1848,3895,1037.67,2026-09-27 12:00:00+00:00,4
1849,3913,1364.75,2026-07-30 12:00:00+00:00,7
1850,3914,1364.84,2026-08-29 12:00:00+00:00,3
1851,3916,1365.02,2026-08-29 12:00:00+00:00,7
1852,3915,1364.93,2026-09-26 12:00:00+00:00,7
1853,3917,1365.11,2026-09-28 12:00:00+00:00,3
1854,3925,2201.48,2025-12-10 12:00:00+00:00,5
1855,3935,2203.46,2025-12-15 12:00:00+00:00,3
1856,3926,2201.65,2026-01-09 12:00:00+00:00,4
1857,3936,2203.68,2026-01-14 12:00:00+00:00,3
1858,3927,2201.82,2026-02-08 12:00:00+00:00,3
1859,3928,2202.01,2026-03-13 12:00:00+00:00,7
1860,3929,2202.19,2026-04-14 12:00:00+00:00,2
1861,3930,2202.39,2026-05-09 12:00:00+00:00,2
1862,3931,2202.59,2026-06-11 12:00:00+00:00,4
1863,3932,2202.80,2026-07-09 12:00:00+00:00,2
1864,3933,2203.01,2026-08-12 12:00:00+00:00,5
1865,3934,2203.23,2026-09-07 12:00:00+00:00,6
1866,3937,1028.60,2026-01-25 12:00:00+00:00,3
1867,3946,1029.04,2026-01-27 12:00:00+00:00,2
1868,3938,1028.65,2026-02-26 12:00:00+00:00,5
1869,3939,1028.69,2026-03-23 12:00:00+00:00,1
1870,3947,1029.09,2026-03-28 12:00:00+00:00,6
1871,3940,1028.74,2026-04-24 12:00:00+00:00,5
1872,3948,1029.09,2026-04-27 12:00:00+00:00,2
1873,3941,1028.79,2026-05-22 12:00:00+00:00,7
1874,3942,1028.84,2026-06-23 12:00:00+00:00,6
1875,3943,1028.89,2026-07-25 12:00:00+00:00,6
1876,3944,1028.94,2026-08-24 12:00:00+00:00,5
1877,3945,1028.99,2026-09-20 12:00:00+00:00,1
1878,3949,1626.51,2026-01-31 12:00:00+00:00,2
1879,3950,1626.58,2026-03-02 12:00:00+00:00,3
1880,3958,1627.28,2026-03-02 12:00:00+00:00,3
1881,3951,1626.66,2026-03-30 12:00:00+00:00,1
1882,3959,1627.38,2026-04-01 12:00:00+00:00,2
1883,3952,1626.75,2026-04-27 12:00:00+00:00,6
1884,3960,1627.48,2026-05-01 12:00:00+00:00,5
1885,3953,1626.83,2026-05-27 12:00:00+00:00,1
1886,3954,1626.92,2026-06-29 12:00:00+00:00,5
1887,3955,1627.00,2026-07-26 12:00:00+00:00,7
1888,3961,1627.58,2026-07-30 12:00:00+00:00,2
1889,3956,1627.09,2026-08-29 12:00:00+00:00,5
1890,3957,1627.19,2026-09-24 12:00:00+00:00,3
1891,3973,1222.50,2026-01-22 12:00:00+00:00,4
1892,3982,1223.09,2026-01-25 12:00:00+00:00,3
1893,3974,1222.56,2026-02-21 12:00:00+00:00,6
1894,3975,1222.62,2026-03-23 12:00:00+00:00,1
1895,3976,1222.69,2026-04-23 12:00:00+00:00,4
1896,3977,1222.75,2026-05-24 12:00:00+00:00,4
1897,3983,1223.17,2026-05-25 12:00:00+00:00,3
1898,3978,1222.81,2026-06-22 12:00:00+00:00,5
1899,3984,1223.24,2026-06-24 12:00:00+00:00,2
1900,3979,1222.88,2026-07-24 12:00:00+00:00,1
1901,3980,1222.95,2026-08-18 12:00:00+00:00,3
1902,3981,1223.02,2026-09-17 12:00:00+00:00,2
1903,3985,1223.32,2026-09-22 12:00:00+00:00,3
1904,3997,2119.51,2026-05-25 12:00:00+00:00,5
1905,3998,2119.64,2026-06-24 12:00:00+00:00,6
1906,4002,2120.17,2026-06-28 12:00:00+00:00,5
1907,3999,2119.76,2026-07-27 12:00:00+00:00,4
1908,4000,2119.90,2026-08-27 12:00:00+00:00,6
1909,4003,2120.31,2026-08-27 12:00:00+00:00,3
1910,4001,2120.03,2026-09-21 12:00:00+00:00,6
1911,4004,2120.46,2026-09-26 12:00:00+00:00,7
1912,4015,1306.04,2026-05-27 12:00:00+00:00,4
1913,4016,1306.08,2026-06-25 12:00:00+00:00,3
1914,4017,1306.13,2026-07-21 12:00:00+00:00,7
1915,4020,1306.28,2026-07-26 12:00:00+00:00,7
1916,4018,1306.18,2026-08-24 12:00:00+00:00,1
1917,4021,1306.34,2026-08-25 12:00:00+00:00,4
1918,4019,1306.23,2026-09-20 12:00:00+00:00,1
1919,4051,509.72,2025-11-12 12:00:00+00:00,7
1920,4052,509.75,2025-12-09 12:00:00+00:00,1
1921,4053,509.78,2026-01-12 12:00:00+00:00,1
1922,4062,510.08,2026-01-13 12:00:00+00:00,7
1923,4054,509.81,2026-02-10 12:00:00+00:00,6
1924,4063,510.12,2026-02-12 12:00:00+00:00,5
1925,4055,509.84,2026-03-10 12:00:00+00:00,3
1926,4064,510.15,2026-03-14 12:00:00+00:00,6
1927,4056,509.87,2026-04-08 12:00:00+00:00,1
1928,4065,510.19,2026-04-13 12:00:00+00:00,6
1929,4057,509.90,2026-05-11 12:00:00+00:00,7
1930,4058,509.94,2026-06-07 12:00:00+00:00,7
1931,4066,510.23,2026-06-12 12:00:00+00:00,4
1932,4059,509.97,2026-07-09 12:00:00+00:00,5
1933,4067,510.27,2026-07-12 12:00:00+00:00,1
1934,4060,510.01,2026-08-08 12:00:00+00:00,5
1935,4068,510.37,2026-08-11 12:00:00+00:00,2
1936,4061,510.04,2026-09-09 12:00:00+00:00,7
1937,4069,718.41,2026-03-12 12:00:00+00:00,7
1938,4076,718.59,2026-03-14 12:00:00+00:00,4
1939,4070,718.44,2026-04-08 12:00:00+00:00,2
1940,4077,718.62,2026-04-13 12:00:00+00:00,1
1941,4071,718.46,2026-05-10 12:00:00+00:00,4
1942,4072,718.49,2026-06-08 12:00:00+00:00,2
1943,4073,718.51,2026-07-07 12:00:00+00:00,6
1944,4074,718.54,2026-08-07 12:00:00+00:00,4
1945,4078,718.65,2026-08-11 12:00:00+00:00,7
1946,4075,718.57,2026-09-09 12:00:00+00:00,5
1947,4079,718.68,2026-09-10 12:00:00+00:00,2
1948,4105,2169.98,2026-03-24 12:00:00+00:00,1
1949,4112,2170.92,2026-03-26 12:00:00+00:00,4
1950,4106,2170.11,2026-04-24 12:00:00+00:00,7
1951,4113,2171.06,2026-04-25 12:00:00+00:00,2
1952,4107,2170.23,2026-05-20 12:00:00+00:00,5
1953,4114,2171.21,2026-05-25 12:00:00+00:00,7
1954,4108,2170.36,2026-06-22 12:00:00+00:00,4
1955,4109,2170.50,2026-07-21 12:00:00+00:00,1
1956,4115,2171.37,2026-07-24 12:00:00+00:00,4
1957,4110,2170.63,2026-08-22 12:00:00+00:00,5
1958,4111,2170.77,2026-09-22 12:00:00+00:00,7
1959,4123,232.32,2026-06-03 12:00:00+00:00,1
1960,4124,232.33,2026-07-05 12:00:00+00:00,3
1961,4127,232.37,2026-07-07 12:00:00+00:00,6
1962,4125,232.34,2026-08-03 12:00:00+00:00,1
1963,4126,232.35,2026-09-01 12:00:00+00:00,6
1964,4128,232.38,2026-09-05 12:00:00+00:00,3
1965,4147,2984.04,2025-12-23 12:00:00+00:00,6
1966,4157,2986.38,2025-12-26 12:00:00+00:00,6
1967,4148,2984.24,2026-01-20 12:00:00+00:00,3
1968,4158,2986.65,2026-01-25 12:00:00+00:00,3
1969,4149,2984.45,2026-02-20 12:00:00+00:00,3
1970,4150,2984.67,2026-03-23 12:00:00+00:00,1
1971,4151,2984.90,2026-04-20 12:00:00+00:00,7
1972,4152,2985.13,2026-05-25 12:00:00+00:00,2
1973,4153,2985.36,2026-06-21 12:00:00+00:00,4
1974,4154,2985.61,2026-07-21 12:00:00+00:00,2
1975,4155,2985.86,2026-08-19 12:00:00+00:00,7
1976,4156,2986.11,2026-09-18 12:00:00+00:00,6
1977,4159,1144.12,2026-06-20 12:00:00+00:00,4
1978,4163,1144.31,2026-06-23 12:00:00+00:00,3
1979,4160,1144.16,2026-07-20 12:00:00+00:00,6
1980,4161,1144.21,2026-08-22 12:00:00+00:00,5
1981,4164,1144.37,2026-08-22 12:00:00+00:00,6
1982,4162,1144.26,2026-09-21 12:00:00+00:00,3
1983,4177,1779.84,2026-06-02 12:00:00+00:00,5
1984,4182,1780.35,2026-06-02 12:00:00+00:00,3
1985,4178,1779.94,2026-06-29 12:00:00+00:00,7
1986,4179,1780.04,2026-08-01 12:00:00+00:00,6
1987,4183,1780.46,2026-08-01 12:00:00+00:00,2
1988,4180,1780.14,2026-08-27 12:00:00+00:00,6
1989,4184,1780.57,2026-08-31 12:00:00+00:00,2
1990,4181,1780.24,2026-09-27 12:00:00+00:00,3
1991,4185,1780.69,2026-09-30 12:00:00+00:00,1
1992,4201,368.03,2026-04-14 12:00:00+00:00,1
1993,4207,368.13,2026-04-15 12:00:00+00:00,6
1994,4202,368.05,2026-05-10 12:00:00+00:00,5
1995,4203,368.06,2026-06-14 12:00:00+00:00,6
1996,4208,368.14,2026-06-14 12:00:00+00:00,4
1997,4204,368.08,2026-07-10 12:00:00+00:00,5
1998,4209,368.16,2026-07-14 12:00:00+00:00,7
1999,4205,368.09,2026-08-11 12:00:00+00:00,2
2000,4210,368.18,2026-08-13 12:00:00+00:00,7
2001,4206,368.11,2026-09-12 12:00:00+00:00,6
2002,4211,368.20,2026-09-12 12:00:00+00:00,2
2003,4213,3305.72,2026-05-21 12:00:00+00:00,7
2004,4214,3305.92,2026-06-21 12:00:00+00:00,6
2005,4215,3306.12,2026-08-01 12:00:00+00:00,5
2006,4216,3306.33,2026-08-25 12:00:00+00:00,6
2007,4225,872.13,2026-06-23 12:00:00+00:00,7
2008,4226,872.16,2026-07-18 12:00:00+00:00,1
2009,4227,872.20,2026-08-19 12:00:00+00:00,6
2010,4228,872.23,2026-09-20 12:00:00+00:00,2
2011,4229,872.26,2026-09-21 12:00:00+00:00,2
2012,4249,1180.88,2025-11-18 12:00:00+00:00,7
2013,4260,1181.42,2025-11-23 12:00:00+00:00,7
2014,4250,1180.92,2025-12-21 12:00:00+00:00,5
2015,4261,1181.48,2025-12-23 12:00:00+00:00,7
2016,4251,1180.96,2026-01-21 12:00:00+00:00,7
2017,4262,1181.54,2026-01-22 12:00:00+00:00,1
2018,4252,1181.01,2026-02-20 12:00:00+00:00,6
2019,4263,1181.61,2026-02-21 12:00:00+00:00,3
2020,4253,1181.06,2026-03-23 12:00:00+00:00,5
2021,4264,1181.67,2026-03-23 12:00:00+00:00,7
2022,4254,1181.10,2026-04-18 12:00:00+00:00,2
2023,4255,1181.15,2026-05-20 12:00:00+00:00,2
2024,4265,1181.74,2026-05-22 12:00:00+00:00,7
2025,4256,1181.20,2026-06-19 12:00:00+00:00,3
2026,4257,1181.26,2026-07-16 12:00:00+00:00,3
2027,4266,1181.81,2026-07-21 12:00:00+00:00,1
2028,4258,1181.31,2026-08-20 12:00:00+00:00,1
2029,4267,1181.88,2026-08-20 12:00:00+00:00,7
2030,4259,1181.37,2026-09-17 12:00:00+00:00,3
2031,4268,1181.95,2026-09-19 12:00:00+00:00,7
2032,4285,2983.69,2026-06-29 12:00:00+00:00,1
2033,4286,2983.89,2026-07-27 12:00:00+00:00,5
2034,4287,2984.09,2026-08-28 12:00:00+00:00,2
2035,4288,2984.30,2026-09-27 12:00:00+00:00,4
2036,4289,2984.51,2026-09-30 12:00:00+00:00,4
2037,4297,1285.73,2026-05-20 12:00:00+00:00,6
2038,4298,1285.82,2026-06-17 12:00:00+00:00,3
2039,4299,1285.91,2026-07-20 12:00:00+00:00,4
2040,4300,1286.00,2026-08-16 12:00:00+00:00,2
2041,4301,1286.09,2026-09-15 12:00:00+00:00,3
2042,4302,1286.19,2026-09-20 12:00:00+00:00,5
2043,4309,2316.71,2026-04-16 12:00:00+00:00,2
2044,4315,2317.75,2026-04-18 12:00:00+00:00,6
2045,4310,2316.87,2026-05-15 12:00:00+00:00,7
2046,4311,2317.04,2026-06-14 12:00:00+00:00,5
2047,4316,2317.94,2026-06-17 12:00:00+00:00,5
2048,4312,2317.21,2026-07-14 12:00:00+00:00,6
2049,4317,2318.14,2026-07-17 12:00:00+00:00,4
2050,4313,2317.38,2026-08-15 12:00:00+00:00,2
2051,4314,2317.56,2026-09-15 12:00:00+00:00,6
2052,4321,1806.44,2026-04-10 12:00:00+00:00,3
2053,4327,1807.04,2026-04-10 12:00:00+00:00,6
2054,4322,1806.54,2026-05-08 12:00:00+00:00,2
2055,4328,1807.15,2026-05-10 12:00:00+00:00,2
2056,4323,1806.63,2026-06-07 12:00:00+00:00,4
2057,4329,1807.26,2026-06-09 12:00:00+00:00,5
2058,4324,1806.73,2026-07-08 12:00:00+00:00,4
2059,4330,1807.38,2026-07-09 12:00:00+00:00,4
2060,4325,1806.83,2026-08-03 12:00:00+00:00,1
2061,4331,1807.50,2026-08-08 12:00:00+00:00,7
2062,4326,1806.93,2026-09-04 12:00:00+00:00,4
2063,4345,2115.78,2025-11-28 12:00:00+00:00,1
2064,4346,2115.89,2025-12-26 12:00:00+00:00,4
2065,4347,2116.00,2026-01-24 12:00:00+00:00,4
2066,4348,2116.11,2026-02-23 12:00:00+00:00,7
2067,4356,2117.03,2026-02-28 12:00:00+00:00,2
2068,4349,2116.23,2026-03-27 12:00:00+00:00,6
2069,4350,2116.34,2026-04-24 12:00:00+00:00,4
2070,4351,2116.46,2026-05-27 12:00:00+00:00,5
2071,4352,2116.58,2026-06-28 12:00:00+00:00,4
2072,4353,2116.71,2026-07-25 12:00:00+00:00,7
2073,4354,2116.83,2026-08-22 12:00:00+00:00,7
2074,4355,2116.96,2026-09-23 12:00:00+00:00,6
2075,4357,636.91,2025-12-11 12:00:00+00:00,2
2076,4367,637.18,2025-12-15 12:00:00+00:00,3
2077,4358,636.94,2026-01-11 12:00:00+00:00,6
2078,4368,637.21,2026-01-14 12:00:00+00:00,7
2079,4359,636.96,2026-02-09 12:00:00+00:00,2
2080,4369,637.24,2026-02-13 12:00:00+00:00,5
2081,4360,636.99,2026-03-14 12:00:00+00:00,6
2082,4370,637.28,2026-03-15 12:00:00+00:00,1
2083,4361,637.01,2026-04-12 12:00:00+00:00,3
2084,4371,637.31,2026-04-14 12:00:00+00:00,7
2085,4362,637.04,2026-05-12 12:00:00+00:00,4
2086,4363,637.06,2026-06-09 12:00:00+00:00,7
2087,4364,637.09,2026-07-09 12:00:00+00:00,1
2088,4372,637.35,2026-07-13 12:00:00+00:00,1
2089,4365,637.12,2026-08-11 12:00:00+00:00,1
2090,4366,637.15,2026-09-08 12:00:00+00:00,6
2091,4393,1614.74,2025-11-06 12:00:00+00:00,3
2092,4404,1615.83,2025-11-10 12:00:00+00:00,6
2093,4394,1614.82,2025-12-09 12:00:00+00:00,3
2094,4395,1614.91,2026-01-08 12:00:00+00:00,6
2095,4405,1615.95,2026-01-09 12:00:00+00:00,5
2096,4396,1615.00,2026-02-04 12:00:00+00:00,3
2097,4406,1616.07,2026-02-08 12:00:00+00:00,2
2098,4397,1615.09,2026-03-10 12:00:00+00:00,3
2099,4407,1616.20,2026-03-10 12:00:00+00:00,1
2100,4398,1615.19,2026-04-08 12:00:00+00:00,5
2101,4399,1615.29,2026-05-06 12:00:00+00:00,5
2102,4408,1616.33,2026-05-09 12:00:00+00:00,1
2103,4400,1615.39,2026-06-06 12:00:00+00:00,6
2104,4409,1616.46,2026-06-08 12:00:00+00:00,3
2105,4401,1615.49,2026-07-07 12:00:00+00:00,4
2106,4410,1616.60,2026-07-08 12:00:00+00:00,3
2107,4402,1615.60,2026-08-07 12:00:00+00:00,4
2108,4411,1616.75,2026-08-07 12:00:00+00:00,2
2109,4403,1615.71,2026-09-02 12:00:00+00:00,5
2110,4412,1616.90,2026-09-06 12:00:00+00:00,3
2111,4417,1439.13,2026-01-09 12:00:00+00:00,3
2112,4426,1439.64,2026-01-12 12:00:00+00:00,7
2113,4418,1439.18,2026-02-08 12:00:00+00:00,3
2114,4419,1439.24,2026-03-08 12:00:00+00:00,4
2115,4427,1439.70,2026-03-13 12:00:00+00:00,6
2116,4420,1439.29,2026-04-12 12:00:00+00:00,3
2117,4421,1439.35,2026-05-07 12:00:00+00:00,3
2118,4428,1439.76,2026-05-12 12:00:00+00:00,1
2119,4422,1439.40,2026-06-10 12:00:00+00:00,5
2120,4429,1439.82,2026-06-11 12:00:00+00:00,5
2121,4423,1439.46,2026-07-08 12:00:00+00:00,3
2122,4430,1439.89,2026-07-11 12:00:00+00:00,5
2123,4424,1439.52,2026-08-10 12:00:00+00:00,2
2124,4425,1439.58,2026-09-07 12:00:00+00:00,7
2125,4431,1439.95,2026-09-09 12:00:00+00:00,2
2126,4441,1960.41,2026-01-25 12:00:00+00:00,1
2127,4442,1960.53,2026-02-24 12:00:00+00:00,5
2128,4450,1961.63,2026-02-24 12:00:00+00:00,2
2129,4443,1960.66,2026-03-24 12:00:00+00:00,3
2130,4451,1961.78,2026-03-26 12:00:00+00:00,2
2131,4444,1960.79,2026-04-25 12:00:00+00:00,7
2132,4445,1960.92,2026-05-20 12:00:00+00:00,1
2133,4452,1961.95,2026-05-25 12:00:00+00:00,6
2134,4446,1961.06,2026-06-23 12:00:00+00:00,3
2135,4447,1961.19,2026-07-20 12:00:00+00:00,3
2136,4448,1961.33,2026-08-21 12:00:00+00:00,3
2137,4449,1961.48,2026-09-18 12:00:00+00:00,7
2138,4453,2680.75,2026-03-24 12:00:00+00:00,6
2139,4460,2681.59,2026-03-26 12:00:00+00:00,5
2140,4454,2680.86,2026-04-20 12:00:00+00:00,3
2141,4455,2680.98,2026-05-24 12:00:00+00:00,7
2142,4456,2681.10,2026-06-23 12:00:00+00:00,4
2143,4457,2681.22,2026-07-23 12:00:00+00:00,4
2144,4458,2681.34,2026-08-18 12:00:00+00:00,5
2145,4459,2681.47,2026-09-17 12:00:00+00:00,6
2146,4465,555.80,2026-04-19 12:00:00+00:00,3
2147,4466,555.83,2026-05-24 12:00:00+00:00,7
2148,4467,555.87,2026-06-25 12:00:00+00:00,7
2149,4468,555.90,2026-07-21 12:00:00+00:00,4
2150,4469,555.94,2026-08-22 12:00:00+00:00,3
2151,4483,1178.74,2026-04-25 12:00:00+00:00,2
2152,4484,1178.80,2026-05-26 12:00:00+00:00,5
2153,4489,1179.11,2026-05-30 12:00:00+00:00,2
2154,4485,1178.86,2026-06-26 12:00:00+00:00,4
2155,4490,1179.18,2026-06-29 12:00:00+00:00,7
2156,4486,1178.92,2026-07-25 12:00:00+00:00,1
2157,4491,1179.25,2026-07-29 12:00:00+00:00,3
2158,4487,1178.98,2026-08-26 12:00:00+00:00,5
2159,4488,1179.04,2026-09-27 12:00:00+00:00,7
2160,4492,1179.32,2026-09-27 12:00:00+00:00,3
2161,4507,982.92,2026-01-21 12:00:00+00:00,2
2162,4516,983.71,2026-01-23 12:00:00+00:00,6
2163,4508,983.00,2026-02-22 12:00:00+00:00,3
2164,4517,983.82,2026-02-22 12:00:00+00:00,3
2165,4509,983.08,2026-03-20 12:00:00+00:00,7
2166,4518,983.89,2026-03-24 12:00:00+00:00,7
2167,4510,983.16,2026-04-21 12:00:00+00:00,6
2168,4511,983.25,2026-05-19 12:00:00+00:00,4
2169,4512,983.33,2026-06-18 12:00:00+00:00,1
2170,4513,983.42,2026-07-21 12:00:00+00:00,2
2171,4514,983.52,2026-08-21 12:00:00+00:00,2
2172,4515,983.61,2026-09-17 12:00:00+00:00,6
2173,4519,3547.36,2026-05-07 12:00:00+00:00,3
2174,4524,3548.69,2026-05-10 12:00:00+00:00,5
2175,4520,3547.61,2026-06-07 12:00:00+00:00,3
2176,4525,3548.98,2026-06-09 12:00:00+00:00,1
2177,4521,3547.87,2026-07-07 12:00:00+00:00,6
2178,4526,3549.27,2026-07-09 12:00:00+00:00,5
2179,4522,3548.14,2026-08-03 12:00:00+00:00,7
2180,4527,3549.58,2026-08-08 12:00:00+00:00,7
2181,4523,3548.41,2026-09-06 12:00:00+00:00,2
2182,4528,3549.89,2026-09-07 12:00:00+00:00,2
2183,4531,1967.81,2025-12-20 12:00:00+00:00,2
2184,4541,1969.19,2025-12-25 12:00:00+00:00,1
2185,4532,1967.94,2026-01-21 12:00:00+00:00,6
2186,4533,1968.06,2026-02-21 12:00:00+00:00,5
2187,4542,1969.31,2026-02-23 12:00:00+00:00,7
2188,4534,1968.19,2026-03-25 12:00:00+00:00,7
2189,4535,1968.33,2026-04-20 12:00:00+00:00,3
2190,4536,1968.46,2026-05-19 12:00:00+00:00,7
2191,4537,1968.60,2026-06-21 12:00:00+00:00,4
2192,4538,1968.74,2026-07-23 12:00:00+00:00,3
2193,4539,1968.89,2026-08-22 12:00:00+00:00,7
2194,4540,1969.04,2026-09-17 12:00:00+00:00,6
2195,4543,1682.31,2026-03-04 12:00:00+00:00,4
2196,4544,1682.43,2026-04-03 12:00:00+00:00,3
2197,4545,1682.56,2026-05-03 12:00:00+00:00,1
2198,4550,1683.27,2026-05-06 12:00:00+00:00,7
2199,4546,1682.70,2026-06-02 12:00:00+00:00,1
2200,4551,1683.43,2026-06-05 12:00:00+00:00,6
2201,4547,1682.83,2026-07-02 12:00:00+00:00,6
2202,4552,1683.59,2026-07-05 12:00:00+00:00,6
2203,4548,1682.98,2026-07-31 12:00:00+00:00,1
2204,4549,1683.12,2026-09-02 12:00:00+00:00,4
2205,4553,1683.76,2026-09-03 12:00:00+00:00,2
2206,4555,1030.44,2026-05-11 12:00:00+00:00,6
2207,4560,1030.77,2026-05-12 12:00:00+00:00,5
2208,4556,1030.50,2026-06-09 12:00:00+00:00,4
2209,4557,1030.57,2026-07-07 12:00:00+00:00,6
2210,4561,1030.85,2026-07-11 12:00:00+00:00,6
2211,4558,1030.63,2026-08-08 12:00:00+00:00,7
2212,4562,1030.92,2026-08-10 12:00:00+00:00,5
2213,4559,1030.70,2026-09-08 12:00:00+00:00,1
2214,4563,1031.00,2026-09-09 12:00:00+00:00,2
2215,4573,2066.37,2026-06-28 12:00:00+00:00,1
2216,4577,2066.84,2026-06-28 12:00:00+00:00,5
2217,4574,2066.48,2026-07-28 12:00:00+00:00,5
2218,4575,2066.60,2026-08-22 12:00:00+00:00,5
2219,4578,2066.97,2026-08-27 12:00:00+00:00,7
2220,4576,2066.72,2026-09-23 12:00:00+00:00,5
2221,4579,2067.10,2026-09-26 12:00:00+00:00,7
2222,4591,719.90,2026-06-28 12:00:00+00:00,2
2223,4592,719.92,2026-07-26 12:00:00+00:00,2
2224,4595,720.00,2026-07-30 12:00:00+00:00,4
2225,4593,719.95,2026-08-24 12:00:00+00:00,3
2226,4596,720.03,2026-08-29 12:00:00+00:00,7
2227,4594,719.97,2026-09-27 12:00:00+00:00,2
2228,4597,720.06,2026-09-28 12:00:00+00:00,1
2229,4627,148.27,2026-07-01 12:00:00+00:00,7
2230,4628,148.28,2026-07-24 12:00:00+00:00,7
2231,4630,148.29,2026-10-19 12:00:00+00:00,4
2232,4663,2446.96,2026-05-02 12:00:00+00:00,2
2233,4668,2447.50,2026-05-04 12:00:00+00:00,6
2234,4664,2447.07,2026-06-02 12:00:00+00:00,5
2235,4669,2447.62,2026-06-03 12:00:00+00:00,4
2236,4665,2447.17,2026-06-29 12:00:00+00:00,4
2237,4670,2447.73,2026-07-03 12:00:00+00:00,4
2238,4666,2447.28,2026-07-28 12:00:00+00:00,1
2239,4671,2447.85,2026-08-02 12:00:00+00:00,2
2240,4667,2447.39,2026-08-29 12:00:00+00:00,2
2241,4672,2447.97,2026-09-01 12:00:00+00:00,2
2242,4681,790.38,2025-12-27 12:00:00+00:00,3
2243,4691,790.80,2025-12-27 12:00:00+00:00,4
2244,4682,790.42,2026-01-24 12:00:00+00:00,1
2245,4692,790.91,2026-01-26 12:00:00+00:00,4
2246,4683,790.46,2026-02-25 12:00:00+00:00,6
2247,4684,790.50,2026-03-25 12:00:00+00:00,1
2248,4685,790.54,2026-04-23 12:00:00+00:00,1
2249,4686,790.58,2026-05-21 12:00:00+00:00,6
2250,4687,790.62,2026-06-22 12:00:00+00:00,2
2251,4688,790.67,2026-07-20 12:00:00+00:00,4
2252,4689,790.71,2026-08-24 12:00:00+00:00,3
2253,4690,790.76,2026-09-19 12:00:00+00:00,2
2254,4693,2472.17,2025-12-27 12:00:00+00:00,2
2255,4703,2473.96,2025-12-30 12:00:00+00:00,4
2256,4694,2472.33,2026-01-25 12:00:00+00:00,2
2257,4695,2472.49,2026-02-27 12:00:00+00:00,1
2258,4704,2474.17,2026-02-28 12:00:00+00:00,3
2259,4696,2472.65,2026-03-26 12:00:00+00:00,6
2260,4697,2472.82,2026-04-24 12:00:00+00:00,2
2261,4698,2473.00,2026-05-26 12:00:00+00:00,1
2262,4705,2474.39,2026-05-29 12:00:00+00:00,5
2263,4699,2473.18,2026-06-24 12:00:00+00:00,1
2264,4700,2473.37,2026-07-26 12:00:00+00:00,6
2265,4706,2474.61,2026-07-28 12:00:00+00:00,7
2266,4701,2473.56,2026-08-23 12:00:00+00:00,1
2267,4707,2474.85,2026-08-27 12:00:00+00:00,1
2268,4702,2473.76,2026-09-24 12:00:00+00:00,3
2269,4711,564.06,2025-11-10 12:00:00+00:00,3
2270,4712,564.08,2025-12-10 12:00:00+00:00,5
2271,4722,564.40,2025-12-14 12:00:00+00:00,3
2272,4713,564.11,2026-01-11 12:00:00+00:00,3
2273,4714,564.14,2026-02-12 12:00:00+00:00,6
2274,4715,564.17,2026-03-11 12:00:00+00:00,6
2275,4716,564.20,2026-04-13 12:00:00+00:00,6
2276,4717,564.23,2026-05-10 12:00:00+00:00,5
2277,4718,564.26,2026-06-08 12:00:00+00:00,7
2278,4719,564.30,2026-07-12 12:00:00+00:00,7
2279,4720,564.33,2026-08-08 12:00:00+00:00,6
2280,4721,564.36,2026-09-07 12:00:00+00:00,2
2281,4723,928.18,2026-02-11 12:00:00+00:00,4
2282,4731,928.59,2026-02-14 12:00:00+00:00,4
2283,4724,928.23,2026-03-14 12:00:00+00:00,7
2284,4725,928.27,2026-04-13 12:00:00+00:00,7
2285,4726,928.32,2026-05-15 12:00:00+00:00,2
2286,4727,928.37,2026-06-09 12:00:00+00:00,5
2287,4732,928.64,2026-06-14 12:00:00+00:00,2
2288,4728,928.43,2026-07-11 12:00:00+00:00,7
2289,4733,928.70,2026-07-14 12:00:00+00:00,7
2290,4729,928.48,2026-08-08 12:00:00+00:00,2
2291,4734,928.76,2026-08-13 12:00:00+00:00,4
2292,4730,928.53,2026-09-08 12:00:00+00:00,1
2293,4741,807.86,2026-04-30 12:00:00+00:00,6
2294,4747,808.04,2026-05-01 12:00:00+00:00,1
2295,4742,807.89,2026-05-30 12:00:00+00:00,4
2296,4748,808.08,2026-05-31 12:00:00+00:00,4
2297,4743,807.92,2026-06-27 12:00:00+00:00,4
2298,4749,808.11,2026-06-30 12:00:00+00:00,6
2299,4744,807.95,2026-07-26 12:00:00+00:00,6
2300,4750,808.14,2026-07-30 12:00:00+00:00,3
2301,4745,807.98,2026-08-24 12:00:00+00:00,7
2302,4746,808.01,2026-09-23 12:00:00+00:00,1
2303,4751,808.18,2026-09-28 12:00:00+00:00,4
2304,4765,487.12,2026-01-27 12:00:00+00:00,5
2305,4774,487.30,2026-01-29 12:00:00+00:00,4
2306,4766,487.14,2026-02-26 12:00:00+00:00,7
2307,4767,487.15,2026-03-26 12:00:00+00:00,2
2308,4775,487.32,2026-03-30 12:00:00+00:00,4
2309,4768,487.17,2026-04-24 12:00:00+00:00,4
2310,4776,487.35,2026-04-29 12:00:00+00:00,5
2311,4769,487.19,2026-05-25 12:00:00+00:00,2
2312,4777,487.37,2026-05-29 12:00:00+00:00,6
2313,4770,487.21,2026-06-27 12:00:00+00:00,4
2314,4771,487.23,2026-07-24 12:00:00+00:00,4
2315,4772,487.25,2026-08-27 12:00:00+00:00,6
2316,4773,487.28,2026-09-25 12:00:00+00:00,2
2317,4778,487.40,2026-09-26 12:00:00+00:00,7
2318,4801,285.62,2026-04-07 12:00:00+00:00,7
2319,4802,285.63,2026-05-05 12:00:00+00:00,5
2320,4803,285.65,2026-06-15 12:00:00+00:00,7
2321,4804,285.67,2026-07-09 12:00:00+00:00,2
2322,4805,285.69,2026-08-10 12:00:00+00:00,2
2323,4806,285.71,2026-09-10 12:00:00+00:00,4
2324,4813,626.17,2026-03-03 12:00:00+00:00,4
2325,4821,626.45,2026-03-03 12:00:00+00:00,7
2326,4814,626.21,2026-03-30 12:00:00+00:00,1
2327,4815,626.24,2026-04-29 12:00:00+00:00,5
2328,4816,626.27,2026-05-29 12:00:00+00:00,6
2329,4817,626.30,2026-06-29 12:00:00+00:00,4
2330,4822,626.49,2026-07-01 12:00:00+00:00,7
2331,4818,626.34,2026-07-26 12:00:00+00:00,4
2332,4819,626.38,2026-08-27 12:00:00+00:00,2
2333,4820,626.41,2026-09-24 12:00:00+00:00,1
2334,4823,626.53,2026-09-29 12:00:00+00:00,5
2335,4837,2052.61,2025-11-21 12:00:00+00:00,6
2336,4838,2052.73,2025-12-20 12:00:00+00:00,6
2337,4839,2052.86,2026-01-19 12:00:00+00:00,2
2338,4848,2054.14,2026-01-22 12:00:00+00:00,7
2339,4840,2052.98,2026-02-18 12:00:00+00:00,4
2340,4841,2053.11,2026-03-23 12:00:00+00:00,5
2341,4842,2053.24,2026-04-20 12:00:00+00:00,5
2342,4843,2053.38,2026-05-19 12:00:00+00:00,5
2343,4844,2053.51,2026-06-21 12:00:00+00:00,4
2344,4845,2053.65,2026-07-21 12:00:00+00:00,3
2345,4846,2053.80,2026-08-19 12:00:00+00:00,3
2346,4847,2053.94,2026-09-17 12:00:00+00:00,5
2347,4849,630.63,2026-03-21 12:00:00+00:00,2
2348,4856,630.80,2026-03-21 12:00:00+00:00,4
2349,4850,630.65,2026-04-18 12:00:00+00:00,7
2350,4857,630.83,2026-04-20 12:00:00+00:00,1
2351,4851,630.68,2026-05-15 12:00:00+00:00,3
2352,4852,630.70,2026-06-19 12:00:00+00:00,1
2353,4858,630.86,2026-06-19 12:00:00+00:00,7
2354,4853,630.73,2026-07-18 12:00:00+00:00,7
2355,4854,630.75,2026-08-18 12:00:00+00:00,5
2356,4859,630.88,2026-08-18 12:00:00+00:00,3
2357,4855,630.78,2026-09-14 12:00:00+00:00,5
2358,4873,2446.71,2025-12-31 12:00:00+00:00,5
2359,4874,2446.84,2026-02-01 12:00:00+00:00,6
2360,4875,2446.96,2026-03-07 12:00:00+00:00,3
2361,4876,2447.09,2026-04-12 12:00:00+00:00,5
2362,4877,2447.23,2026-05-15 12:00:00+00:00,1
2363,4878,2447.36,2026-05-30 12:00:00+00:00,7
2364,4879,2447.50,2026-07-01 12:00:00+00:00,3
2365,4880,2447.64,2026-08-03 12:00:00+00:00,1
2366,4881,2447.78,2026-09-07 12:00:00+00:00,4
2367,4885,1191.28,2026-04-17 12:00:00+00:00,5
2368,4891,1191.88,2026-04-22 12:00:00+00:00,5
2369,4886,1191.37,2026-05-21 12:00:00+00:00,5
2370,4887,1191.47,2026-06-21 12:00:00+00:00,7
2371,4892,1191.99,2026-06-21 12:00:00+00:00,7
2372,4888,1191.57,2026-07-18 12:00:00+00:00,1
2373,4893,1192.11,2026-07-21 12:00:00+00:00,4
2374,4889,1191.67,2026-08-20 12:00:00+00:00,4
2375,4890,1191.77,2026-09-17 12:00:00+00:00,3
2376,4894,1192.23,2026-09-19 12:00:00+00:00,4
2377,4897,1806.22,2026-03-17 12:00:00+00:00,3
2378,4898,1806.33,2026-04-13 12:00:00+00:00,7
2379,4904,1807.03,2026-04-18 12:00:00+00:00,1
2380,4899,1806.44,2026-05-18 12:00:00+00:00,4
2381,4905,1807.16,2026-05-18 12:00:00+00:00,3
2382,4900,1806.55,2026-06-15 12:00:00+00:00,1
2383,4906,1807.29,2026-06-17 12:00:00+00:00,4
2384,4901,1806.67,2026-07-13 12:00:00+00:00,3
2385,4902,1806.79,2026-08-13 12:00:00+00:00,2
2386,4907,1807.42,2026-08-16 12:00:00+00:00,1
2387,4903,1806.91,2026-09-14 12:00:00+00:00,1
2388,4909,3005.51,2026-08-03 12:00:00+00:00,5
2389,4910,3005.71,2026-09-03 12:00:00+00:00,2
2390,4911,3005.92,2026-09-03 12:00:00+00:00,1
2391,4921,212.01,2026-02-28 12:00:00+00:00,4
2392,4922,212.02,2026-03-27 12:00:00+00:00,7
2393,4929,212.10,2026-04-01 12:00:00+00:00,5
2394,4923,212.03,2026-04-29 12:00:00+00:00,3
2395,4930,212.12,2026-05-01 12:00:00+00:00,3
2396,4924,212.04,2026-05-27 12:00:00+00:00,4
2397,4925,212.05,2026-06-26 12:00:00+00:00,5
2398,4931,212.13,2026-06-30 12:00:00+00:00,5
2399,4926,212.06,2026-07-30 12:00:00+00:00,1
2400,4932,212.15,2026-07-30 12:00:00+00:00,4
2401,4927,212.08,2026-08-27 12:00:00+00:00,4
2402,4928,212.09,2026-09-26 12:00:00+00:00,3
2403,4945,1509.63,2026-03-09 12:00:00+00:00,2
2404,4952,1510.47,2026-03-12 12:00:00+00:00,4
2405,4946,1509.74,2026-04-11 12:00:00+00:00,2
2406,4953,1510.61,2026-04-11 12:00:00+00:00,2
2407,4947,1509.85,2026-05-10 12:00:00+00:00,1
2408,4954,1510.75,2026-05-11 12:00:00+00:00,3
2409,4948,1509.97,2026-06-05 12:00:00+00:00,5
2410,4949,1510.09,2026-07-06 12:00:00+00:00,4
2411,4955,1510.89,2026-07-10 12:00:00+00:00,5
2412,4950,1510.21,2026-08-06 12:00:00+00:00,2
2413,4956,1511.09,2026-08-09 12:00:00+00:00,6
2414,4951,1510.34,2026-09-08 12:00:00+00:00,3
2415,4957,1038.50,2026-06-10 12:00:00+00:00,2
2416,4961,1038.72,2026-06-11 12:00:00+00:00,2
2417,4958,1038.55,2026-07-06 12:00:00+00:00,5
2418,4959,1038.61,2026-08-10 12:00:00+00:00,5
2419,4962,1038.78,2026-08-10 12:00:00+00:00,5
2420,4960,1038.66,2026-09-06 12:00:00+00:00,6
2421,4981,1606.12,2026-03-05 12:00:00+00:00,3
2422,4988,1606.66,2026-03-10 12:00:00+00:00,2
2423,4982,1606.19,2026-04-06 12:00:00+00:00,2
2424,4989,1606.74,2026-04-09 12:00:00+00:00,4
2425,4983,1606.27,2026-05-05 12:00:00+00:00,6
2426,4984,1606.34,2026-06-08 12:00:00+00:00,7
2427,4990,1606.82,2026-06-08 12:00:00+00:00,3
2428,4985,1606.42,2026-07-05 12:00:00+00:00,2
2429,4986,1606.50,2026-08-06 12:00:00+00:00,2
2430,4991,1606.90,2026-08-07 12:00:00+00:00,4
2431,4987,1606.58,2026-09-06 12:00:00+00:00,3
2432,4992,1607.04,2026-09-06 12:00:00+00:00,5
2433,4993,359.74,2026-02-23 12:00:00+00:00,4
2434,5001,359.90,2026-02-26 12:00:00+00:00,2
2435,4994,359.76,2026-03-24 12:00:00+00:00,3
2436,5002,359.92,2026-03-28 12:00:00+00:00,2
2437,4995,359.77,2026-04-27 12:00:00+00:00,2
2438,5003,359.95,2026-04-27 12:00:00+00:00,1
2439,4996,359.79,2026-05-26 12:00:00+00:00,3
2440,4997,359.81,2026-06-22 12:00:00+00:00,6
2441,5004,359.97,2026-06-26 12:00:00+00:00,3
2442,4998,359.83,2026-07-26 12:00:00+00:00,5
2443,5005,359.99,2026-07-26 12:00:00+00:00,7
2444,4999,359.86,2026-08-23 12:00:00+00:00,1
2445,5006,360.02,2026-08-25 12:00:00+00:00,4
2446,5000,359.88,2026-09-20 12:00:00+00:00,1
2447,5007,360.05,2026-09-24 12:00:00+00:00,1
2448,5017,1004.40,2025-11-19 12:00:00+00:00,6
2449,5028,1005.14,2025-11-19 12:00:00+00:00,7
2450,5018,1004.46,2025-12-15 12:00:00+00:00,6
2451,5019,1004.52,2026-01-18 12:00:00+00:00,4
2452,5020,1004.58,2026-02-16 12:00:00+00:00,7
2453,5021,1004.65,2026-03-18 12:00:00+00:00,6
2454,5029,1005.22,2026-03-19 12:00:00+00:00,4
2455,5022,1004.71,2026-04-15 12:00:00+00:00,3
2456,5030,1005.30,2026-04-18 12:00:00+00:00,7
2457,5023,1004.78,2026-05-13 12:00:00+00:00,5
2458,5024,1004.85,2026-06-14 12:00:00+00:00,3
2459,5025,1004.92,2026-07-14 12:00:00+00:00,3
2460,5031,1005.38,2026-07-17 12:00:00+00:00,2
2461,5026,1004.99,2026-08-12 12:00:00+00:00,4
2462,5032,1005.47,2026-08-16 12:00:00+00:00,2
2463,5027,1005.07,2026-09-15 12:00:00+00:00,6
2464,5033,1005.56,2026-09-15 12:00:00+00:00,5
2465,5035,1680.45,2026-06-28 12:00:00+00:00,2
2466,5036,1680.54,2026-07-25 12:00:00+00:00,1
2467,5037,1680.64,2026-08-24 12:00:00+00:00,7
2468,5039,1680.83,2026-08-27 12:00:00+00:00,1
2469,5038,1680.73,2026-09-26 12:00:00+00:00,4
2470,5059,702.54,2025-12-17 12:00:00+00:00,1
2471,5069,702.98,2025-12-17 12:00:00+00:00,4
2472,5060,702.58,2026-01-13 12:00:00+00:00,5
2473,5070,703.03,2026-01-16 12:00:00+00:00,7
2474,5061,702.62,2026-02-10 12:00:00+00:00,2
2475,5071,703.08,2026-02-15 12:00:00+00:00,7
2476,5062,702.66,2026-03-15 12:00:00+00:00,5
2477,5072,703.13,2026-03-17 12:00:00+00:00,1
2478,5063,702.70,2026-04-16 12:00:00+00:00,5
2479,5073,703.19,2026-04-16 12:00:00+00:00,3
2480,5064,702.74,2026-05-12 12:00:00+00:00,4
2481,5065,702.78,2026-06-15 12:00:00+00:00,2
2482,5074,703.25,2026-06-15 12:00:00+00:00,7
2483,5066,702.83,2026-07-13 12:00:00+00:00,2
2484,5067,702.88,2026-08-11 12:00:00+00:00,5
2485,5068,702.93,2026-09-09 12:00:00+00:00,2
2486,5083,588.58,2026-04-09 12:00:00+00:00,6
2487,5089,588.81,2026-04-09 12:00:00+00:00,1
2488,5084,588.61,2026-05-05 12:00:00+00:00,5
2489,5085,588.65,2026-06-05 12:00:00+00:00,6
2490,5086,588.69,2026-07-03 12:00:00+00:00,4
2491,5090,588.86,2026-07-08 12:00:00+00:00,6
2492,5087,588.73,2026-08-04 12:00:00+00:00,1
2493,5088,588.77,2026-09-06 12:00:00+00:00,6
2494,5091,588.90,2026-09-06 12:00:00+00:00,7
2495,5101,264.25,2026-01-29 12:00:00+00:00,1
2496,5102,264.26,2026-03-02 12:00:00+00:00,3
2497,5103,264.27,2026-03-27 12:00:00+00:00,5
2498,5110,264.35,2026-04-01 12:00:00+00:00,7
2499,5104,264.28,2026-04-28 12:00:00+00:00,6
2500,5111,264.36,2026-05-01 12:00:00+00:00,1
2501,5105,264.29,2026-05-30 12:00:00+00:00,6
2502,5112,264.37,2026-05-31 12:00:00+00:00,4
2503,5106,264.30,2026-06-25 12:00:00+00:00,7
2504,5107,264.31,2026-07-25 12:00:00+00:00,6
2505,5113,264.39,2026-07-30 12:00:00+00:00,5
2506,5108,264.32,2026-08-26 12:00:00+00:00,4
2507,5114,264.40,2026-08-29 12:00:00+00:00,6
2508,5109,264.34,2026-09-26 12:00:00+00:00,2
2509,5137,1084.70,2026-04-28 12:00:00+00:00,6
2510,5138,1084.77,2026-05-31 12:00:00+00:00,3
2511,5139,1084.84,2026-06-15 12:00:00+00:00,7
2512,5140,1084.92,2026-07-28 12:00:00+00:00,4
2513,5155,891.36,2025-12-23 12:00:00+00:00,2
2514,5165,891.90,2025-12-24 12:00:00+00:00,4
2515,5156,891.41,2026-01-23 12:00:00+00:00,7
2516,5157,891.46,2026-02-20 12:00:00+00:00,4
2517,5166,891.97,2026-02-22 12:00:00+00:00,2
2518,5158,891.51,2026-03-20 12:00:00+00:00,1
2519,5167,892.03,2026-03-24 12:00:00+00:00,1
2520,5159,891.56,2026-04-19 12:00:00+00:00,7
2521,5160,891.61,2026-05-21 12:00:00+00:00,3
2522,5161,891.67,2026-06-20 12:00:00+00:00,6
2523,5162,891.72,2026-07-22 12:00:00+00:00,7
2524,5168,892.10,2026-07-22 12:00:00+00:00,4
2525,5163,891.78,2026-08-21 12:00:00+00:00,3
2526,5164,891.84,2026-09-18 12:00:00+00:00,6
2527,5169,892.17,2026-09-20 12:00:00+00:00,1
2528,5179,556.39,2026-07-01 12:00:00+00:00,5
2529,5180,556.41,2026-08-01 12:00:00+00:00,2
2530,5182,556.46,2026-08-05 12:00:00+00:00,7
2531,5181,556.44,2026-09-01 12:00:00+00:00,1
2532,5203,516.01,2026-01-27 12:00:00+00:00,4
2533,5204,516.02,2026-02-27 12:00:00+00:00,7
2534,5212,516.18,2026-03-03 12:00:00+00:00,1
2535,5205,516.04,2026-04-01 12:00:00+00:00,6
2536,5206,516.06,2026-04-27 12:00:00+00:00,7
2537,5207,516.08,2026-05-30 12:00:00+00:00,6
2538,5208,516.10,2026-06-30 12:00:00+00:00,2
2539,5213,516.20,2026-07-01 12:00:00+00:00,5
2540,5209,516.12,2026-07-28 12:00:00+00:00,4
2541,5214,516.22,2026-07-31 12:00:00+00:00,4
2542,5210,516.14,2026-08-30 12:00:00+00:00,2
2543,5215,516.24,2026-08-30 12:00:00+00:00,6
2544,5211,516.16,2026-09-25 12:00:00+00:00,3
2545,5216,516.26,2026-09-29 12:00:00+00:00,3
2546,5239,1056.29,2026-02-04 12:00:00+00:00,6
2547,5240,1056.33,2026-03-04 12:00:00+00:00,4
2548,5247,1056.68,2026-03-08 12:00:00+00:00,4
2549,5241,1056.38,2026-04-05 12:00:00+00:00,7
2550,5242,1056.43,2026-05-04 12:00:00+00:00,5
2551,5243,1056.47,2026-06-05 12:00:00+00:00,6
2552,5248,1056.73,2026-06-06 12:00:00+00:00,5
2553,5244,1056.52,2026-07-01 12:00:00+00:00,2
2554,5249,1056.79,2026-07-06 12:00:00+00:00,4
2555,5245,1056.57,2026-08-02 12:00:00+00:00,2
2556,5250,1056.84,2026-08-05 12:00:00+00:00,7
2557,5246,1056.63,2026-09-02 12:00:00+00:00,2
2558,5263,577.04,2025-11-28 12:00:00+00:00,4
2559,5274,577.39,2025-11-30 12:00:00+00:00,1
2560,5264,577.06,2025-12-25 12:00:00+00:00,6
2561,5275,577.42,2025-12-30 12:00:00+00:00,7
2562,5265,577.09,2026-01-24 12:00:00+00:00,5
2563,5266,577.12,2026-02-27 12:00:00+00:00,7
2564,5276,577.46,2026-02-28 12:00:00+00:00,4
2565,5267,577.15,2026-03-25 12:00:00+00:00,2
2566,5277,577.50,2026-03-30 12:00:00+00:00,4
2567,5268,577.18,2026-04-29 12:00:00+00:00,6
2568,5269,577.22,2026-05-28 12:00:00+00:00,2
2569,5270,577.25,2026-06-24 12:00:00+00:00,4
2570,5278,577.54,2026-06-28 12:00:00+00:00,1
2571,5271,577.28,2026-07-23 12:00:00+00:00,3
2572,5279,577.58,2026-07-28 12:00:00+00:00,6
2573,5272,577.32,2026-08-27 12:00:00+00:00,2
2574,5280,577.62,2026-08-27 12:00:00+00:00,3
2575,5273,577.35,2026-09-21 12:00:00+00:00,6
2576,5281,577.67,2026-09-26 12:00:00+00:00,3
2577,5287,1793.38,2025-11-18 12:00:00+00:00,6
2578,5298,1794.35,2025-11-21 12:00:00+00:00,7
2579,5288,1793.46,2025-12-19 12:00:00+00:00,7
2580,5299,1794.45,2025-12-21 12:00:00+00:00,1
2581,5289,1793.54,2026-01-16 12:00:00+00:00,2
2582,5290,1793.62,2026-02-15 12:00:00+00:00,5
2583,5300,1794.55,2026-02-19 12:00:00+00:00,5
2584,5291,1793.71,2026-03-16 12:00:00+00:00,5
2585,5292,1793.80,2026-04-16 12:00:00+00:00,7
2586,5301,1794.65,2026-04-20 12:00:00+00:00,2
2587,5293,1793.88,2026-05-16 12:00:00+00:00,4
2588,5302,1794.75,2026-05-20 12:00:00+00:00,6
2589,5294,1793.97,2026-06-15 12:00:00+00:00,7
2590,5303,1794.86,2026-06-19 12:00:00+00:00,5
2591,5295,1794.06,2026-07-15 12:00:00+00:00,1
2592,5304,1794.96,2026-07-19 12:00:00+00:00,4
2593,5296,1794.16,2026-08-14 12:00:00+00:00,2
2594,5297,1794.25,2026-09-15 12:00:00+00:00,5
2595,5305,2068.46,2025-11-19 12:00:00+00:00,1
2596,5306,2068.59,2025-12-20 12:00:00+00:00,5
2597,5316,2070.09,2025-12-24 12:00:00+00:00,3
2598,5307,2068.73,2026-01-23 12:00:00+00:00,6
2599,5308,2068.87,2026-02-22 12:00:00+00:00,2
2600,5309,2069.02,2026-03-21 12:00:00+00:00,5
2601,5310,2069.17,2026-04-23 12:00:00+00:00,6
2602,5311,2069.32,2026-05-18 12:00:00+00:00,6
2603,5312,2069.48,2026-06-17 12:00:00+00:00,2
2604,5313,2069.64,2026-07-18 12:00:00+00:00,4
2605,5314,2069.80,2026-08-21 12:00:00+00:00,6
2606,5315,2069.97,2026-09-15 12:00:00+00:00,1
2607,5317,230.12,2026-04-07 12:00:00+00:00,7
2608,5323,230.18,2026-04-11 12:00:00+00:00,5
2609,5318,230.13,2026-05-06 12:00:00+00:00,1
2610,5324,230.19,2026-05-11 12:00:00+00:00,4
2611,5319,230.14,2026-06-07 12:00:00+00:00,4
2612,5320,230.15,2026-07-10 12:00:00+00:00,5
2613,5321,230.16,2026-08-06 12:00:00+00:00,6
2614,5325,230.20,2026-08-09 12:00:00+00:00,1
2615,5322,230.17,2026-09-07 12:00:00+00:00,2
2616,5326,230.21,2026-09-08 12:00:00+00:00,4
2617,5341,1513.03,2026-06-13 12:00:00+00:00,3
2618,5345,1513.33,2026-06-18 12:00:00+00:00,6
2619,5342,1513.10,2026-07-13 12:00:00+00:00,3
2620,5346,1513.42,2026-07-18 12:00:00+00:00,6
2621,5343,1513.18,2026-08-16 12:00:00+00:00,5
2622,5347,1513.50,2026-08-17 12:00:00+00:00,2
2623,5344,1513.26,2026-09-12 12:00:00+00:00,5
2624,5359,1765.63,2026-07-23 12:00:00+00:00,2
2625,5362,1765.91,2026-07-24 12:00:00+00:00,4
2626,5360,1765.72,2026-08-22 12:00:00+00:00,1
2627,5363,1766.01,2026-08-23 12:00:00+00:00,2
2628,5361,1765.81,2026-09-22 12:00:00+00:00,5
2629,5364,1766.11,2026-09-22 12:00:00+00:00,6
2630,5383,1277.48,2025-12-16 12:00:00+00:00,4
2631,5384,1277.58,2026-01-20 12:00:00+00:00,4
2632,5385,1277.68,2026-02-18 12:00:00+00:00,1
2633,5386,1277.79,2026-03-18 12:00:00+00:00,6
2634,5387,1277.90,2026-04-17 12:00:00+00:00,3
2635,5393,1278.63,2026-04-20 12:00:00+00:00,2
2636,5388,1278.01,2026-05-16 12:00:00+00:00,4
2637,5389,1278.13,2026-06-17 12:00:00+00:00,3
2638,5394,1278.79,2026-06-19 12:00:00+00:00,7
2639,5390,1278.25,2026-07-16 12:00:00+00:00,2
2640,5391,1278.37,2026-08-18 12:00:00+00:00,7
2641,5392,1278.50,2026-09-16 12:00:00+00:00,6
2642,5395,279.63,2026-03-04 12:00:00+00:00,3
2643,5396,279.65,2026-04-07 12:00:00+00:00,5
2644,5397,279.66,2026-05-05 12:00:00+00:00,3
2645,5402,279.75,2026-05-07 12:00:00+00:00,6
2646,5398,279.68,2026-06-02 12:00:00+00:00,7
2647,5399,279.69,2026-07-02 12:00:00+00:00,6
2648,5400,279.71,2026-08-01 12:00:00+00:00,6
2649,5403,279.76,2026-08-05 12:00:00+00:00,1
2650,5401,279.73,2026-08-31 12:00:00+00:00,5
2651,5404,279.78,2026-09-04 12:00:00+00:00,3
2652,5407,772.29,2026-04-20 12:00:00+00:00,2
2653,5408,772.33,2026-05-20 12:00:00+00:00,7
2654,5413,772.52,2026-05-25 12:00:00+00:00,2
2655,5409,772.37,2026-06-24 12:00:00+00:00,2
2656,5414,772.56,2026-06-24 12:00:00+00:00,6
2657,5410,772.40,2026-07-20 12:00:00+00:00,7
2658,5411,772.44,2026-08-19 12:00:00+00:00,3
2659,5412,772.48,2026-09-17 12:00:00+00:00,6
2660,5425,147.98,2026-02-18 12:00:00+00:00,3
2661,5433,148.02,2026-02-20 12:00:00+00:00,2
2662,5426,147.98,2026-03-21 12:00:00+00:00,5
2663,5434,148.03,2026-03-22 12:00:00+00:00,3
2664,5427,147.99,2026-04-17 12:00:00+00:00,5
2665,5435,148.03,2026-04-21 12:00:00+00:00,4
2666,5428,147.99,2026-05-17 12:00:00+00:00,3
2667,5436,148.04,2026-05-21 12:00:00+00:00,6
2668,5429,148.00,2026-06-16 12:00:00+00:00,7
2669,5437,148.04,2026-06-20 12:00:00+00:00,6
2670,5430,148.00,2026-07-20 12:00:00+00:00,7
2671,5431,148.01,2026-08-14 12:00:00+00:00,3
2672,5438,148.05,2026-08-19 12:00:00+00:00,1
2673,5432,148.01,2026-09-16 12:00:00+00:00,5
2674,5439,148.06,2026-09-18 12:00:00+00:00,5
2675,5461,1157.09,2026-01-07 12:00:00+00:00,6
2676,5462,1157.14,2026-02-13 12:00:00+00:00,3
2677,5463,1157.20,2026-03-02 12:00:00+00:00,7
2678,5464,1157.26,2026-04-08 12:00:00+00:00,1
2679,5465,1157.32,2026-05-11 12:00:00+00:00,1
2680,5466,1157.38,2026-06-15 12:00:00+00:00,5
2681,5467,1157.44,2026-07-08 12:00:00+00:00,6
2682,5468,1157.50,2026-08-11 12:00:00+00:00,2
2683,5479,2348.93,2026-01-25 12:00:00+00:00,1
2684,5488,2349.92,2026-01-26 12:00:00+00:00,6
2685,5480,2349.04,2026-02-20 12:00:00+00:00,3
2686,5489,2350.04,2026-02-25 12:00:00+00:00,2
2687,5481,2349.14,2026-03-22 12:00:00+00:00,5
2688,5490,2350.12,2026-03-27 12:00:00+00:00,2
2689,5482,2349.25,2026-04-21 12:00:00+00:00,4
2690,5483,2349.35,2026-05-21 12:00:00+00:00,1
2691,5484,2349.46,2026-06-25 12:00:00+00:00,1
2692,5485,2349.57,2026-07-25 12:00:00+00:00,6
2693,5486,2349.69,2026-08-20 12:00:00+00:00,1
2694,5487,2349.80,2026-09-20 12:00:00+00:00,3
2695,5491,887.48,2026-01-27 12:00:00+00:00,5
2696,5492,887.55,2026-02-27 12:00:00+00:00,1
2697,5493,887.61,2026-03-30 12:00:00+00:00,1
2698,5500,888.14,2026-04-01 12:00:00+00:00,6
2699,5494,887.68,2026-04-26 12:00:00+00:00,5
2700,5495,887.75,2026-05-30 12:00:00+00:00,3
2701,5501,888.22,2026-05-31 12:00:00+00:00,3
2702,5496,887.83,2026-06-25 12:00:00+00:00,1
2703,5502,888.25,2026-06-30 12:00:00+00:00,1
2704,5497,887.90,2026-07-30 12:00:00+00:00,1
2705,5498,887.98,2026-08-24 12:00:00+00:00,6
2706,5499,888.06,2026-09-26 12:00:00+00:00,5
2707,5503,2550.03,2026-01-09 12:00:00+00:00,2
2708,5504,2550.19,2026-02-08 12:00:00+00:00,2
2709,5512,2551.66,2026-02-11 12:00:00+00:00,1
2710,5505,2550.36,2026-03-08 12:00:00+00:00,6
2711,5506,2550.53,2026-04-12 12:00:00+00:00,6
2712,5513,2551.87,2026-04-12 12:00:00+00:00,7
2713,5507,2550.71,2026-05-09 12:00:00+00:00,2
2714,5508,2550.89,2026-06-06 12:00:00+00:00,3
2715,5514,2552.13,2026-06-11 12:00:00+00:00,5
2716,5509,2551.08,2026-07-07 12:00:00+00:00,2
2717,5510,2551.27,2026-08-09 12:00:00+00:00,7
2718,5511,2551.46,2026-09-09 12:00:00+00:00,6
2719,5515,2286.84,2026-01-31 12:00:00+00:00,3
2720,5516,2286.96,2026-03-07 12:00:00+00:00,7
2721,5523,2287.87,2026-03-07 12:00:00+00:00,4
2722,5517,2287.08,2026-04-05 12:00:00+00:00,6
2723,5524,2288.02,2026-04-06 12:00:00+00:00,1
2724,5518,2287.21,2026-05-03 12:00:00+00:00,5
2725,5519,2287.34,2026-06-05 12:00:00+00:00,4
2726,5520,2287.47,2026-06-30 12:00:00+00:00,2
2727,5525,2288.16,2026-07-05 12:00:00+00:00,1
2728,5521,2287.60,2026-08-03 12:00:00+00:00,5
2729,5526,2288.31,2026-08-04 12:00:00+00:00,2
2730,5522,2287.73,2026-08-30 12:00:00+00:00,6
2731,5527,2288.46,2026-09-03 12:00:00+00:00,2
2732,5533,311.49,2025-11-29 12:00:00+00:00,7
2733,5534,311.51,2025-12-30 12:00:00+00:00,5
2734,5544,311.66,2025-12-31 12:00:00+00:00,3
2735,5535,311.52,2026-01-30 12:00:00+00:00,4
2736,5545,311.67,2026-01-30 12:00:00+00:00,1
2737,5536,311.53,2026-02-28 12:00:00+00:00,7
2738,5537,311.55,2026-03-28 12:00:00+00:00,2
2739,5538,311.56,2026-04-26 12:00:00+00:00,5
2740,5539,311.58,2026-05-29 12:00:00+00:00,7
2741,5540,311.59,2026-06-28 12:00:00+00:00,4
2742,5546,311.69,2026-06-29 12:00:00+00:00,1
2743,5541,311.61,2026-07-24 12:00:00+00:00,1
2744,5547,311.71,2026-07-29 12:00:00+00:00,3
2745,5542,311.62,2026-08-25 12:00:00+00:00,6
2746,5548,311.73,2026-08-28 12:00:00+00:00,4
2747,5543,311.64,2026-09-23 12:00:00+00:00,1
2748,5557,1799.31,2026-01-03 12:00:00+00:00,3
2749,5558,1799.38,2026-02-01 12:00:00+00:00,7
2750,5559,1799.46,2026-03-03 12:00:00+00:00,3
2751,5560,1799.54,2026-04-01 12:00:00+00:00,1
2752,5566,1800.04,2026-04-05 12:00:00+00:00,2
2753,5561,1799.62,2026-05-01 12:00:00+00:00,1
2754,5562,1799.70,2026-06-04 12:00:00+00:00,4
2755,5567,1800.12,2026-06-04 12:00:00+00:00,5
2756,5563,1799.78,2026-07-01 12:00:00+00:00,5
2757,5568,1800.17,2026-07-04 12:00:00+00:00,4
2758,5564,1799.87,2026-08-03 12:00:00+00:00,1
2759,5565,1799.95,2026-08-28 12:00:00+00:00,2
2760,5569,528.19,2026-06-23 12:00:00+00:00,7
2761,5573,528.32,2026-06-25 12:00:00+00:00,5
2762,5570,528.22,2026-07-25 12:00:00+00:00,4
2763,5574,528.36,2026-07-25 12:00:00+00:00,1
2764,5571,528.25,2026-08-22 12:00:00+00:00,1
2765,5575,528.40,2026-08-24 12:00:00+00:00,3
2766,5572,528.29,2026-09-23 12:00:00+00:00,3
2767,5581,1728.13,2025-12-23 12:00:00+00:00,6
2768,5591,1728.83,2025-12-25 12:00:00+00:00,4
2769,5582,1728.19,2026-01-24 12:00:00+00:00,7
2770,5592,1728.90,2026-01-24 12:00:00+00:00,5
2771,5583,1728.26,2026-02-23 12:00:00+00:00,1
2772,5593,1728.98,2026-02-23 12:00:00+00:00,2
2773,5584,1728.33,2026-03-23 12:00:00+00:00,3
2774,5594,1729.06,2026-03-25 12:00:00+00:00,1
2775,5585,1728.39,2026-04-22 12:00:00+00:00,6
2776,5595,1729.14,2026-04-24 12:00:00+00:00,1
2777,5586,1728.46,2026-05-22 12:00:00+00:00,3
2778,5596,1729.22,2026-05-24 12:00:00+00:00,6
2779,5587,1728.53,2026-06-22 12:00:00+00:00,1
2780,5588,1728.61,2026-07-21 12:00:00+00:00,4
2781,5589,1728.68,2026-08-19 12:00:00+00:00,6
2782,5590,1728.75,2026-09-18 12:00:00+00:00,2
2783,5605,1042.97,2026-01-21 12:00:00+00:00,4
2784,5606,1043.03,2026-02-21 12:00:00+00:00,6
2785,5607,1043.08,2026-03-21 12:00:00+00:00,7
2786,5614,1043.51,2026-03-24 12:00:00+00:00,7
2787,5608,1043.14,2026-04-19 12:00:00+00:00,6
2788,5609,1043.20,2026-05-21 12:00:00+00:00,1
2789,5615,1043.58,2026-05-23 12:00:00+00:00,2
2790,5610,1043.26,2026-06-21 12:00:00+00:00,1
2791,5611,1043.32,2026-07-17 12:00:00+00:00,1
2792,5616,1043.65,2026-07-22 12:00:00+00:00,6
2793,5612,1043.38,2026-08-21 12:00:00+00:00,6
2794,5613,1043.45,2026-09-20 12:00:00+00:00,5
2795,5623,2551.76,2025-12-08 12:00:00+00:00,4
2796,5633,2553.14,2025-12-09 12:00:00+00:00,7
2797,5624,2551.89,2026-01-07 12:00:00+00:00,7
2798,5634,2553.30,2026-01-08 12:00:00+00:00,1
2799,5625,2552.01,2026-02-06 12:00:00+00:00,6
2800,5635,2553.45,2026-02-07 12:00:00+00:00,5
2801,5626,2552.15,2026-03-04 12:00:00+00:00,5
2802,5636,2553.62,2026-03-09 12:00:00+00:00,4
2803,5627,2552.28,2026-04-06 12:00:00+00:00,2
2804,5637,2553.78,2026-04-08 12:00:00+00:00,3
2805,5628,2552.42,2026-05-05 12:00:00+00:00,1
2806,5638,2553.95,2026-05-08 12:00:00+00:00,4
2807,5629,2552.56,2026-06-04 12:00:00+00:00,6
2808,5630,2552.70,2026-07-03 12:00:00+00:00,7
2809,5631,2552.84,2026-08-06 12:00:00+00:00,4
2810,5632,2552.99,2026-09-02 12:00:00+00:00,4
2811,5641,1365.16,2025-11-17 12:00:00+00:00,6
2812,5642,1365.22,2025-12-17 12:00:00+00:00,1
2813,5643,1365.27,2026-01-14 12:00:00+00:00,3
2814,5644,1365.33,2026-02-10 12:00:00+00:00,2
2815,5652,1365.81,2026-02-15 12:00:00+00:00,2
2816,5645,1365.39,2026-03-12 12:00:00+00:00,2
2817,5653,1365.88,2026-03-17 12:00:00+00:00,7
2818,5646,1365.45,2026-04-11 12:00:00+00:00,5
2819,5654,1365.95,2026-04-16 12:00:00+00:00,7
2820,5647,1365.50,2026-05-14 12:00:00+00:00,4
2821,5655,1366.01,2026-05-16 12:00:00+00:00,5
2822,5648,1365.56,2026-06-15 12:00:00+00:00,5
2823,5656,1366.08,2026-06-15 12:00:00+00:00,2
2824,5649,1365.63,2026-07-15 12:00:00+00:00,4
2825,5650,1365.69,2026-08-12 12:00:00+00:00,7
2826,5657,1366.15,2026-08-14 12:00:00+00:00,3
2827,5651,1365.75,2026-09-09 12:00:00+00:00,7
2828,5658,1366.22,2026-09-13 12:00:00+00:00,5
2829,5665,2189.56,2026-06-27 12:00:00+00:00,5
2830,5666,2189.69,2026-07-28 12:00:00+00:00,4
2831,5667,2189.82,2026-08-24 12:00:00+00:00,7
2832,5669,2190.08,2026-08-29 12:00:00+00:00,1
2833,5668,2189.94,2026-09-25 12:00:00+00:00,6
2834,5677,1603.85,2026-05-13 12:00:00+00:00,4
2835,5682,1604.36,2026-05-18 12:00:00+00:00,4
2836,5678,1603.95,2026-06-12 12:00:00+00:00,7
2837,5683,1604.48,2026-06-17 12:00:00+00:00,1
2838,5679,1604.05,2026-07-13 12:00:00+00:00,7
2839,5684,1604.59,2026-07-17 12:00:00+00:00,2
2840,5680,1604.15,2026-08-13 12:00:00+00:00,4
2841,5681,1604.26,2026-09-14 12:00:00+00:00,4
2842,5685,1604.71,2026-09-15 12:00:00+00:00,1
2843,5695,2355.92,2026-03-30 12:00:00+00:00,2
2844,5696,2356.02,2026-04-30 12:00:00+00:00,1
2845,5697,2356.13,2026-06-01 12:00:00+00:00,6
2846,5702,2356.68,2026-06-02 12:00:00+00:00,1
2847,5698,2356.23,2026-07-02 12:00:00+00:00,2
2848,5699,2356.34,2026-07-27 12:00:00+00:00,7
2849,5700,2356.45,2026-08-28 12:00:00+00:00,4
2850,5703,2356.79,2026-08-31 12:00:00+00:00,2
2851,5701,2356.56,2026-09-30 12:00:00+00:00,3
2852,5713,3190.91,2026-03-09 12:00:00+00:00,7
2853,5720,3192.64,2026-03-11 12:00:00+00:00,7
2854,5714,3191.14,2026-04-05 12:00:00+00:00,3
2855,5715,3191.37,2026-05-07 12:00:00+00:00,6
2856,5716,3191.61,2026-06-04 12:00:00+00:00,2
2857,5717,3191.86,2026-07-09 12:00:00+00:00,6
2858,5721,3192.92,2026-07-09 12:00:00+00:00,1
2859,5718,3192.11,2026-08-08 12:00:00+00:00,4
2860,5722,3193.20,2026-08-08 12:00:00+00:00,4
2861,5719,3192.37,2026-09-07 12:00:00+00:00,1
2862,5723,3193.49,2026-09-07 12:00:00+00:00,3
2863,5725,1766.59,2025-12-16 12:00:00+00:00,5
2864,5735,1767.69,2025-12-20 12:00:00+00:00,1
2865,5726,1766.69,2026-01-14 12:00:00+00:00,3
2866,5736,1767.76,2026-01-19 12:00:00+00:00,5
2867,5727,1766.79,2026-02-13 12:00:00+00:00,2
2868,5728,1766.89,2026-03-17 12:00:00+00:00,2
2869,5729,1767.00,2026-04-16 12:00:00+00:00,2
2870,5730,1767.11,2026-05-16 12:00:00+00:00,7
2871,5731,1767.22,2026-06-17 12:00:00+00:00,6
2872,5732,1767.33,2026-07-17 12:00:00+00:00,4
2873,5733,1767.45,2026-08-13 12:00:00+00:00,7
2874,5734,1767.57,2026-09-14 12:00:00+00:00,7
2875,5737,1088.39,2026-07-03 12:00:00+00:00,3
2876,5740,1088.62,2026-07-05 12:00:00+00:00,5
2877,5738,1088.47,2026-08-02 12:00:00+00:00,5
2878,5739,1088.54,2026-08-31 12:00:00+00:00,2
2879,5741,1088.71,2026-09-03 12:00:00+00:00,4
2880,5749,1616.54,2026-02-04 12:00:00+00:00,7
2881,5750,1616.61,2026-03-11 12:00:00+00:00,4
2882,5751,1616.69,2026-04-06 12:00:00+00:00,6
2883,5752,1616.77,2026-05-08 12:00:00+00:00,1
2884,5753,1616.85,2026-06-07 12:00:00+00:00,2
2885,5757,1617.20,2026-06-09 12:00:00+00:00,3
2886,5754,1616.94,2026-07-08 12:00:00+00:00,4
2887,5755,1617.02,2026-08-08 12:00:00+00:00,7
2888,5758,1617.29,2026-08-08 12:00:00+00:00,5
2889,5756,1617.11,2026-09-03 12:00:00+00:00,2
2890,5759,1617.38,2026-09-07 12:00:00+00:00,6
2891,5767,1077.67,2026-06-26 12:00:00+00:00,2
2892,5768,1077.71,2026-07-24 12:00:00+00:00,3
2893,5771,1077.83,2026-07-29 12:00:00+00:00,6
2894,5769,1077.75,2026-08-23 12:00:00+00:00,6
2895,5770,1077.79,2026-09-25 12:00:00+00:00,3
2896,5772,1077.88,2026-09-27 12:00:00+00:00,7
2897,5803,1322.80,2026-02-10 12:00:00+00:00,5
2898,5804,1322.88,2026-03-10 12:00:00+00:00,1
2899,5805,1322.96,2026-04-08 12:00:00+00:00,6
2900,5806,1323.04,2026-05-11 12:00:00+00:00,3
2901,5811,1323.50,2026-05-13 12:00:00+00:00,2
2902,5807,1323.13,2026-06-07 12:00:00+00:00,6
2903,5808,1323.22,2026-07-09 12:00:00+00:00,1
2904,5812,1323.60,2026-07-12 12:00:00+00:00,4
2905,5809,1323.31,2026-08-08 12:00:00+00:00,4
2906,5813,1323.71,2026-08-11 12:00:00+00:00,5
2907,5810,1323.41,2026-09-06 12:00:00+00:00,3
2908,5821,2489.26,2026-01-10 12:00:00+00:00,6
2909,5822,2489.36,2026-02-04 12:00:00+00:00,2
2910,5823,2489.47,2026-03-06 12:00:00+00:00,3
2911,5830,2490.27,2026-03-11 12:00:00+00:00,1
2912,5824,2489.58,2026-04-08 12:00:00+00:00,4
2913,5825,2489.69,2026-05-05 12:00:00+00:00,2
2914,5831,2490.39,2026-05-10 12:00:00+00:00,7
2915,5826,2489.80,2026-06-04 12:00:00+00:00,3
2916,5832,2490.47,2026-06-09 12:00:00+00:00,7
2917,5827,2489.92,2026-07-08 12:00:00+00:00,4
2918,5828,2490.03,2026-08-03 12:00:00+00:00,3
2919,5829,2490.15,2026-09-06 12:00:00+00:00,1
2920,5833,770.72,2026-02-20 12:00:00+00:00,3
2921,5834,770.78,2026-03-16 12:00:00+00:00,5
2922,5835,770.83,2026-04-13 12:00:00+00:00,6
2923,5836,770.89,2026-05-24 12:00:00+00:00,6
2924,5837,770.96,2026-06-14 12:00:00+00:00,5
2925,5838,771.02,2026-07-15 12:00:00+00:00,5
2926,5840,385.57,2026-09-04 12:00:00+00:00,7
2927,5840,385.58,2026-10-13 12:00:00+00:00,7
2928,5845,1707.96,2026-04-13 12:00:00+00:00,6
2929,5846,1708.08,2026-05-10 12:00:00+00:00,3
2930,5847,1708.20,2026-06-13 12:00:00+00:00,6
2931,5848,1708.32,2026-07-10 12:00:00+00:00,2
2932,5849,1708.45,2026-08-10 12:00:00+00:00,2
2933,5851,1708.71,2026-08-13 12:00:00+00:00,6
2934,5850,1708.58,2026-09-12 12:00:00+00:00,6
2935,5857,2148.98,2026-05-22 12:00:00+00:00,2
2936,5858,2149.12,2026-06-11 12:00:00+00:00,5
2937,5859,2149.27,2026-07-17 12:00:00+00:00,4
2938,5860,2149.43,2026-08-09 12:00:00+00:00,7
2939,5869,1735.09,2026-03-09 12:00:00+00:00,7
2940,5876,1735.68,2026-03-11 12:00:00+00:00,5
2941,5870,1735.17,2026-04-06 12:00:00+00:00,7
2942,5877,1735.76,2026-04-10 12:00:00+00:00,6
2943,5871,1735.25,2026-05-08 12:00:00+00:00,5
2944,5878,1735.86,2026-05-10 12:00:00+00:00,5
2945,5872,1735.33,2026-06-07 12:00:00+00:00,4
2946,5873,1735.42,2026-07-08 12:00:00+00:00,6
2947,5874,1735.50,2026-08-08 12:00:00+00:00,1
2948,5875,1735.59,2026-09-03 12:00:00+00:00,1
2949,5879,1735.95,2026-09-07 12:00:00+00:00,7
2950,5887,967.06,2026-01-07 12:00:00+00:00,6
2951,5888,967.10,2026-02-06 12:00:00+00:00,3
2952,5896,967.42,2026-02-07 12:00:00+00:00,7
2953,5889,967.13,2026-03-08 12:00:00+00:00,2
2954,5897,967.46,2026-03-09 12:00:00+00:00,7
2955,5890,967.17,2026-04-04 12:00:00+00:00,7
2956,5891,967.21,2026-05-06 12:00:00+00:00,2
2957,5892,967.25,2026-06-05 12:00:00+00:00,3
2958,5898,967.50,2026-06-07 12:00:00+00:00,5
2959,5893,967.29,2026-07-07 12:00:00+00:00,4
2960,5894,967.33,2026-08-03 12:00:00+00:00,2
2961,5899,967.55,2026-08-06 12:00:00+00:00,7
2962,5895,967.37,2026-09-05 12:00:00+00:00,3
2963,5900,967.59,2026-09-05 12:00:00+00:00,7
2964,5911,1032.13,2026-05-15 12:00:00+00:00,1
2965,5912,1032.18,2026-06-11 12:00:00+00:00,7
2966,5913,1032.23,2026-07-13 12:00:00+00:00,3
2967,5916,1032.38,2026-07-15 12:00:00+00:00,2
2968,5914,1032.28,2026-08-14 12:00:00+00:00,4
2969,5915,1032.33,2026-09-09 12:00:00+00:00,6
2970,5929,2961.69,2026-06-25 12:00:00+00:00,6
2971,5930,2961.92,2026-07-22 12:00:00+00:00,6
2972,5931,2962.15,2026-08-25 12:00:00+00:00,4
2973,5933,2962.65,2026-08-25 12:00:00+00:00,4
2974,5932,2962.40,2026-09-19 12:00:00+00:00,7
2975,5941,740.47,2025-12-07 12:00:00+00:00,7
2976,5951,740.84,2025-12-08 12:00:00+00:00,1
2977,5942,740.50,2026-01-05 12:00:00+00:00,2
2978,5943,740.54,2026-02-01 12:00:00+00:00,7
2979,5952,740.88,2026-02-06 12:00:00+00:00,4
2980,5944,740.57,2026-03-03 12:00:00+00:00,2
2981,5953,740.93,2026-03-08 12:00:00+00:00,3
2982,5945,740.61,2026-04-05 12:00:00+00:00,2
2983,5946,740.65,2026-05-07 12:00:00+00:00,4
2984,5947,740.68,2026-06-03 12:00:00+00:00,6
2985,5948,740.72,2026-07-06 12:00:00+00:00,2
2986,5954,740.97,2026-07-06 12:00:00+00:00,4
2987,5949,740.76,2026-08-01 12:00:00+00:00,4
2988,5955,741.01,2026-08-05 12:00:00+00:00,7
2989,5950,740.80,2026-08-31 12:00:00+00:00,3
2990,5956,741.06,2026-09-04 12:00:00+00:00,4
2991,5965,243.56,2026-04-08 12:00:00+00:00,5
2992,5966,243.57,2026-05-09 12:00:00+00:00,4
2993,5971,243.63,2026-05-12 12:00:00+00:00,1
2994,5967,243.58,2026-06-08 12:00:00+00:00,5
2995,5968,243.59,2026-07-10 12:00:00+00:00,7
2996,5969,243.61,2026-08-08 12:00:00+00:00,4
2997,5970,243.62,2026-09-07 12:00:00+00:00,3
2998,5972,243.64,2026-09-09 12:00:00+00:00,3
2999,5983,246.94,2026-02-25 12:00:00+00:00,6
3000,5991,247.08,2026-02-28 12:00:00+00:00,4
3001,5984,246.96,2026-03-27 12:00:00+00:00,6
3002,5992,247.10,2026-03-30 12:00:00+00:00,6
3003,5985,246.97,2026-04-24 12:00:00+00:00,1
3004,5986,246.99,2026-05-28 12:00:00+00:00,1
3005,5993,247.12,2026-05-29 12:00:00+00:00,4
3006,5987,247.01,2026-06-28 12:00:00+00:00,4
3007,5994,247.14,2026-06-28 12:00:00+00:00,5
3008,5988,247.02,2026-07-25 12:00:00+00:00,7
3009,5989,247.04,2026-08-24 12:00:00+00:00,4
3010,5990,247.06,2026-09-24 12:00:00+00:00,1
3011,6001,913.53,2025-12-31 12:00:00+00:00,7
3012,6002,913.57,2026-02-01 12:00:00+00:00,6
3013,6010,913.97,2026-02-03 12:00:00+00:00,6
3014,6003,913.62,2026-03-05 12:00:00+00:00,1
3015,6004,913.67,2026-03-31 12:00:00+00:00,1
3016,6011,914.02,2026-04-04 12:00:00+00:00,6
3017,6005,913.71,2026-05-04 12:00:00+00:00,6
3018,6012,914.08,2026-05-04 12:00:00+00:00,4
3019,6006,913.76,2026-06-01 12:00:00+00:00,2
3020,6007,913.81,2026-06-30 12:00:00+00:00,1
3021,6013,914.13,2026-07-03 12:00:00+00:00,5
3022,6008,913.86,2026-07-29 12:00:00+00:00,2
3023,6014,914.19,2026-08-02 12:00:00+00:00,3
3024,6009,913.91,2026-08-30 12:00:00+00:00,4
3025,6025,2610.96,2025-12-13 12:00:00+00:00,7
3026,6026,2611.13,2026-01-15 12:00:00+00:00,2
3027,6027,2611.29,2026-02-14 12:00:00+00:00,1
3028,6028,2611.46,2026-03-06 12:00:00+00:00,5
3029,6029,2611.64,2026-04-04 12:00:00+00:00,6
3030,6030,2611.82,2026-05-12 12:00:00+00:00,5
3031,6031,2612.00,2026-05-30 12:00:00+00:00,6
3032,6032,2612.20,2026-07-05 12:00:00+00:00,3
3033,6033,2612.39,2026-08-02 12:00:00+00:00,6
3034,6035,2612.81,2026-10-04 12:00:00+00:00,7
3035,6043,1136.86,2026-05-20 12:00:00+00:00,4
3036,6048,1137.13,2026-05-25 12:00:00+00:00,7
3037,6044,1136.92,2026-06-22 12:00:00+00:00,7
3038,6045,1136.97,2026-07-22 12:00:00+00:00,4
3039,6049,1137.19,2026-07-24 12:00:00+00:00,1
3040,6046,1137.02,2026-08-18 12:00:00+00:00,2
3041,6047,1137.08,2026-09-22 12:00:00+00:00,4
3042,6050,1137.25,2026-09-22 12:00:00+00:00,3
3043,6061,1140.07,2026-04-28 12:00:00+00:00,6
3044,6067,1140.30,2026-04-29 12:00:00+00:00,4
3045,6062,1140.11,2026-05-24 12:00:00+00:00,1
3046,6068,1140.34,2026-05-29 12:00:00+00:00,3
3047,6063,1140.15,2026-06-24 12:00:00+00:00,4
3048,6064,1140.18,2026-07-24 12:00:00+00:00,3
3049,6069,1140.38,2026-07-28 12:00:00+00:00,5
3050,6065,1140.22,2026-08-26 12:00:00+00:00,4
3051,6070,1140.42,2026-08-27 12:00:00+00:00,7
3052,6066,1140.26,2026-09-26 12:00:00+00:00,5
3053,6071,1140.46,2026-09-26 12:00:00+00:00,5
3054,6097,897.45,2026-06-06 12:00:00+00:00,2
3055,6101,897.73,2026-06-10 12:00:00+00:00,2
3056,6098,897.52,2026-07-10 12:00:00+00:00,2
3057,6102,897.81,2026-07-10 12:00:00+00:00,6
3058,6099,897.59,2026-08-04 12:00:00+00:00,6
3059,6103,897.89,2026-08-09 12:00:00+00:00,5
3060,6100,897.66,2026-09-06 12:00:00+00:00,4
3061,6104,897.97,2026-09-08 12:00:00+00:00,2
3062,6109,1108.80,2026-07-01 12:00:00+00:00,2
3063,6110,1108.84,2026-07-31 12:00:00+00:00,7
3064,6127,522.95,2026-01-22 12:00:00+00:00,4
3065,6128,522.98,2026-02-17 12:00:00+00:00,7
3066,6136,523.30,2026-02-22 12:00:00+00:00,2
3067,6129,523.02,2026-03-21 12:00:00+00:00,2
3068,6137,523.34,2026-03-24 12:00:00+00:00,2
3069,6130,523.05,2026-04-23 12:00:00+00:00,7
3070,6138,523.39,2026-04-23 12:00:00+00:00,3
3071,6131,523.09,2026-05-19 12:00:00+00:00,3
3072,6132,523.13,2026-06-18 12:00:00+00:00,1
3073,6133,523.17,2026-07-20 12:00:00+00:00,1
3074,6139,523.44,2026-07-22 12:00:00+00:00,6
3075,6134,523.21,2026-08-21 12:00:00+00:00,2
3076,6140,523.49,2026-08-21 12:00:00+00:00,6
3077,6135,523.25,2026-09-19 12:00:00+00:00,6
3078,6141,523.54,2026-09-20 12:00:00+00:00,3
3079,6145,2147.52,2026-03-19 12:00:00+00:00,2
3080,6152,2148.54,2026-03-22 12:00:00+00:00,4
3081,6146,2147.65,2026-04-19 12:00:00+00:00,1
3082,6147,2147.79,2026-05-20 12:00:00+00:00,5
3083,6153,2148.71,2026-05-21 12:00:00+00:00,6
3084,6148,2147.93,2026-06-19 12:00:00+00:00,3
3085,6154,2148.88,2026-06-20 12:00:00+00:00,5
3086,6149,2148.08,2026-07-16 12:00:00+00:00,5
3087,6155,2149.05,2026-07-20 12:00:00+00:00,7
3088,6150,2148.23,2026-08-15 12:00:00+00:00,7
3089,6156,2149.23,2026-08-19 12:00:00+00:00,5
3090,6151,2148.38,2026-09-16 12:00:00+00:00,5
3091,6157,2149.42,2026-09-18 12:00:00+00:00,6
3092,6163,1804.67,2026-01-22 12:00:00+00:00,2
3093,6164,1804.75,2026-02-21 12:00:00+00:00,1
3094,6172,1805.51,2026-02-22 12:00:00+00:00,3
3095,6165,1804.84,2026-03-21 12:00:00+00:00,6
3096,6173,1805.62,2026-03-24 12:00:00+00:00,7
3097,6166,1804.93,2026-04-21 12:00:00+00:00,5
3098,6174,1805.73,2026-04-23 12:00:00+00:00,1
3099,6167,1805.02,2026-05-19 12:00:00+00:00,7
3100,6168,1805.12,2026-06-21 12:00:00+00:00,2
3101,6175,1805.84,2026-06-22 12:00:00+00:00,3
3102,6169,1805.21,2026-07-18 12:00:00+00:00,2
3103,6176,1805.95,2026-07-22 12:00:00+00:00,1
3104,6170,1805.31,2026-08-17 12:00:00+00:00,6
3105,6177,1806.07,2026-08-21 12:00:00+00:00,1
3106,6171,1805.41,2026-09-19 12:00:00+00:00,2
3107,6187,449.34,2026-06-24 12:00:00+00:00,1
3108,6191,449.43,2026-06-29 12:00:00+00:00,2
3109,6188,449.36,2026-07-29 12:00:00+00:00,5
3110,6189,449.38,2026-08-28 12:00:00+00:00,2
3111,6192,449.46,2026-08-28 12:00:00+00:00,3
3112,6190,449.41,2026-09-27 12:00:00+00:00,4
3113,6193,449.48,2026-09-27 12:00:00+00:00,5
3114,6199,2322.69,2026-01-11 12:00:00+00:00,7
3115,6208,2323.96,2026-01-11 12:00:00+00:00,3
3116,6200,2322.82,2026-02-09 12:00:00+00:00,6
3117,6209,2324.11,2026-02-10 12:00:00+00:00,3
3118,6201,2322.95,2026-03-09 12:00:00+00:00,7
3119,6210,2324.27,2026-03-12 12:00:00+00:00,1
3120,6202,2323.08,2026-04-10 12:00:00+00:00,7
3121,6203,2323.22,2026-05-10 12:00:00+00:00,2
3122,6211,2324.44,2026-05-11 12:00:00+00:00,1
3123,6204,2323.36,2026-06-08 12:00:00+00:00,3
3124,6212,2324.61,2026-06-10 12:00:00+00:00,5
3125,6205,2323.50,2026-07-06 12:00:00+00:00,4
3126,6206,2323.65,2026-08-05 12:00:00+00:00,4
3127,6207,2323.80,2026-09-04 12:00:00+00:00,5
3128,6217,2109.90,2026-03-02 12:00:00+00:00,4
3129,6218,2110.00,2026-04-01 12:00:00+00:00,7
3130,6224,2110.63,2026-04-05 12:00:00+00:00,1
3131,6219,2110.10,2026-05-05 12:00:00+00:00,5
3132,6225,2110.74,2026-05-05 12:00:00+00:00,1
3133,6220,2110.20,2026-05-30 12:00:00+00:00,7
3134,6221,2110.31,2026-06-30 12:00:00+00:00,5
3135,6226,2110.86,2026-07-04 12:00:00+00:00,4
3136,6222,2110.41,2026-08-03 12:00:00+00:00,3
3137,6223,2110.52,2026-08-30 12:00:00+00:00,5
3138,6235,257.51,2026-07-08 12:00:00+00:00,7
3139,6238,257.56,2026-07-08 12:00:00+00:00,7
3140,6236,257.52,2026-08-05 12:00:00+00:00,6
3141,6239,257.57,2026-08-07 12:00:00+00:00,7
3142,6237,257.54,2026-09-03 12:00:00+00:00,5
3143,6240,257.59,2026-09-06 12:00:00+00:00,7
3144,6253,986.79,2026-08-04 12:00:00+00:00,1
3145,6255,986.87,2026-08-04 12:00:00+00:00,5
3146,6254,986.83,2026-09-03 12:00:00+00:00,1
3147,6271,679.43,2026-04-27 12:00:00+00:00,6
3148,6272,679.47,2026-05-22 12:00:00+00:00,7
3149,6273,679.51,2026-06-20 12:00:00+00:00,3
3150,6274,679.55,2026-07-27 12:00:00+00:00,2
3151,6275,679.59,2026-08-24 12:00:00+00:00,1
3152,6289,1696.91,2026-04-19 12:00:00+00:00,7
3153,6295,1697.43,2026-04-24 12:00:00+00:00,5
3154,6290,1697.00,2026-05-19 12:00:00+00:00,5
3155,6296,1697.52,2026-05-24 12:00:00+00:00,5
3156,6291,1697.08,2026-06-21 12:00:00+00:00,7
3157,6297,1697.62,2026-06-23 12:00:00+00:00,7
3158,6292,1697.16,2026-07-19 12:00:00+00:00,1
3159,6293,1697.25,2026-08-18 12:00:00+00:00,5
3160,6298,1697.71,2026-08-22 12:00:00+00:00,5
3161,6294,1697.34,2026-09-21 12:00:00+00:00,5
3162,6299,1697.81,2026-09-21 12:00:00+00:00,3
3163,6313,582.89,2026-03-11 12:00:00+00:00,6
3164,6320,583.10,2026-03-11 12:00:00+00:00,3
3165,6314,582.92,2026-04-10 12:00:00+00:00,6
3166,6321,583.14,2026-04-10 12:00:00+00:00,3
3167,6315,582.94,2026-05-09 12:00:00+00:00,5
3168,6316,582.98,2026-06-09 12:00:00+00:00,5
3169,6322,583.17,2026-06-09 12:00:00+00:00,2
3170,6317,583.01,2026-07-09 12:00:00+00:00,2
3171,6318,583.04,2026-08-07 12:00:00+00:00,2
3172,6323,583.21,2026-08-08 12:00:00+00:00,1
3173,6319,583.07,2026-09-02 12:00:00+00:00,7
3174,6337,1632.47,2025-11-19 12:00:00+00:00,2
3175,6348,1633.41,2025-11-19 12:00:00+00:00,3
3176,6338,1632.55,2025-12-14 12:00:00+00:00,1
3177,6349,1633.50,2025-12-19 12:00:00+00:00,7
3178,6339,1632.63,2026-01-14 12:00:00+00:00,5
3179,6340,1632.71,2026-02-17 12:00:00+00:00,1
3180,6350,1633.60,2026-02-17 12:00:00+00:00,4
3181,6341,1632.79,2026-03-16 12:00:00+00:00,7
3182,6351,1633.70,2026-03-19 12:00:00+00:00,7
3183,6342,1632.87,2026-04-17 12:00:00+00:00,7
3184,6352,1633.81,2026-04-18 12:00:00+00:00,4
3185,6343,1632.95,2026-05-16 12:00:00+00:00,6
3186,6353,1633.91,2026-05-18 12:00:00+00:00,2
3187,6344,1633.04,2026-06-12 12:00:00+00:00,2
3188,6354,1634.02,2026-06-17 12:00:00+00:00,5
3189,6345,1633.13,2026-07-15 12:00:00+00:00,2
3190,6346,1633.22,2026-08-12 12:00:00+00:00,4
3191,6347,1633.31,2026-09-12 12:00:00+00:00,4
3192,6355,1634.13,2026-09-15 12:00:00+00:00,5
3193,6361,1082.82,2026-02-16 12:00:00+00:00,7
3194,6369,1083.47,2026-02-17 12:00:00+00:00,6
3195,6362,1082.90,2026-03-19 12:00:00+00:00,2
3196,6370,1083.56,2026-03-19 12:00:00+00:00,7
3197,6363,1082.97,2026-04-16 12:00:00+00:00,5
3198,6371,1083.66,2026-04-18 12:00:00+00:00,5
3199,6364,1083.05,2026-05-14 12:00:00+00:00,2
3200,6372,1083.68,2026-05-18 12:00:00+00:00,2
3201,6365,1083.13,2026-06-12 12:00:00+00:00,4
3202,6366,1083.21,2026-07-13 12:00:00+00:00,3
3203,6367,1083.30,2026-08-14 12:00:00+00:00,3
3204,6368,1083.38,2026-09-11 12:00:00+00:00,6
3205,6373,2821.33,2026-04-25 12:00:00+00:00,2
3206,6379,2822.66,2026-04-28 12:00:00+00:00,7
3207,6374,2821.53,2026-05-26 12:00:00+00:00,6
3208,6380,2822.91,2026-05-28 12:00:00+00:00,7
3209,6375,2821.75,2026-06-23 12:00:00+00:00,4
3210,6381,2823.17,2026-06-27 12:00:00+00:00,5
3211,6376,2821.97,2026-07-25 12:00:00+00:00,7
3212,6382,2823.43,2026-07-27 12:00:00+00:00,3
3213,6377,2822.19,2026-08-21 12:00:00+00:00,4
3214,6383,2823.70,2026-08-26 12:00:00+00:00,6
3215,6378,2822.43,2026-09-22 12:00:00+00:00,2
3216,6385,1605.61,2026-01-13 12:00:00+00:00,7
3217,6386,1605.69,2026-02-13 12:00:00+00:00,5
3218,6394,1606.44,2026-02-17 12:00:00+00:00,4
3219,6387,1605.77,2026-03-18 12:00:00+00:00,6
3220,6388,1605.86,2026-04-13 12:00:00+00:00,6
3221,6389,1605.95,2026-05-15 12:00:00+00:00,7
3222,6395,1606.55,2026-05-18 12:00:00+00:00,1
3223,6390,1606.04,2026-06-13 12:00:00+00:00,3
3224,6391,1606.14,2026-07-17 12:00:00+00:00,6
3225,6392,1606.24,2026-08-13 12:00:00+00:00,5
3226,6393,1606.34,2026-09-14 12:00:00+00:00,2
3227,6396,1606.66,2026-09-15 12:00:00+00:00,6
3228,6409,3887.21,2026-07-18 12:00:00+00:00,7
3229,6410,3887.51,2026-08-19 12:00:00+00:00,1
3230,6412,3888.15,2026-08-21 12:00:00+00:00,5
3231,6411,3887.83,2026-09-17 12:00:00+00:00,2
3232,6413,3888.49,2026-09-20 12:00:00+00:00,5
3233,6421,1657.81,2026-07-27 12:00:00+00:00,5
3234,6422,1657.91,2026-08-26 12:00:00+00:00,1
3235,6423,1658.02,2026-09-26 12:00:00+00:00,7
3236,6439,402.74,2026-06-14 12:00:00+00:00,2
3237,6440,402.76,2026-07-13 12:00:00+00:00,4
3238,6443,402.84,2026-07-18 12:00:00+00:00,6
3239,6441,402.79,2026-08-12 12:00:00+00:00,4
3240,6444,402.87,2026-08-17 12:00:00+00:00,4
3241,6442,402.82,2026-09-12 12:00:00+00:00,4
3242,6457,1298.30,2025-12-13 12:00:00+00:00,1
3243,6467,1298.83,2025-12-13 12:00:00+00:00,5
3244,6458,1298.35,2026-01-08 12:00:00+00:00,1
3245,6468,1298.89,2026-01-12 12:00:00+00:00,7
3246,6459,1298.40,2026-02-06 12:00:00+00:00,3
3247,6469,1298.95,2026-02-11 12:00:00+00:00,2
3248,6460,1298.45,2026-03-12 12:00:00+00:00,1
3249,6470,1299.01,2026-03-13 12:00:00+00:00,5
3250,6461,1298.51,2026-04-11 12:00:00+00:00,1
3251,6462,1298.56,2026-05-09 12:00:00+00:00,5
3252,6471,1299.07,2026-05-12 12:00:00+00:00,7
3253,6463,1298.61,2026-06-08 12:00:00+00:00,3
3254,6472,1299.13,2026-06-11 12:00:00+00:00,1
3255,6464,1298.67,2026-07-06 12:00:00+00:00,1
3256,6473,1299.19,2026-07-11 12:00:00+00:00,4
3257,6465,1298.72,2026-08-06 12:00:00+00:00,6
3258,6474,1299.33,2026-08-10 12:00:00+00:00,1
3259,6466,1298.78,2026-09-05 12:00:00+00:00,2
3260,6475,687.02,2026-01-29 12:00:00+00:00,3
3261,6476,687.05,2026-02-28 12:00:00+00:00,4
3262,6477,687.09,2026-03-31 12:00:00+00:00,3
3263,6478,687.13,2026-04-25 12:00:00+00:00,5
3264,6484,687.37,2026-04-30 12:00:00+00:00,1
3265,6479,687.16,2026-05-25 12:00:00+00:00,7
3266,6480,687.20,2026-06-26 12:00:00+00:00,1
3267,6485,687.42,2026-06-29 12:00:00+00:00,7
3268,6481,687.24,2026-07-24 12:00:00+00:00,7
3269,6486,687.46,2026-07-29 12:00:00+00:00,1
3270,6482,687.29,2026-08-23 12:00:00+00:00,7
3271,6487,687.51,2026-08-28 12:00:00+00:00,2
3272,6483,687.33,2026-09-27 12:00:00+00:00,2
3273,6499,1677.65,2026-02-23 12:00:00+00:00,7
3274,6500,1677.74,2026-03-20 12:00:00+00:00,2
3275,6507,1678.40,2026-03-25 12:00:00+00:00,6
3276,6501,1677.83,2026-04-23 12:00:00+00:00,5
3277,6508,1678.51,2026-04-24 12:00:00+00:00,2
3278,6502,1677.92,2026-05-21 12:00:00+00:00,7
3279,6503,1678.01,2026-06-23 12:00:00+00:00,3
3280,6509,1678.61,2026-06-23 12:00:00+00:00,6
3281,6504,1678.11,2026-07-20 12:00:00+00:00,3
3282,6510,1678.72,2026-07-23 12:00:00+00:00,3
3283,6505,1678.20,2026-08-17 12:00:00+00:00,1
3284,6506,1678.30,2026-09-20 12:00:00+00:00,5
3285,6517,700.05,2026-06-07 12:00:00+00:00,4
3286,6521,700.20,2026-06-10 12:00:00+00:00,4
3287,6518,700.09,2026-07-08 12:00:00+00:00,7
3288,6522,700.25,2026-07-10 12:00:00+00:00,4
3289,6519,700.12,2026-08-08 12:00:00+00:00,4
3290,6520,700.16,2026-09-08 12:00:00+00:00,4
3291,6523,700.29,2026-09-08 12:00:00+00:00,6
3292,6541,785.23,2025-11-16 12:00:00+00:00,7
3293,6552,785.63,2025-11-19 12:00:00+00:00,4
3294,6542,785.27,2025-12-17 12:00:00+00:00,6
3295,6543,785.30,2026-01-17 12:00:00+00:00,1
3296,6553,785.67,2026-01-18 12:00:00+00:00,5
3297,6544,785.33,2026-02-15 12:00:00+00:00,5
3298,6554,785.72,2026-02-17 12:00:00+00:00,7
3299,6545,785.37,2026-03-19 12:00:00+00:00,5
3300,6555,785.76,2026-03-19 12:00:00+00:00,6
3301,6546,785.41,2026-04-16 12:00:00+00:00,5
3302,6556,785.80,2026-04-18 12:00:00+00:00,2
3303,6547,785.44,2026-05-13 12:00:00+00:00,1
3304,6548,785.48,2026-06-15 12:00:00+00:00,7
3305,6549,785.52,2026-07-15 12:00:00+00:00,4
3306,6550,785.56,2026-08-13 12:00:00+00:00,2
3307,6557,785.84,2026-08-16 12:00:00+00:00,1
3308,6551,785.60,2026-09-15 12:00:00+00:00,6
3309,6559,917.14,2026-06-15 12:00:00+00:00,6
3310,6560,917.17,2026-07-14 12:00:00+00:00,7
3311,6561,917.21,2026-08-16 12:00:00+00:00,3
3312,6563,917.28,2026-08-18 12:00:00+00:00,7
3313,6562,917.24,2026-09-12 12:00:00+00:00,2
3314,6564,917.32,2026-09-17 12:00:00+00:00,1
3315,6595,627.01,2026-07-22 12:00:00+00:00,3
3316,6598,627.13,2026-07-24 12:00:00+00:00,4
3317,6596,627.05,2026-08-20 12:00:00+00:00,2
3318,6597,627.09,2026-09-20 12:00:00+00:00,5
3319,6613,1706.51,2025-11-17 12:00:00+00:00,3
3320,6614,1706.60,2025-12-16 12:00:00+00:00,3
3321,6615,1706.69,2026-01-17 12:00:00+00:00,6
3322,6616,1706.78,2026-02-18 12:00:00+00:00,7
3323,6624,1707.59,2026-02-18 12:00:00+00:00,6
3324,6617,1706.87,2026-03-19 12:00:00+00:00,3
3325,6625,1707.71,2026-03-20 12:00:00+00:00,4
3326,6618,1706.96,2026-04-14 12:00:00+00:00,5
3327,6626,1707.83,2026-04-19 12:00:00+00:00,1
3328,6619,1707.06,2026-05-18 12:00:00+00:00,4
3329,6627,1707.95,2026-05-19 12:00:00+00:00,4
3330,6620,1707.16,2026-06-13 12:00:00+00:00,7
3331,6621,1707.27,2026-07-16 12:00:00+00:00,6
3332,6628,1708.08,2026-07-18 12:00:00+00:00,3
3333,6622,1707.37,2026-08-14 12:00:00+00:00,4
3334,6629,1708.21,2026-08-17 12:00:00+00:00,1
3335,6623,1707.48,2026-09-15 12:00:00+00:00,2
3336,6637,251.75,2025-11-27 12:00:00+00:00,3
3337,6648,251.86,2025-11-29 12:00:00+00:00,2
3338,6638,251.76,2025-12-29 12:00:00+00:00,5
3339,6639,251.77,2026-01-24 12:00:00+00:00,3
3340,6649,251.88,2026-01-28 12:00:00+00:00,4
3341,6640,251.78,2026-02-23 12:00:00+00:00,2
3342,6641,251.79,2026-03-29 12:00:00+00:00,5
3343,6650,251.89,2026-03-29 12:00:00+00:00,4
3344,6642,251.80,2026-04-27 12:00:00+00:00,5
3345,6651,251.90,2026-04-28 12:00:00+00:00,1
3346,6643,251.81,2026-05-26 12:00:00+00:00,1
3347,6644,251.82,2026-06-27 12:00:00+00:00,6
3348,6652,251.92,2026-06-27 12:00:00+00:00,7
3349,6645,251.83,2026-07-22 12:00:00+00:00,4
3350,6653,251.93,2026-07-27 12:00:00+00:00,2
3351,6646,251.84,2026-08-23 12:00:00+00:00,6
3352,6654,251.95,2026-08-26 12:00:00+00:00,2
3353,6647,251.85,2026-09-25 12:00:00+00:00,1
3354,6655,251.96,2026-09-25 12:00:00+00:00,4
3355,6673,1650.80,2026-04-24 12:00:00+00:00,3
3356,6674,1650.91,2026-05-21 12:00:00+00:00,4
3357,6675,1651.02,2026-06-22 12:00:00+00:00,3
3358,6676,1651.13,2026-07-20 12:00:00+00:00,6
3359,6679,1651.50,2026-07-25 12:00:00+00:00,7
3360,6677,1651.25,2026-08-24 12:00:00+00:00,3
3361,6680,1651.63,2026-08-24 12:00:00+00:00,5
3362,6678,1651.37,2026-09-21 12:00:00+00:00,6
3363,6681,1651.76,2026-09-23 12:00:00+00:00,6
3364,6691,1567.29,2025-12-27 12:00:00+00:00,4
3365,6701,1568.24,2025-12-29 12:00:00+00:00,4
3366,6692,1567.38,2026-01-28 12:00:00+00:00,2
3367,6702,1568.27,2026-01-28 12:00:00+00:00,2
3368,6693,1567.47,2026-02-22 12:00:00+00:00,1
3369,6694,1567.56,2026-03-29 12:00:00+00:00,2
3370,6695,1567.65,2026-04-26 12:00:00+00:00,5
3371,6696,1567.74,2026-05-28 12:00:00+00:00,4
3372,6697,1567.84,2026-06-26 12:00:00+00:00,1
3373,6698,1567.93,2026-07-27 12:00:00+00:00,4
3374,6699,1568.03,2026-08-24 12:00:00+00:00,6
3375,6700,1568.13,2026-09-25 12:00:00+00:00,2
3376,6703,2631.42,2026-03-23 12:00:00+00:00,7
3377,6710,2632.51,2026-03-24 12:00:00+00:00,5
3378,6704,2631.57,2026-04-19 12:00:00+00:00,6
3379,6705,2631.72,2026-05-22 12:00:00+00:00,1
3380,6711,2632.68,2026-05-23 12:00:00+00:00,5
3381,6706,2631.87,2026-06-20 12:00:00+00:00,5
3382,6707,2632.03,2026-07-21 12:00:00+00:00,5
3383,6712,2632.86,2026-07-22 12:00:00+00:00,5
3384,6708,2632.19,2026-08-17 12:00:00+00:00,2
3385,6709,2632.35,2026-09-18 12:00:00+00:00,3
3386,6715,1056.64,2025-12-11 12:00:00+00:00,4
3387,6725,1057.07,2025-12-11 12:00:00+00:00,3
3388,6716,1056.68,2026-01-10 12:00:00+00:00,5
3389,6726,1057.12,2026-01-10 12:00:00+00:00,1
3390,6717,1056.72,2026-02-07 12:00:00+00:00,2
3391,6727,1057.17,2026-02-09 12:00:00+00:00,1
3392,6718,1056.76,2026-03-11 12:00:00+00:00,5
3393,6728,1057.22,2026-03-11 12:00:00+00:00,1
3394,6719,1056.80,2026-04-08 12:00:00+00:00,5
3395,6729,1057.27,2026-04-10 12:00:00+00:00,5
3396,6720,1056.85,2026-05-07 12:00:00+00:00,5
3397,6721,1056.89,2026-06-09 12:00:00+00:00,7
3398,6722,1056.93,2026-07-07 12:00:00+00:00,6
3399,6723,1056.98,2026-08-07 12:00:00+00:00,5
3400,6730,1057.32,2026-08-08 12:00:00+00:00,3
3401,6724,1057.03,2026-09-04 12:00:00+00:00,4
3402,6731,1057.37,2026-09-07 12:00:00+00:00,4
3403,6739,789.05,2026-03-10 12:00:00+00:00,3
3404,6740,789.10,2026-04-02 12:00:00+00:00,7
3405,6741,789.16,2026-04-30 12:00:00+00:00,3
3406,6742,789.22,2026-06-09 12:00:00+00:00,5
3407,6743,789.29,2026-07-02 12:00:00+00:00,3
3408,6744,789.35,2026-07-27 12:00:00+00:00,5
3409,6746,789.48,2026-10-13 12:00:00+00:00,3
3410,6751,1986.01,2025-12-31 12:00:00+00:00,4
3411,6752,1986.11,2026-02-06 12:00:00+00:00,7
3412,6753,1986.22,2026-03-06 12:00:00+00:00,5
3413,6754,1986.32,2026-04-09 12:00:00+00:00,1
3414,6755,1986.43,2026-04-28 12:00:00+00:00,5
3415,6756,1986.54,2026-06-02 12:00:00+00:00,6
3416,6757,1986.66,2026-07-08 12:00:00+00:00,7
3417,6758,1986.77,2026-07-28 12:00:00+00:00,3
3418,6760,1987.02,2026-10-22 12:00:00+00:00,1
3419,6775,327.96,2026-05-27 12:00:00+00:00,6
3420,6780,328.03,2026-05-28 12:00:00+00:00,1
3421,6776,327.97,2026-06-25 12:00:00+00:00,2
3422,6781,328.05,2026-06-27 12:00:00+00:00,3
3423,6777,327.99,2026-07-27 12:00:00+00:00,2
3424,6778,328.00,2026-08-24 12:00:00+00:00,5
3425,6782,328.06,2026-08-26 12:00:00+00:00,2
3426,6779,328.02,2026-09-25 12:00:00+00:00,1
3427,6799,2383.71,2025-11-13 12:00:00+00:00,5
3428,6810,2385.46,2025-11-14 12:00:00+00:00,2
3429,6800,2383.86,2025-12-09 12:00:00+00:00,4
3430,6801,2384.01,2026-01-11 12:00:00+00:00,4
3431,6802,2384.16,2026-02-09 12:00:00+00:00,4
3432,6803,2384.32,2026-03-13 12:00:00+00:00,2
3433,6804,2384.48,2026-04-09 12:00:00+00:00,6
3434,6805,2384.64,2026-05-09 12:00:00+00:00,2
3435,6806,2384.81,2026-06-12 12:00:00+00:00,7
3436,6807,2384.98,2026-07-11 12:00:00+00:00,5
3437,6808,2385.16,2026-08-11 12:00:00+00:00,5
3438,6809,2385.34,2026-09-09 12:00:00+00:00,2
3439,6811,211.09,2026-07-29 12:00:00+00:00,4
3440,6812,211.09,2026-09-01 12:00:00+00:00,3
3441,6813,211.10,2026-09-02 12:00:00+00:00,5
3442,6847,695.81,2025-12-02 12:00:00+00:00,2
3443,6857,696.13,2025-12-07 12:00:00+00:00,6
3444,6848,695.84,2026-01-02 12:00:00+00:00,4
3445,6849,695.87,2026-02-04 12:00:00+00:00,4
3446,6858,696.16,2026-02-05 12:00:00+00:00,5
3447,6850,695.90,2026-03-06 12:00:00+00:00,3
3448,6851,695.93,2026-04-01 12:00:00+00:00,3
3449,6852,695.96,2026-05-01 12:00:00+00:00,5
3450,6853,696.00,2026-06-05 12:00:00+00:00,1
3451,6859,696.20,2026-06-05 12:00:00+00:00,3
3452,6854,696.03,2026-07-05 12:00:00+00:00,4
3453,6855,696.06,2026-07-30 12:00:00+00:00,4
3454,6856,696.10,2026-08-30 12:00:00+00:00,4
3455,6860,696.24,2026-09-03 12:00:00+00:00,1
3456,6871,1334.27,2025-12-09 12:00:00+00:00,5
3457,6881,1334.96,2025-12-09 12:00:00+00:00,5
3458,6872,1334.33,2026-01-04 12:00:00+00:00,4
3459,6873,1334.40,2026-02-03 12:00:00+00:00,3
3460,6874,1334.46,2026-03-08 12:00:00+00:00,5
3461,6875,1334.53,2026-04-07 12:00:00+00:00,3
3462,6876,1334.60,2026-05-03 12:00:00+00:00,5
3463,6877,1334.67,2026-06-04 12:00:00+00:00,2
3464,6882,1335.05,2026-06-07 12:00:00+00:00,2
3465,6878,1334.74,2026-07-05 12:00:00+00:00,5
3466,6879,1334.81,2026-08-04 12:00:00+00:00,3
3467,6880,1334.89,2026-08-31 12:00:00+00:00,4
3468,6883,300.01,2026-07-10 12:00:00+00:00,4
3469,6886,300.07,2026-07-12 12:00:00+00:00,3
3470,6884,300.03,2026-08-08 12:00:00+00:00,1
3471,6887,300.10,2026-08-11 12:00:00+00:00,6
3472,6885,300.05,2026-09-09 12:00:00+00:00,6
3473,6888,300.12,2026-09-10 12:00:00+00:00,4
3474,6895,114.73,2026-01-22 12:00:00+00:00,1
3475,6904,114.77,2026-01-25 12:00:00+00:00,4
3476,6896,114.74,2026-02-20 12:00:00+00:00,7
3477,6905,114.78,2026-02-24 12:00:00+00:00,5
3478,6897,114.74,2026-03-26 12:00:00+00:00,1
3479,6898,114.75,2026-04-20 12:00:00+00:00,3
3480,6906,114.78,2026-04-25 12:00:00+00:00,5
3481,6899,114.75,2026-05-25 12:00:00+00:00,3
3482,6907,114.79,2026-05-25 12:00:00+00:00,6
3483,6900,114.75,2026-06-23 12:00:00+00:00,1
3484,6901,114.76,2026-07-19 12:00:00+00:00,1
3485,6902,114.76,2026-08-19 12:00:00+00:00,6
3486,6908,114.79,2026-08-23 12:00:00+00:00,6
3487,6903,114.77,2026-09-17 12:00:00+00:00,2
3488,6909,114.80,2026-09-22 12:00:00+00:00,1
3489,6931,298.36,2025-12-17 12:00:00+00:00,5
3490,6941,298.53,2025-12-21 12:00:00+00:00,2
3491,6932,298.37,2026-01-18 12:00:00+00:00,2
3492,6942,298.58,2026-01-20 12:00:00+00:00,4
3493,6933,298.39,2026-02-17 12:00:00+00:00,5
3494,6934,298.41,2026-03-20 12:00:00+00:00,3
3495,6935,298.42,2026-04-16 12:00:00+00:00,1
3496,6936,298.44,2026-05-19 12:00:00+00:00,7
3497,6937,298.46,2026-06-17 12:00:00+00:00,1
3498,6938,298.48,2026-07-19 12:00:00+00:00,4
3499,6939,298.49,2026-08-18 12:00:00+00:00,5
3500,6940,298.51,2026-09-14 12:00:00+00:00,7
3501,6943,1158.49,2026-05-06 12:00:00+00:00,7
3502,6948,1158.80,2026-05-09 12:00:00+00:00,1
3503,6944,1158.55,2026-06-07 12:00:00+00:00,5
3504,6945,1158.61,2026-07-04 12:00:00+00:00,5
3505,6949,1158.86,2026-07-08 12:00:00+00:00,3
3506,6946,1158.67,2026-08-03 12:00:00+00:00,1
3507,6950,1158.93,2026-08-07 12:00:00+00:00,1
3508,6947,1158.73,2026-09-05 12:00:00+00:00,6
3509,6951,1159.00,2026-09-06 12:00:00+00:00,4
3510,6967,167.86,2026-03-08 12:00:00+00:00,1
3511,6968,167.87,2026-04-04 12:00:00+00:00,5
3512,6974,167.92,2026-04-09 12:00:00+00:00,1
3513,6969,167.87,2026-05-08 12:00:00+00:00,2
3514,6975,167.93,2026-05-09 12:00:00+00:00,3
3515,6970,167.88,2026-06-08 12:00:00+00:00,6
3516,6971,167.89,2026-07-03 12:00:00+00:00,1
3517,6976,167.94,2026-07-08 12:00:00+00:00,6
3518,6972,167.90,2026-08-04 12:00:00+00:00,2
3519,6973,167.91,2026-09-03 12:00:00+00:00,5
3520,6977,167.95,2026-09-06 12:00:00+00:00,5
3521,6991,1079.73,2025-12-19 12:00:00+00:00,1
3522,6992,1079.78,2026-01-22 12:00:00+00:00,4
3523,6993,1079.83,2026-02-20 12:00:00+00:00,4
3524,6994,1079.89,2026-03-23 12:00:00+00:00,2
3525,7001,1080.32,2026-03-24 12:00:00+00:00,1
3526,6995,1079.95,2026-04-23 12:00:00+00:00,6
3527,7002,1080.38,2026-04-23 12:00:00+00:00,2
3528,6996,1080.00,2026-05-20 12:00:00+00:00,6
3529,7003,1080.45,2026-05-23 12:00:00+00:00,4
3530,6997,1080.06,2026-06-22 12:00:00+00:00,3
3531,6998,1080.12,2026-07-20 12:00:00+00:00,6
3532,7004,1080.52,2026-07-22 12:00:00+00:00,4
3533,6999,1080.19,2026-08-21 12:00:00+00:00,5
3534,7005,1080.60,2026-08-21 12:00:00+00:00,5
3535,7000,1080.25,2026-09-19 12:00:00+00:00,5
3536,7015,1613.21,2026-05-07 12:00:00+00:00,1
3537,7020,1613.52,2026-05-07 12:00:00+00:00,6
3538,7016,1613.27,2026-06-01 12:00:00+00:00,6
3539,7021,1613.58,2026-06-06 12:00:00+00:00,2
3540,7017,1613.33,2026-07-02 12:00:00+00:00,5
3541,7018,1613.39,2026-08-02 12:00:00+00:00,7
3542,7019,1613.45,2026-08-31 12:00:00+00:00,4
3543,7022,1613.65,2026-09-04 12:00:00+00:00,6
3544,7051,1329.45,2026-01-08 12:00:00+00:00,4
3545,7052,1329.50,2026-02-08 12:00:00+00:00,1
3546,7053,1329.56,2026-03-09 12:00:00+00:00,1
3547,7054,1329.61,2026-04-11 12:00:00+00:00,4
3548,7060,1329.96,2026-04-13 12:00:00+00:00,7
3549,7055,1329.67,2026-05-10 12:00:00+00:00,5
3550,7061,1330.03,2026-05-13 12:00:00+00:00,7
3551,7056,1329.73,2026-06-09 12:00:00+00:00,1
3552,7062,1330.09,2026-06-12 12:00:00+00:00,7
3553,7057,1329.79,2026-07-09 12:00:00+00:00,7
3554,7058,1329.84,2026-08-08 12:00:00+00:00,4
3555,7063,1330.15,2026-08-11 12:00:00+00:00,4
3556,7059,1329.90,2026-09-05 12:00:00+00:00,4
3557,7064,1330.21,2026-09-10 12:00:00+00:00,5
3558,7069,1993.93,2026-05-05 12:00:00+00:00,1
3559,7074,1994.51,2026-05-10 12:00:00+00:00,1
3560,7070,1994.05,2026-06-07 12:00:00+00:00,5
3561,7071,1994.16,2026-07-04 12:00:00+00:00,4
3562,7072,1994.27,2026-08-06 12:00:00+00:00,3
3563,7073,1994.39,2026-09-05 12:00:00+00:00,1
3564,7075,1994.64,2026-09-07 12:00:00+00:00,6
3565,7081,2499.93,2026-06-15 12:00:00+00:00,1
3566,7085,2500.60,2026-06-16 12:00:00+00:00,3
3567,7082,2500.09,2026-07-15 12:00:00+00:00,7
3568,7086,2500.78,2026-07-16 12:00:00+00:00,6
3569,7083,2500.26,2026-08-10 12:00:00+00:00,3
3570,7084,2500.42,2026-09-09 12:00:00+00:00,6
3571,7087,2500.97,2026-09-14 12:00:00+00:00,4
3572,7099,1252.34,2026-05-23 12:00:00+00:00,6
3573,7100,1252.42,2026-06-11 12:00:00+00:00,2
3574,7101,1252.50,2026-07-11 12:00:00+00:00,4
3575,7102,1252.59,2026-08-12 12:00:00+00:00,4
3576,7111,159.84,2026-05-13 12:00:00+00:00,7
3577,7112,159.84,2026-06-11 12:00:00+00:00,4
3578,7113,159.85,2026-07-14 12:00:00+00:00,5
3579,7114,159.86,2026-08-15 12:00:00+00:00,2
3580,7115,159.87,2026-09-03 12:00:00+00:00,3
3581,7135,753.79,2026-01-03 12:00:00+00:00,4
3582,7136,753.84,2026-02-04 12:00:00+00:00,5
3583,7144,754.28,2026-02-06 12:00:00+00:00,5
3584,7137,753.89,2026-03-08 12:00:00+00:00,7
3585,7145,754.34,2026-03-08 12:00:00+00:00,5
3586,7138,753.94,2026-04-05 12:00:00+00:00,5
3587,7146,754.37,2026-04-07 12:00:00+00:00,2
3588,7139,754.00,2026-05-06 12:00:00+00:00,2
3589,7140,754.05,2026-06-05 12:00:00+00:00,3
3590,7141,754.10,2026-07-02 12:00:00+00:00,4
3591,7142,754.16,2026-07-31 12:00:00+00:00,4
3592,7143,754.22,2026-09-03 12:00:00+00:00,4
3593,7147,2263.50,2026-06-05 12:00:00+00:00,6
3594,7151,2263.93,2026-06-10 12:00:00+00:00,1
3595,7148,2263.60,2026-07-06 12:00:00+00:00,2
3596,7152,2264.04,2026-07-10 12:00:00+00:00,3
3597,7149,2263.71,2026-08-04 12:00:00+00:00,3
3598,7153,2264.15,2026-08-09 12:00:00+00:00,1
3599,7150,2263.82,2026-09-03 12:00:00+00:00,3
3600,7154,2264.27,2026-09-08 12:00:00+00:00,5
3601,7165,3375.90,2026-05-14 12:00:00+00:00,4
3602,7166,3376.11,2026-06-12 12:00:00+00:00,4
3603,7170,3376.99,2026-06-13 12:00:00+00:00,2
3604,7167,3376.32,2026-07-13 12:00:00+00:00,5
3605,7168,3376.54,2026-08-07 12:00:00+00:00,5
3606,7171,3377.22,2026-08-12 12:00:00+00:00,6
3607,7169,3376.76,2026-09-06 12:00:00+00:00,7
3608,7172,3377.45,2026-09-11 12:00:00+00:00,2
3609,7177,1830.57,2026-02-08 12:00:00+00:00,6
3610,7178,1830.65,2026-03-11 12:00:00+00:00,6
3611,7185,1831.31,2026-03-12 12:00:00+00:00,7
3612,7179,1830.74,2026-04-08 12:00:00+00:00,7
3613,7186,1831.41,2026-04-11 12:00:00+00:00,7
3614,7180,1830.83,2026-05-08 12:00:00+00:00,4
3615,7187,1831.52,2026-05-11 12:00:00+00:00,6
3616,7181,1830.92,2026-06-10 12:00:00+00:00,3
3617,7188,1831.63,2026-06-10 12:00:00+00:00,6
3618,7182,1831.02,2026-07-07 12:00:00+00:00,4
3619,7189,1831.74,2026-07-10 12:00:00+00:00,2
3620,7183,1831.11,2026-08-04 12:00:00+00:00,5
3621,7190,1831.85,2026-08-09 12:00:00+00:00,1
3622,7184,1831.21,2026-09-04 12:00:00+00:00,4
3623,7191,1831.96,2026-09-08 12:00:00+00:00,6
3624,7201,3247.91,2026-05-12 12:00:00+00:00,3
3625,7202,3248.14,2026-06-15 12:00:00+00:00,7
3626,7203,3248.37,2026-07-10 12:00:00+00:00,4
3627,7213,779.68,2026-03-02 12:00:00+00:00,5
3628,7220,780.00,2026-03-06 12:00:00+00:00,7
3629,7214,779.72,2026-04-03 12:00:00+00:00,2
3630,7221,780.05,2026-04-05 12:00:00+00:00,6
3631,7215,779.76,2026-05-02 12:00:00+00:00,3
3632,7222,780.10,2026-05-05 12:00:00+00:00,5
3633,7216,779.80,2026-06-04 12:00:00+00:00,1
3634,7223,780.16,2026-06-04 12:00:00+00:00,4
3635,7217,779.85,2026-07-01 12:00:00+00:00,7
3636,7224,780.21,2026-07-04 12:00:00+00:00,5
3637,7218,779.90,2026-07-31 12:00:00+00:00,2
3638,7219,779.95,2026-08-31 12:00:00+00:00,5
3639,7225,780.27,2026-09-02 12:00:00+00:00,1
3640,7237,1770.73,2026-06-11 12:00:00+00:00,3
3641,7241,1771.21,2026-06-14 12:00:00+00:00,7
3642,7238,1770.84,2026-07-12 12:00:00+00:00,6
3643,7242,1771.34,2026-07-14 12:00:00+00:00,2
3644,7239,1770.96,2026-08-08 12:00:00+00:00,2
3645,7240,1771.09,2026-09-08 12:00:00+00:00,1
3646,7255,284.19,2026-04-09 12:00:00+00:00,4
3647,7261,284.28,2026-04-13 12:00:00+00:00,6
3648,7256,284.20,2026-05-13 12:00:00+00:00,6
3649,7262,284.29,2026-05-13 12:00:00+00:00,1
3650,7257,284.21,2026-06-11 12:00:00+00:00,4
3651,7258,284.23,2026-07-07 12:00:00+00:00,3
3652,7263,284.31,2026-07-12 12:00:00+00:00,6
3653,7259,284.24,2026-08-10 12:00:00+00:00,2
3654,7260,284.26,2026-09-08 12:00:00+00:00,1
3655,7279,2537.21,2026-04-08 12:00:00+00:00,5
3656,7280,2537.40,2026-05-07 12:00:00+00:00,6
3657,7285,2538.42,2026-05-09 12:00:00+00:00,1
3658,7281,2537.59,2026-06-04 12:00:00+00:00,7
3659,7286,2538.65,2026-06-08 12:00:00+00:00,5
3660,7282,2537.79,2026-07-06 12:00:00+00:00,4
3661,7283,2537.99,2026-08-04 12:00:00+00:00,6
3662,7284,2538.21,2026-09-03 12:00:00+00:00,1
3663,7291,962.45,2025-12-06 12:00:00+00:00,1
3664,7301,962.99,2025-12-11 12:00:00+00:00,3
3665,7292,962.50,2026-01-05 12:00:00+00:00,2
3666,7302,963.05,2026-01-10 12:00:00+00:00,7
3667,7293,962.55,2026-02-08 12:00:00+00:00,3
3668,7303,963.12,2026-02-09 12:00:00+00:00,4
3669,7294,962.60,2026-03-11 12:00:00+00:00,5
3670,7304,963.18,2026-03-11 12:00:00+00:00,1
3671,7295,962.65,2026-04-05 12:00:00+00:00,1
3672,7296,962.70,2026-05-07 12:00:00+00:00,7
3673,7305,963.24,2026-05-10 12:00:00+00:00,2
3674,7297,962.76,2026-06-05 12:00:00+00:00,4
3675,7298,962.82,2026-07-07 12:00:00+00:00,2
3676,7299,962.87,2026-08-04 12:00:00+00:00,5
3677,7306,963.31,2026-08-08 12:00:00+00:00,1
3678,7300,962.93,2026-09-06 12:00:00+00:00,1
3679,7309,1827.62,2026-03-30 12:00:00+00:00,4
3680,7316,1828.74,2026-04-02 12:00:00+00:00,4
3681,7310,1827.77,2026-04-28 12:00:00+00:00,3
3682,7311,1827.91,2026-05-30 12:00:00+00:00,4
3683,7317,1828.93,2026-06-01 12:00:00+00:00,2
3684,7312,1828.07,2026-07-01 12:00:00+00:00,5
3685,7313,1828.23,2026-07-27 12:00:00+00:00,4
3686,7314,1828.40,2026-08-26 12:00:00+00:00,5
3687,7318,1829.12,2026-08-30 12:00:00+00:00,7
3688,7315,1828.57,2026-09-26 12:00:00+00:00,5
3689,7321,3364.86,2026-03-18 12:00:00+00:00,7
3690,7328,3366.58,2026-03-20 12:00:00+00:00,5
3691,7322,3365.09,2026-04-15 12:00:00+00:00,5
3692,7323,3365.32,2026-05-17 12:00:00+00:00,7
3693,7324,3365.56,2026-06-18 12:00:00+00:00,6
3694,7329,3366.86,2026-06-18 12:00:00+00:00,4
3695,7325,3365.81,2026-07-13 12:00:00+00:00,4
3696,7326,3366.06,2026-08-13 12:00:00+00:00,5
3697,7330,3367.14,2026-08-17 12:00:00+00:00,4
3698,7327,3366.32,2026-09-15 12:00:00+00:00,6
3699,7331,3367.43,2026-09-16 12:00:00+00:00,3
3700,7333,1431.29,2026-07-17 12:00:00+00:00,4
3701,7336,1431.45,2026-07-18 12:00:00+00:00,7
3702,7334,1431.34,2026-08-15 12:00:00+00:00,4
3703,7335,1431.40,2026-09-13 12:00:00+00:00,3
3704,7337,1431.50,2026-09-16 12:00:00+00:00,5
3705,7369,2024.85,2026-07-14 12:00:00+00:00,2
3706,7370,2024.93,2026-08-13 12:00:00+00:00,5
3707,7371,2025.01,2026-09-10 12:00:00+00:00,3
3708,7372,2025.09,2026-09-12 12:00:00+00:00,6
3709,7387,391.16,2026-07-28 12:00:00+00:00,2
3710,7390,391.20,2026-08-01 12:00:00+00:00,1
3711,7388,391.18,2026-08-31 12:00:00+00:00,1
3712,7391,391.21,2026-08-31 12:00:00+00:00,6
3713,7389,391.19,2026-09-28 12:00:00+00:00,2
3714,7392,391.22,2026-09-30 12:00:00+00:00,3
3715,7423,2220.28,2026-04-12 12:00:00+00:00,3
3716,7424,2220.40,2026-05-12 12:00:00+00:00,7
3717,7425,2220.52,2026-06-12 12:00:00+00:00,3
3718,7429,2221.04,2026-06-14 12:00:00+00:00,1
3719,7426,2220.65,2026-07-14 12:00:00+00:00,6
3720,7430,2221.18,2026-07-14 12:00:00+00:00,6
3721,7427,2220.77,2026-08-13 12:00:00+00:00,2
3722,7431,2221.33,2026-08-13 12:00:00+00:00,4
3723,7428,2220.91,2026-09-09 12:00:00+00:00,6
3724,7447,1237.83,2026-01-10 12:00:00+00:00,7
3725,7456,1238.45,2026-01-12 12:00:00+00:00,2
3726,7448,1237.89,2026-02-06 12:00:00+00:00,5
3727,7457,1238.53,2026-02-11 12:00:00+00:00,5
3728,7449,1237.95,2026-03-08 12:00:00+00:00,7
3729,7458,1238.61,2026-03-13 12:00:00+00:00,3
3730,7450,1238.02,2026-04-11 12:00:00+00:00,5
3731,7459,1238.69,2026-04-12 12:00:00+00:00,2
3732,7451,1238.09,2026-05-08 12:00:00+00:00,5
3733,7452,1238.16,2026-06-08 12:00:00+00:00,2
3734,7460,1238.77,2026-06-11 12:00:00+00:00,7
3735,7453,1238.23,2026-07-09 12:00:00+00:00,7
3736,7461,1238.86,2026-07-11 12:00:00+00:00,7
3737,7454,1238.30,2026-08-07 12:00:00+00:00,2
3738,7462,1238.94,2026-08-10 12:00:00+00:00,5
3739,7455,1238.38,2026-09-05 12:00:00+00:00,4
3740,7463,1239.03,2026-09-09 12:00:00+00:00,1
3741,7465,489.91,2026-05-12 12:00:00+00:00,3
3742,7470,489.99,2026-05-16 12:00:00+00:00,5
3743,7466,489.93,2026-06-12 12:00:00+00:00,2
3744,7471,490.01,2026-06-15 12:00:00+00:00,5
3745,7467,489.94,2026-07-12 12:00:00+00:00,1
3746,7472,490.02,2026-07-15 12:00:00+00:00,6
3747,7468,489.96,2026-08-14 12:00:00+00:00,5
3748,7473,490.04,2026-08-14 12:00:00+00:00,5
3749,7469,489.97,2026-09-08 12:00:00+00:00,1
3750,7474,490.05,2026-09-13 12:00:00+00:00,2
3751,7501,1955.76,2025-12-29 12:00:00+00:00,7
3752,7502,1955.86,2026-01-28 12:00:00+00:00,3
3753,7503,1955.96,2026-02-25 12:00:00+00:00,4
3754,7504,1956.06,2026-03-29 12:00:00+00:00,2
3755,7511,1956.86,2026-04-01 12:00:00+00:00,6
3756,7505,1956.17,2026-04-26 12:00:00+00:00,6
3757,7512,1956.99,2026-05-01 12:00:00+00:00,6
3758,7506,1956.27,2026-05-26 12:00:00+00:00,4
3759,7507,1956.39,2026-06-27 12:00:00+00:00,6
3760,7513,1957.12,2026-06-30 12:00:00+00:00,5
3761,7508,1956.50,2026-07-27 12:00:00+00:00,3
3762,7509,1956.62,2026-08-29 12:00:00+00:00,1
3763,7510,1956.74,2026-09-26 12:00:00+00:00,6
3764,7514,1957.26,2026-09-28 12:00:00+00:00,2
3765,7525,428.11,2026-07-10 12:00:00+00:00,2
3766,7528,428.17,2026-07-11 12:00:00+00:00,1
3767,7526,428.13,2026-08-08 12:00:00+00:00,2
3768,7527,428.15,2026-09-09 12:00:00+00:00,4
3769,7537,527.55,2026-05-25 12:00:00+00:00,5
3770,7538,527.59,2026-06-27 12:00:00+00:00,7
3771,7542,527.76,2026-06-28 12:00:00+00:00,7
3772,7539,527.63,2026-07-28 12:00:00+00:00,6
3773,7543,527.81,2026-07-28 12:00:00+00:00,4
3774,7540,527.67,2026-08-25 12:00:00+00:00,4
3775,7541,527.72,2026-09-24 12:00:00+00:00,6
3776,7549,221.48,2026-02-23 12:00:00+00:00,4
3777,7557,221.59,2026-02-24 12:00:00+00:00,3
3778,7550,221.49,2026-03-23 12:00:00+00:00,5
3779,7558,221.60,2026-03-26 12:00:00+00:00,1
3780,7551,221.51,2026-04-24 12:00:00+00:00,3
3781,7552,221.52,2026-05-22 12:00:00+00:00,7
3782,7559,221.62,2026-05-25 12:00:00+00:00,7
3783,7553,221.53,2026-06-24 12:00:00+00:00,7
3784,7560,221.64,2026-06-24 12:00:00+00:00,1
3785,7554,221.55,2026-07-19 12:00:00+00:00,2
3786,7561,221.65,2026-07-24 12:00:00+00:00,2
3787,7555,221.56,2026-08-22 12:00:00+00:00,1
3788,7556,221.57,2026-09-22 12:00:00+00:00,4
3789,7562,221.67,2026-09-22 12:00:00+00:00,7
3790,7573,614.38,2026-07-27 12:00:00+00:00,5
3791,7574,614.40,2026-08-20 12:00:00+00:00,4
3792,7609,1024.46,2026-04-10 12:00:00+00:00,1
3793,7610,1024.52,2026-05-11 12:00:00+00:00,5
3794,7611,1024.58,2026-06-10 12:00:00+00:00,6
3795,7612,1024.65,2026-07-10 12:00:00+00:00,3
3796,7613,1024.71,2026-08-06 12:00:00+00:00,5
3797,7615,1024.85,2026-08-11 12:00:00+00:00,2
3798,7614,1024.78,2026-09-05 12:00:00+00:00,5
3799,7616,1024.92,2026-09-10 12:00:00+00:00,7
3800,7621,1007.29,2025-11-12 12:00:00+00:00,3
3801,7632,1008.30,2025-11-12 12:00:00+00:00,2
3802,7622,1007.37,2025-12-11 12:00:00+00:00,6
3803,7623,1007.45,2026-01-07 12:00:00+00:00,2
3804,7624,1007.53,2026-02-09 12:00:00+00:00,7
3805,7625,1007.62,2026-03-08 12:00:00+00:00,7
3806,7626,1007.71,2026-04-06 12:00:00+00:00,6
3807,7627,1007.80,2026-05-08 12:00:00+00:00,2
3808,7628,1007.89,2026-06-09 12:00:00+00:00,7
3809,7629,1007.99,2026-07-09 12:00:00+00:00,1
3810,7630,1008.09,2026-08-08 12:00:00+00:00,6
3811,7631,1008.20,2026-09-07 12:00:00+00:00,4
3812,7633,460.77,2026-05-21 12:00:00+00:00,6
3813,7634,460.80,2026-06-19 12:00:00+00:00,1
3814,7635,460.83,2026-07-21 12:00:00+00:00,4
3815,7636,460.86,2026-08-19 12:00:00+00:00,1
3816,7638,460.94,2026-08-21 12:00:00+00:00,7
3817,7637,460.90,2026-09-20 12:00:00+00:00,3
3818,7645,656.30,2026-05-27 12:00:00+00:00,6
3819,7646,656.32,2026-06-27 12:00:00+00:00,2
3820,7647,656.35,2026-07-29 12:00:00+00:00,2
3821,7650,656.43,2026-07-31 12:00:00+00:00,4
3822,7648,656.38,2026-08-30 12:00:00+00:00,2
3823,7651,656.46,2026-08-30 12:00:00+00:00,5
3824,7649,656.40,2026-09-26 12:00:00+00:00,1
3825,7663,3311.12,2026-05-14 12:00:00+00:00,6
3826,7664,3311.37,2026-06-10 12:00:00+00:00,6
3827,7668,3312.45,2026-06-14 12:00:00+00:00,5
3828,7665,3311.63,2026-07-13 12:00:00+00:00,5
3829,7669,3312.74,2026-07-14 12:00:00+00:00,1
3830,7666,3311.89,2026-08-13 12:00:00+00:00,6
3831,7670,3313.04,2026-08-13 12:00:00+00:00,5
3832,7667,3312.16,2026-09-10 12:00:00+00:00,2
3833,7671,3313.35,2026-09-12 12:00:00+00:00,1
3834,7675,1553.50,2025-12-15 12:00:00+00:00,6
3835,7685,1554.35,2025-12-20 12:00:00+00:00,5
3836,7676,1553.58,2026-01-14 12:00:00+00:00,7
3837,7686,1554.46,2026-01-19 12:00:00+00:00,6
3838,7677,1553.66,2026-02-15 12:00:00+00:00,2
3839,7678,1553.74,2026-03-15 12:00:00+00:00,6
3840,7679,1553.82,2026-04-16 12:00:00+00:00,2
3841,7680,1553.91,2026-05-18 12:00:00+00:00,5
3842,7681,1553.99,2026-06-18 12:00:00+00:00,5
3843,7682,1554.08,2026-07-13 12:00:00+00:00,2
3844,7683,1554.16,2026-08-16 12:00:00+00:00,1
3845,7684,1554.25,2026-09-13 12:00:00+00:00,5
3846,7687,978.09,2025-11-19 12:00:00+00:00,7
3847,7698,978.74,2025-11-22 12:00:00+00:00,2
3848,7688,978.14,2025-12-20 12:00:00+00:00,4
3849,7699,978.81,2025-12-22 12:00:00+00:00,2
3850,7689,978.19,2026-01-21 12:00:00+00:00,6
3851,7690,978.25,2026-02-16 12:00:00+00:00,5
3852,7700,978.88,2026-02-20 12:00:00+00:00,3
3853,7691,978.30,2026-03-22 12:00:00+00:00,4
3854,7701,978.95,2026-03-22 12:00:00+00:00,6
3855,7692,978.36,2026-04-18 12:00:00+00:00,3
3856,7702,979.03,2026-04-21 12:00:00+00:00,3
3857,7693,978.42,2026-05-21 12:00:00+00:00,7
3858,7703,979.10,2026-05-21 12:00:00+00:00,5
3859,7694,978.48,2026-06-16 12:00:00+00:00,4
3860,7704,979.18,2026-06-20 12:00:00+00:00,1
3861,7695,978.54,2026-07-20 12:00:00+00:00,6
3862,7696,978.60,2026-08-17 12:00:00+00:00,6
3863,7705,979.27,2026-08-19 12:00:00+00:00,5
3864,7697,978.67,2026-09-17 12:00:00+00:00,5
3865,7706,979.35,2026-09-18 12:00:00+00:00,1
3866,7711,1913.06,2026-02-16 12:00:00+00:00,4
3867,7712,1913.17,2026-03-19 12:00:00+00:00,6
3868,7719,1914.07,2026-03-21 12:00:00+00:00,1
3869,7713,1913.29,2026-04-19 12:00:00+00:00,2
3870,7714,1913.41,2026-05-16 12:00:00+00:00,7
3871,7715,1913.54,2026-06-16 12:00:00+00:00,1
3872,7716,1913.66,2026-07-19 12:00:00+00:00,6
3873,7717,1913.79,2026-08-18 12:00:00+00:00,3
3874,7720,1914.21,2026-08-18 12:00:00+00:00,7
3875,7718,1913.93,2026-09-13 12:00:00+00:00,1
3876,7729,3069.57,2025-11-09 12:00:00+00:00,3
3877,7730,3069.72,2025-12-12 12:00:00+00:00,2
3878,7731,3069.87,2026-01-13 12:00:00+00:00,6
3879,7732,3070.03,2026-02-10 12:00:00+00:00,4
3880,7740,3071.42,2026-02-12 12:00:00+00:00,4
3881,7733,3070.19,2026-03-10 12:00:00+00:00,1
3882,7734,3070.35,2026-04-13 12:00:00+00:00,3
3883,7735,3070.52,2026-05-11 12:00:00+00:00,4
3884,7736,3070.68,2026-06-11 12:00:00+00:00,6
3885,7737,3070.85,2026-07-10 12:00:00+00:00,3
3886,7738,3071.03,2026-08-10 12:00:00+00:00,6
3887,7739,3071.20,2026-09-10 12:00:00+00:00,6
3888,7741,463.68,2026-07-23 12:00:00+00:00,5
3889,7742,463.70,2026-08-17 12:00:00+00:00,5
3890,7744,463.74,2026-08-22 12:00:00+00:00,1
3891,7743,463.72,2026-09-20 12:00:00+00:00,2
3892,7765,590.60,2026-01-05 12:00:00+00:00,6
3893,7766,590.63,2026-01-30 12:00:00+00:00,2
3894,7774,590.89,2026-02-04 12:00:00+00:00,4
3895,7767,590.66,2026-03-04 12:00:00+00:00,7
3896,7775,590.92,2026-03-06 12:00:00+00:00,2
3897,7768,590.69,2026-03-31 12:00:00+00:00,1
3898,7769,590.72,2026-05-01 12:00:00+00:00,3
3899,7776,590.96,2026-05-05 12:00:00+00:00,5
3900,7770,590.75,2026-06-03 12:00:00+00:00,5
3901,7777,591.00,2026-06-04 12:00:00+00:00,4
3902,7771,590.78,2026-06-30 12:00:00+00:00,4
3903,7778,591.03,2026-07-04 12:00:00+00:00,2
3904,7772,590.82,2026-08-02 12:00:00+00:00,4
3905,7773,590.85,2026-09-02 12:00:00+00:00,7
3906,7789,1292.32,2026-01-14 12:00:00+00:00,7
3907,7798,1292.79,2026-01-16 12:00:00+00:00,3
3908,7790,1292.36,2026-02-12 12:00:00+00:00,5
3909,7791,1292.41,2026-03-12 12:00:00+00:00,1
3910,7799,1292.85,2026-03-17 12:00:00+00:00,6
3911,7792,1292.46,2026-04-11 12:00:00+00:00,4
3912,7800,1292.91,2026-04-16 12:00:00+00:00,6
3913,7793,1292.51,2026-05-16 12:00:00+00:00,6
3914,7801,1292.98,2026-05-16 12:00:00+00:00,5
3915,7794,1292.56,2026-06-15 12:00:00+00:00,7
3916,7802,1293.04,2026-06-15 12:00:00+00:00,2
3917,7795,1292.62,2026-07-12 12:00:00+00:00,5
3918,7803,1293.11,2026-07-15 12:00:00+00:00,2
3919,7796,1292.67,2026-08-11 12:00:00+00:00,5
3920,7797,1292.73,2026-09-10 12:00:00+00:00,3
3921,7804,1293.18,2026-09-13 12:00:00+00:00,1
3922,7825,2174.62,2026-08-03 12:00:00+00:00,7
3923,7826,2174.72,2026-09-01 12:00:00+00:00,2
3924,7827,2174.83,2026-09-02 12:00:00+00:00,6
3925,7843,1654.01,2026-06-14 12:00:00+00:00,2
3926,7847,1654.41,2026-06-19 12:00:00+00:00,2
3927,7844,1654.11,2026-07-19 12:00:00+00:00,2
3928,7845,1654.21,2026-08-18 12:00:00+00:00,2
3929,7848,1654.51,2026-08-18 12:00:00+00:00,5
3930,7846,1654.30,2026-09-15 12:00:00+00:00,1
3931,7849,1654.61,2026-09-17 12:00:00+00:00,2
3932,7855,2575.13,2026-06-02 12:00:00+00:00,1
3933,7856,2575.28,2026-07-01 12:00:00+00:00,6
3934,7860,2575.94,2026-07-02 12:00:00+00:00,1
3935,7857,2575.44,2026-07-29 12:00:00+00:00,1
3936,7861,2576.12,2026-08-01 12:00:00+00:00,3
3937,7858,2575.61,2026-08-27 12:00:00+00:00,5
3938,7862,2576.30,2026-08-31 12:00:00+00:00,7
3939,7859,2575.77,2026-09-26 12:00:00+00:00,3
3940,7863,2576.49,2026-09-30 12:00:00+00:00,2
3941,7873,423.14,2026-05-05 12:00:00+00:00,4
3942,7878,423.22,2026-05-07 12:00:00+00:00,3
3943,7874,423.16,2026-06-01 12:00:00+00:00,6
3944,7875,423.17,2026-07-04 12:00:00+00:00,4
3945,7879,423.24,2026-07-06 12:00:00+00:00,1
3946,7876,423.19,2026-08-03 12:00:00+00:00,5
3947,7880,423.26,2026-08-05 12:00:00+00:00,3
3948,7877,423.21,2026-09-02 12:00:00+00:00,6
3949,7897,332.65,2026-05-24 12:00:00+00:00,1
3950,7902,332.72,2026-05-28 12:00:00+00:00,3
3951,7898,332.67,2026-06-26 12:00:00+00:00,1
3952,7903,332.74,2026-06-27 12:00:00+00:00,2
3953,7899,332.68,2026-07-27 12:00:00+00:00,5
3954,7904,332.75,2026-07-27 12:00:00+00:00,3
3955,7900,332.69,2026-08-22 12:00:00+00:00,5
3956,7901,332.71,2026-09-23 12:00:00+00:00,2
3957,7915,1528.79,2026-03-30 12:00:00+00:00,3
3958,7922,1529.53,2026-03-31 12:00:00+00:00,2
3959,7916,1528.89,2026-04-28 12:00:00+00:00,4
3960,7923,1529.64,2026-04-30 12:00:00+00:00,3
3961,7917,1528.99,2026-05-30 12:00:00+00:00,2
3962,7924,1529.76,2026-05-30 12:00:00+00:00,1
3963,7918,1529.09,2026-06-27 12:00:00+00:00,1
3964,7919,1529.19,2026-07-27 12:00:00+00:00,5
3965,7925,1529.88,2026-07-29 12:00:00+00:00,1
3966,7920,1529.30,2026-08-28 12:00:00+00:00,2
3967,7926,1529.99,2026-08-28 12:00:00+00:00,5
3968,7921,1529.41,2026-09-26 12:00:00+00:00,3
3969,7927,497.01,2026-05-20 12:00:00+00:00,6
3970,7928,497.03,2026-06-21 12:00:00+00:00,1
3971,7932,497.12,2026-06-22 12:00:00+00:00,5
3972,7929,497.05,2026-07-17 12:00:00+00:00,1
3973,7930,497.07,2026-08-17 12:00:00+00:00,6
3974,7933,497.15,2026-08-21 12:00:00+00:00,3
3975,7931,497.10,2026-09-20 12:00:00+00:00,2
3976,7934,497.17,2026-09-20 12:00:00+00:00,4
3977,7951,622.89,2025-11-24 12:00:00+00:00,4
3978,7952,622.91,2025-12-25 12:00:00+00:00,1
3979,7962,623.17,2025-12-26 12:00:00+00:00,3
3980,7953,622.94,2026-01-24 12:00:00+00:00,7
3981,7963,623.20,2026-01-25 12:00:00+00:00,1
3982,7954,622.96,2026-02-19 12:00:00+00:00,3
3983,7964,623.23,2026-02-24 12:00:00+00:00,1
3984,7955,622.99,2026-03-23 12:00:00+00:00,5
3985,7956,623.01,2026-04-24 12:00:00+00:00,3
3986,7965,623.26,2026-04-25 12:00:00+00:00,6
3987,7957,623.04,2026-05-25 12:00:00+00:00,7
3988,7958,623.06,2026-06-19 12:00:00+00:00,5
3989,7959,623.09,2026-07-21 12:00:00+00:00,6
3990,7966,623.30,2026-07-24 12:00:00+00:00,5
3991,7960,623.12,2026-08-20 12:00:00+00:00,3
3992,7961,623.14,2026-09-17 12:00:00+00:00,1
3993,7967,623.33,2026-09-22 12:00:00+00:00,4
3994,7987,714.82,2026-06-20 12:00:00+00:00,7
3995,7991,714.94,2026-06-23 12:00:00+00:00,5
3996,7988,714.85,2026-07-21 12:00:00+00:00,3
3997,7992,714.97,2026-07-23 12:00:00+00:00,4
3998,7989,714.88,2026-08-19 12:00:00+00:00,5
3999,7993,715.00,2026-08-22 12:00:00+00:00,5
4000,7990,714.91,2026-09-17 12:00:00+00:00,3
4001,7994,715.03,2026-09-21 12:00:00+00:00,3
4002,8005,1207.89,2026-07-06 12:00:00+00:00,5
4003,8006,1207.94,2026-08-19 12:00:00+00:00,7
4004,8007,1207.98,2026-09-07 12:00:00+00:00,2
4005,8041,1270.05,2026-06-13 12:00:00+00:00,7
4006,8045,1270.33,2026-06-15 12:00:00+00:00,7
4007,8042,1270.11,2026-07-10 12:00:00+00:00,6
4008,8046,1270.41,2026-07-15 12:00:00+00:00,7
4009,8043,1270.18,2026-08-12 12:00:00+00:00,5
4010,8044,1270.25,2026-09-12 12:00:00+00:00,4
4011,8065,1700.03,2026-07-04 12:00:00+00:00,1
4012,8066,1700.12,2026-08-05 12:00:00+00:00,2
4013,8068,1700.31,2026-08-07 12:00:00+00:00,3
4014,8067,1700.22,2026-09-01 12:00:00+00:00,7
4015,8069,1700.42,2026-09-06 12:00:00+00:00,7
4016,8083,1873.44,2026-02-02 12:00:00+00:00,5
4017,8084,1873.52,2026-03-15 12:00:00+00:00,2
4018,8085,1873.61,2026-04-12 12:00:00+00:00,1
4019,8086,1873.70,2026-05-09 12:00:00+00:00,5
4020,8087,1873.79,2026-06-03 12:00:00+00:00,3
4021,8088,1873.88,2026-07-08 12:00:00+00:00,3
4022,8089,1873.97,2026-08-12 12:00:00+00:00,5
4023,8091,937.08,2026-09-25 12:00:00+00:00,6
4024,8091,937.08,2026-11-06 12:00:00+00:00,3
4025,8095,295.36,2026-06-28 12:00:00+00:00,1
4026,8099,295.40,2026-06-29 12:00:00+00:00,2
4027,8096,295.37,2026-07-24 12:00:00+00:00,5
4028,8100,295.41,2026-07-29 12:00:00+00:00,2
4029,8097,295.38,2026-08-25 12:00:00+00:00,6
4030,8101,295.42,2026-08-28 12:00:00+00:00,5
4031,8098,295.39,2026-09-23 12:00:00+00:00,6
4032,8102,295.43,2026-09-27 12:00:00+00:00,4
4033,8131,2409.16,2026-07-01 12:00:00+00:00,1
4034,8135,2409.76,2026-07-02 12:00:00+00:00,1
4035,8132,2409.30,2026-07-29 12:00:00+00:00,1
4036,8133,2409.45,2026-08-31 12:00:00+00:00,3
4037,8134,2409.61,2026-09-30 12:00:00+00:00,2
4038,8143,619.27,2026-03-09 12:00:00+00:00,6
4039,8150,619.57,2026-03-11 12:00:00+00:00,2
4040,8144,619.31,2026-04-07 12:00:00+00:00,7
4041,8151,619.61,2026-04-10 12:00:00+00:00,3
4042,8145,619.35,2026-05-05 12:00:00+00:00,4
4043,8146,619.39,2026-06-04 12:00:00+00:00,4
4044,8152,619.66,2026-06-09 12:00:00+00:00,6
4045,8147,619.43,2026-07-07 12:00:00+00:00,3
4046,8148,619.47,2026-08-07 12:00:00+00:00,5
4047,8153,619.71,2026-08-08 12:00:00+00:00,6
4048,8149,619.52,2026-09-07 12:00:00+00:00,5
4049,8154,619.77,2026-09-07 12:00:00+00:00,6
4050,8161,1465.35,2026-02-01 12:00:00+00:00,3
4051,8169,1466.33,2026-02-05 12:00:00+00:00,4
4052,8162,1465.46,2026-03-05 12:00:00+00:00,5
4053,8170,1466.47,2026-03-07 12:00:00+00:00,5
4054,8163,1465.57,2026-04-06 12:00:00+00:00,6
4055,8171,1466.61,2026-04-06 12:00:00+00:00,4
4056,8164,1465.69,2026-05-02 12:00:00+00:00,1
4057,8172,1466.82,2026-05-06 12:00:00+00:00,7
4058,8165,1465.81,2026-06-03 12:00:00+00:00,5
4059,8166,1465.93,2026-07-05 12:00:00+00:00,5
4060,8167,1466.06,2026-08-03 12:00:00+00:00,3
4061,8168,1466.19,2026-09-01 12:00:00+00:00,4
4062,8173,1150.90,2026-01-09 12:00:00+00:00,7
4063,8182,1151.31,2026-01-13 12:00:00+00:00,6
4064,8174,1150.94,2026-02-11 12:00:00+00:00,4
4065,8183,1151.36,2026-02-12 12:00:00+00:00,5
4066,8175,1150.98,2026-03-14 12:00:00+00:00,3
4067,8176,1151.03,2026-04-13 12:00:00+00:00,6
4068,8177,1151.07,2026-05-11 12:00:00+00:00,1
4069,8184,1151.41,2026-05-13 12:00:00+00:00,7
4070,8178,1151.11,2026-06-12 12:00:00+00:00,5
4071,8185,1151.46,2026-06-12 12:00:00+00:00,4
4072,8179,1151.16,2026-07-09 12:00:00+00:00,2
4073,8186,1151.51,2026-07-12 12:00:00+00:00,4
4074,8180,1151.21,2026-08-11 12:00:00+00:00,6
4075,8181,1151.26,2026-09-09 12:00:00+00:00,3
4076,8209,1569.90,2026-02-26 12:00:00+00:00,2
4077,8210,1570.00,2026-03-29 12:00:00+00:00,3
4078,8217,1570.81,2026-04-01 12:00:00+00:00,3
4079,8211,1570.10,2026-04-30 12:00:00+00:00,3
4080,8218,1570.94,2026-05-01 12:00:00+00:00,7
4081,8212,1570.21,2026-05-26 12:00:00+00:00,2
4082,8213,1570.32,2026-06-30 12:00:00+00:00,5
4083,8219,1571.08,2026-06-30 12:00:00+00:00,3
4084,8214,1570.44,2026-07-28 12:00:00+00:00,3
4085,8220,1571.22,2026-07-30 12:00:00+00:00,2
4086,8215,1570.56,2026-08-29 12:00:00+00:00,4
4087,8216,1570.68,2026-09-26 12:00:00+00:00,7
4088,8221,1571.36,2026-09-28 12:00:00+00:00,3
4089,8227,331.46,2026-04-15 12:00:00+00:00,4
4090,8228,331.48,2026-05-12 12:00:00+00:00,2
4091,8233,331.58,2026-05-16 12:00:00+00:00,3
4092,8229,331.50,2026-06-10 12:00:00+00:00,3
4093,8234,331.60,2026-06-15 12:00:00+00:00,4
4094,8230,331.52,2026-07-15 12:00:00+00:00,3
4095,8231,331.54,2026-08-14 12:00:00+00:00,6
4096,8235,331.62,2026-08-14 12:00:00+00:00,7
4097,8232,331.56,2026-09-09 12:00:00+00:00,3
4098,8236,331.65,2026-09-13 12:00:00+00:00,4
4099,8239,2800.25,2026-02-05 12:00:00+00:00,2
4100,8247,2802.15,2026-02-08 12:00:00+00:00,4
4101,8240,2800.46,2026-03-10 12:00:00+00:00,4
4102,8248,2802.43,2026-03-10 12:00:00+00:00,3
4103,8241,2800.68,2026-04-09 12:00:00+00:00,4
4104,8249,2802.71,2026-04-09 12:00:00+00:00,4
4105,8242,2800.91,2026-05-06 12:00:00+00:00,4
4106,8250,2802.93,2026-05-09 12:00:00+00:00,2
4107,8243,2801.14,2026-06-05 12:00:00+00:00,5
4108,8244,2801.38,2026-07-04 12:00:00+00:00,4
4109,8245,2801.63,2026-08-05 12:00:00+00:00,5
4110,8246,2801.89,2026-09-06 12:00:00+00:00,3
4111,8251,269.08,2026-07-28 12:00:00+00:00,3
4112,8252,269.09,2026-08-26 12:00:00+00:00,7
4113,8253,269.11,2026-09-26 12:00:00+00:00,7
4114,8254,269.12,2026-09-26 12:00:00+00:00,2
4115,8275,853.08,2026-03-16 12:00:00+00:00,3
4116,8282,853.37,2026-03-18 12:00:00+00:00,4
4117,8276,853.12,2026-04-16 12:00:00+00:00,7
4118,8283,853.41,2026-04-17 12:00:00+00:00,2
4119,8277,853.16,2026-05-14 12:00:00+00:00,4
4120,8278,853.20,2026-06-14 12:00:00+00:00,3
4121,8284,853.46,2026-06-16 12:00:00+00:00,7
4122,8279,853.24,2026-07-13 12:00:00+00:00,3
4123,8285,853.50,2026-07-16 12:00:00+00:00,1
4124,8280,853.28,2026-08-14 12:00:00+00:00,3
4125,8281,853.32,2026-09-12 12:00:00+00:00,1
4126,8299,613.98,2026-06-19 12:00:00+00:00,2
4127,8300,614.02,2026-07-20 12:00:00+00:00,6
4128,8301,614.06,2026-08-18 12:00:00+00:00,6
4129,8311,2635.94,2025-11-05 12:00:00+00:00,3
4130,8322,2638.28,2025-11-09 12:00:00+00:00,4
4131,8312,2636.13,2025-12-09 12:00:00+00:00,1
4132,8313,2636.32,2026-01-08 12:00:00+00:00,1
4133,8314,2636.52,2026-02-05 12:00:00+00:00,3
4134,8315,2636.72,2026-03-06 12:00:00+00:00,4
4135,8316,2636.93,2026-04-07 12:00:00+00:00,6
4136,8317,2637.15,2026-05-07 12:00:00+00:00,4
4137,8318,2637.37,2026-06-03 12:00:00+00:00,7
4138,8319,2637.60,2026-07-03 12:00:00+00:00,4
4139,8320,2637.83,2026-08-02 12:00:00+00:00,6
4140,8321,2638.07,2026-09-05 12:00:00+00:00,6
4141,8323,661.83,2026-06-09 12:00:00+00:00,5
4142,8327,661.95,2026-06-10 12:00:00+00:00,3
4143,8324,661.86,2026-07-08 12:00:00+00:00,2
4144,8328,661.98,2026-07-10 12:00:00+00:00,1
4145,8325,661.89,2026-08-08 12:00:00+00:00,3
4146,8326,661.92,2026-09-08 12:00:00+00:00,6
4147,8341,236.29,2026-04-29 12:00:00+00:00,4
4148,8342,236.31,2026-05-28 12:00:00+00:00,7
4149,8347,236.37,2026-05-30 12:00:00+00:00,4
4150,8343,236.32,2026-06-29 12:00:00+00:00,4
4151,8344,236.33,2026-07-24 12:00:00+00:00,6
4152,8345,236.34,2026-08-24 12:00:00+00:00,6
4153,8348,236.38,2026-08-28 12:00:00+00:00,1
4154,8346,236.36,2026-09-26 12:00:00+00:00,3
4155,8365,2215.74,2026-01-28 12:00:00+00:00,3
4156,8374,2216.98,2026-01-31 12:00:00+00:00,6
4157,8366,2215.86,2026-03-02 12:00:00+00:00,7
4158,8375,2217.14,2026-03-02 12:00:00+00:00,2
4159,8367,2215.99,2026-03-30 12:00:00+00:00,2
4160,8376,2217.33,2026-04-01 12:00:00+00:00,3
4161,8368,2216.13,2026-05-01 12:00:00+00:00,7
4162,8369,2216.26,2026-05-30 12:00:00+00:00,7
4163,8370,2216.40,2026-06-26 12:00:00+00:00,1
4164,8371,2216.54,2026-07-30 12:00:00+00:00,3
4165,8372,2216.69,2026-08-29 12:00:00+00:00,4
4166,8373,2216.83,2026-09-23 12:00:00+00:00,1
4167,8377,659.61,2026-01-22 12:00:00+00:00,1
4168,8386,659.89,2026-01-23 12:00:00+00:00,1
4169,8378,659.64,2026-02-19 12:00:00+00:00,7
4170,8379,659.67,2026-03-24 12:00:00+00:00,4
4171,8380,659.70,2026-04-18 12:00:00+00:00,2
4172,8387,659.92,2026-04-23 12:00:00+00:00,6
4173,8381,659.73,2026-05-19 12:00:00+00:00,3
4174,8388,660.00,2026-05-23 12:00:00+00:00,3
4175,8382,659.76,2026-06-17 12:00:00+00:00,4
4176,8383,659.79,2026-07-22 12:00:00+00:00,3
4177,8384,659.82,2026-08-21 12:00:00+00:00,1
4178,8385,659.86,2026-09-17 12:00:00+00:00,7
4179,8389,2802.53,2025-11-25 12:00:00+00:00,7
4180,8390,2802.69,2025-12-24 12:00:00+00:00,1
4181,8391,2802.85,2026-01-27 12:00:00+00:00,5
4182,8400,2804.37,2026-01-27 12:00:00+00:00,7
4183,8392,2803.01,2026-02-26 12:00:00+00:00,5
4184,8393,2803.18,2026-03-26 12:00:00+00:00,4
4185,8394,2803.35,2026-04-23 12:00:00+00:00,7
4186,8395,2803.53,2026-05-22 12:00:00+00:00,3
4187,8396,2803.70,2026-06-22 12:00:00+00:00,4
4188,8397,2803.89,2026-07-23 12:00:00+00:00,2
4189,8398,2804.07,2026-08-21 12:00:00+00:00,5
4190,8399,2804.26,2026-09-20 12:00:00+00:00,4
4191,8401,2933.67,2025-11-12 12:00:00+00:00,6
4192,8412,2935.70,2025-11-17 12:00:00+00:00,7
4193,8402,2933.83,2025-12-14 12:00:00+00:00,1
4194,8403,2934.00,2026-01-11 12:00:00+00:00,7
4195,8404,2934.18,2026-02-13 12:00:00+00:00,1
4196,8405,2934.35,2026-03-14 12:00:00+00:00,7
4197,8406,2934.53,2026-04-12 12:00:00+00:00,4
4198,8407,2934.72,2026-05-13 12:00:00+00:00,5
4199,8408,2934.91,2026-06-15 12:00:00+00:00,5
4200,8409,2935.10,2026-07-12 12:00:00+00:00,1
4201,8410,2935.30,2026-08-10 12:00:00+00:00,1
4202,8411,2935.50,2026-09-10 12:00:00+00:00,4
4203,8413,888.03,2025-12-18 12:00:00+00:00,6
4204,8423,888.40,2025-12-20 12:00:00+00:00,3
4205,8414,888.06,2026-01-14 12:00:00+00:00,6
4206,8415,888.09,2026-02-16 12:00:00+00:00,7
4207,8416,888.13,2026-03-16 12:00:00+00:00,5
4208,8417,888.16,2026-04-15 12:00:00+00:00,4
4209,8418,888.20,2026-05-14 12:00:00+00:00,1
4210,8424,888.44,2026-05-19 12:00:00+00:00,1
4211,8419,888.24,2026-06-15 12:00:00+00:00,4
4212,8420,888.27,2026-07-15 12:00:00+00:00,5
4213,8425,888.49,2026-07-18 12:00:00+00:00,6
4214,8421,888.31,2026-08-17 12:00:00+00:00,7
4215,8426,888.53,2026-08-17 12:00:00+00:00,3
4216,8422,888.35,2026-09-11 12:00:00+00:00,2
4217,8449,2733.57,2026-02-11 12:00:00+00:00,2
4218,8457,2734.84,2026-02-12 12:00:00+00:00,3
4219,8450,2733.72,2026-03-13 12:00:00+00:00,2
4220,8458,2735.01,2026-03-14 12:00:00+00:00,7
4221,8451,2733.87,2026-04-09 12:00:00+00:00,3
4222,8459,2735.19,2026-04-13 12:00:00+00:00,4
4223,8452,2734.02,2026-05-11 12:00:00+00:00,4
4224,8460,2735.31,2026-05-13 12:00:00+00:00,4
4225,8453,2734.18,2026-06-12 12:00:00+00:00,2
4226,8454,2734.34,2026-07-10 12:00:00+00:00,6
4227,8455,2734.50,2026-08-09 12:00:00+00:00,4
4228,8456,2734.67,2026-09-07 12:00:00+00:00,6
4229,8461,2548.41,2026-03-26 12:00:00+00:00,6
4230,8462,2548.53,2026-04-23 12:00:00+00:00,5
4231,8468,2549.31,2026-04-26 12:00:00+00:00,6
4232,8463,2548.66,2026-05-21 12:00:00+00:00,3
4233,8469,2549.45,2026-05-26 12:00:00+00:00,7
4234,8464,2548.78,2026-06-21 12:00:00+00:00,4
4235,8465,2548.91,2026-07-21 12:00:00+00:00,3
4236,8466,2549.04,2026-08-22 12:00:00+00:00,1
4237,8467,2549.17,2026-09-18 12:00:00+00:00,5
4238,8470,2549.59,2026-09-23 12:00:00+00:00,1
4239,8479,783.20,2026-05-19 12:00:00+00:00,1
4240,8480,783.25,2026-06-12 12:00:00+00:00,4
4241,8481,783.30,2026-07-15 12:00:00+00:00,2
4242,8482,783.35,2026-08-09 12:00:00+00:00,4
4243,8484,783.45,2026-10-27 12:00:00+00:00,1
4244,8491,2030.48,2026-02-21 12:00:00+00:00,7
4245,8499,2031.75,2026-02-22 12:00:00+00:00,7
4246,8492,2030.62,2026-03-20 12:00:00+00:00,3
4247,8493,2030.77,2026-04-18 12:00:00+00:00,5
4248,8500,2031.93,2026-04-23 12:00:00+00:00,4
4249,8494,2030.92,2026-05-19 12:00:00+00:00,5
4250,8495,2031.08,2026-06-20 12:00:00+00:00,2
4251,8501,2032.11,2026-06-22 12:00:00+00:00,4
4252,8496,2031.24,2026-07-19 12:00:00+00:00,7
4253,8502,2032.33,2026-07-22 12:00:00+00:00,4
4254,8497,2031.40,2026-08-16 12:00:00+00:00,2
4255,8498,2031.57,2026-09-18 12:00:00+00:00,3
4256,8503,1704.76,2026-02-08 12:00:00+00:00,1
4257,8511,1705.51,2026-02-10 12:00:00+00:00,2
4258,8504,1704.85,2026-03-07 12:00:00+00:00,3
4259,8505,1704.93,2026-04-10 12:00:00+00:00,3
4260,8506,1705.02,2026-05-11 12:00:00+00:00,6
4261,8507,1705.12,2026-06-10 12:00:00+00:00,2
4262,8508,1705.21,2026-07-05 12:00:00+00:00,4
4263,8512,1705.62,2026-07-10 12:00:00+00:00,3
4264,8509,1705.31,2026-08-05 12:00:00+00:00,6
4265,8513,1705.73,2026-08-09 12:00:00+00:00,6
4266,8510,1705.41,2026-09-06 12:00:00+00:00,3
4267,8514,1705.84,2026-09-08 12:00:00+00:00,2
4268,8527,3284.27,2026-07-29 12:00:00+00:00,7
4269,8528,3284.42,2026-08-30 12:00:00+00:00,5
4270,8529,3284.57,2026-09-30 12:00:00+00:00,4
4271,8530,3284.72,2026-09-30 12:00:00+00:00,1
4272,8539,891.91,2026-06-14 12:00:00+00:00,6
4273,8540,891.94,2026-07-15 12:00:00+00:00,5
4274,8543,892.04,2026-07-16 12:00:00+00:00,2
4275,8541,891.97,2026-08-13 12:00:00+00:00,3
4276,8544,892.08,2026-08-15 12:00:00+00:00,5
4277,8542,892.00,2026-09-10 12:00:00+00:00,4
4278,8545,892.11,2026-09-14 12:00:00+00:00,3
4279,8575,1747.71,2025-12-06 12:00:00+00:00,6
4280,8585,1748.90,2025-12-09 12:00:00+00:00,6
4281,8576,1747.82,2026-01-04 12:00:00+00:00,3
4282,8577,1747.93,2026-02-03 12:00:00+00:00,3
4283,8586,1748.99,2026-02-07 12:00:00+00:00,3
4284,8578,1748.04,2026-03-05 12:00:00+00:00,3
4285,8579,1748.16,2026-04-07 12:00:00+00:00,6
4286,8580,1748.27,2026-05-04 12:00:00+00:00,2
4287,8581,1748.39,2026-06-04 12:00:00+00:00,1
4288,8582,1748.51,2026-07-07 12:00:00+00:00,6
4289,8583,1748.64,2026-08-06 12:00:00+00:00,6
4290,8584,1748.77,2026-08-31 12:00:00+00:00,7
4291,8587,1244.07,2025-12-08 12:00:00+00:00,4
4292,8597,1244.90,2025-12-08 12:00:00+00:00,1
4293,8588,1244.14,2026-01-07 12:00:00+00:00,4
4294,8598,1245.00,2026-01-07 12:00:00+00:00,3
4295,8589,1244.21,2026-02-01 12:00:00+00:00,4
4296,8590,1244.29,2026-03-08 12:00:00+00:00,5
4297,8599,1245.10,2026-03-08 12:00:00+00:00,2
4298,8591,1244.37,2026-04-05 12:00:00+00:00,1
4299,8600,1245.20,2026-04-07 12:00:00+00:00,5
4300,8592,1244.45,2026-05-05 12:00:00+00:00,4
4301,8593,1244.54,2026-06-06 12:00:00+00:00,1
4302,8601,1245.30,2026-06-06 12:00:00+00:00,3
4303,8594,1244.63,2026-07-01 12:00:00+00:00,4
4304,8602,1245.41,2026-07-06 12:00:00+00:00,5
4305,8595,1244.72,2026-08-01 12:00:00+00:00,1
4306,8603,1245.52,2026-08-05 12:00:00+00:00,1
4307,8596,1244.81,2026-08-30 12:00:00+00:00,5
4308,8605,1351.54,2025-12-16 12:00:00+00:00,4
4309,8615,1352.25,2025-12-18 12:00:00+00:00,6
4310,8606,1351.61,2026-01-15 12:00:00+00:00,2
4311,8616,1352.38,2026-01-17 12:00:00+00:00,5
4312,8607,1351.68,2026-02-16 12:00:00+00:00,7
4313,8608,1351.74,2026-03-14 12:00:00+00:00,1
4314,8609,1351.81,2026-04-14 12:00:00+00:00,1
4315,8610,1351.88,2026-05-16 12:00:00+00:00,7
4316,8611,1351.95,2026-06-11 12:00:00+00:00,4
4317,8612,1352.03,2026-07-16 12:00:00+00:00,7
4318,8613,1352.10,2026-08-15 12:00:00+00:00,5
4319,8614,1352.17,2026-09-14 12:00:00+00:00,4
4320,8617,2126.64,2025-10-30 12:00:00+00:00,5
4321,8618,2126.75,2025-11-29 12:00:00+00:00,1
4322,8629,2128.26,2025-12-03 12:00:00+00:00,7
4323,8619,2126.87,2026-01-01 12:00:00+00:00,7
4324,8620,2126.99,2026-01-30 12:00:00+00:00,4
4325,8630,2128.43,2026-02-01 12:00:00+00:00,5
4326,8621,2127.11,2026-03-02 12:00:00+00:00,2
4327,8631,2128.60,2026-03-03 12:00:00+00:00,3
4328,8622,2127.24,2026-03-30 12:00:00+00:00,6
4329,8632,2128.77,2026-04-02 12:00:00+00:00,7
4330,8623,2127.37,2026-04-30 12:00:00+00:00,5
4331,8624,2127.51,2026-05-29 12:00:00+00:00,6
4332,8625,2127.65,2026-06-29 12:00:00+00:00,2
4333,8633,2128.96,2026-07-01 12:00:00+00:00,3
4334,8626,2127.79,2026-07-27 12:00:00+00:00,1
4335,8634,2129.15,2026-07-31 12:00:00+00:00,1
4336,8627,2127.94,2026-08-27 12:00:00+00:00,2
4337,8628,2128.10,2026-09-24 12:00:00+00:00,6
4338,8641,622.64,2026-03-25 12:00:00+00:00,2
4339,8642,622.66,2026-04-20 12:00:00+00:00,5
4340,8648,622.80,2026-04-24 12:00:00+00:00,4
4341,8643,622.68,2026-05-19 12:00:00+00:00,3
4342,8649,622.83,2026-05-24 12:00:00+00:00,7
4343,8644,622.70,2026-06-22 12:00:00+00:00,6
4344,8650,622.86,2026-06-23 12:00:00+00:00,3
4345,8645,622.73,2026-07-20 12:00:00+00:00,7
4346,8646,622.75,2026-08-19 12:00:00+00:00,1
4347,8651,622.88,2026-08-22 12:00:00+00:00,2
4348,8647,622.78,2026-09-18 12:00:00+00:00,2
4349,8652,622.91,2026-09-21 12:00:00+00:00,5
4350,8677,400.79,2026-06-03 12:00:00+00:00,4
4351,8678,400.80,2026-07-04 12:00:00+00:00,2
4352,8681,400.86,2026-07-08 12:00:00+00:00,2
4353,8679,400.82,2026-08-06 12:00:00+00:00,2
4354,8680,400.84,2026-09-04 12:00:00+00:00,1
4355,8682,400.87,2026-09-06 12:00:00+00:00,5
4356,8701,173.27,2026-06-07 12:00:00+00:00,4
4357,8702,173.27,2026-07-10 12:00:00+00:00,3
4358,8705,173.29,2026-07-10 12:00:00+00:00,1
4359,8703,173.28,2026-08-07 12:00:00+00:00,4
4360,8704,173.29,2026-09-05 12:00:00+00:00,6
4361,8706,173.30,2026-09-08 12:00:00+00:00,1
4362,8737,556.53,2026-05-24 12:00:00+00:00,4
4363,8742,556.75,2026-05-28 12:00:00+00:00,2
4364,8738,556.57,2026-06-23 12:00:00+00:00,4
4365,8739,556.61,2026-07-27 12:00:00+00:00,7
4366,8740,556.66,2026-08-21 12:00:00+00:00,1
4367,8741,556.70,2026-09-20 12:00:00+00:00,3
4368,8743,556.79,2026-09-25 12:00:00+00:00,2
4369,8749,1869.91,2026-08-17 12:00:00+00:00,2
4370,8767,341.96,2026-07-26 12:00:00+00:00,4
4371,8770,342.00,2026-07-28 12:00:00+00:00,6
4372,8768,341.97,2026-08-22 12:00:00+00:00,6
4373,8769,341.99,2026-09-23 12:00:00+00:00,3
4374,8771,342.01,2026-09-26 12:00:00+00:00,1
4375,8803,817.74,2025-12-24 12:00:00+00:00,6
4376,8804,817.79,2026-01-12 12:00:00+00:00,7
4377,8805,817.85,2026-02-26 12:00:00+00:00,5
4378,8806,817.90,2026-03-17 12:00:00+00:00,6
4379,8807,817.96,2026-04-15 12:00:00+00:00,3
4380,8808,818.02,2026-05-18 12:00:00+00:00,6
4381,8809,818.08,2026-06-12 12:00:00+00:00,5
4382,8810,818.14,2026-07-15 12:00:00+00:00,3
4383,8811,818.20,2026-08-11 12:00:00+00:00,4
4384,8815,1610.30,2026-02-07 12:00:00+00:00,6
4385,8823,1610.90,2026-02-07 12:00:00+00:00,5
4386,8816,1610.37,2026-03-05 12:00:00+00:00,6
4387,8817,1610.44,2026-04-03 12:00:00+00:00,1
4388,8818,1610.52,2026-05-05 12:00:00+00:00,5
4389,8819,1610.59,2026-06-05 12:00:00+00:00,7
4390,8820,1610.67,2026-07-04 12:00:00+00:00,5
4391,8821,1610.74,2026-08-04 12:00:00+00:00,1
4392,8822,1610.82,2026-08-31 12:00:00+00:00,6
4393,8839,1197.62,2026-05-11 12:00:00+00:00,3
4394,8844,1197.88,2026-05-16 12:00:00+00:00,6
4395,8840,1197.67,2026-06-11 12:00:00+00:00,3
4396,8845,1197.93,2026-06-15 12:00:00+00:00,3
4397,8841,1197.72,2026-07-10 12:00:00+00:00,5
4398,8846,1197.99,2026-07-15 12:00:00+00:00,7
4399,8842,1197.77,2026-08-12 12:00:00+00:00,3
4400,8843,1197.82,2026-09-10 12:00:00+00:00,2
4401,8847,1198.04,2026-09-13 12:00:00+00:00,6
4402,8863,1258.74,2026-07-22 12:00:00+00:00,3
4403,8864,1258.81,2026-08-20 12:00:00+00:00,7
4404,8881,2236.79,2026-02-12 12:00:00+00:00,3
4405,8882,2236.89,2026-03-14 12:00:00+00:00,3
4406,8883,2236.99,2026-04-09 12:00:00+00:00,5
4407,8884,2237.10,2026-05-13 12:00:00+00:00,5
4408,8885,2237.20,2026-06-07 12:00:00+00:00,6
4409,8886,2237.31,2026-07-14 12:00:00+00:00,6
4410,8887,2237.42,2026-08-13 12:00:00+00:00,4
4411,8889,1118.82,2026-09-27 12:00:00+00:00,2
4412,8889,1118.82,2026-10-18 12:00:00+00:00,6
4413,8893,541.88,2026-01-27 12:00:00+00:00,4
4414,8894,541.89,2026-03-03 12:00:00+00:00,3
4415,8902,542.05,2026-03-03 12:00:00+00:00,1
4416,8895,541.91,2026-03-31 12:00:00+00:00,7
4417,8903,542.07,2026-04-02 12:00:00+00:00,4
4418,8896,541.93,2026-05-01 12:00:00+00:00,1
4419,8904,542.09,2026-05-02 12:00:00+00:00,6
4420,8897,541.95,2026-06-01 12:00:00+00:00,5
4421,8898,541.97,2026-07-01 12:00:00+00:00,5
4422,8899,541.99,2026-07-28 12:00:00+00:00,2
4423,8905,542.11,2026-07-31 12:00:00+00:00,6
4424,8900,542.01,2026-08-27 12:00:00+00:00,1
4425,8901,542.03,2026-09-24 12:00:00+00:00,5
4426,8929,948.84,2026-05-25 12:00:00+00:00,5
4427,8930,948.88,2026-06-25 12:00:00+00:00,5
4428,8934,949.05,2026-06-26 12:00:00+00:00,7
4429,8931,948.92,2026-07-25 12:00:00+00:00,4
4430,8935,949.09,2026-07-26 12:00:00+00:00,7
4431,8932,948.96,2026-08-21 12:00:00+00:00,7
4432,8933,949.00,2026-09-24 12:00:00+00:00,3
4433,8947,1140.59,2026-07-31 12:00:00+00:00,6
4434,8950,1140.76,2026-08-01 12:00:00+00:00,3
4435,8948,1140.65,2026-08-29 12:00:00+00:00,7
4436,8949,1140.70,2026-09-28 12:00:00+00:00,7
4437,8951,1140.81,2026-09-30 12:00:00+00:00,7
4438,8959,1422.14,2026-01-29 12:00:00+00:00,6
4439,8960,1422.19,2026-03-02 12:00:00+00:00,4
4440,8967,1422.58,2026-03-05 12:00:00+00:00,4
4441,8961,1422.24,2026-03-31 12:00:00+00:00,3
4442,8968,1422.64,2026-04-04 12:00:00+00:00,6
4443,8962,1422.29,2026-05-01 12:00:00+00:00,7
4444,8969,1422.70,2026-05-04 12:00:00+00:00,1
4445,8963,1422.35,2026-06-03 12:00:00+00:00,7
4446,8964,1422.40,2026-07-01 12:00:00+00:00,1
4447,8965,1422.46,2026-07-28 12:00:00+00:00,3
4448,8966,1422.52,2026-08-28 12:00:00+00:00,1
4449,8995,2134.49,2026-08-03 12:00:00+00:00,7
4450,8997,1067.40,2026-09-21 12:00:00+00:00,3
4451,8997,1067.41,2026-11-03 12:00:00+00:00,7
4452,9007,1490.61,2026-03-07 12:00:00+00:00,6
4453,9014,1491.21,2026-03-11 12:00:00+00:00,1
4454,9008,1490.69,2026-04-09 12:00:00+00:00,4
4455,9015,1491.31,2026-04-10 12:00:00+00:00,6
4456,9009,1490.77,2026-05-09 12:00:00+00:00,4
4457,9016,1491.41,2026-05-10 12:00:00+00:00,1
4458,9010,1490.85,2026-06-06 12:00:00+00:00,3
4459,9011,1490.94,2026-07-07 12:00:00+00:00,6
4460,9012,1491.03,2026-08-06 12:00:00+00:00,4
4461,9013,1491.12,2026-09-07 12:00:00+00:00,1
4462,9017,1491.52,2026-09-07 12:00:00+00:00,6
4463,9031,174.71,2025-11-28 12:00:00+00:00,1
4464,9032,174.72,2026-01-01 12:00:00+00:00,7
4465,9033,174.73,2026-01-28 12:00:00+00:00,2
4466,9042,174.81,2026-02-01 12:00:00+00:00,5
4467,9034,174.74,2026-03-01 12:00:00+00:00,7
4468,9043,174.81,2026-03-03 12:00:00+00:00,1
4469,9035,174.75,2026-03-28 12:00:00+00:00,5
4470,9036,174.75,2026-05-02 12:00:00+00:00,4
4471,9037,174.76,2026-05-27 12:00:00+00:00,5
4472,9044,174.82,2026-06-01 12:00:00+00:00,4
4473,9038,174.77,2026-06-26 12:00:00+00:00,6
4474,9045,174.83,2026-07-01 12:00:00+00:00,5
4475,9039,174.78,2026-07-26 12:00:00+00:00,4
4476,9040,174.79,2026-08-25 12:00:00+00:00,6
4477,9046,174.84,2026-08-30 12:00:00+00:00,2
4478,9041,174.80,2026-09-27 12:00:00+00:00,5
4479,9055,431.30,2026-05-12 12:00:00+00:00,7
4480,9060,431.39,2026-05-17 12:00:00+00:00,1
4481,9056,431.32,2026-06-12 12:00:00+00:00,2
4482,9061,431.41,2026-06-16 12:00:00+00:00,3
4483,9057,431.33,2026-07-14 12:00:00+00:00,6
4484,9058,431.35,2026-08-12 12:00:00+00:00,1
4485,9062,431.43,2026-08-15 12:00:00+00:00,7
4486,9059,431.37,2026-09-12 12:00:00+00:00,7
4487,9063,431.46,2026-09-14 12:00:00+00:00,5
4488,9079,1212.52,2026-03-31 12:00:00+00:00,1
4489,9080,1212.58,2026-05-04 12:00:00+00:00,2
4490,9085,1212.86,2026-05-04 12:00:00+00:00,1
4491,9081,1212.63,2026-05-30 12:00:00+00:00,4
4492,9082,1212.69,2026-06-29 12:00:00+00:00,2
4493,9083,1212.74,2026-07-29 12:00:00+00:00,4
4494,9086,1212.92,2026-08-02 12:00:00+00:00,7
4495,9084,1212.80,2026-08-29 12:00:00+00:00,3
4496,9097,659.92,2026-02-07 12:00:00+00:00,4
4497,9098,659.96,2026-03-04 12:00:00+00:00,7
4498,9099,659.99,2026-04-05 12:00:00+00:00,1
4499,9100,660.03,2026-04-28 12:00:00+00:00,5
4500,9101,660.07,2026-05-30 12:00:00+00:00,1
4501,9102,660.12,2026-06-28 12:00:00+00:00,4
4502,9103,660.16,2026-07-28 12:00:00+00:00,7
4503,9104,660.20,2026-08-22 12:00:00+00:00,1
4504,9115,1294.79,2026-07-08 12:00:00+00:00,1
4505,9118,1294.93,2026-07-12 12:00:00+00:00,4
4506,9116,1294.83,2026-08-06 12:00:00+00:00,6
4507,9119,1294.98,2026-08-11 12:00:00+00:00,3
4508,9117,1294.88,2026-09-10 12:00:00+00:00,7
4509,9120,1295.04,2026-09-10 12:00:00+00:00,7
4510,9151,1338.65,2026-06-06 12:00:00+00:00,7
4511,9155,1338.93,2026-06-08 12:00:00+00:00,5
4512,9152,1338.72,2026-07-05 12:00:00+00:00,3
4513,9153,1338.79,2026-08-03 12:00:00+00:00,2
4514,9156,1339.01,2026-08-07 12:00:00+00:00,7
4515,9154,1338.86,2026-09-05 12:00:00+00:00,3
4516,9163,823.75,2026-05-01 12:00:00+00:00,4
4517,9164,823.79,2026-05-30 12:00:00+00:00,5
4518,9165,823.84,2026-06-29 12:00:00+00:00,4
4519,9169,824.01,2026-07-01 12:00:00+00:00,7
4520,9166,823.88,2026-07-26 12:00:00+00:00,2
4521,9170,824.06,2026-07-31 12:00:00+00:00,5
4522,9167,823.92,2026-08-26 12:00:00+00:00,6
4523,9171,824.10,2026-08-30 12:00:00+00:00,5
4524,9168,823.97,2026-09-25 12:00:00+00:00,2
4525,9175,2217.43,2026-02-02 12:00:00+00:00,1
4526,9183,2218.73,2026-02-03 12:00:00+00:00,5
4527,9176,2217.58,2026-03-02 12:00:00+00:00,6
4528,9184,2218.91,2026-03-05 12:00:00+00:00,5
4529,9177,2217.73,2026-03-31 12:00:00+00:00,1
4530,9185,2219.09,2026-04-04 12:00:00+00:00,2
4531,9178,2217.89,2026-04-30 12:00:00+00:00,2
4532,9186,2219.35,2026-05-04 12:00:00+00:00,2
4533,9179,2218.05,2026-06-02 12:00:00+00:00,4
4534,9180,2218.21,2026-06-30 12:00:00+00:00,5
4535,9181,2218.38,2026-08-01 12:00:00+00:00,5
4536,9182,2218.55,2026-08-31 12:00:00+00:00,4
4537,9187,986.26,2026-01-03 12:00:00+00:00,7
4538,9188,986.29,2026-01-30 12:00:00+00:00,3
4539,9189,986.33,2026-03-02 12:00:00+00:00,2
4540,9197,986.63,2026-03-04 12:00:00+00:00,2
4541,9190,986.36,2026-04-03 12:00:00+00:00,7
4542,9198,986.67,2026-04-03 12:00:00+00:00,3
4543,9191,986.40,2026-05-03 12:00:00+00:00,3
4544,9199,986.71,2026-05-03 12:00:00+00:00,3
4545,9192,986.43,2026-05-28 12:00:00+00:00,4
4546,9200,986.76,2026-06-02 12:00:00+00:00,6
4547,9193,986.47,2026-07-02 12:00:00+00:00,1
4548,9194,986.51,2026-08-01 12:00:00+00:00,1
4549,9201,986.80,2026-08-01 12:00:00+00:00,2
4550,9195,986.55,2026-08-27 12:00:00+00:00,4
4551,9202,986.85,2026-08-31 12:00:00+00:00,6
4552,9196,986.59,2026-09-25 12:00:00+00:00,1
4553,9223,596.60,2026-04-30 12:00:00+00:00,2
4554,9224,596.62,2026-05-30 12:00:00+00:00,2
4555,9229,596.72,2026-06-01 12:00:00+00:00,2
4556,9225,596.64,2026-06-29 12:00:00+00:00,5
4557,9230,596.75,2026-07-01 12:00:00+00:00,1
4558,9226,596.66,2026-07-27 12:00:00+00:00,4
4559,9227,596.68,2026-08-27 12:00:00+00:00,3
4560,9228,596.70,2026-09-25 12:00:00+00:00,4
4561,9231,596.77,2026-09-29 12:00:00+00:00,1
4562,9259,1673.44,2026-06-09 12:00:00+00:00,1
4563,9263,1673.83,2026-06-09 12:00:00+00:00,4
4564,9260,1673.53,2026-07-04 12:00:00+00:00,7
4565,9264,1673.94,2026-07-09 12:00:00+00:00,6
4566,9261,1673.63,2026-08-03 12:00:00+00:00,3
4567,9262,1673.73,2026-09-03 12:00:00+00:00,6
4568,9265,1674.04,2026-09-07 12:00:00+00:00,1
4569,9271,2439.65,2025-11-29 12:00:00+00:00,1
4570,9282,2440.95,2025-11-30 12:00:00+00:00,3
4571,9272,2439.75,2025-12-30 12:00:00+00:00,7
4572,9283,2441.09,2025-12-30 12:00:00+00:00,3
4573,9273,2439.86,2026-01-28 12:00:00+00:00,1
4574,9284,2441.22,2026-01-29 12:00:00+00:00,7
4575,9274,2439.98,2026-02-23 12:00:00+00:00,5
4576,9285,2441.36,2026-02-28 12:00:00+00:00,2
4577,9275,2440.09,2026-03-26 12:00:00+00:00,4
4578,9276,2440.21,2026-04-24 12:00:00+00:00,3
4579,9286,2441.50,2026-04-29 12:00:00+00:00,7
4580,9277,2440.33,2026-05-29 12:00:00+00:00,2
4581,9287,2441.64,2026-05-29 12:00:00+00:00,6
4582,9278,2440.45,2026-06-27 12:00:00+00:00,6
4583,9288,2441.71,2026-06-28 12:00:00+00:00,2
4584,9279,2440.57,2026-07-27 12:00:00+00:00,1
4585,9280,2440.70,2026-08-25 12:00:00+00:00,7
4586,9281,2440.82,2026-09-25 12:00:00+00:00,2
4587,9289,1478.80,2026-01-11 12:00:00+00:00,2
4588,9290,1478.86,2026-02-09 12:00:00+00:00,6
4589,9298,1479.32,2026-02-13 12:00:00+00:00,2
4590,9291,1478.91,2026-03-15 12:00:00+00:00,2
4591,9299,1479.38,2026-03-15 12:00:00+00:00,4
4592,9292,1478.96,2026-04-12 12:00:00+00:00,3
4593,9293,1479.02,2026-05-13 12:00:00+00:00,3
4594,9294,1479.08,2026-06-10 12:00:00+00:00,6
4595,9300,1479.44,2026-06-13 12:00:00+00:00,4
4596,9295,1479.13,2026-07-09 12:00:00+00:00,5
4597,9301,1479.51,2026-07-13 12:00:00+00:00,2
4598,9296,1479.19,2026-08-12 12:00:00+00:00,5
4599,9302,1479.58,2026-08-12 12:00:00+00:00,6
4600,9297,1479.25,2026-09-06 12:00:00+00:00,5
4601,9303,1479.65,2026-09-11 12:00:00+00:00,7
4602,9325,1259.22,2026-07-02 12:00:00+00:00,7
4603,9328,1259.36,2026-07-03 12:00:00+00:00,6
4604,9326,1259.26,2026-07-30 12:00:00+00:00,2
4605,9329,1259.41,2026-08-02 12:00:00+00:00,7
4606,9327,1259.31,2026-08-27 12:00:00+00:00,7
4607,9330,1259.46,2026-09-01 12:00:00+00:00,4
4608,9361,325.54,2026-04-28 12:00:00+00:00,3
4609,9362,325.55,2026-05-30 12:00:00+00:00,5
4610,9363,325.57,2026-06-26 12:00:00+00:00,2
4611,9367,325.64,2026-07-01 12:00:00+00:00,4
4612,9364,325.59,2026-07-27 12:00:00+00:00,2
4613,9368,325.66,2026-07-31 12:00:00+00:00,6
4614,9365,325.60,2026-08-26 12:00:00+00:00,6
4615,9366,325.62,2026-09-25 12:00:00+00:00,2
4616,9385,1743.93,2026-02-15 12:00:00+00:00,4
4617,9386,1744.02,2026-03-23 12:00:00+00:00,2
4618,9387,1744.10,2026-04-16 12:00:00+00:00,5
4619,9388,1744.19,2026-05-21 12:00:00+00:00,3
4620,9389,1744.28,2026-06-18 12:00:00+00:00,7
4621,9390,1744.37,2026-07-11 12:00:00+00:00,5
4622,9391,1744.46,2026-08-08 12:00:00+00:00,3
4623,9393,1744.65,2026-11-07 12:00:00+00:00,5
4624,9397,2231.30,2026-01-23 12:00:00+00:00,6
4625,9406,2232.51,2026-01-25 12:00:00+00:00,3
4626,9398,2231.42,2026-02-19 12:00:00+00:00,6
4627,9407,2232.66,2026-02-24 12:00:00+00:00,4
4628,9399,2231.54,2026-03-25 12:00:00+00:00,2
4629,9400,2231.67,2026-04-20 12:00:00+00:00,2
4630,9401,2231.80,2026-05-20 12:00:00+00:00,1
4631,9408,2232.82,2026-05-25 12:00:00+00:00,4
4632,9402,2231.93,2026-06-21 12:00:00+00:00,2
4633,9403,2232.07,2026-07-22 12:00:00+00:00,5
4634,9409,2232.99,2026-07-24 12:00:00+00:00,3
4635,9404,2232.21,2026-08-18 12:00:00+00:00,4
4636,9410,2233.16,2026-08-23 12:00:00+00:00,1
4637,9405,2232.35,2026-09-20 12:00:00+00:00,4
4638,9411,2233.34,2026-09-22 12:00:00+00:00,5
4639,9421,1493.62,2026-06-03 12:00:00+00:00,3
4640,9422,1493.69,2026-07-04 12:00:00+00:00,1
4641,9425,1493.89,2026-07-06 12:00:00+00:00,5
4642,9423,1493.75,2026-08-02 12:00:00+00:00,4
4643,9426,1493.96,2026-08-05 12:00:00+00:00,2
4644,9424,1493.82,2026-09-01 12:00:00+00:00,3
4645,9427,1494.04,2026-09-04 12:00:00+00:00,5
4646,9439,2330.53,2026-03-10 12:00:00+00:00,5
4647,9440,2330.68,2026-04-08 12:00:00+00:00,4
4648,9441,2330.84,2026-05-09 12:00:00+00:00,1
4649,9442,2331.01,2026-06-11 12:00:00+00:00,1
4650,9446,2331.70,2026-06-11 12:00:00+00:00,1
4651,9443,2331.17,2026-07-06 12:00:00+00:00,5
4652,9444,2331.34,2026-08-09 12:00:00+00:00,5
4653,9447,2331.89,2026-08-10 12:00:00+00:00,4
4654,9445,2331.52,2026-09-05 12:00:00+00:00,5
4655,9448,2332.08,2026-09-09 12:00:00+00:00,6
4656,9451,1757.08,2026-05-11 12:00:00+00:00,4
4657,9452,1757.20,2026-06-07 12:00:00+00:00,1
4658,9456,1757.72,2026-06-10 12:00:00+00:00,7
4659,9453,1757.33,2026-07-06 12:00:00+00:00,7
4660,9457,1757.87,2026-07-10 12:00:00+00:00,6
4661,9454,1757.45,2026-08-04 12:00:00+00:00,2
4662,9458,1758.01,2026-08-09 12:00:00+00:00,1
4663,9455,1757.59,2026-09-06 12:00:00+00:00,2
4664,9459,1758.16,2026-09-08 12:00:00+00:00,6
4665,9463,1304.18,2026-01-12 12:00:00+00:00,6
4666,9472,1304.82,2026-01-15 12:00:00+00:00,5
4667,9464,1304.24,2026-02-10 12:00:00+00:00,2
4668,9473,1304.90,2026-02-14 12:00:00+00:00,1
4669,9465,1304.31,2026-03-12 12:00:00+00:00,4
4670,9474,1304.98,2026-03-16 12:00:00+00:00,6
4671,9466,1304.38,2026-04-13 12:00:00+00:00,7
4672,9475,1305.06,2026-04-15 12:00:00+00:00,3
4673,9467,1304.45,2026-05-11 12:00:00+00:00,2
4674,9468,1304.52,2026-06-11 12:00:00+00:00,1
4675,9476,1305.14,2026-06-14 12:00:00+00:00,7
4676,9469,1304.59,2026-07-13 12:00:00+00:00,4
4677,9477,1305.23,2026-07-14 12:00:00+00:00,6
4678,9470,1304.66,2026-08-10 12:00:00+00:00,5
4679,9478,1305.31,2026-08-13 12:00:00+00:00,6
4680,9471,1304.74,2026-09-08 12:00:00+00:00,7
4681,9481,719.50,2025-12-18 12:00:00+00:00,2
4682,9482,719.53,2026-01-17 12:00:00+00:00,3
4683,9483,719.55,2026-02-13 12:00:00+00:00,5
4684,9484,719.58,2026-03-14 12:00:00+00:00,1
4685,9491,719.80,2026-03-18 12:00:00+00:00,2
4686,9485,719.61,2026-04-17 12:00:00+00:00,4
4687,9492,719.83,2026-04-17 12:00:00+00:00,6
4688,9486,719.64,2026-05-16 12:00:00+00:00,6
4689,9487,719.67,2026-06-14 12:00:00+00:00,7
4690,9488,719.70,2026-07-13 12:00:00+00:00,4
4691,9493,719.87,2026-07-16 12:00:00+00:00,4
4692,9489,719.73,2026-08-14 12:00:00+00:00,7
4693,9490,719.76,2026-09-14 12:00:00+00:00,4
4694,9494,719.90,2026-09-14 12:00:00+00:00,7
4695,9517,1521.47,2026-06-02 12:00:00+00:00,3
4696,9521,1521.78,2026-06-06 12:00:00+00:00,6
4697,9518,1521.55,2026-07-01 12:00:00+00:00,7
4698,9522,1521.86,2026-07-06 12:00:00+00:00,3
4699,9519,1521.62,2026-08-04 12:00:00+00:00,1
4700,9520,1521.70,2026-09-02 12:00:00+00:00,7
4701,9523,1521.94,2026-09-04 12:00:00+00:00,1
4702,9541,707.94,2026-04-24 12:00:00+00:00,3
4703,9542,707.97,2026-05-27 12:00:00+00:00,2
4704,9543,708.01,2026-06-22 12:00:00+00:00,3
4705,9544,708.04,2026-07-25 12:00:00+00:00,2
4706,9545,708.07,2026-08-22 12:00:00+00:00,4
4707,9546,708.11,2026-09-23 12:00:00+00:00,4
4708,9547,708.14,2026-09-25 12:00:00+00:00,2
4709,9553,2913.38,2026-07-29 12:00:00+00:00,2
4710,9554,2913.60,2026-08-26 12:00:00+00:00,2
4711,9555,2913.83,2026-09-24 12:00:00+00:00,3
4712,9556,2914.07,2026-09-29 12:00:00+00:00,1
4713,9565,2845.63,2026-06-11 12:00:00+00:00,7
4714,9566,2845.86,2026-07-16 12:00:00+00:00,1
4715,9567,2846.09,2026-08-15 12:00:00+00:00,3
4716,9569,2846.58,2026-10-10 12:00:00+00:00,7
4717,9577,1340.19,2025-11-24 12:00:00+00:00,4
4718,9588,1341.08,2025-11-25 12:00:00+00:00,4
4719,9578,1340.26,2025-12-23 12:00:00+00:00,1
4720,9589,1341.17,2025-12-25 12:00:00+00:00,4
4721,9579,1340.33,2026-01-19 12:00:00+00:00,3
4722,9580,1340.40,2026-02-18 12:00:00+00:00,6
4723,9590,1341.27,2026-02-23 12:00:00+00:00,5
4724,9581,1340.48,2026-03-25 12:00:00+00:00,3
4725,9591,1341.37,2026-03-25 12:00:00+00:00,5
4726,9582,1340.55,2026-04-20 12:00:00+00:00,4
4727,9583,1340.64,2026-05-22 12:00:00+00:00,6
4728,9584,1340.72,2026-06-20 12:00:00+00:00,1
4729,9585,1340.80,2026-07-23 12:00:00+00:00,6
4730,9592,1341.48,2026-07-23 12:00:00+00:00,2
4731,9586,1340.89,2026-08-22 12:00:00+00:00,1
4732,9587,1340.98,2026-09-19 12:00:00+00:00,3
4733,9593,1341.59,2026-09-21 12:00:00+00:00,3
4734,9601,493.72,2026-04-11 12:00:00+00:00,2
4735,9607,493.86,2026-04-15 12:00:00+00:00,3
4736,9602,493.74,2026-05-10 12:00:00+00:00,5
4737,9608,493.88,2026-05-15 12:00:00+00:00,3
4738,9603,493.76,2026-06-13 12:00:00+00:00,5
4739,9604,493.79,2026-07-12 12:00:00+00:00,7
4740,9609,493.91,2026-07-14 12:00:00+00:00,3
4741,9605,493.81,2026-08-13 12:00:00+00:00,5
4742,9610,493.93,2026-08-13 12:00:00+00:00,3
4743,9606,493.84,2026-09-12 12:00:00+00:00,5
4744,9611,493.96,2026-09-12 12:00:00+00:00,4
4745,9613,1204.13,2026-05-01 12:00:00+00:00,6
4746,9614,1204.22,2026-05-31 12:00:00+00:00,5
4747,9615,1204.31,2026-06-27 12:00:00+00:00,1
4748,9616,1204.40,2026-07-29 12:00:00+00:00,7
4749,9617,1204.50,2026-08-26 12:00:00+00:00,1
4750,9619,1204.70,2026-08-29 12:00:00+00:00,6
4751,9618,1204.60,2026-09-26 12:00:00+00:00,5
4752,9620,1204.81,2026-09-28 12:00:00+00:00,7
4753,9625,1647.83,2026-02-18 12:00:00+00:00,4
4754,9633,1648.49,2026-02-22 12:00:00+00:00,3
4755,9626,1647.91,2026-03-20 12:00:00+00:00,7
4756,9634,1648.58,2026-03-24 12:00:00+00:00,4
4757,9627,1647.99,2026-04-23 12:00:00+00:00,3
4758,9635,1648.67,2026-04-23 12:00:00+00:00,1
4759,9628,1648.07,2026-05-23 12:00:00+00:00,7
4760,9636,1648.76,2026-05-23 12:00:00+00:00,7
4761,9629,1648.15,2026-06-20 12:00:00+00:00,5
4762,9630,1648.24,2026-07-17 12:00:00+00:00,5
4763,9631,1648.32,2026-08-17 12:00:00+00:00,5
4764,9632,1648.41,2026-09-17 12:00:00+00:00,7
4765,9637,800.05,2026-02-17 12:00:00+00:00,3
4766,9638,800.09,2026-03-17 12:00:00+00:00,2
4767,9645,800.36,2026-03-21 12:00:00+00:00,5
4768,9639,800.12,2026-04-15 12:00:00+00:00,4
4769,9640,800.16,2026-05-19 12:00:00+00:00,5
4770,9641,800.20,2026-06-19 12:00:00+00:00,1
4771,9642,800.24,2026-07-16 12:00:00+00:00,3
4772,9646,800.40,2026-07-19 12:00:00+00:00,3
4773,9643,800.28,2026-08-15 12:00:00+00:00,4
4774,9644,800.32,2026-09-17 12:00:00+00:00,6
4775,9661,1178.71,2026-03-10 12:00:00+00:00,4
4776,9662,1178.76,2026-04-01 12:00:00+00:00,7
4777,9663,1178.80,2026-05-01 12:00:00+00:00,2
4778,9664,1178.85,2026-05-28 12:00:00+00:00,3
4779,9665,1178.90,2026-07-11 12:00:00+00:00,4
4780,9666,1178.94,2026-08-05 12:00:00+00:00,7
4781,9667,1178.99,2026-09-09 12:00:00+00:00,5
4782,9685,407.88,2026-05-14 12:00:00+00:00,2
4783,9686,407.90,2026-06-12 12:00:00+00:00,4
4784,9687,407.92,2026-07-15 12:00:00+00:00,6
4785,9688,407.95,2026-08-05 12:00:00+00:00,4
4786,9690,203.99,2026-09-24 12:00:00+00:00,6
4787,9690,204.00,2026-11-04 12:00:00+00:00,2
4788,9709,386.03,2026-07-12 12:00:00+00:00,5
4789,9710,386.05,2026-08-13 12:00:00+00:00,3
4790,9711,386.06,2026-09-11 12:00:00+00:00,4
4791,9727,1967.63,2026-04-18 12:00:00+00:00,2
4792,9733,1968.47,2026-04-20 12:00:00+00:00,2
4793,9728,1967.76,2026-05-20 12:00:00+00:00,7
4794,9734,1968.62,2026-05-20 12:00:00+00:00,5
4795,9729,1967.89,2026-06-18 12:00:00+00:00,1
4796,9735,1968.78,2026-06-19 12:00:00+00:00,1
4797,9730,1968.03,2026-07-19 12:00:00+00:00,1
4798,9736,1968.95,2026-07-19 12:00:00+00:00,3
4799,9731,1968.17,2026-08-14 12:00:00+00:00,3
4800,9732,1968.32,2026-09-14 12:00:00+00:00,6
4801,9745,1540.63,2025-12-15 12:00:00+00:00,6
4802,9755,1541.45,2025-12-19 12:00:00+00:00,5
4803,9746,1540.70,2026-01-18 12:00:00+00:00,7
4804,9747,1540.78,2026-02-17 12:00:00+00:00,7
4805,9756,1541.54,2026-02-17 12:00:00+00:00,2
4806,9748,1540.86,2026-03-17 12:00:00+00:00,3
4807,9757,1541.64,2026-03-19 12:00:00+00:00,7
4808,9749,1540.94,2026-04-15 12:00:00+00:00,5
4809,9758,1541.73,2026-04-18 12:00:00+00:00,6
4810,9750,1541.02,2026-05-16 12:00:00+00:00,6
4811,9751,1541.10,2026-06-16 12:00:00+00:00,4
4812,9752,1541.19,2026-07-14 12:00:00+00:00,6
4813,9759,1541.83,2026-07-17 12:00:00+00:00,6
4814,9753,1541.27,2026-08-16 12:00:00+00:00,5
4815,9760,1541.93,2026-08-16 12:00:00+00:00,7
4816,9754,1541.36,2026-09-13 12:00:00+00:00,5
4817,9761,1542.03,2026-09-15 12:00:00+00:00,1
4818,9763,1589.97,2025-12-12 12:00:00+00:00,2
4819,9773,1590.90,2025-12-16 12:00:00+00:00,3
4820,9764,1590.05,2026-01-11 12:00:00+00:00,4
4821,9765,1590.14,2026-02-10 12:00:00+00:00,4
4822,9774,1591.00,2026-02-14 12:00:00+00:00,3
4823,9766,1590.22,2026-03-14 12:00:00+00:00,3
4824,9775,1591.11,2026-03-16 12:00:00+00:00,4
4825,9767,1590.31,2026-04-12 12:00:00+00:00,3
4826,9768,1590.40,2026-05-12 12:00:00+00:00,6
4827,9769,1590.49,2026-06-11 12:00:00+00:00,2
4828,9770,1590.59,2026-07-14 12:00:00+00:00,4
4829,9771,1590.69,2026-08-13 12:00:00+00:00,1
4830,9776,1591.23,2026-08-13 12:00:00+00:00,4
4831,9772,1590.79,2026-09-08 12:00:00+00:00,3
4832,9777,1591.34,2026-09-12 12:00:00+00:00,1
4833,9787,1820.13,2025-11-04 12:00:00+00:00,3
4834,9788,1820.22,2025-12-07 12:00:00+00:00,5
4835,9789,1820.31,2026-01-04 12:00:00+00:00,1
4836,9790,1820.40,2026-02-01 12:00:00+00:00,4
4837,9791,1820.49,2026-03-07 12:00:00+00:00,6
4838,9792,1820.59,2026-04-04 12:00:00+00:00,4
4839,9793,1820.69,2026-05-02 12:00:00+00:00,3
4840,9798,1821.15,2026-05-06 12:00:00+00:00,6
4841,9794,1820.79,2026-05-31 12:00:00+00:00,1
4842,9795,1820.89,2026-07-03 12:00:00+00:00,2
4843,9796,1820.99,2026-08-01 12:00:00+00:00,2
4844,9797,1821.10,2026-08-29 12:00:00+00:00,6
4845,9799,3518.36,2026-05-04 12:00:00+00:00,1
4846,9800,3518.61,2026-06-06 12:00:00+00:00,6
4847,9801,3518.86,2026-07-03 12:00:00+00:00,6
4848,9804,3519.67,2026-07-07 12:00:00+00:00,2
4849,9802,3519.13,2026-08-04 12:00:00+00:00,1
4850,9803,3519.39,2026-09-03 12:00:00+00:00,4
4851,9805,3519.95,2026-09-05 12:00:00+00:00,3
4852,9811,2708.00,2026-02-14 12:00:00+00:00,7
4853,9819,2709.42,2026-02-16 12:00:00+00:00,3
4854,9812,2708.16,2026-03-17 12:00:00+00:00,5
4855,9820,2709.61,2026-03-18 12:00:00+00:00,7
4856,9813,2708.33,2026-04-12 12:00:00+00:00,3
4857,9821,2709.82,2026-04-17 12:00:00+00:00,1
4858,9814,2708.50,2026-05-14 12:00:00+00:00,3
4859,9815,2708.67,2026-06-15 12:00:00+00:00,3
4860,9822,2710.03,2026-06-16 12:00:00+00:00,4
4861,9816,2708.85,2026-07-13 12:00:00+00:00,6
4862,9823,2710.25,2026-07-16 12:00:00+00:00,2
4863,9817,2709.03,2026-08-14 12:00:00+00:00,5
4864,9818,2709.22,2026-09-10 12:00:00+00:00,3
4865,9829,420.16,2025-12-01 12:00:00+00:00,5
4866,9830,420.18,2026-01-04 12:00:00+00:00,5
4867,9839,420.35,2026-01-05 12:00:00+00:00,7
4868,9831,420.20,2026-02-04 12:00:00+00:00,3
4869,9840,420.37,2026-02-04 12:00:00+00:00,6
4870,9832,420.21,2026-03-04 12:00:00+00:00,3
4871,9833,420.23,2026-04-05 12:00:00+00:00,5
4872,9834,420.25,2026-05-02 12:00:00+00:00,3
4873,9835,420.27,2026-06-02 12:00:00+00:00,6
4874,9836,420.29,2026-07-04 12:00:00+00:00,4
4875,9837,420.31,2026-07-29 12:00:00+00:00,7
4876,9838,420.33,2026-08-30 12:00:00+00:00,3
4877,9841,1672.95,2026-05-10 12:00:00+00:00,7
4878,9846,1673.40,2026-05-11 12:00:00+00:00,5
4879,9842,1673.04,2026-06-09 12:00:00+00:00,5
4880,9847,1673.50,2026-06-10 12:00:00+00:00,1
4881,9843,1673.13,2026-07-08 12:00:00+00:00,1
4882,9848,1673.60,2026-07-10 12:00:00+00:00,5
4883,9844,1673.22,2026-08-06 12:00:00+00:00,6
4884,9845,1673.31,2026-09-05 12:00:00+00:00,2
4885,9865,1679.40,2025-11-09 12:00:00+00:00,5
4886,9866,1679.50,2025-12-09 12:00:00+00:00,3
4887,9867,1679.61,2026-01-12 12:00:00+00:00,6
4888,9868,1679.71,2026-02-11 12:00:00+00:00,3
4889,9876,1680.68,2026-02-11 12:00:00+00:00,1
4890,9869,1679.82,2026-03-12 12:00:00+00:00,4
4891,9877,1680.82,2026-03-13 12:00:00+00:00,2
4892,9870,1679.93,2026-04-08 12:00:00+00:00,6
4893,9878,1680.96,2026-04-12 12:00:00+00:00,4
4894,9871,1680.05,2026-05-11 12:00:00+00:00,4
4895,9879,1681.10,2026-05-12 12:00:00+00:00,5
4896,9872,1680.17,2026-06-09 12:00:00+00:00,3
4897,9880,1681.25,2026-06-11 12:00:00+00:00,5
4898,9873,1680.29,2026-07-08 12:00:00+00:00,4
4899,9881,1681.41,2026-07-11 12:00:00+00:00,7
4900,9874,1680.42,2026-08-10 12:00:00+00:00,2
4901,9875,1680.55,2026-09-07 12:00:00+00:00,2
4902,9882,1681.58,2026-09-09 12:00:00+00:00,7
4903,9883,2843.59,2026-02-22 12:00:00+00:00,5
4904,9891,2845.36,2026-02-24 12:00:00+00:00,1
4905,9884,2843.79,2026-03-22 12:00:00+00:00,7
4906,9892,2845.61,2026-03-26 12:00:00+00:00,1
4907,9885,2843.99,2026-04-20 12:00:00+00:00,4
4908,9893,2845.87,2026-04-25 12:00:00+00:00,6
4909,9886,2844.21,2026-05-22 12:00:00+00:00,2
4910,9887,2844.42,2026-06-23 12:00:00+00:00,5
4911,9888,2844.65,2026-07-24 12:00:00+00:00,7
4912,9894,2846.21,2026-07-24 12:00:00+00:00,2
4913,9889,2844.88,2026-08-20 12:00:00+00:00,4
4914,9890,2845.12,2026-09-22 12:00:00+00:00,6
4915,9895,921.32,2025-12-10 12:00:00+00:00,2
4916,9896,921.35,2026-01-02 12:00:00+00:00,5
4917,9897,921.39,2026-02-02 12:00:00+00:00,7
4918,9898,921.42,2026-03-07 12:00:00+00:00,1
4919,9899,921.46,2026-04-05 12:00:00+00:00,7
4920,9900,921.50,2026-05-03 12:00:00+00:00,5
4921,9901,921.53,2026-06-13 12:00:00+00:00,3
4922,9902,921.57,2026-07-04 12:00:00+00:00,2
4923,9903,921.62,2026-08-09 12:00:00+00:00,2
4924,9905,460.85,2026-09-21 12:00:00+00:00,3
4925,9905,460.85,2026-10-27 12:00:00+00:00,2
4926,9931,2361.11,2026-01-25 12:00:00+00:00,3
4927,9940,2362.36,2026-01-29 12:00:00+00:00,3
4928,9932,2361.24,2026-02-24 12:00:00+00:00,7
4929,9941,2362.52,2026-02-28 12:00:00+00:00,5
4930,9933,2361.37,2026-03-27 12:00:00+00:00,5
4931,9942,2362.68,2026-03-30 12:00:00+00:00,6
4932,9934,2361.50,2026-04-26 12:00:00+00:00,2
4933,9943,2362.84,2026-04-29 12:00:00+00:00,6
4934,9935,2361.64,2026-05-26 12:00:00+00:00,2
4935,9936,2361.77,2026-06-26 12:00:00+00:00,7
4936,9937,2361.92,2026-07-23 12:00:00+00:00,3
4937,9944,2363.00,2026-07-28 12:00:00+00:00,2
4938,9938,2362.06,2026-08-22 12:00:00+00:00,7
4939,9945,2363.17,2026-08-27 12:00:00+00:00,3
4940,9939,2362.21,2026-09-21 12:00:00+00:00,3
4941,9949,1399.28,2025-11-15 12:00:00+00:00,1
4942,9950,1399.39,2025-12-11 12:00:00+00:00,1
4943,9951,1399.51,2026-01-09 12:00:00+00:00,5
4944,9960,1400.76,2026-01-14 12:00:00+00:00,4
4945,9952,1399.62,2026-02-09 12:00:00+00:00,2
4946,9953,1399.75,2026-03-15 12:00:00+00:00,6
4947,9954,1399.87,2026-04-12 12:00:00+00:00,7
4948,9955,1400.00,2026-05-13 12:00:00+00:00,6
4949,9956,1400.14,2026-06-12 12:00:00+00:00,1
4950,9957,1400.27,2026-07-09 12:00:00+00:00,4
4951,9958,1400.42,2026-08-07 12:00:00+00:00,7
4952,9959,1400.56,2026-09-08 12:00:00+00:00,2
4953,9961,341.55,2025-12-24 12:00:00+00:00,3
4954,9971,341.66,2025-12-29 12:00:00+00:00,7
4955,9962,341.56,2026-01-25 12:00:00+00:00,6
4956,9972,341.67,2026-01-28 12:00:00+00:00,4
4957,9963,341.57,2026-02-24 12:00:00+00:00,7
4958,9964,341.58,2026-03-29 12:00:00+00:00,7
4959,9965,341.59,2026-04-28 12:00:00+00:00,4
4960,9966,341.60,2026-05-24 12:00:00+00:00,6
4961,9967,341.61,2026-06-25 12:00:00+00:00,4
4962,9968,341.62,2026-07-27 12:00:00+00:00,4
4963,9973,341.68,2026-07-27 12:00:00+00:00,2
4964,9969,341.63,2026-08-25 12:00:00+00:00,1
4965,9974,341.69,2026-08-26 12:00:00+00:00,4
4966,9970,341.64,2026-09-22 12:00:00+00:00,6
4967,9975,341.71,2026-09-25 12:00:00+00:00,3
4968,9997,1992.52,2026-05-10 12:00:00+00:00,7
4969,9998,1992.65,2026-06-10 12:00:00+00:00,6
4970,9999,1992.79,2026-07-12 12:00:00+00:00,5
4971,10002,1993.22,2026-07-13 12:00:00+00:00,1
4972,10000,1992.93,2026-08-10 12:00:00+00:00,5
4973,10001,1993.07,2026-09-09 12:00:00+00:00,4
4974,10009,2126.62,2025-11-08 12:00:00+00:00,4
4975,10020,2128.02,2025-11-13 12:00:00+00:00,1
4976,10010,2126.73,2025-12-08 12:00:00+00:00,3
4977,10011,2126.85,2026-01-11 12:00:00+00:00,5
4978,10021,2128.17,2026-01-12 12:00:00+00:00,1
4979,10012,2126.96,2026-02-07 12:00:00+00:00,4
4980,10022,2128.33,2026-02-11 12:00:00+00:00,1
4981,10013,2127.08,2026-03-09 12:00:00+00:00,1
4982,10014,2127.20,2026-04-11 12:00:00+00:00,5
4983,10015,2127.33,2026-05-08 12:00:00+00:00,1
4984,10023,2128.49,2026-05-12 12:00:00+00:00,7
4985,10016,2127.46,2026-06-10 12:00:00+00:00,4
4986,10024,2128.66,2026-06-11 12:00:00+00:00,7
4987,10017,2127.60,2026-07-09 12:00:00+00:00,3
4988,10025,2128.83,2026-07-11 12:00:00+00:00,2
4989,10018,2127.73,2026-08-07 12:00:00+00:00,2
4990,10019,2127.88,2026-09-04 12:00:00+00:00,6
4991,10026,2129.00,2026-09-09 12:00:00+00:00,3
4992,10033,652.11,2026-03-11 12:00:00+00:00,2
4993,10034,652.15,2026-04-13 12:00:00+00:00,4
4994,10040,652.38,2026-04-13 12:00:00+00:00,4
4995,10035,652.18,2026-05-12 12:00:00+00:00,4
4996,10041,652.42,2026-05-13 12:00:00+00:00,3
4997,10036,652.22,2026-06-09 12:00:00+00:00,5
4998,10037,652.26,2026-07-12 12:00:00+00:00,6
4999,10042,652.46,2026-07-12 12:00:00+00:00,3
5000,10038,652.30,2026-08-06 12:00:00+00:00,2
5001,10043,652.51,2026-08-11 12:00:00+00:00,7
5002,10039,652.34,2026-09-10 12:00:00+00:00,7
5003,10051,2121.56,2026-05-27 12:00:00+00:00,3
5004,10056,2122.08,2026-05-30 12:00:00+00:00,5
5005,10052,2121.66,2026-06-27 12:00:00+00:00,3
5006,10057,2122.20,2026-06-29 12:00:00+00:00,3
5007,10053,2121.76,2026-07-29 12:00:00+00:00,1
5008,10058,2122.31,2026-07-29 12:00:00+00:00,7
5009,10054,2121.87,2026-08-25 12:00:00+00:00,3
5010,10055,2121.97,2026-09-26 12:00:00+00:00,2
5011,10075,1380.54,2026-05-21 12:00:00+00:00,1
5012,10080,1380.75,2026-05-21 12:00:00+00:00,2
5013,10076,1380.58,2026-06-16 12:00:00+00:00,7
5014,10077,1380.62,2026-07-16 12:00:00+00:00,1
5015,10078,1380.67,2026-08-15 12:00:00+00:00,5
5016,10081,1380.80,2026-08-19 12:00:00+00:00,6
5017,10079,1380.71,2026-09-14 12:00:00+00:00,4
5018,10082,1380.84,2026-09-18 12:00:00+00:00,7
5019,10111,530.25,2026-01-31 12:00:00+00:00,3
5020,10112,530.29,2026-03-01 12:00:00+00:00,3
5021,10113,530.32,2026-04-02 12:00:00+00:00,6
5022,10120,530.56,2026-04-02 12:00:00+00:00,3
5023,10114,530.35,2026-04-27 12:00:00+00:00,5
5024,10121,530.60,2026-05-02 12:00:00+00:00,2
5025,10115,530.38,2026-05-31 12:00:00+00:00,7
5026,10122,530.64,2026-06-01 12:00:00+00:00,1
5027,10116,530.41,2026-07-01 12:00:00+00:00,5
5028,10117,530.45,2026-07-28 12:00:00+00:00,2
5029,10123,530.68,2026-07-31 12:00:00+00:00,7
5030,10118,530.48,2026-08-25 12:00:00+00:00,6
5031,10119,530.52,2026-09-28 12:00:00+00:00,4
5032,10129,1636.57,2026-01-19 12:00:00+00:00,7
5033,10130,1636.68,2026-02-20 12:00:00+00:00,1
5034,10131,1636.80,2026-03-21 12:00:00+00:00,3
5035,10132,1636.91,2026-04-21 12:00:00+00:00,6
5036,10138,1637.68,2026-04-21 12:00:00+00:00,3
5037,10133,1637.03,2026-05-16 12:00:00+00:00,2
5038,10134,1637.16,2026-06-16 12:00:00+00:00,4
5039,10135,1637.28,2026-07-20 12:00:00+00:00,1
5040,10139,1637.82,2026-07-20 12:00:00+00:00,6
5041,10136,1637.41,2026-08-16 12:00:00+00:00,5
5042,10140,1637.92,2026-08-19 12:00:00+00:00,3
5043,10137,1637.55,2026-09-15 12:00:00+00:00,3
5044,10141,376.19,2026-07-14 12:00:00+00:00,1
5045,10142,376.21,2026-08-11 12:00:00+00:00,7
5046,10165,947.47,2025-12-24 12:00:00+00:00,7
5047,10175,948.17,2025-12-25 12:00:00+00:00,7
5048,10166,947.53,2026-01-19 12:00:00+00:00,3
5049,10176,948.19,2026-01-24 12:00:00+00:00,5
5050,10167,947.59,2026-02-21 12:00:00+00:00,7
5051,10168,947.66,2026-03-22 12:00:00+00:00,3
5052,10169,947.72,2026-04-20 12:00:00+00:00,6
5053,10170,947.79,2026-05-24 12:00:00+00:00,7
5054,10171,947.86,2026-06-18 12:00:00+00:00,4
5055,10172,947.94,2026-07-22 12:00:00+00:00,2
5056,10173,948.01,2026-08-20 12:00:00+00:00,1
5057,10174,948.09,2026-09-21 12:00:00+00:00,1
5058,10177,1211.58,2025-12-16 12:00:00+00:00,1
5059,10178,1211.64,2026-01-14 12:00:00+00:00,5
5060,10187,1212.34,2026-01-16 12:00:00+00:00,3
5061,10179,1211.71,2026-02-10 12:00:00+00:00,2
5062,10188,1212.43,2026-02-15 12:00:00+00:00,2
5063,10180,1211.78,2026-03-13 12:00:00+00:00,4
5064,10189,1212.52,2026-03-17 12:00:00+00:00,3
5065,10181,1211.86,2026-04-16 12:00:00+00:00,1
5066,10182,1211.93,2026-05-16 12:00:00+00:00,3
5067,10190,1212.61,2026-05-16 12:00:00+00:00,3
5068,10183,1212.01,2026-06-15 12:00:00+00:00,3
5069,10191,1212.70,2026-06-15 12:00:00+00:00,2
5070,10184,1212.09,2026-07-15 12:00:00+00:00,2
5071,10185,1212.17,2026-08-09 12:00:00+00:00,7
5072,10186,1212.25,2026-09-13 12:00:00+00:00,7
5073,10195,3813.61,2026-06-28 12:00:00+00:00,4
5074,10199,3814.81,2026-07-01 12:00:00+00:00,3
5075,10196,3813.90,2026-07-27 12:00:00+00:00,4
5076,10197,3814.19,2026-08-29 12:00:00+00:00,3
5077,10200,3815.13,2026-08-30 12:00:00+00:00,2
5078,10198,3814.50,2026-09-24 12:00:00+00:00,2
5079,10207,217.27,2025-12-28 12:00:00+00:00,1
5080,10208,217.28,2026-01-27 12:00:00+00:00,7
5081,10217,217.38,2026-02-01 12:00:00+00:00,2
5082,10209,217.29,2026-02-26 12:00:00+00:00,2
5083,10210,217.30,2026-03-29 12:00:00+00:00,3
5084,10218,217.40,2026-04-02 12:00:00+00:00,3
5085,10211,217.31,2026-04-28 12:00:00+00:00,6
5086,10219,217.41,2026-05-02 12:00:00+00:00,7
5087,10212,217.32,2026-05-28 12:00:00+00:00,2
5088,10220,217.43,2026-06-01 12:00:00+00:00,3
5089,10213,217.33,2026-06-29 12:00:00+00:00,1
5090,10214,217.35,2026-07-26 12:00:00+00:00,3
5091,10215,217.36,2026-08-30 12:00:00+00:00,6
5092,10221,217.44,2026-08-30 12:00:00+00:00,6
5093,10216,217.37,2026-09-26 12:00:00+00:00,3
5094,10222,217.46,2026-09-29 12:00:00+00:00,7
5095,10231,507.14,2026-07-12 12:00:00+00:00,3
5096,10234,507.24,2026-07-17 12:00:00+00:00,3
5097,10232,507.17,2026-08-11 12:00:00+00:00,3
5098,10233,507.20,2026-09-14 12:00:00+00:00,6
5099,10235,507.28,2026-09-15 12:00:00+00:00,4
5100,10249,262.03,2026-07-09 12:00:00+00:00,3
5101,10252,262.08,2026-07-13 12:00:00+00:00,2
5102,10250,262.05,2026-08-10 12:00:00+00:00,1
5103,10251,262.06,2026-09-06 12:00:00+00:00,5
5104,10267,1328.44,2026-04-26 12:00:00+00:00,1
5105,10273,1328.75,2026-04-29 12:00:00+00:00,4
5106,10268,1328.49,2026-05-24 12:00:00+00:00,1
5107,10269,1328.54,2026-06-24 12:00:00+00:00,5
5108,10274,1328.80,2026-06-28 12:00:00+00:00,6
5109,10270,1328.59,2026-07-24 12:00:00+00:00,4
5110,10275,1328.86,2026-07-28 12:00:00+00:00,5
5111,10271,1328.64,2026-08-27 12:00:00+00:00,5
5112,10276,1328.92,2026-08-27 12:00:00+00:00,7
5113,10272,1328.69,2026-09-25 12:00:00+00:00,5
5114,10303,1541.84,2025-12-15 12:00:00+00:00,5
5115,10304,1541.94,2026-01-22 12:00:00+00:00,4
5116,10305,1542.04,2026-02-23 12:00:00+00:00,7
5117,10306,1542.15,2026-03-12 12:00:00+00:00,1
5118,10307,1542.25,2026-04-22 12:00:00+00:00,5
5119,10308,1542.36,2026-05-22 12:00:00+00:00,4
5120,10309,1542.48,2026-06-19 12:00:00+00:00,7
5121,10310,1542.60,2026-07-19 12:00:00+00:00,6
5122,10311,1542.72,2026-08-16 12:00:00+00:00,7
5123,10321,1736.93,2026-04-16 12:00:00+00:00,4
5124,10322,1737.03,2026-05-16 12:00:00+00:00,4
5125,10327,1737.56,2026-05-16 12:00:00+00:00,3
5126,10323,1737.13,2026-06-15 12:00:00+00:00,4
5127,10328,1737.67,2026-06-15 12:00:00+00:00,3
5128,10324,1737.23,2026-07-10 12:00:00+00:00,2
5129,10329,1737.79,2026-07-15 12:00:00+00:00,4
5130,10325,1737.34,2026-08-13 12:00:00+00:00,3
5131,10330,1737.91,2026-08-14 12:00:00+00:00,2
5132,10326,1737.44,2026-09-08 12:00:00+00:00,6
5133,10331,1738.03,2026-09-13 12:00:00+00:00,6
5134,10339,924.58,2026-02-16 12:00:00+00:00,2
5135,10347,924.85,2026-02-18 12:00:00+00:00,1
5136,10340,924.61,2026-03-18 12:00:00+00:00,1
5137,10341,924.64,2026-04-18 12:00:00+00:00,3
5138,10342,924.68,2026-05-16 12:00:00+00:00,4
5139,10343,924.71,2026-06-17 12:00:00+00:00,1
5140,10348,924.89,2026-06-18 12:00:00+00:00,5
5141,10344,924.75,2026-07-15 12:00:00+00:00,5
5142,10349,924.93,2026-07-18 12:00:00+00:00,7
5143,10345,924.78,2026-08-13 12:00:00+00:00,6
5144,10350,924.97,2026-08-17 12:00:00+00:00,6
5145,10346,924.82,2026-09-13 12:00:00+00:00,6
5146,10375,514.47,2026-05-24 12:00:00+00:00,7
5147,10376,514.50,2026-06-26 12:00:00+00:00,6
5148,10377,514.52,2026-07-23 12:00:00+00:00,3
5149,10380,514.61,2026-07-28 12:00:00+00:00,3
5150,10378,514.55,2026-08-26 12:00:00+00:00,1
5151,10381,514.64,2026-08-27 12:00:00+00:00,6
5152,10379,514.58,2026-09-24 12:00:00+00:00,1
5153,10393,352.17,2026-07-10 12:00:00+00:00,6
5154,10396,352.24,2026-07-11 12:00:00+00:00,4
5155,10394,352.19,2026-08-07 12:00:00+00:00,2
5156,10397,352.26,2026-08-10 12:00:00+00:00,1
5157,10395,352.22,2026-09-05 12:00:00+00:00,5
5158,10398,352.29,2026-09-09 12:00:00+00:00,1
5159,10411,1701.90,2025-11-29 12:00:00+00:00,5
5160,10412,1701.98,2025-12-30 12:00:00+00:00,4
5161,10422,1702.78,2026-01-02 12:00:00+00:00,7
5162,10413,1702.05,2026-01-29 12:00:00+00:00,3
5163,10414,1702.13,2026-03-03 12:00:00+00:00,2
5164,10423,1702.87,2026-03-03 12:00:00+00:00,5
5165,10415,1702.20,2026-03-31 12:00:00+00:00,3
5166,10424,1702.96,2026-04-02 12:00:00+00:00,4
5167,10416,1702.28,2026-04-29 12:00:00+00:00,6
5168,10417,1702.36,2026-05-30 12:00:00+00:00,1
5169,10425,1703.06,2026-06-01 12:00:00+00:00,7
5170,10418,1702.44,2026-06-27 12:00:00+00:00,1
5171,10426,1703.15,2026-07-01 12:00:00+00:00,2
5172,10419,1702.53,2026-07-30 12:00:00+00:00,1
5173,10427,1703.25,2026-07-31 12:00:00+00:00,2
5174,10420,1702.61,2026-08-28 12:00:00+00:00,1
5175,10428,1703.35,2026-08-30 12:00:00+00:00,4
5176,10421,1702.70,2026-09-29 12:00:00+00:00,2
5177,10435,1853.91,2026-06-15 12:00:00+00:00,5
5178,10439,1854.32,2026-06-17 12:00:00+00:00,2
5179,10436,1854.01,2026-07-13 12:00:00+00:00,3
5180,10440,1854.43,2026-07-17 12:00:00+00:00,7
5181,10437,1854.11,2026-08-16 12:00:00+00:00,1
5182,10438,1854.21,2026-09-13 12:00:00+00:00,4
5183,10441,1854.54,2026-09-15 12:00:00+00:00,4
5184,10453,1443.30,2026-07-08 12:00:00+00:00,3
5185,10456,1443.54,2026-07-08 12:00:00+00:00,7
5186,10454,1443.38,2026-08-03 12:00:00+00:00,2
5187,10457,1443.62,2026-08-07 12:00:00+00:00,6
5188,10455,1443.46,2026-09-04 12:00:00+00:00,1
5189,10477,928.07,2026-06-11 12:00:00+00:00,1
5190,10478,928.11,2026-07-08 12:00:00+00:00,6
5191,10479,928.16,2026-08-06 12:00:00+00:00,7
5192,10480,928.20,2026-09-06 12:00:00+00:00,1
5193,10481,928.25,2026-09-10 12:00:00+00:00,1
5194,10495,207.27,2026-01-24 12:00:00+00:00,7
5195,10496,207.28,2026-02-22 12:00:00+00:00,2
5196,10497,207.29,2026-03-26 12:00:00+00:00,7
5197,10498,207.30,2026-04-27 12:00:00+00:00,7
5198,10504,207.37,2026-04-28 12:00:00+00:00,3
5199,10499,207.31,2026-05-25 12:00:00+00:00,4
5200,10505,207.38,2026-05-28 12:00:00+00:00,1
5201,10500,207.32,2026-06-23 12:00:00+00:00,2
5202,10506,207.39,2026-06-27 12:00:00+00:00,1
5203,10501,207.34,2026-07-25 12:00:00+00:00,4
5204,10502,207.35,2026-08-21 12:00:00+00:00,2
5205,10507,207.41,2026-08-26 12:00:00+00:00,3
5206,10503,207.36,2026-09-24 12:00:00+00:00,5
5207,10519,1191.13,2026-07-06 12:00:00+00:00,1
5208,10520,1191.18,2026-08-01 12:00:00+00:00,1
5209,10522,1191.29,2026-10-25 12:00:00+00:00,7
5210,10531,2382.61,2026-04-14 12:00:00+00:00,7
5211,10532,2382.70,2026-05-14 12:00:00+00:00,4
5212,10533,2382.80,2026-06-12 12:00:00+00:00,3
5213,10534,2382.90,2026-07-13 12:00:00+00:00,6
5214,10535,2383.00,2026-08-14 12:00:00+00:00,1
5215,10537,2383.20,2026-08-14 12:00:00+00:00,1
5216,10536,2383.10,2026-09-13 12:00:00+00:00,7
5217,10538,2383.31,2026-09-13 12:00:00+00:00,7
5218,10549,1659.49,2026-01-21 12:00:00+00:00,6
5219,10550,1659.56,2026-02-19 12:00:00+00:00,1
5220,10558,1660.17,2026-02-23 12:00:00+00:00,1
5221,10551,1659.63,2026-03-21 12:00:00+00:00,5
5222,10552,1659.70,2026-04-19 12:00:00+00:00,5
5223,10559,1660.26,2026-04-24 12:00:00+00:00,6
5224,10553,1659.78,2026-05-22 12:00:00+00:00,3
5225,10554,1659.85,2026-06-19 12:00:00+00:00,5
5226,10555,1659.93,2026-07-20 12:00:00+00:00,6
5227,10556,1660.01,2026-08-19 12:00:00+00:00,6
5228,10560,1660.34,2026-08-22 12:00:00+00:00,1
5229,10557,1660.09,2026-09-20 12:00:00+00:00,2
5230,10561,1660.43,2026-09-21 12:00:00+00:00,4
5231,10573,2591.28,2026-03-08 12:00:00+00:00,4
5232,10574,2591.44,2026-04-05 12:00:00+00:00,1
5233,10575,2591.60,2026-05-08 12:00:00+00:00,1
5234,10576,2591.77,2026-06-05 12:00:00+00:00,7
5235,10577,2591.95,2026-07-05 12:00:00+00:00,4
5236,10578,2592.12,2026-08-03 12:00:00+00:00,6
5237,10580,2592.50,2026-08-08 12:00:00+00:00,3
5238,10579,2592.31,2026-09-06 12:00:00+00:00,3
5239,10591,2401.97,2026-06-13 12:00:00+00:00,3
5240,10592,2402.16,2026-07-10 12:00:00+00:00,2
5241,10595,2402.76,2026-07-14 12:00:00+00:00,1
5242,10593,2402.35,2026-08-10 12:00:00+00:00,7
5243,10596,2402.98,2026-08-13 12:00:00+00:00,5
5244,10594,2402.55,2026-09-11 12:00:00+00:00,3
5245,10603,2442.21,2026-06-07 12:00:00+00:00,6
5246,10604,2442.34,2026-07-08 12:00:00+00:00,2
5247,10607,2442.75,2026-07-08 12:00:00+00:00,2
5248,10605,2442.48,2026-08-02 12:00:00+00:00,3
5249,10608,2442.90,2026-08-07 12:00:00+00:00,6
5250,10606,2442.61,2026-09-05 12:00:00+00:00,6
5251,10621,1426.61,2025-11-12 12:00:00+00:00,7
5252,10622,1426.68,2025-12-11 12:00:00+00:00,5
5253,10623,1426.76,2026-01-09 12:00:00+00:00,1
5254,10624,1426.84,2026-02-09 12:00:00+00:00,1
5255,10625,1426.92,2026-03-12 12:00:00+00:00,2
5256,10632,1427.57,2026-03-14 12:00:00+00:00,6
5257,10626,1427.00,2026-04-10 12:00:00+00:00,5
5258,10633,1427.67,2026-04-13 12:00:00+00:00,3
5259,10627,1427.09,2026-05-09 12:00:00+00:00,1
5260,10628,1427.18,2026-06-09 12:00:00+00:00,3
5261,10634,1427.78,2026-06-12 12:00:00+00:00,3
5262,10629,1427.27,2026-07-08 12:00:00+00:00,3
5263,10630,1427.37,2026-08-10 12:00:00+00:00,6
5264,10635,1427.89,2026-08-11 12:00:00+00:00,7
5265,10631,1427.47,2026-09-10 12:00:00+00:00,3
5266,10636,1428.01,2026-09-10 12:00:00+00:00,5
5267,10645,1319.59,2026-06-20 12:00:00+00:00,1
5268,10646,1319.67,2026-07-21 12:00:00+00:00,5
5269,10649,1319.94,2026-07-25 12:00:00+00:00,6
5270,10647,1319.76,2026-08-23 12:00:00+00:00,4
5271,10648,1319.85,2026-09-19 12:00:00+00:00,1
5272,10650,1320.04,2026-09-23 12:00:00+00:00,7
5273,10663,2352.24,2026-03-14 12:00:00+00:00,6
5274,10670,2353.70,2026-03-19 12:00:00+00:00,2
5275,10664,2352.43,2026-04-13 12:00:00+00:00,2
5276,10671,2353.94,2026-04-18 12:00:00+00:00,6
5277,10665,2352.62,2026-05-16 12:00:00+00:00,2
5278,10672,2354.18,2026-05-18 12:00:00+00:00,5
5279,10666,2352.82,2026-06-14 12:00:00+00:00,3
5280,10673,2354.44,2026-06-17 12:00:00+00:00,3
5281,10667,2353.03,2026-07-13 12:00:00+00:00,6
5282,10674,2354.67,2026-07-17 12:00:00+00:00,1
5283,10668,2353.25,2026-08-16 12:00:00+00:00,6
5284,10669,2353.47,2026-09-14 12:00:00+00:00,1
5285,10675,668.50,2026-03-09 12:00:00+00:00,6
5286,10676,668.52,2026-04-08 12:00:00+00:00,1
5287,10682,668.69,2026-04-13 12:00:00+00:00,3
5288,10677,668.55,2026-05-08 12:00:00+00:00,3
5289,10683,668.72,2026-05-13 12:00:00+00:00,7
5290,10678,668.57,2026-06-07 12:00:00+00:00,2
5291,10679,668.60,2026-07-08 12:00:00+00:00,6
5292,10684,668.75,2026-07-12 12:00:00+00:00,1
5293,10680,668.63,2026-08-10 12:00:00+00:00,2
5294,10685,668.78,2026-08-11 12:00:00+00:00,6
5295,10681,668.66,2026-09-09 12:00:00+00:00,7
5296,10711,1687.89,2026-01-06 12:00:00+00:00,4
5297,10712,1687.97,2026-02-04 12:00:00+00:00,1
5298,10720,1688.70,2026-02-07 12:00:00+00:00,4
5299,10713,1688.06,2026-03-04 12:00:00+00:00,1
5300,10721,1688.80,2026-03-09 12:00:00+00:00,5
5301,10714,1688.14,2026-04-06 12:00:00+00:00,4
5302,10715,1688.23,2026-05-08 12:00:00+00:00,1
5303,10722,1688.90,2026-05-08 12:00:00+00:00,3
5304,10716,1688.32,2026-06-04 12:00:00+00:00,5
5305,10723,1689.01,2026-06-07 12:00:00+00:00,4
5306,10717,1688.41,2026-07-03 12:00:00+00:00,2
5307,10718,1688.51,2026-08-06 12:00:00+00:00,1
5308,10724,1689.11,2026-08-06 12:00:00+00:00,6
5309,10719,1688.60,2026-08-31 12:00:00+00:00,5
5310,10729,2516.44,2026-04-24 12:00:00+00:00,2
5311,10735,2517.69,2026-04-26 12:00:00+00:00,5
5312,10730,2516.63,2026-05-21 12:00:00+00:00,2
5313,10736,2517.92,2026-05-26 12:00:00+00:00,6
5314,10731,2516.83,2026-06-22 12:00:00+00:00,7
5315,10737,2518.16,2026-06-25 12:00:00+00:00,2
5316,10732,2517.03,2026-07-21 12:00:00+00:00,3
5317,10733,2517.24,2026-08-22 12:00:00+00:00,2
5318,10738,2518.41,2026-08-24 12:00:00+00:00,5
5319,10734,2517.46,2026-09-23 12:00:00+00:00,7
5320,10739,2518.66,2026-09-23 12:00:00+00:00,6
5321,10741,1702.14,2026-01-22 12:00:00+00:00,4
5322,10742,1702.21,2026-02-21 12:00:00+00:00,6
5323,10743,1702.28,2026-03-26 12:00:00+00:00,5
5324,10750,1702.82,2026-03-27 12:00:00+00:00,4
5325,10744,1702.35,2026-04-23 12:00:00+00:00,2
5326,10751,1702.90,2026-04-26 12:00:00+00:00,6
5327,10745,1702.43,2026-05-26 12:00:00+00:00,6
5328,10752,1702.99,2026-05-26 12:00:00+00:00,7
5329,10746,1702.51,2026-06-24 12:00:00+00:00,7
5330,10753,1703.07,2026-06-25 12:00:00+00:00,6
5331,10747,1702.58,2026-07-23 12:00:00+00:00,5
5332,10748,1702.66,2026-08-22 12:00:00+00:00,2
5333,10754,1703.16,2026-08-24 12:00:00+00:00,5
5334,10749,1702.74,2026-09-23 12:00:00+00:00,2
5335,10755,1703.25,2026-09-23 12:00:00+00:00,2
5336,10759,1899.65,2026-01-19 12:00:00+00:00,4
5337,10760,1899.71,2026-02-18 12:00:00+00:00,5
5338,10761,1899.78,2026-03-18 12:00:00+00:00,7
5339,10768,1900.28,2026-03-20 12:00:00+00:00,4
5340,10762,1899.85,2026-04-17 12:00:00+00:00,1
5341,10769,1900.36,2026-04-19 12:00:00+00:00,3
5342,10763,1899.92,2026-05-14 12:00:00+00:00,3
5343,10770,1900.44,2026-05-19 12:00:00+00:00,7
5344,10764,1899.99,2026-06-16 12:00:00+00:00,1
5345,10765,1900.06,2026-07-18 12:00:00+00:00,6
5346,10766,1900.14,2026-08-14 12:00:00+00:00,4
5347,10771,1900.51,2026-08-17 12:00:00+00:00,7
5348,10767,1900.21,2026-09-13 12:00:00+00:00,7
5349,10772,1900.59,2026-09-16 12:00:00+00:00,7
5350,10783,3150.85,2025-12-21 12:00:00+00:00,1
5351,10784,3151.09,2026-01-21 12:00:00+00:00,3
5352,10785,3151.35,2026-02-20 12:00:00+00:00,1
5353,10793,3153.72,2026-02-22 12:00:00+00:00,3
5354,10786,3151.61,2026-03-22 12:00:00+00:00,2
5355,10794,3154.13,2026-03-24 12:00:00+00:00,2
5356,10787,3151.88,2026-04-21 12:00:00+00:00,5
5357,10788,3152.17,2026-05-23 12:00:00+00:00,6
5358,10789,3152.46,2026-06-19 12:00:00+00:00,1
5359,10790,3152.76,2026-07-17 12:00:00+00:00,4
5360,10791,3153.07,2026-08-19 12:00:00+00:00,4
5361,10792,3153.39,2026-09-17 12:00:00+00:00,7
5362,10795,566.17,2026-02-07 12:00:00+00:00,5
5363,10796,566.20,2026-03-09 12:00:00+00:00,2
5364,10797,566.22,2026-04-07 12:00:00+00:00,6
5365,10803,566.40,2026-04-10 12:00:00+00:00,2
5366,10798,566.25,2026-05-08 12:00:00+00:00,6
5367,10799,566.28,2026-06-08 12:00:00+00:00,5
5368,10804,566.43,2026-06-09 12:00:00+00:00,5
5369,10800,566.31,2026-07-04 12:00:00+00:00,1
5370,10805,566.46,2026-07-09 12:00:00+00:00,6
5371,10801,566.34,2026-08-03 12:00:00+00:00,6
5372,10806,566.50,2026-08-08 12:00:00+00:00,2
5373,10802,566.37,2026-09-03 12:00:00+00:00,7
5374,10807,566.53,2026-09-07 12:00:00+00:00,5
5375,10819,993.75,2026-07-03 12:00:00+00:00,3
5376,10822,993.90,2026-07-08 12:00:00+00:00,4
5377,10820,993.80,2026-08-05 12:00:00+00:00,7
5378,10823,993.95,2026-08-07 12:00:00+00:00,5
5379,10821,993.85,2026-09-03 12:00:00+00:00,7
5380,10837,1862.04,2026-01-20 12:00:00+00:00,4
5381,10846,1862.83,2026-01-20 12:00:00+00:00,3
5382,10838,1862.12,2026-02-17 12:00:00+00:00,1
5383,10839,1862.20,2026-03-19 12:00:00+00:00,6
5384,10840,1862.29,2026-04-16 12:00:00+00:00,1
5385,10847,1862.92,2026-04-20 12:00:00+00:00,5
5386,10841,1862.37,2026-05-19 12:00:00+00:00,4
5387,10842,1862.46,2026-06-15 12:00:00+00:00,6
5388,10843,1862.55,2026-07-19 12:00:00+00:00,6
5389,10848,1863.02,2026-07-19 12:00:00+00:00,7
5390,10844,1862.64,2026-08-14 12:00:00+00:00,1
5391,10845,1862.73,2026-09-14 12:00:00+00:00,3
5392,10849,1863.12,2026-09-17 12:00:00+00:00,1
5393,10855,1493.40,2026-03-14 12:00:00+00:00,1
5394,10862,1494.31,2026-03-19 12:00:00+00:00,7
5395,10856,1493.52,2026-04-14 12:00:00+00:00,1
5396,10863,1494.46,2026-04-18 12:00:00+00:00,5
5397,10857,1493.64,2026-05-13 12:00:00+00:00,2
5398,10858,1493.77,2026-06-16 12:00:00+00:00,1
5399,10864,1494.61,2026-06-17 12:00:00+00:00,4
5400,10859,1493.90,2026-07-14 12:00:00+00:00,4
5401,10860,1494.03,2026-08-14 12:00:00+00:00,6
5402,10865,1494.76,2026-08-16 12:00:00+00:00,4
5403,10861,1494.17,2026-09-11 12:00:00+00:00,2
5404,10867,1137.88,2026-04-11 12:00:00+00:00,1
5405,10868,1137.92,2026-05-09 12:00:00+00:00,2
5406,10873,1138.14,2026-05-11 12:00:00+00:00,1
5407,10869,1137.96,2026-06-09 12:00:00+00:00,7
5408,10870,1138.00,2026-07-07 12:00:00+00:00,2
5409,10871,1138.05,2026-08-09 12:00:00+00:00,1
5410,10872,1138.10,2026-09-08 12:00:00+00:00,5
5411,10903,1994.23,2026-02-15 12:00:00+00:00,7
5412,10911,1995.19,2026-02-15 12:00:00+00:00,1
5413,10904,1994.34,2026-03-15 12:00:00+00:00,4
5414,10905,1994.45,2026-04-12 12:00:00+00:00,6
5415,10906,1994.57,2026-05-13 12:00:00+00:00,5
5416,10907,1994.69,2026-06-11 12:00:00+00:00,2
5417,10912,1995.32,2026-06-15 12:00:00+00:00,3
5418,10908,1994.81,2026-07-11 12:00:00+00:00,7
5419,10913,1995.45,2026-07-15 12:00:00+00:00,5
5420,10909,1994.93,2026-08-13 12:00:00+00:00,2
5421,10914,1995.62,2026-08-14 12:00:00+00:00,2
5422,10910,1995.06,2026-09-10 12:00:00+00:00,4
5423,10915,480.69,2025-11-21 12:00:00+00:00,1
5424,10916,480.72,2025-12-21 12:00:00+00:00,4
5425,10926,481.11,2025-12-24 12:00:00+00:00,2
5426,10917,480.75,2026-01-18 12:00:00+00:00,6
5427,10918,480.78,2026-02-17 12:00:00+00:00,1
5428,10919,480.82,2026-03-19 12:00:00+00:00,6
5429,10920,480.85,2026-04-18 12:00:00+00:00,1
5430,10921,480.88,2026-05-19 12:00:00+00:00,5
5431,10922,480.92,2026-06-17 12:00:00+00:00,4
5432,10923,480.95,2026-07-21 12:00:00+00:00,5
5433,10924,480.99,2026-08-16 12:00:00+00:00,5
5434,10925,481.03,2026-09-20 12:00:00+00:00,2
5435,10927,359.98,2026-04-13 12:00:00+00:00,7
5436,10928,360.00,2026-05-10 12:00:00+00:00,5
5437,10929,360.02,2026-06-09 12:00:00+00:00,7
5438,10933,360.13,2026-06-13 12:00:00+00:00,3
5439,10930,360.05,2026-07-10 12:00:00+00:00,5
5440,10934,360.15,2026-07-13 12:00:00+00:00,1
5441,10931,360.07,2026-08-09 12:00:00+00:00,6
5442,10935,360.18,2026-08-12 12:00:00+00:00,2
5443,10932,360.10,2026-09-10 12:00:00+00:00,5
5444,10945,3062.76,2026-05-01 12:00:00+00:00,3
5445,10946,3062.98,2026-06-03 12:00:00+00:00,4
5446,10947,3063.21,2026-06-24 12:00:00+00:00,5
5447,10948,3063.45,2026-08-01 12:00:00+00:00,4
5448,10949,3063.69,2026-09-01 12:00:00+00:00,6
5449,10957,945.83,2026-01-23 12:00:00+00:00,7
5450,10958,945.87,2026-02-16 12:00:00+00:00,6
5451,10959,945.91,2026-03-17 12:00:00+00:00,1
5452,10960,945.95,2026-04-17 12:00:00+00:00,3
5453,10961,945.99,2026-05-10 12:00:00+00:00,3
5454,10962,946.04,2026-06-20 12:00:00+00:00,6
5455,10963,946.08,2026-07-20 12:00:00+00:00,7
5456,10964,946.13,2026-08-20 12:00:00+00:00,1
5457,10969,392.37,2026-03-03 12:00:00+00:00,7
5458,10976,392.53,2026-03-07 12:00:00+00:00,7
5459,10970,392.39,2026-04-06 12:00:00+00:00,2
5460,10977,392.55,2026-04-06 12:00:00+00:00,2
5461,10971,392.41,2026-05-02 12:00:00+00:00,7
5462,10972,392.43,2026-06-04 12:00:00+00:00,5
5463,10978,392.58,2026-06-05 12:00:00+00:00,5
5464,10973,392.45,2026-07-05 12:00:00+00:00,1
5465,10979,392.60,2026-07-05 12:00:00+00:00,3
5466,10974,392.48,2026-07-31 12:00:00+00:00,2
5467,10980,392.63,2026-08-04 12:00:00+00:00,3
5468,10975,392.50,2026-08-29 12:00:00+00:00,7
5469,10981,392.65,2026-09-03 12:00:00+00:00,4
5470,10987,1262.15,2026-01-13 12:00:00+00:00,1
5471,10996,1262.58,2026-01-13 12:00:00+00:00,4
5472,10988,1262.19,2026-02-12 12:00:00+00:00,3
5473,10997,1262.64,2026-02-12 12:00:00+00:00,7
5474,10989,1262.24,2026-03-11 12:00:00+00:00,6
5475,10990,1262.29,2026-04-09 12:00:00+00:00,5
5476,10998,1262.69,2026-04-13 12:00:00+00:00,6
5477,10991,1262.33,2026-05-11 12:00:00+00:00,3
5478,10992,1262.38,2026-06-07 12:00:00+00:00,3
5479,10999,1262.75,2026-06-12 12:00:00+00:00,7
5480,10993,1262.43,2026-07-10 12:00:00+00:00,6
5481,11000,1262.81,2026-07-12 12:00:00+00:00,3
5482,10994,1262.48,2026-08-06 12:00:00+00:00,4
5483,11001,1262.86,2026-08-11 12:00:00+00:00,6
5484,10995,1262.53,2026-09-07 12:00:00+00:00,6
5485,11023,1588.82,2026-03-16 12:00:00+00:00,5
5486,11030,1589.35,2026-03-21 12:00:00+00:00,3
5487,11024,1588.89,2026-04-18 12:00:00+00:00,6
5488,11025,1588.97,2026-05-20 12:00:00+00:00,1
5489,11031,1589.43,2026-05-20 12:00:00+00:00,7
5490,11026,1589.04,2026-06-16 12:00:00+00:00,4
5491,11027,1589.12,2026-07-19 12:00:00+00:00,4
5492,11032,1589.51,2026-07-19 12:00:00+00:00,2
5493,11028,1589.19,2026-08-15 12:00:00+00:00,4
5494,11029,1589.27,2026-09-16 12:00:00+00:00,3
5495,11033,1589.60,2026-09-17 12:00:00+00:00,6
5496,11035,1032.26,2026-02-18 12:00:00+00:00,6
5497,11043,1032.59,2026-02-21 12:00:00+00:00,3
5498,11036,1032.30,2026-03-19 12:00:00+00:00,4
5499,11044,1032.64,2026-03-23 12:00:00+00:00,2
5500,11037,1032.33,2026-04-22 12:00:00+00:00,4
5501,11038,1032.37,2026-05-19 12:00:00+00:00,1
5502,11039,1032.41,2026-06-20 12:00:00+00:00,7
5503,11045,1032.69,2026-06-21 12:00:00+00:00,7
5504,11040,1032.46,2026-07-20 12:00:00+00:00,6
5505,11046,1032.74,2026-07-21 12:00:00+00:00,2
5506,11041,1032.50,2026-08-17 12:00:00+00:00,2
5507,11047,1032.79,2026-08-20 12:00:00+00:00,1
5508,11042,1032.54,2026-09-15 12:00:00+00:00,4
5509,11048,1032.85,2026-09-19 12:00:00+00:00,5
5510,11071,1852.18,2026-01-09 12:00:00+00:00,2
5511,11080,1853.37,2026-01-13 12:00:00+00:00,3
5512,11072,1852.29,2026-02-12 12:00:00+00:00,1
5513,11081,1853.52,2026-02-12 12:00:00+00:00,1
5514,11073,1852.41,2026-03-14 12:00:00+00:00,1
5515,11082,1853.68,2026-03-14 12:00:00+00:00,5
5516,11074,1852.54,2026-04-12 12:00:00+00:00,7
5517,11075,1852.67,2026-05-12 12:00:00+00:00,6
5518,11076,1852.80,2026-06-10 12:00:00+00:00,7
5519,11083,1853.84,2026-06-12 12:00:00+00:00,4
5520,11077,1852.93,2026-07-09 12:00:00+00:00,5
5521,11084,1854.01,2026-07-12 12:00:00+00:00,3
5522,11078,1853.07,2026-08-06 12:00:00+00:00,6
5523,11085,1854.19,2026-08-11 12:00:00+00:00,7
5524,11079,1853.22,2026-09-06 12:00:00+00:00,4
5525,11089,2650.25,2026-02-17 12:00:00+00:00,3
5526,11090,2650.43,2026-03-18 12:00:00+00:00,1
5527,11091,2650.61,2026-04-22 12:00:00+00:00,5
5528,11097,2651.81,2026-04-22 12:00:00+00:00,3
5529,11092,2650.80,2026-05-19 12:00:00+00:00,3
5530,11098,2652.03,2026-05-22 12:00:00+00:00,6
5531,11093,2650.99,2026-06-21 12:00:00+00:00,5
5532,11094,2651.19,2026-07-19 12:00:00+00:00,1
5533,11099,2652.26,2026-07-21 12:00:00+00:00,5
5534,11095,2651.39,2026-08-16 12:00:00+00:00,2
5535,11100,2652.55,2026-08-20 12:00:00+00:00,7
5536,11096,2651.60,2026-09-18 12:00:00+00:00,5
5537,11101,1091.73,2026-01-08 12:00:00+00:00,2
5538,11102,1091.80,2026-02-13 12:00:00+00:00,7
5539,11103,1091.87,2026-03-03 12:00:00+00:00,5
5540,11104,1091.94,2026-04-13 12:00:00+00:00,7
5541,11105,1092.01,2026-05-13 12:00:00+00:00,3
5542,11106,1092.09,2026-06-05 12:00:00+00:00,5
5543,11107,1092.16,2026-07-11 12:00:00+00:00,4
5544,11108,1092.24,2026-08-08 12:00:00+00:00,1
5545,11109,1092.32,2026-09-07 12:00:00+00:00,6
5546,11119,385.92,2026-04-15 12:00:00+00:00,6
5547,11120,385.94,2026-05-15 12:00:00+00:00,7
5548,11125,386.05,2026-05-20 12:00:00+00:00,2
5549,11121,385.96,2026-06-18 12:00:00+00:00,2
5550,11126,386.08,2026-06-19 12:00:00+00:00,4
5551,11122,385.99,2026-07-17 12:00:00+00:00,5
5552,11127,386.10,2026-07-19 12:00:00+00:00,5
5553,11123,386.01,2026-08-18 12:00:00+00:00,2
5554,11128,386.13,2026-08-18 12:00:00+00:00,3
5555,11124,386.03,2026-09-17 12:00:00+00:00,1
5556,11129,386.15,2026-09-17 12:00:00+00:00,4
5557,11143,735.56,2026-07-24 12:00:00+00:00,7
5558,11144,735.59,2026-08-24 12:00:00+00:00,4
5559,11146,735.67,2026-08-27 12:00:00+00:00,7
5560,11145,735.63,2026-09-21 12:00:00+00:00,5
5561,11147,735.71,2026-09-26 12:00:00+00:00,3
5562,11167,2185.11,2026-05-13 12:00:00+00:00,2
5563,11168,2185.28,2026-06-10 12:00:00+00:00,6
5564,11172,2186.03,2026-06-15 12:00:00+00:00,5
5565,11169,2185.46,2026-07-12 12:00:00+00:00,3
5566,11170,2185.64,2026-08-13 12:00:00+00:00,5
5567,11173,2186.23,2026-08-14 12:00:00+00:00,2
5568,11171,2185.83,2026-09-12 12:00:00+00:00,1
5569,11174,2186.43,2026-09-13 12:00:00+00:00,5
5570,11179,1549.65,2025-12-01 12:00:00+00:00,3
5571,11180,1549.74,2025-12-27 12:00:00+00:00,7
5572,11190,1550.90,2026-01-01 12:00:00+00:00,1
5573,11181,1549.84,2026-01-28 12:00:00+00:00,3
5574,11182,1549.95,2026-03-02 12:00:00+00:00,6
5575,11191,1551.04,2026-03-02 12:00:00+00:00,1
5576,11183,1550.05,2026-03-27 12:00:00+00:00,2
5577,11192,1551.18,2026-04-01 12:00:00+00:00,6
5578,11184,1550.16,2026-04-26 12:00:00+00:00,2
5579,11193,1551.32,2026-05-01 12:00:00+00:00,3
5580,11185,1550.28,2026-05-28 12:00:00+00:00,4
5581,11194,1551.47,2026-05-31 12:00:00+00:00,7
5582,11186,1550.40,2026-06-29 12:00:00+00:00,5
5583,11195,1551.63,2026-06-30 12:00:00+00:00,1
5584,11187,1550.52,2026-07-25 12:00:00+00:00,5
5585,11196,1551.69,2026-07-30 12:00:00+00:00,2
5586,11188,1550.64,2026-08-26 12:00:00+00:00,5
5587,11189,1550.77,2026-09-28 12:00:00+00:00,2
5588,11197,181.79,2026-02-07 12:00:00+00:00,3
5589,11198,181.80,2026-03-10 12:00:00+00:00,5
5590,11205,181.85,2026-03-10 12:00:00+00:00,2
5591,11199,181.81,2026-04-04 12:00:00+00:00,1
5592,11200,181.81,2026-05-04 12:00:00+00:00,7
5593,11206,181.86,2026-05-09 12:00:00+00:00,7
5594,11201,181.82,2026-06-08 12:00:00+00:00,2
5595,11202,181.83,2026-07-05 12:00:00+00:00,6
5596,11203,181.84,2026-08-04 12:00:00+00:00,7
5597,11204,181.84,2026-09-05 12:00:00+00:00,1
5598,11221,672.90,2026-01-17 12:00:00+00:00,3
5599,11230,673.10,2026-01-20 12:00:00+00:00,3
5600,11222,672.92,2026-02-14 12:00:00+00:00,5
5601,11223,672.95,2026-03-19 12:00:00+00:00,6
5602,11231,673.13,2026-03-21 12:00:00+00:00,6
5603,11224,672.97,2026-04-18 12:00:00+00:00,1
5604,11225,672.99,2026-05-17 12:00:00+00:00,5
5605,11226,673.01,2026-06-18 12:00:00+00:00,2
5606,11227,673.03,2026-07-17 12:00:00+00:00,5
5607,11232,673.15,2026-07-19 12:00:00+00:00,5
5608,11228,673.06,2026-08-18 12:00:00+00:00,6
5609,11233,673.17,2026-08-18 12:00:00+00:00,7
5610,11229,673.08,2026-09-12 12:00:00+00:00,4
5611,11234,673.20,2026-09-17 12:00:00+00:00,6
5612,11257,1404.69,2025-12-28 12:00:00+00:00,1
5613,11267,1405.75,2025-12-31 12:00:00+00:00,4
5614,11258,1404.78,2026-01-30 12:00:00+00:00,6
5615,11268,1405.88,2026-01-30 12:00:00+00:00,3
5616,11259,1404.88,2026-02-24 12:00:00+00:00,6
5617,11260,1404.97,2026-03-28 12:00:00+00:00,1
5618,11269,1406.01,2026-03-31 12:00:00+00:00,5
5619,11261,1405.07,2026-04-29 12:00:00+00:00,4
5620,11270,1406.14,2026-04-30 12:00:00+00:00,1
5621,11262,1405.18,2026-05-25 12:00:00+00:00,3
5622,11271,1406.28,2026-05-30 12:00:00+00:00,7
5623,11263,1405.29,2026-06-29 12:00:00+00:00,6
5624,11272,1406.43,2026-06-29 12:00:00+00:00,3
5625,11264,1405.40,2026-07-26 12:00:00+00:00,7
5626,11273,1406.57,2026-07-29 12:00:00+00:00,6
5627,11265,1405.51,2026-08-25 12:00:00+00:00,2
5628,11274,1406.69,2026-08-28 12:00:00+00:00,5
5629,11266,1405.63,2026-09-26 12:00:00+00:00,7
5630,11275,336.42,2026-06-17 12:00:00+00:00,7
5631,11276,336.43,2026-07-14 12:00:00+00:00,5
5632,11277,336.44,2026-08-13 12:00:00+00:00,1
5633,11279,336.46,2026-08-17 12:00:00+00:00,2
5634,11278,336.45,2026-09-12 12:00:00+00:00,6
5635,11311,1492.05,2025-11-15 12:00:00+00:00,6
5636,11322,1492.83,2025-11-16 12:00:00+00:00,7
5637,11312,1492.11,2025-12-12 12:00:00+00:00,3
5638,11313,1492.18,2026-01-14 12:00:00+00:00,5
5639,11314,1492.25,2026-02-13 12:00:00+00:00,4
5640,11323,1492.91,2026-02-14 12:00:00+00:00,1
5641,11315,1492.32,2026-03-12 12:00:00+00:00,1
5642,11316,1492.39,2026-04-13 12:00:00+00:00,4
5643,11324,1492.99,2026-04-15 12:00:00+00:00,3
5644,11317,1492.46,2026-05-10 12:00:00+00:00,7
5645,11325,1493.08,2026-05-15 12:00:00+00:00,1
5646,11318,1492.53,2026-06-12 12:00:00+00:00,4
5647,11319,1492.60,2026-07-11 12:00:00+00:00,4
5648,11326,1493.16,2026-07-14 12:00:00+00:00,4
5649,11320,1492.68,2026-08-12 12:00:00+00:00,4
5650,11321,1492.76,2026-09-10 12:00:00+00:00,1
5651,11329,1629.90,2026-01-09 12:00:00+00:00,1
5652,11330,1629.98,2026-01-29 12:00:00+00:00,1
5653,11331,1630.06,2026-03-12 12:00:00+00:00,3
5654,11332,1630.14,2026-04-11 12:00:00+00:00,1
5655,11333,1630.22,2026-05-04 12:00:00+00:00,4
5656,11334,1630.31,2026-05-26 12:00:00+00:00,4
5657,11335,1630.39,2026-07-08 12:00:00+00:00,7
5658,11336,1630.48,2026-08-02 12:00:00+00:00,3
5659,11338,815.33,2026-09-18 12:00:00+00:00,7
5660,11338,815.34,2026-10-07 12:00:00+00:00,7
5661,11353,3229.28,2026-01-09 12:00:00+00:00,5
5662,11362,3231.38,2026-01-14 12:00:00+00:00,7
5663,11354,3229.49,2026-02-11 12:00:00+00:00,2
5664,11355,3229.70,2026-03-10 12:00:00+00:00,5
5665,11356,3229.93,2026-04-10 12:00:00+00:00,1
5666,11363,3231.64,2026-04-14 12:00:00+00:00,5
5667,11357,3230.15,2026-05-12 12:00:00+00:00,2
5668,11364,3231.98,2026-05-14 12:00:00+00:00,4
5669,11358,3230.39,2026-06-12 12:00:00+00:00,4
5670,11359,3230.63,2026-07-12 12:00:00+00:00,5
5671,11360,3230.87,2026-08-07 12:00:00+00:00,4
5672,11361,3231.12,2026-09-06 12:00:00+00:00,3
5673,11365,2191.28,2026-06-14 12:00:00+00:00,4
5674,11366,2191.44,2026-07-18 12:00:00+00:00,4
5675,11367,2191.60,2026-08-20 12:00:00+00:00,4
5676,11377,1351.94,2026-01-14 12:00:00+00:00,4
5677,11386,1352.42,2026-01-18 12:00:00+00:00,4
5678,11378,1351.99,2026-02-12 12:00:00+00:00,1
5679,11387,1352.48,2026-02-17 12:00:00+00:00,2
5680,11379,1352.04,2026-03-16 12:00:00+00:00,2
5681,11388,1352.53,2026-03-19 12:00:00+00:00,6
5682,11380,1352.10,2026-04-15 12:00:00+00:00,6
5683,11381,1352.15,2026-05-18 12:00:00+00:00,3
5684,11389,1352.59,2026-05-18 12:00:00+00:00,6
5685,11382,1352.20,2026-06-14 12:00:00+00:00,5
5686,11390,1352.65,2026-06-17 12:00:00+00:00,1
5687,11383,1352.25,2026-07-12 12:00:00+00:00,7
5688,11384,1352.31,2026-08-13 12:00:00+00:00,2
5689,11391,1352.71,2026-08-16 12:00:00+00:00,1
5690,11385,1352.36,2026-09-12 12:00:00+00:00,5
5691,11401,644.65,2026-06-02 12:00:00+00:00,4
5692,11405,644.78,2026-06-07 12:00:00+00:00,3
5693,11402,644.68,2026-07-02 12:00:00+00:00,5
5694,11406,644.81,2026-07-07 12:00:00+00:00,5
5695,11403,644.71,2026-08-06 12:00:00+00:00,5
5696,11404,644.74,2026-09-02 12:00:00+00:00,1
5697,11425,2622.63,2025-12-14 12:00:00+00:00,2
5698,11435,2623.97,2025-12-19 12:00:00+00:00,6
5699,11426,2622.76,2026-01-18 12:00:00+00:00,5
5700,11427,2622.88,2026-02-15 12:00:00+00:00,1
5701,11428,2623.01,2026-03-17 12:00:00+00:00,6
5702,11429,2623.14,2026-04-18 12:00:00+00:00,5
5703,11436,2624.15,2026-04-18 12:00:00+00:00,3
5704,11430,2623.27,2026-05-18 12:00:00+00:00,3
5705,11431,2623.41,2026-06-16 12:00:00+00:00,4
5706,11432,2623.54,2026-07-12 12:00:00+00:00,1
5707,11433,2623.68,2026-08-16 12:00:00+00:00,1
5708,11434,2623.83,2026-09-14 12:00:00+00:00,1
5709,11437,1720.01,2026-05-13 12:00:00+00:00,6
5710,11438,1720.10,2026-06-08 12:00:00+00:00,2
5711,11439,1720.18,2026-07-08 12:00:00+00:00,5
5712,11440,1720.27,2026-08-06 12:00:00+00:00,7
5713,11441,1720.36,2026-09-08 12:00:00+00:00,4
5714,11442,1720.46,2026-09-10 12:00:00+00:00,3
5715,11461,223.38,2025-11-10 12:00:00+00:00,2
5716,11472,223.51,2025-11-14 12:00:00+00:00,1
5717,11462,223.39,2025-12-14 12:00:00+00:00,7
5718,11473,223.53,2025-12-14 12:00:00+00:00,4
5719,11463,223.40,2026-01-12 12:00:00+00:00,6
5720,11474,223.54,2026-01-13 12:00:00+00:00,7
5721,11464,223.41,2026-02-07 12:00:00+00:00,3
5722,11465,223.42,2026-03-10 12:00:00+00:00,6
5723,11475,223.56,2026-03-14 12:00:00+00:00,7
5724,11466,223.44,2026-04-08 12:00:00+00:00,6
5725,11476,223.57,2026-04-13 12:00:00+00:00,3
5726,11467,223.45,2026-05-09 12:00:00+00:00,4
5727,11477,223.59,2026-05-13 12:00:00+00:00,4
5728,11468,223.46,2026-06-07 12:00:00+00:00,3
5729,11469,223.47,2026-07-07 12:00:00+00:00,7
5730,11478,223.61,2026-07-12 12:00:00+00:00,6
5731,11470,223.49,2026-08-08 12:00:00+00:00,3
5732,11479,223.62,2026-08-11 12:00:00+00:00,1
5733,11471,223.50,2026-09-10 12:00:00+00:00,3
5734,11485,1929.31,2026-02-21 12:00:00+00:00,7
5735,11486,1929.45,2026-03-18 12:00:00+00:00,4
5736,11487,1929.60,2026-04-21 12:00:00+00:00,6
5737,11488,1929.75,2026-05-20 12:00:00+00:00,5
5738,11489,1929.90,2026-06-23 12:00:00+00:00,6
5739,11490,1930.07,2026-07-19 12:00:00+00:00,6
5740,11492,1930.40,2026-09-13 12:00:00+00:00,5
5741,11497,998.19,2026-05-28 12:00:00+00:00,2
5742,11498,998.22,2026-06-22 12:00:00+00:00,6
5743,11499,998.26,2026-07-27 12:00:00+00:00,4
5744,11502,998.38,2026-07-27 12:00:00+00:00,6
5745,11500,998.30,2026-08-21 12:00:00+00:00,6
5746,11501,998.34,2026-09-21 12:00:00+00:00,2
5747,11533,1950.71,2025-12-24 12:00:00+00:00,6
5748,11534,1950.83,2026-01-20 12:00:00+00:00,4
5749,11535,1950.95,2026-02-24 12:00:00+00:00,3
5750,11543,1952.02,2026-02-24 12:00:00+00:00,3
5751,11536,1951.07,2026-03-22 12:00:00+00:00,5
5752,11544,1952.14,2026-03-26 12:00:00+00:00,6
5753,11537,1951.20,2026-04-25 12:00:00+00:00,1
5754,11538,1951.33,2026-05-24 12:00:00+00:00,4
5755,11539,1951.46,2026-06-19 12:00:00+00:00,1
5756,11540,1951.59,2026-07-19 12:00:00+00:00,7
5757,11541,1951.73,2026-08-23 12:00:00+00:00,1
5758,11542,1951.87,2026-09-20 12:00:00+00:00,4
5759,11545,197.22,2026-07-23 12:00:00+00:00,3
5760,11548,197.24,2026-07-25 12:00:00+00:00,4
5761,11546,197.23,2026-08-19 12:00:00+00:00,2
5762,11549,197.25,2026-08-24 12:00:00+00:00,6
5763,11547,197.23,2026-09-23 12:00:00+00:00,1
5764,11581,1569.21,2026-08-02 12:00:00+00:00,7
5765,11583,1569.35,2026-08-05 12:00:00+00:00,5
5766,11582,1569.28,2026-09-04 12:00:00+00:00,5
5767,11605,2549.69,2026-08-01 12:00:00+00:00,4
5768,11607,2549.97,2026-08-05 12:00:00+00:00,5
5769,11606,2549.83,2026-09-01 12:00:00+00:00,3
5770,11617,1221.94,2026-08-07 12:00:00+00:00,4
5771,11619,1222.11,2026-10-17 12:00:00+00:00,4
5772,11629,617.50,2026-07-11 12:00:00+00:00,4
5773,11632,617.59,2026-07-11 12:00:00+00:00,2
5774,11630,617.53,2026-08-05 12:00:00+00:00,7
5775,11631,617.56,2026-09-04 12:00:00+00:00,1
5776,11633,617.61,2026-09-09 12:00:00+00:00,1
5777,11641,1712.41,2026-07-11 12:00:00+00:00,4
5778,11644,1712.65,2026-07-12 12:00:00+00:00,3
5779,11642,1712.49,2026-08-09 12:00:00+00:00,7
5780,11643,1712.57,2026-09-10 12:00:00+00:00,3
5781,11665,1775.77,2026-06-08 12:00:00+00:00,6
5782,11666,1775.89,2026-07-09 12:00:00+00:00,1
5783,11669,1776.29,2026-07-13 12:00:00+00:00,2
5784,11667,1776.02,2026-08-10 12:00:00+00:00,5
5785,11668,1776.15,2026-09-09 12:00:00+00:00,7
5786,11670,1776.43,2026-09-11 12:00:00+00:00,4
5787,11677,2488.91,2026-05-08 12:00:00+00:00,5
5788,11678,2489.06,2026-06-08 12:00:00+00:00,2
5789,11682,2489.72,2026-06-09 12:00:00+00:00,3
5790,11679,2489.22,2026-07-08 12:00:00+00:00,3
5791,11680,2489.38,2026-08-03 12:00:00+00:00,2
5792,11681,2489.55,2026-09-03 12:00:00+00:00,1
5793,11683,2489.89,2026-09-07 12:00:00+00:00,6
5794,11695,2793.30,2026-03-20 12:00:00+00:00,5
5795,11702,2794.71,2026-03-25 12:00:00+00:00,6
5796,11696,2793.48,2026-04-19 12:00:00+00:00,7
5797,11697,2793.67,2026-05-19 12:00:00+00:00,6
5798,11703,2794.93,2026-05-24 12:00:00+00:00,6
5799,11698,2793.86,2026-06-20 12:00:00+00:00,6
5800,11699,2794.06,2026-07-23 12:00:00+00:00,1
5801,11704,2795.17,2026-07-23 12:00:00+00:00,6
5802,11700,2794.27,2026-08-21 12:00:00+00:00,3
5803,11701,2794.48,2026-09-20 12:00:00+00:00,5
5804,11705,2795.41,2026-09-21 12:00:00+00:00,5
5805,11713,871.65,2026-02-26 12:00:00+00:00,6
5806,11714,871.68,2026-03-28 12:00:00+00:00,7
5807,11721,871.91,2026-04-02 12:00:00+00:00,5
5808,11715,871.71,2026-05-01 12:00:00+00:00,6
5809,11722,871.95,2026-05-02 12:00:00+00:00,2
5810,11716,871.75,2026-06-01 12:00:00+00:00,1
5811,11723,871.98,2026-06-01 12:00:00+00:00,6
5812,11717,871.78,2026-06-26 12:00:00+00:00,5
5813,11718,871.81,2026-07-28 12:00:00+00:00,2
5814,11724,872.02,2026-07-31 12:00:00+00:00,4
5815,11719,871.84,2026-08-25 12:00:00+00:00,2
5816,11725,872.06,2026-08-30 12:00:00+00:00,2
5817,11720,871.88,2026-09-26 12:00:00+00:00,2
5818,11726,872.09,2026-09-29 12:00:00+00:00,2
5819,11737,969.50,2025-11-15 12:00:00+00:00,4
5820,11748,970.15,2025-11-19 12:00:00+00:00,2
5821,11738,969.55,2025-12-16 12:00:00+00:00,6
5822,11749,970.22,2025-12-19 12:00:00+00:00,4
5823,11739,969.60,2026-01-15 12:00:00+00:00,7
5824,11740,969.66,2026-02-17 12:00:00+00:00,6
5825,11750,970.29,2026-02-17 12:00:00+00:00,2
5826,11741,969.71,2026-03-15 12:00:00+00:00,3
5827,11751,970.37,2026-03-19 12:00:00+00:00,5
5828,11742,969.77,2026-04-15 12:00:00+00:00,6
5829,11743,969.83,2026-05-17 12:00:00+00:00,3
5830,11744,969.89,2026-06-15 12:00:00+00:00,7
5831,11745,969.95,2026-07-15 12:00:00+00:00,7
5832,11752,970.45,2026-07-17 12:00:00+00:00,1
5833,11746,970.02,2026-08-16 12:00:00+00:00,2
5834,11753,970.53,2026-08-16 12:00:00+00:00,7
5835,11747,970.08,2026-09-11 12:00:00+00:00,6
5836,11761,2630.89,2026-03-16 12:00:00+00:00,1
5837,11762,2631.05,2026-04-16 12:00:00+00:00,5
5838,11763,2631.22,2026-05-14 12:00:00+00:00,5
5839,11764,2631.38,2026-06-11 12:00:00+00:00,2
5840,11768,2632.11,2026-06-16 12:00:00+00:00,4
5841,11765,2631.56,2026-07-11 12:00:00+00:00,4
5842,11766,2631.74,2026-08-11 12:00:00+00:00,7
5843,11769,2632.31,2026-08-15 12:00:00+00:00,2
5844,11767,2631.92,2026-09-10 12:00:00+00:00,5
5845,11779,341.58,2026-05-12 12:00:00+00:00,6
5846,11780,341.59,2026-06-07 12:00:00+00:00,6
5847,11781,341.60,2026-07-10 12:00:00+00:00,5
5848,11784,341.64,2026-07-12 12:00:00+00:00,3
5849,11782,341.61,2026-08-11 12:00:00+00:00,1
5850,11785,341.66,2026-08-11 12:00:00+00:00,4
5851,11783,341.63,2026-09-06 12:00:00+00:00,7
5852,11815,2337.92,2026-04-26 12:00:00+00:00,7
5853,11821,2338.66,2026-04-29 12:00:00+00:00,3
5854,11816,2338.04,2026-05-25 12:00:00+00:00,4
5855,11817,2338.16,2026-06-25 12:00:00+00:00,1
5856,11822,2338.78,2026-06-28 12:00:00+00:00,4
5857,11818,2338.28,2026-07-26 12:00:00+00:00,3
5858,11823,2338.92,2026-07-28 12:00:00+00:00,3
5859,11819,2338.40,2026-08-26 12:00:00+00:00,1
5860,11820,2338.53,2026-09-26 12:00:00+00:00,1
5861,11827,892.57,2026-02-01 12:00:00+00:00,6
5862,11828,892.61,2026-03-02 12:00:00+00:00,1
5863,11836,892.97,2026-03-04 12:00:00+00:00,6
5864,11829,892.65,2026-04-03 12:00:00+00:00,6
5865,11830,892.69,2026-05-03 12:00:00+00:00,4
5866,11831,892.74,2026-05-29 12:00:00+00:00,2
5867,11837,893.02,2026-06-02 12:00:00+00:00,1
5868,11832,892.78,2026-07-02 12:00:00+00:00,1
5869,11833,892.83,2026-07-31 12:00:00+00:00,3
5870,11834,892.87,2026-08-31 12:00:00+00:00,4
5871,11838,893.07,2026-08-31 12:00:00+00:00,4
5872,11835,892.92,2026-09-26 12:00:00+00:00,1
5873,11851,269.31,2026-06-14 12:00:00+00:00,7
5874,11855,269.36,2026-06-15 12:00:00+00:00,7
5875,11852,269.32,2026-07-10 12:00:00+00:00,1
5876,11856,269.37,2026-07-15 12:00:00+00:00,1
5877,11853,269.33,2026-08-12 12:00:00+00:00,6
5878,11857,269.38,2026-08-14 12:00:00+00:00,4
5879,11854,269.34,2026-09-09 12:00:00+00:00,2
5880,11858,269.40,2026-09-13 12:00:00+00:00,4
5881,11875,220.85,2026-01-31 12:00:00+00:00,4
5882,11884,220.95,2026-02-01 12:00:00+00:00,6
5883,11876,220.86,2026-02-28 12:00:00+00:00,3
5884,11885,220.96,2026-03-03 12:00:00+00:00,4
5885,11877,220.87,2026-03-28 12:00:00+00:00,1
5886,11886,220.98,2026-04-02 12:00:00+00:00,7
5887,11878,220.88,2026-04-30 12:00:00+00:00,5
5888,11887,220.99,2026-05-02 12:00:00+00:00,2
5889,11879,220.89,2026-05-29 12:00:00+00:00,7
5890,11888,221.00,2026-06-01 12:00:00+00:00,1
5891,11880,220.90,2026-07-01 12:00:00+00:00,4
5892,11881,220.91,2026-07-26 12:00:00+00:00,3
5893,11889,221.02,2026-07-31 12:00:00+00:00,1
5894,11882,220.92,2026-08-30 12:00:00+00:00,1
5895,11883,220.94,2026-09-28 12:00:00+00:00,5
5896,11899,798.22,2026-03-22 12:00:00+00:00,7
5897,11906,798.63,2026-03-23 12:00:00+00:00,4
5898,11900,798.27,2026-04-19 12:00:00+00:00,1
5899,11907,798.70,2026-04-22 12:00:00+00:00,3
5900,11901,798.33,2026-05-20 12:00:00+00:00,3
5901,11902,798.39,2026-06-17 12:00:00+00:00,3
5902,11908,798.76,2026-06-21 12:00:00+00:00,1
5903,11903,798.44,2026-07-16 12:00:00+00:00,7
5904,11904,798.51,2026-08-15 12:00:00+00:00,6
5905,11905,798.57,2026-09-15 12:00:00+00:00,6
5906,11911,648.42,2026-06-14 12:00:00+00:00,1
5907,11912,648.47,2026-07-19 12:00:00+00:00,2
5908,11914,324.29,2026-09-01 12:00:00+00:00,2
5909,11914,324.29,2026-09-25 12:00:00+00:00,3
5910,11923,2205.73,2026-05-13 12:00:00+00:00,3
5911,11928,2206.35,2026-05-18 12:00:00+00:00,5
5912,11924,2205.85,2026-06-17 12:00:00+00:00,7
5913,11929,2206.49,2026-06-17 12:00:00+00:00,6
5914,11925,2205.97,2026-07-14 12:00:00+00:00,1
5915,11930,2206.62,2026-07-17 12:00:00+00:00,5
5916,11926,2206.10,2026-08-16 12:00:00+00:00,2
5917,11931,2206.76,2026-08-16 12:00:00+00:00,1
5918,11927,2206.22,2026-09-15 12:00:00+00:00,7
5919,11941,2171.52,2026-03-21 12:00:00+00:00,3
5920,11948,2172.30,2026-03-23 12:00:00+00:00,7
5921,11942,2171.62,2026-04-19 12:00:00+00:00,1
5922,11949,2172.43,2026-04-22 12:00:00+00:00,3
5923,11943,2171.73,2026-05-22 12:00:00+00:00,3
5924,11944,2171.84,2026-06-16 12:00:00+00:00,5
5925,11950,2172.55,2026-06-21 12:00:00+00:00,5
5926,11945,2171.95,2026-07-17 12:00:00+00:00,4
5927,11951,2172.68,2026-07-21 12:00:00+00:00,1
5928,11946,2172.07,2026-08-19 12:00:00+00:00,5
5929,11947,2172.19,2026-09-14 12:00:00+00:00,4
5930,11959,410.36,2025-12-27 12:00:00+00:00,2
5931,11960,410.37,2026-01-31 12:00:00+00:00,2
5932,11961,410.39,2026-02-19 12:00:00+00:00,3
5933,11962,410.40,2026-04-01 12:00:00+00:00,2
5934,11963,410.42,2026-04-19 12:00:00+00:00,4
5935,11964,410.43,2026-05-29 12:00:00+00:00,5
5936,11965,410.45,2026-06-20 12:00:00+00:00,6
5937,11966,410.47,2026-07-18 12:00:00+00:00,1
5938,11967,410.48,2026-08-19 12:00:00+00:00,5
5939,11995,1611.40,2026-03-09 12:00:00+00:00,7
5940,12002,1611.95,2026-03-14 12:00:00+00:00,6
5941,11996,1611.47,2026-04-08 12:00:00+00:00,7
5942,11997,1611.55,2026-05-09 12:00:00+00:00,6
5943,12003,1612.03,2026-05-13 12:00:00+00:00,7
5944,11998,1611.63,2026-06-07 12:00:00+00:00,3
5945,11999,1611.70,2026-07-07 12:00:00+00:00,3
5946,12000,1611.78,2026-08-11 12:00:00+00:00,4
5947,12001,1611.86,2026-09-10 12:00:00+00:00,1
5948,12004,1612.12,2026-09-10 12:00:00+00:00,6
5949,12019,1346.41,2026-05-23 12:00:00+00:00,3
5950,12024,1346.75,2026-05-28 12:00:00+00:00,7
5951,12020,1346.47,2026-06-22 12:00:00+00:00,3
5952,12021,1346.54,2026-07-27 12:00:00+00:00,6
5953,12025,1346.82,2026-07-27 12:00:00+00:00,3
5954,12022,1346.61,2026-08-22 12:00:00+00:00,3
5955,12023,1346.68,2026-09-23 12:00:00+00:00,6
5956,12026,1346.89,2026-09-25 12:00:00+00:00,1
5957,12037,397.30,2026-07-31 12:00:00+00:00,6
5958,12038,397.32,2026-08-30 12:00:00+00:00,7
5959,12039,397.35,2026-09-28 12:00:00+00:00,1
5960,12055,1414.11,2025-12-06 12:00:00+00:00,5
5961,12065,1414.96,2025-12-08 12:00:00+00:00,1
5962,12056,1414.19,2026-01-03 12:00:00+00:00,1
5963,12057,1414.26,2026-02-02 12:00:00+00:00,5
5964,12066,1415.06,2026-02-06 12:00:00+00:00,3
5965,12058,1414.34,2026-03-08 12:00:00+00:00,4
5966,12059,1414.42,2026-04-04 12:00:00+00:00,6
5967,12067,1415.16,2026-04-07 12:00:00+00:00,7
5968,12060,1414.50,2026-05-06 12:00:00+00:00,7
5969,12061,1414.59,2026-06-03 12:00:00+00:00,5
5970,12068,1415.27,2026-06-06 12:00:00+00:00,3
5971,12062,1414.68,2026-07-03 12:00:00+00:00,2
5972,12069,1415.38,2026-07-06 12:00:00+00:00,5
5973,12063,1414.77,2026-08-04 12:00:00+00:00,4
5974,12070,1415.49,2026-08-05 12:00:00+00:00,6
5975,12064,1414.86,2026-09-02 12:00:00+00:00,4
5976,12079,688.47,2026-06-28 12:00:00+00:00,4
5977,12080,688.52,2026-07-28 12:00:00+00:00,7
5978,12081,688.58,2026-08-27 12:00:00+00:00,1
5979,12083,688.69,2026-08-30 12:00:00+00:00,6
5980,12082,688.63,2026-09-26 12:00:00+00:00,4
5981,12084,688.76,2026-09-29 12:00:00+00:00,4
5982,12091,2314.90,2026-07-02 12:00:00+00:00,5
5983,12094,2315.36,2026-07-05 12:00:00+00:00,4
5984,12092,2315.05,2026-08-03 12:00:00+00:00,1
5985,12093,2315.20,2026-09-01 12:00:00+00:00,3
5986,12095,2315.52,2026-09-03 12:00:00+00:00,4
5987,12109,1502.35,2026-08-18 12:00:00+00:00,6
5988,12111,1502.48,2026-10-21 12:00:00+00:00,5
5989,12121,1576.38,2026-01-03 12:00:00+00:00,4
5990,12122,1576.43,2026-02-06 12:00:00+00:00,1
5991,12130,1576.93,2026-02-07 12:00:00+00:00,7
5992,12123,1576.49,2026-03-08 12:00:00+00:00,5
5993,12131,1577.00,2026-03-09 12:00:00+00:00,1
5994,12124,1576.55,2026-04-03 12:00:00+00:00,3
5995,12132,1577.07,2026-04-08 12:00:00+00:00,7
5996,12125,1576.61,2026-05-04 12:00:00+00:00,6
5997,12126,1576.68,2026-06-04 12:00:00+00:00,1
5998,12127,1576.74,2026-07-04 12:00:00+00:00,4
5999,12128,1576.80,2026-08-06 12:00:00+00:00,7
6000,12129,1576.87,2026-09-01 12:00:00+00:00,6
6001,12133,1577.14,2026-09-05 12:00:00+00:00,6
6002,12145,1224.66,2026-06-17 12:00:00+00:00,3
6003,12146,1224.70,2026-07-18 12:00:00+00:00,4
6004,12149,1224.84,2026-07-21 12:00:00+00:00,1
6005,12147,1224.75,2026-08-20 12:00:00+00:00,2
6006,12150,1224.89,2026-08-20 12:00:00+00:00,3
6007,12148,1224.79,2026-09-19 12:00:00+00:00,5
6008,12151,1224.93,2026-09-19 12:00:00+00:00,1
6009,12181,949.17,2026-05-25 12:00:00+00:00,6
6010,12186,949.35,2026-05-30 12:00:00+00:00,4
6011,12182,949.21,2026-06-24 12:00:00+00:00,5
6012,12187,949.39,2026-06-29 12:00:00+00:00,2
6013,12183,949.24,2026-07-25 12:00:00+00:00,2
6014,12184,949.28,2026-08-24 12:00:00+00:00,3
6015,12188,949.43,2026-08-28 12:00:00+00:00,1
6016,12185,949.31,2026-09-27 12:00:00+00:00,3
6017,12189,949.47,2026-09-27 12:00:00+00:00,3
6018,12217,1214.82,2026-01-19 12:00:00+00:00,5
6019,12218,1214.88,2026-02-20 12:00:00+00:00,6
6020,12219,1214.94,2026-03-21 12:00:00+00:00,6
6021,12220,1215.01,2026-04-22 12:00:00+00:00,5
6022,12221,1215.08,2026-05-23 12:00:00+00:00,3
6023,12226,1215.45,2026-05-24 12:00:00+00:00,4
6024,12222,1215.15,2026-06-19 12:00:00+00:00,1
6025,12227,1215.54,2026-06-23 12:00:00+00:00,2
6026,12223,1215.22,2026-07-21 12:00:00+00:00,3
6027,12224,1215.30,2026-08-19 12:00:00+00:00,4
6028,12228,1215.62,2026-08-22 12:00:00+00:00,2
6029,12225,1215.37,2026-09-16 12:00:00+00:00,6
6030,12229,1215.71,2026-09-21 12:00:00+00:00,2
6031,12241,1083.78,2025-12-16 12:00:00+00:00,3
6032,12251,1084.47,2025-12-20 12:00:00+00:00,7
6033,12242,1083.84,2026-01-15 12:00:00+00:00,1
6034,12243,1083.90,2026-02-16 12:00:00+00:00,3
6035,12252,1084.55,2026-02-18 12:00:00+00:00,4
6036,12244,1083.97,2026-03-17 12:00:00+00:00,6
6037,12245,1084.03,2026-04-19 12:00:00+00:00,5
6038,12246,1084.10,2026-05-16 12:00:00+00:00,3
6039,12253,1084.64,2026-05-19 12:00:00+00:00,3
6040,12247,1084.17,2026-06-14 12:00:00+00:00,4
6041,12254,1084.72,2026-06-18 12:00:00+00:00,3
6042,12248,1084.25,2026-07-17 12:00:00+00:00,3
6043,12255,1084.81,2026-07-18 12:00:00+00:00,2
6044,12249,1084.32,2026-08-16 12:00:00+00:00,7
6045,12256,1084.90,2026-08-17 12:00:00+00:00,3
6046,12250,1084.40,2026-09-15 12:00:00+00:00,2
6047,12257,1084.99,2026-09-16 12:00:00+00:00,3
6048,12259,1717.71,2026-05-09 12:00:00+00:00,7
6049,12264,1718.20,2026-05-13 12:00:00+00:00,6
6050,12260,1717.80,2026-06-12 12:00:00+00:00,6
6051,12261,1717.90,2026-07-07 12:00:00+00:00,1
6052,12262,1718.00,2026-08-11 12:00:00+00:00,2
6053,12265,1718.31,2026-08-11 12:00:00+00:00,2
6054,12263,1718.10,2026-09-08 12:00:00+00:00,1
6055,12277,2151.72,2026-03-12 12:00:00+00:00,2
6056,12284,2152.56,2026-03-13 12:00:00+00:00,5
6057,12278,2151.83,2026-04-11 12:00:00+00:00,6
6058,12285,2152.70,2026-04-12 12:00:00+00:00,2
6059,12279,2151.94,2026-05-08 12:00:00+00:00,3
6060,12286,2152.84,2026-05-12 12:00:00+00:00,5
6061,12280,2152.06,2026-06-10 12:00:00+00:00,6
6062,12287,2152.98,2026-06-11 12:00:00+00:00,6
6063,12281,2152.18,2026-07-08 12:00:00+00:00,5
6064,12288,2153.12,2026-07-11 12:00:00+00:00,6
6065,12282,2152.30,2026-08-06 12:00:00+00:00,5
6066,12283,2152.43,2026-09-06 12:00:00+00:00,2
6067,12301,2275.31,2026-02-07 12:00:00+00:00,4
6068,12309,2276.82,2026-02-10 12:00:00+00:00,1
6069,12302,2275.48,2026-03-08 12:00:00+00:00,4
6070,12310,2277.04,2026-03-12 12:00:00+00:00,4
6071,12303,2275.65,2026-04-06 12:00:00+00:00,1
6072,12304,2275.83,2026-05-10 12:00:00+00:00,2
6073,12311,2277.27,2026-05-11 12:00:00+00:00,2
6074,12305,2276.02,2026-06-06 12:00:00+00:00,7
6075,12312,2277.54,2026-06-10 12:00:00+00:00,2
6076,12306,2276.21,2026-07-06 12:00:00+00:00,3
6077,12307,2276.41,2026-08-06 12:00:00+00:00,6
6078,12308,2276.61,2026-09-08 12:00:00+00:00,4
6079,12313,790.55,2026-06-04 12:00:00+00:00,2
6080,12314,790.58,2026-07-03 12:00:00+00:00,7
6081,12317,790.67,2026-07-04 12:00:00+00:00,7
6082,12315,790.61,2026-07-29 12:00:00+00:00,4
6083,12318,790.70,2026-08-03 12:00:00+00:00,3
6084,12316,790.64,2026-08-31 12:00:00+00:00,5
6085,12319,790.73,2026-09-02 12:00:00+00:00,3
6086,12349,1250.65,2026-02-26 12:00:00+00:00,2
6087,12357,1251.11,2026-02-26 12:00:00+00:00,4
6088,12350,1250.70,2026-03-27 12:00:00+00:00,3
6089,12358,1251.17,2026-03-28 12:00:00+00:00,4
6090,12351,1250.76,2026-04-26 12:00:00+00:00,3
6091,12359,1251.24,2026-04-27 12:00:00+00:00,5
6092,12352,1250.81,2026-05-22 12:00:00+00:00,4
6093,12353,1250.87,2026-06-23 12:00:00+00:00,7
6094,12354,1250.93,2026-07-25 12:00:00+00:00,6
6095,12360,1251.30,2026-07-26 12:00:00+00:00,4
6096,12355,1250.99,2026-08-24 12:00:00+00:00,1
6097,12361,1251.37,2026-08-25 12:00:00+00:00,1
6098,12356,1251.05,2026-09-22 12:00:00+00:00,5
6099,12362,1251.44,2026-09-24 12:00:00+00:00,7
6100,12373,1451.75,2025-11-25 12:00:00+00:00,7
6101,12374,1451.83,2026-01-02 12:00:00+00:00,7
6102,12375,1451.92,2026-01-29 12:00:00+00:00,5
6103,12376,1452.01,2026-03-03 12:00:00+00:00,2
6104,12377,1452.10,2026-03-29 12:00:00+00:00,7
6105,12378,1452.19,2026-04-24 12:00:00+00:00,6
6106,12379,1452.29,2026-05-31 12:00:00+00:00,2
6107,12380,1452.39,2026-06-27 12:00:00+00:00,5
6108,12381,1452.49,2026-07-30 12:00:00+00:00,7
6109,12383,1452.69,2026-10-03 12:00:00+00:00,3
6110,12385,1200.15,2026-06-19 12:00:00+00:00,4
6111,12386,1200.19,2026-07-18 12:00:00+00:00,1
6112,12387,1200.24,2026-08-21 12:00:00+00:00,5
6113,12389,1200.33,2026-08-21 12:00:00+00:00,7
6114,12388,1200.28,2026-09-16 12:00:00+00:00,6
6115,12421,2223.76,2026-02-11 12:00:00+00:00,3
6116,12422,2223.91,2026-03-14 12:00:00+00:00,4
6117,12423,2224.05,2026-04-14 12:00:00+00:00,1
6118,12424,2224.21,2026-05-10 12:00:00+00:00,4
6119,12425,2224.37,2026-06-02 12:00:00+00:00,2
6120,12426,2224.53,2026-07-05 12:00:00+00:00,4
6121,12427,2224.70,2026-08-05 12:00:00+00:00,2
6122,12429,2225.06,2026-10-03 12:00:00+00:00,7
6123,12439,1299.11,2026-06-17 12:00:00+00:00,5
6124,12443,1299.52,2026-06-17 12:00:00+00:00,3
6125,12440,1299.20,2026-07-15 12:00:00+00:00,1
6126,12441,1299.31,2026-08-14 12:00:00+00:00,7
6127,12442,1299.41,2026-09-13 12:00:00+00:00,7
6128,12444,1299.63,2026-09-15 12:00:00+00:00,1
6129,12451,738.58,2026-01-03 12:00:00+00:00,4
6130,12460,738.83,2026-01-07 12:00:00+00:00,6
6131,12452,738.60,2026-02-03 12:00:00+00:00,4
6132,12461,738.86,2026-02-06 12:00:00+00:00,4
6133,12453,738.63,2026-03-03 12:00:00+00:00,5
6134,12462,738.89,2026-03-08 12:00:00+00:00,7
6135,12454,738.66,2026-04-05 12:00:00+00:00,2
6136,12455,738.68,2026-05-05 12:00:00+00:00,6
6137,12456,738.71,2026-06-04 12:00:00+00:00,4
6138,12463,738.92,2026-06-06 12:00:00+00:00,5
6139,12457,738.74,2026-07-05 12:00:00+00:00,5
6140,12464,738.95,2026-07-06 12:00:00+00:00,6
6141,12458,738.77,2026-08-01 12:00:00+00:00,4
6142,12465,738.98,2026-08-05 12:00:00+00:00,3
6143,12459,738.80,2026-09-02 12:00:00+00:00,1
6144,12487,1751.31,2026-06-02 12:00:00+00:00,4
6145,12491,1751.59,2026-06-03 12:00:00+00:00,3
6146,12488,1751.38,2026-06-28 12:00:00+00:00,3
6147,12489,1751.45,2026-08-01 12:00:00+00:00,4
6148,12490,1751.52,2026-09-01 12:00:00+00:00,5
6149,12511,198.71,2025-11-30 12:00:00+00:00,1
6150,12512,198.72,2025-12-26 12:00:00+00:00,3
6151,12522,198.80,2025-12-30 12:00:00+00:00,1
6152,12513,198.72,2026-01-28 12:00:00+00:00,6
6153,12523,198.81,2026-01-29 12:00:00+00:00,1
6154,12514,198.73,2026-02-27 12:00:00+00:00,2
6155,12524,198.82,2026-02-28 12:00:00+00:00,1
6156,12515,198.74,2026-03-27 12:00:00+00:00,3
6157,12516,198.75,2026-04-27 12:00:00+00:00,1
6158,12517,198.76,2026-05-29 12:00:00+00:00,2
6159,12525,198.82,2026-05-29 12:00:00+00:00,2
6160,12518,198.76,2026-06-24 12:00:00+00:00,2
6161,12526,198.83,2026-06-28 12:00:00+00:00,2
6162,12519,198.77,2026-07-24 12:00:00+00:00,2
6163,12520,198.78,2026-08-25 12:00:00+00:00,5
6164,12527,198.84,2026-08-27 12:00:00+00:00,3
6165,12521,198.79,2026-09-25 12:00:00+00:00,6
6166,12535,1426.29,2025-12-07 12:00:00+00:00,5
6167,12545,1427.25,2025-12-10 12:00:00+00:00,2
6168,12536,1426.37,2026-01-04 12:00:00+00:00,6
6169,12537,1426.46,2026-02-07 12:00:00+00:00,2
6170,12538,1426.55,2026-03-07 12:00:00+00:00,2
6171,12546,1427.36,2026-03-10 12:00:00+00:00,1
6172,12539,1426.64,2026-04-09 12:00:00+00:00,3
6173,12547,1427.47,2026-04-09 12:00:00+00:00,2
6174,12540,1426.73,2026-05-06 12:00:00+00:00,5
6175,12548,1427.59,2026-05-09 12:00:00+00:00,6
6176,12541,1426.83,2026-06-03 12:00:00+00:00,5
6177,12549,1427.71,2026-06-08 12:00:00+00:00,2
6178,12542,1426.93,2026-07-03 12:00:00+00:00,2
6179,12550,1427.84,2026-07-08 12:00:00+00:00,5
6180,12543,1427.03,2026-08-06 12:00:00+00:00,2
6181,12544,1427.14,2026-09-04 12:00:00+00:00,6
6182,12551,1427.96,2026-09-06 12:00:00+00:00,5
6183,12553,1790.39,2026-01-12 12:00:00+00:00,6
6184,12554,1790.48,2026-02-10 12:00:00+00:00,5
6185,12555,1790.56,2026-03-09 12:00:00+00:00,1
6186,12562,1791.20,2026-03-13 12:00:00+00:00,3
6187,12556,1790.65,2026-04-07 12:00:00+00:00,3
6188,12557,1790.74,2026-05-11 12:00:00+00:00,4
6189,12558,1790.83,2026-06-08 12:00:00+00:00,2
6190,12563,1791.30,2026-06-11 12:00:00+00:00,7
6191,12559,1790.92,2026-07-09 12:00:00+00:00,7
6192,12564,1791.40,2026-07-11 12:00:00+00:00,5
6193,12560,1791.01,2026-08-07 12:00:00+00:00,6
6194,12561,1791.11,2026-09-04 12:00:00+00:00,4
6195,12565,3315.41,2025-11-16 12:00:00+00:00,3
6196,12576,3317.13,2025-11-16 12:00:00+00:00,6
6197,12566,3315.55,2025-12-13 12:00:00+00:00,3
6198,12567,3315.70,2026-01-11 12:00:00+00:00,3
6199,12568,3315.84,2026-02-10 12:00:00+00:00,1
6200,12569,3315.99,2026-03-14 12:00:00+00:00,1
6201,12570,3316.14,2026-04-13 12:00:00+00:00,3
6202,12571,3316.29,2026-05-10 12:00:00+00:00,1
6203,12572,3316.45,2026-06-10 12:00:00+00:00,2
6204,12573,3316.61,2026-07-09 12:00:00+00:00,1
6205,12574,3316.77,2026-08-09 12:00:00+00:00,7
6206,12575,3316.93,2026-09-12 12:00:00+00:00,7
6207,12577,620.60,2026-04-06 12:00:00+00:00,3
6208,12583,620.80,2026-04-08 12:00:00+00:00,7
6209,12578,620.63,2026-05-05 12:00:00+00:00,7
6210,12579,620.67,2026-06-03 12:00:00+00:00,5
6211,12584,620.83,2026-06-07 12:00:00+00:00,6
6212,12580,620.70,2026-07-02 12:00:00+00:00,6
6213,12585,620.87,2026-07-07 12:00:00+00:00,5
6214,12581,620.73,2026-08-05 12:00:00+00:00,6
6215,12582,620.76,2026-09-05 12:00:00+00:00,5
6216,12586,620.90,2026-09-05 12:00:00+00:00,2
6217,12589,366.46,2026-04-18 12:00:00+00:00,4
6218,12595,366.56,2026-04-20 12:00:00+00:00,7
6219,12590,366.47,2026-05-16 12:00:00+00:00,7
6220,12596,366.58,2026-05-20 12:00:00+00:00,1
6221,12591,366.49,2026-06-18 12:00:00+00:00,5
6222,12597,366.59,2026-06-19 12:00:00+00:00,5
6223,12592,366.51,2026-07-17 12:00:00+00:00,2
6224,12598,366.61,2026-07-19 12:00:00+00:00,2
6225,12593,366.52,2026-08-17 12:00:00+00:00,3
6226,12599,366.63,2026-08-18 12:00:00+00:00,5
6227,12594,366.54,2026-09-13 12:00:00+00:00,2
6228,12613,1947.83,2026-06-10 12:00:00+00:00,4
6229,12617,1948.28,2026-06-15 12:00:00+00:00,3
6230,12614,1947.93,2026-07-15 12:00:00+00:00,2
6231,12618,1948.39,2026-07-15 12:00:00+00:00,2
6232,12615,1948.05,2026-08-12 12:00:00+00:00,3
6233,12616,1948.16,2026-09-11 12:00:00+00:00,6
6234,12619,1948.52,2026-09-13 12:00:00+00:00,5
6235,12631,397.55,2025-12-08 12:00:00+00:00,1
6236,12632,397.57,2026-01-07 12:00:00+00:00,6
6237,12641,397.71,2026-01-07 12:00:00+00:00,1
6238,12633,397.58,2026-02-05 12:00:00+00:00,6
6239,12642,397.73,2026-02-06 12:00:00+00:00,2
6240,12634,397.60,2026-03-05 12:00:00+00:00,1
6241,12643,397.74,2026-03-08 12:00:00+00:00,3
6242,12635,397.61,2026-04-07 12:00:00+00:00,5
6243,12636,397.63,2026-05-03 12:00:00+00:00,3
6244,12637,397.64,2026-06-05 12:00:00+00:00,3
6245,12644,397.76,2026-06-06 12:00:00+00:00,6
6246,12638,397.66,2026-07-04 12:00:00+00:00,2
6247,12645,397.78,2026-07-06 12:00:00+00:00,1
6248,12639,397.67,2026-07-31 12:00:00+00:00,6
6249,12646,397.80,2026-08-05 12:00:00+00:00,6
6250,12640,397.69,2026-08-31 12:00:00+00:00,4
6251,12647,397.82,2026-09-04 12:00:00+00:00,6
6252,12667,1157.47,2026-02-18 12:00:00+00:00,2
6253,12675,1157.98,2026-02-22 12:00:00+00:00,7
6254,12668,1157.53,2026-03-20 12:00:00+00:00,5
6255,12676,1158.04,2026-03-24 12:00:00+00:00,2
6256,12669,1157.59,2026-04-18 12:00:00+00:00,6
6257,12677,1158.11,2026-04-23 12:00:00+00:00,1
6258,12670,1157.65,2026-05-21 12:00:00+00:00,2
6259,12678,1158.19,2026-05-23 12:00:00+00:00,6
6260,12671,1157.72,2026-06-22 12:00:00+00:00,3
6261,12672,1157.78,2026-07-17 12:00:00+00:00,1
6262,12679,1158.26,2026-07-22 12:00:00+00:00,1
6263,12673,1157.84,2026-08-18 12:00:00+00:00,3
6264,12674,1157.91,2026-09-16 12:00:00+00:00,1
6265,12680,1158.33,2026-09-20 12:00:00+00:00,6
6266,12685,719.59,2026-06-22 12:00:00+00:00,7
6267,12686,719.62,2026-07-26 12:00:00+00:00,6
6268,12687,719.66,2026-08-20 12:00:00+00:00,5
6269,12689,719.73,2026-08-25 12:00:00+00:00,2
6270,12688,719.69,2026-09-24 12:00:00+00:00,6
6271,12690,719.77,2026-09-24 12:00:00+00:00,3
6272,12703,976.50,2026-06-22 12:00:00+00:00,5
6273,12704,976.55,2026-07-18 12:00:00+00:00,5
6274,12707,976.72,2026-07-23 12:00:00+00:00,6
6275,12705,976.60,2026-08-22 12:00:00+00:00,4
6276,12706,976.66,2026-09-18 12:00:00+00:00,7
6277,12708,976.77,2026-09-21 12:00:00+00:00,4
6278,12727,138.43,2026-01-26 12:00:00+00:00,6
6279,12728,138.43,2026-02-26 12:00:00+00:00,6
6280,12736,138.48,2026-03-02 12:00:00+00:00,5
6281,12729,138.44,2026-03-31 12:00:00+00:00,4
6282,12737,138.48,2026-04-01 12:00:00+00:00,5
6283,12730,138.44,2026-04-28 12:00:00+00:00,4
6284,12731,138.45,2026-05-26 12:00:00+00:00,5
6285,12738,138.49,2026-05-31 12:00:00+00:00,1
6286,12732,138.45,2026-06-25 12:00:00+00:00,3
6287,12739,138.50,2026-06-30 12:00:00+00:00,6
6288,12733,138.46,2026-07-27 12:00:00+00:00,6
6289,12734,138.46,2026-08-28 12:00:00+00:00,7
6290,12735,138.47,2026-09-25 12:00:00+00:00,7
6291,12763,1074.63,2026-04-29 12:00:00+00:00,6
6292,12764,1074.68,2026-05-30 12:00:00+00:00,1
6293,12765,1074.74,2026-06-28 12:00:00+00:00,6
6294,12766,1074.80,2026-07-28 12:00:00+00:00,5
6295,12769,1074.98,2026-07-29 12:00:00+00:00,6
6296,12767,1074.86,2026-08-27 12:00:00+00:00,4
6297,12770,1075.04,2026-08-28 12:00:00+00:00,4
6298,12768,1074.92,2026-09-22 12:00:00+00:00,4
6299,12771,1075.11,2026-09-27 12:00:00+00:00,6
6300,12787,2662.51,2026-06-22 12:00:00+00:00,4
6301,12788,2662.65,2026-07-24 12:00:00+00:00,1
6302,12789,2662.78,2026-08-23 12:00:00+00:00,4
6303,12791,2663.07,2026-08-23 12:00:00+00:00,4
6304,12790,2662.92,2026-09-17 12:00:00+00:00,2
6305,12792,2663.21,2026-09-22 12:00:00+00:00,4
6306,12805,2331.50,2026-07-27 12:00:00+00:00,5
6307,12808,2331.82,2026-08-01 12:00:00+00:00,1
6308,12806,2331.61,2026-08-30 12:00:00+00:00,6
6309,12809,2331.93,2026-08-31 12:00:00+00:00,1
6310,12807,2331.71,2026-09-26 12:00:00+00:00,6
6311,12823,1950.08,2026-05-17 12:00:00+00:00,4
6312,12824,1950.16,2026-06-15 12:00:00+00:00,3
6313,12828,1950.49,2026-06-18 12:00:00+00:00,4
6314,12825,1950.24,2026-07-17 12:00:00+00:00,2
6315,12829,1950.57,2026-07-18 12:00:00+00:00,7
6316,12826,1950.32,2026-08-16 12:00:00+00:00,2
6317,12827,1950.40,2026-09-13 12:00:00+00:00,2
6318,12830,1950.66,2026-09-16 12:00:00+00:00,6
6319,12841,1599.61,2025-11-23 12:00:00+00:00,6
6320,12842,1599.71,2025-12-27 12:00:00+00:00,1
6321,12843,1599.81,2026-01-25 12:00:00+00:00,6
6322,12844,1599.92,2026-02-24 12:00:00+00:00,4
6323,12845,1600.02,2026-03-31 12:00:00+00:00,3
6324,12846,1600.13,2026-04-21 12:00:00+00:00,7
6325,12847,1600.24,2026-05-28 12:00:00+00:00,4
6326,12848,1600.35,2026-06-15 12:00:00+00:00,1
6327,12849,1600.47,2026-07-26 12:00:00+00:00,1
6328,12850,1600.58,2026-08-26 12:00:00+00:00,3
6329,12853,895.87,2026-05-20 12:00:00+00:00,3
6330,12854,895.93,2026-06-18 12:00:00+00:00,4
6331,12858,896.19,2026-06-20 12:00:00+00:00,2
6332,12855,895.99,2026-07-17 12:00:00+00:00,3
6333,12856,896.06,2026-08-16 12:00:00+00:00,1
6334,12859,896.26,2026-08-19 12:00:00+00:00,6
6335,12857,896.12,2026-09-15 12:00:00+00:00,2
6336,12860,896.33,2026-09-18 12:00:00+00:00,5
6337,12865,1135.24,2026-05-07 12:00:00+00:00,6
6338,12866,1135.31,2026-06-09 12:00:00+00:00,3
6339,12870,1135.60,2026-06-10 12:00:00+00:00,4
6340,12867,1135.38,2026-07-10 12:00:00+00:00,5
6341,12868,1135.45,2026-08-09 12:00:00+00:00,3
6342,12871,1135.67,2026-08-09 12:00:00+00:00,4
6343,12869,1135.52,2026-09-04 12:00:00+00:00,3
6344,12883,1094.18,2026-05-19 12:00:00+00:00,4
6345,12888,1094.37,2026-05-23 12:00:00+00:00,3
6346,12884,1094.22,2026-06-20 12:00:00+00:00,1
6347,12885,1094.26,2026-07-19 12:00:00+00:00,1
6348,12889,1094.41,2026-07-22 12:00:00+00:00,3
6349,12886,1094.29,2026-08-20 12:00:00+00:00,4
6350,12890,1094.46,2026-08-21 12:00:00+00:00,6
6351,12887,1094.33,2026-09-20 12:00:00+00:00,6
6352,12919,859.37,2025-12-18 12:00:00+00:00,7
6353,12929,859.89,2025-12-19 12:00:00+00:00,6
6354,12920,859.42,2026-01-15 12:00:00+00:00,3
6355,12930,859.92,2026-01-18 12:00:00+00:00,5
6356,12921,859.47,2026-02-13 12:00:00+00:00,1
6357,12922,859.52,2026-03-16 12:00:00+00:00,7
6358,12923,859.57,2026-04-15 12:00:00+00:00,6
6359,12924,859.62,2026-05-13 12:00:00+00:00,5
6360,12925,859.67,2026-06-13 12:00:00+00:00,1
6361,12926,859.72,2026-07-15 12:00:00+00:00,7
6362,12927,859.78,2026-08-11 12:00:00+00:00,1
6363,12928,859.84,2026-09-15 12:00:00+00:00,2
6364,12931,935.92,2025-11-25 12:00:00+00:00,2
6365,12942,936.35,2025-11-26 12:00:00+00:00,3
6366,12932,935.95,2025-12-25 12:00:00+00:00,7
6367,12943,936.39,2025-12-26 12:00:00+00:00,5
6368,12933,935.98,2026-01-23 12:00:00+00:00,1
6369,12934,936.02,2026-02-24 12:00:00+00:00,6
6370,12944,936.44,2026-02-24 12:00:00+00:00,2
6371,12935,936.06,2026-03-23 12:00:00+00:00,2
6372,12945,936.49,2026-03-26 12:00:00+00:00,4
6373,12936,936.10,2026-04-24 12:00:00+00:00,6
6374,12937,936.13,2026-05-25 12:00:00+00:00,4
6375,12946,936.54,2026-05-25 12:00:00+00:00,5
6376,12938,936.17,2026-06-21 12:00:00+00:00,1
6377,12939,936.22,2026-07-21 12:00:00+00:00,2
6378,12947,936.59,2026-07-24 12:00:00+00:00,1
6379,12940,936.26,2026-08-23 12:00:00+00:00,3
6380,12941,936.30,2026-09-21 12:00:00+00:00,7
6381,12948,936.64,2026-09-22 12:00:00+00:00,5
6382,12967,2383.84,2026-01-12 12:00:00+00:00,2
6383,12976,2385.74,2026-01-15 12:00:00+00:00,1
6384,12968,2384.02,2026-02-09 12:00:00+00:00,6
6385,12977,2385.99,2026-02-14 12:00:00+00:00,4
6386,12969,2384.21,2026-03-14 12:00:00+00:00,3
6387,12970,2384.41,2026-04-11 12:00:00+00:00,4
6388,12971,2384.62,2026-05-11 12:00:00+00:00,7
6389,12972,2384.83,2026-06-11 12:00:00+00:00,2
6390,12978,2386.25,2026-06-14 12:00:00+00:00,6
6391,12973,2385.04,2026-07-14 12:00:00+00:00,4
6392,12974,2385.27,2026-08-09 12:00:00+00:00,7
6393,12975,2385.50,2026-09-08 12:00:00+00:00,4
6394,12979,1300.86,2025-11-21 12:00:00+00:00,6
6395,12980,1300.93,2025-12-24 12:00:00+00:00,7
6396,12990,1301.74,2025-12-26 12:00:00+00:00,1
6397,12981,1301.00,2026-01-24 12:00:00+00:00,4
6398,12991,1301.83,2026-01-25 12:00:00+00:00,2
6399,12982,1301.07,2026-02-19 12:00:00+00:00,3
6400,12983,1301.14,2026-03-26 12:00:00+00:00,4
6401,12992,1301.93,2026-03-26 12:00:00+00:00,4
6402,12984,1301.22,2026-04-23 12:00:00+00:00,4
6403,12993,1302.03,2026-04-25 12:00:00+00:00,3
6404,12985,1301.30,2026-05-20 12:00:00+00:00,3
6405,12986,1301.38,2026-06-23 12:00:00+00:00,2
6406,12994,1302.13,2026-06-24 12:00:00+00:00,4
6407,12987,1301.47,2026-07-19 12:00:00+00:00,5
6408,12988,1301.55,2026-08-21 12:00:00+00:00,3
6409,12995,1302.24,2026-08-23 12:00:00+00:00,5
6410,12989,1301.64,2026-09-17 12:00:00+00:00,2
6411,12996,1302.35,2026-09-22 12:00:00+00:00,6
6412,13003,540.87,2026-01-16 12:00:00+00:00,4
6413,13004,540.89,2026-02-11 12:00:00+00:00,2
6414,13012,541.08,2026-02-16 12:00:00+00:00,4
6415,13005,540.91,2026-03-18 12:00:00+00:00,5
6416,13013,541.10,2026-03-18 12:00:00+00:00,6
6417,13006,540.94,2026-04-13 12:00:00+00:00,1
6418,13007,540.96,2026-05-16 12:00:00+00:00,7
6419,13008,540.98,2026-06-14 12:00:00+00:00,1
6420,13014,541.12,2026-06-16 12:00:00+00:00,6
6421,13009,541.00,2026-07-11 12:00:00+00:00,2
6422,13010,541.03,2026-08-13 12:00:00+00:00,4
6423,13015,541.15,2026-08-15 12:00:00+00:00,6
6424,13011,541.05,2026-09-13 12:00:00+00:00,4
6425,13016,541.18,2026-09-14 12:00:00+00:00,2
6426,13027,1352.36,2026-04-19 12:00:00+00:00,6
6427,13033,1352.67,2026-04-20 12:00:00+00:00,2
6428,13028,1352.41,2026-05-16 12:00:00+00:00,3
6429,13034,1352.73,2026-05-20 12:00:00+00:00,6
6430,13029,1352.46,2026-06-18 12:00:00+00:00,4
6431,13030,1352.51,2026-07-14 12:00:00+00:00,7
6432,13035,1352.79,2026-07-19 12:00:00+00:00,7
6433,13031,1352.56,2026-08-14 12:00:00+00:00,7
6434,13032,1352.62,2026-09-13 12:00:00+00:00,7
6435,13036,1352.85,2026-09-17 12:00:00+00:00,1
6436,13063,2518.93,2026-06-08 12:00:00+00:00,5
6437,13064,2519.09,2026-07-08 12:00:00+00:00,7
6438,13067,2519.60,2026-07-09 12:00:00+00:00,5
6439,13065,2519.25,2026-08-03 12:00:00+00:00,5
6440,13066,2519.42,2026-09-05 12:00:00+00:00,7
6441,13068,2519.77,2026-09-07 12:00:00+00:00,1
6442,13075,851.50,2026-06-02 12:00:00+00:00,3
6443,13080,851.80,2026-06-02 12:00:00+00:00,7
6444,13076,851.56,2026-06-30 12:00:00+00:00,7
6445,13081,851.86,2026-07-02 12:00:00+00:00,2
6446,13077,851.61,2026-07-29 12:00:00+00:00,2
6447,13078,851.67,2026-08-30 12:00:00+00:00,6
6448,13082,851.93,2026-08-31 12:00:00+00:00,6
6449,13079,851.73,2026-09-26 12:00:00+00:00,2
6450,13087,644.21,2026-06-12 12:00:00+00:00,5
6451,13088,644.24,2026-07-15 12:00:00+00:00,7
6452,13089,644.26,2026-08-16 12:00:00+00:00,6
6453,13091,644.32,2026-08-16 12:00:00+00:00,5
6454,13090,644.29,2026-09-10 12:00:00+00:00,3
6455,13111,384.47,2026-06-24 12:00:00+00:00,7
6456,13112,384.49,2026-07-22 12:00:00+00:00,2
6457,13113,384.51,2026-08-22 12:00:00+00:00,6
6458,13114,384.54,2026-09-23 12:00:00+00:00,6
6459,13129,2919.53,2026-03-25 12:00:00+00:00,1
6460,13136,2920.49,2026-03-28 12:00:00+00:00,6
6461,13130,2919.66,2026-04-23 12:00:00+00:00,1
6462,13137,2920.63,2026-04-27 12:00:00+00:00,5
6463,13131,2919.79,2026-05-22 12:00:00+00:00,2
6464,13132,2919.92,2026-06-21 12:00:00+00:00,4
6465,13138,2920.78,2026-06-26 12:00:00+00:00,2
6466,13133,2920.06,2026-07-21 12:00:00+00:00,6
6467,13139,2920.93,2026-07-26 12:00:00+00:00,2
6468,13134,2920.20,2026-08-21 12:00:00+00:00,6
6469,13135,2920.34,2026-09-24 12:00:00+00:00,1
6470,13141,1601.48,2026-08-04 12:00:00+00:00,7
6471,13142,1601.58,2026-09-03 12:00:00+00:00,6
6472,13153,1831.67,2025-11-06 12:00:00+00:00,7
6473,13154,1831.75,2025-12-08 12:00:00+00:00,7
6474,13155,1831.84,2026-01-05 12:00:00+00:00,2
6475,13164,1832.71,2026-01-07 12:00:00+00:00,5
6476,13156,1831.93,2026-02-04 12:00:00+00:00,4
6477,13165,1832.82,2026-02-06 12:00:00+00:00,3
6478,13157,1832.02,2026-03-08 12:00:00+00:00,4
6479,13158,1832.11,2026-04-03 12:00:00+00:00,7
6480,13159,1832.21,2026-05-04 12:00:00+00:00,1
6481,13160,1832.30,2026-06-05 12:00:00+00:00,6
6482,13166,1832.93,2026-06-06 12:00:00+00:00,3
6483,13161,1832.40,2026-07-03 12:00:00+00:00,2
6484,13167,1833.05,2026-07-06 12:00:00+00:00,4
6485,13162,1832.50,2026-08-01 12:00:00+00:00,1
6486,13168,1833.16,2026-08-05 12:00:00+00:00,2
6487,13163,1832.61,2026-09-04 12:00:00+00:00,7
6488,13177,565.74,2026-02-06 12:00:00+00:00,2
6489,13185,566.03,2026-02-09 12:00:00+00:00,7
6490,13178,565.78,2026-03-06 12:00:00+00:00,2
6491,13186,566.07,2026-03-11 12:00:00+00:00,2
6492,13179,565.81,2026-04-05 12:00:00+00:00,4
6493,13180,565.84,2026-05-09 12:00:00+00:00,2
6494,13181,565.88,2026-06-07 12:00:00+00:00,5
6495,13182,565.92,2026-07-08 12:00:00+00:00,6
6496,13183,565.96,2026-08-03 12:00:00+00:00,6
6497,13187,566.12,2026-08-08 12:00:00+00:00,7
6498,13184,565.99,2026-09-04 12:00:00+00:00,2
6499,13188,566.16,2026-09-07 12:00:00+00:00,6
6500,13195,478.98,2026-05-05 12:00:00+00:00,5
6501,13196,479.00,2026-06-07 12:00:00+00:00,5
6502,13197,479.02,2026-07-06 12:00:00+00:00,3
6503,13200,479.07,2026-07-07 12:00:00+00:00,5
6504,13198,479.04,2026-08-03 12:00:00+00:00,2
6505,13199,479.05,2026-09-04 12:00:00+00:00,2
6506,13231,1666.58,2026-07-20 12:00:00+00:00,6
6507,13234,1666.83,2026-07-23 12:00:00+00:00,5
6508,13232,1666.66,2026-08-20 12:00:00+00:00,3
6509,13233,1666.74,2026-09-17 12:00:00+00:00,7
6510,13235,1666.92,2026-09-21 12:00:00+00:00,5
6511,13255,3460.78,2026-06-21 12:00:00+00:00,5
6512,13256,3460.94,2026-07-21 12:00:00+00:00,6
6513,13259,3461.42,2026-07-25 12:00:00+00:00,4
6514,13257,3461.09,2026-08-22 12:00:00+00:00,2
6515,13260,3461.58,2026-08-24 12:00:00+00:00,5
6516,13258,3461.25,2026-09-19 12:00:00+00:00,2
6517,13267,919.18,2026-02-15 12:00:00+00:00,6
6518,13268,919.22,2026-03-12 12:00:00+00:00,2
6519,13275,919.56,2026-03-17 12:00:00+00:00,7
6520,13269,919.27,2026-04-14 12:00:00+00:00,2
6521,13276,919.61,2026-04-16 12:00:00+00:00,4
6522,13270,919.31,2026-05-12 12:00:00+00:00,3
6523,13271,919.36,2026-06-14 12:00:00+00:00,7
6524,13272,919.41,2026-07-12 12:00:00+00:00,3
6525,13277,919.66,2026-07-15 12:00:00+00:00,3
6526,13273,919.46,2026-08-11 12:00:00+00:00,3
6527,13278,919.71,2026-08-14 12:00:00+00:00,2
6528,13274,919.51,2026-09-09 12:00:00+00:00,3
6529,13279,919.77,2026-09-13 12:00:00+00:00,2
6530,13285,542.46,2025-12-21 12:00:00+00:00,7
6531,13295,542.77,2025-12-23 12:00:00+00:00,1
6532,13286,542.48,2026-01-22 12:00:00+00:00,4
6533,13296,542.80,2026-01-22 12:00:00+00:00,5
6534,13287,542.51,2026-02-18 12:00:00+00:00,2
6535,13288,542.54,2026-03-23 12:00:00+00:00,6
6536,13297,542.84,2026-03-23 12:00:00+00:00,1
6537,13289,542.57,2026-04-19 12:00:00+00:00,1
6538,13290,542.60,2026-05-18 12:00:00+00:00,1
6539,13298,542.88,2026-05-22 12:00:00+00:00,5
6540,13291,542.63,2026-06-18 12:00:00+00:00,2
6541,13299,542.92,2026-06-21 12:00:00+00:00,3
6542,13292,542.66,2026-07-21 12:00:00+00:00,7
6543,13300,542.96,2026-07-21 12:00:00+00:00,6
6544,13293,542.70,2026-08-18 12:00:00+00:00,3
6545,13301,543.00,2026-08-20 12:00:00+00:00,2
6546,13294,542.73,2026-09-16 12:00:00+00:00,2
6547,13302,543.05,2026-09-19 12:00:00+00:00,1
6548,13309,2341.52,2026-04-23 12:00:00+00:00,6
6549,13315,2342.20,2026-04-28 12:00:00+00:00,2
6550,13310,2341.63,2026-05-27 12:00:00+00:00,5
6551,13316,2342.32,2026-05-28 12:00:00+00:00,6
6552,13311,2341.74,2026-06-22 12:00:00+00:00,1
6553,13312,2341.85,2026-07-23 12:00:00+00:00,5
6554,13313,2341.96,2026-08-25 12:00:00+00:00,7
6555,13314,2342.08,2026-09-22 12:00:00+00:00,1
6556,13327,431.33,2026-02-08 12:00:00+00:00,3
6557,13335,431.47,2026-02-11 12:00:00+00:00,3
6558,13328,431.35,2026-03-08 12:00:00+00:00,4
6559,13329,431.36,2026-04-08 12:00:00+00:00,4
6560,13330,431.38,2026-05-08 12:00:00+00:00,4
6561,13331,431.39,2026-06-08 12:00:00+00:00,6
6562,13336,431.48,2026-06-11 12:00:00+00:00,5
6563,13332,431.41,2026-07-07 12:00:00+00:00,6
6564,13337,431.50,2026-07-11 12:00:00+00:00,2
6565,13333,431.43,2026-08-05 12:00:00+00:00,7
6566,13338,431.52,2026-08-10 12:00:00+00:00,1
6567,13334,431.45,2026-09-08 12:00:00+00:00,1
6568,13363,1995.46,2026-08-04 12:00:00+00:00,3
6569,13365,1995.67,2026-08-06 12:00:00+00:00,2
6570,13364,1995.57,2026-09-05 12:00:00+00:00,5
6571,13375,810.64,2026-03-14 12:00:00+00:00,4
6572,13382,810.87,2026-03-18 12:00:00+00:00,2
6573,13376,810.67,2026-04-15 12:00:00+00:00,4
6574,13377,810.70,2026-05-12 12:00:00+00:00,5
6575,13378,810.73,2026-06-12 12:00:00+00:00,5
6576,13383,810.90,2026-06-16 12:00:00+00:00,4
6577,13379,810.77,2026-07-15 12:00:00+00:00,3
6578,13380,810.80,2026-08-14 12:00:00+00:00,2
6579,13384,810.94,2026-08-15 12:00:00+00:00,5
6580,13381,810.83,2026-09-12 12:00:00+00:00,1
6581,13385,810.97,2026-09-14 12:00:00+00:00,1
6582,13411,1930.80,2025-11-14 12:00:00+00:00,1
6583,13412,1930.91,2025-12-12 12:00:00+00:00,2
6584,13413,1931.03,2026-01-13 12:00:00+00:00,5
6585,13422,1932.28,2026-01-13 12:00:00+00:00,5
6586,13414,1931.16,2026-02-07 12:00:00+00:00,5
6587,13423,1932.44,2026-02-12 12:00:00+00:00,2
6588,13415,1931.28,2026-03-13 12:00:00+00:00,2
6589,13416,1931.41,2026-04-13 12:00:00+00:00,5
6590,13424,1932.61,2026-04-13 12:00:00+00:00,4
6591,13417,1931.55,2026-05-12 12:00:00+00:00,3
6592,13418,1931.69,2026-06-08 12:00:00+00:00,4
6593,13419,1931.83,2026-07-07 12:00:00+00:00,2
6594,13425,1932.78,2026-07-12 12:00:00+00:00,2
6595,13420,1931.98,2026-08-10 12:00:00+00:00,7
6596,13421,1932.13,2026-09-06 12:00:00+00:00,3
6597,13429,413.53,2026-02-02 12:00:00+00:00,7
6598,13437,413.67,2026-02-06 12:00:00+00:00,1
6599,13430,413.55,2026-03-03 12:00:00+00:00,6
6600,13438,413.69,2026-03-08 12:00:00+00:00,4
6601,13431,413.56,2026-04-04 12:00:00+00:00,7
6602,13439,413.71,2026-04-07 12:00:00+00:00,3
6603,13432,413.58,2026-05-03 12:00:00+00:00,2
6604,13440,413.73,2026-05-07 12:00:00+00:00,4
6605,13433,413.60,2026-06-04 12:00:00+00:00,3
6606,13441,413.75,2026-06-06 12:00:00+00:00,2
6607,13434,413.62,2026-07-04 12:00:00+00:00,1
6608,13435,413.63,2026-08-04 12:00:00+00:00,7
6609,13436,413.65,2026-09-04 12:00:00+00:00,5
6610,13442,413.77,2026-09-04 12:00:00+00:00,1
6611,13447,1261.08,2026-06-10 12:00:00+00:00,1
6612,13448,1261.12,2026-07-09 12:00:00+00:00,6
6613,13451,1261.27,2026-07-13 12:00:00+00:00,5
6614,13449,1261.17,2026-08-12 12:00:00+00:00,3
6615,13452,1261.32,2026-08-12 12:00:00+00:00,4
6616,13450,1261.22,2026-09-08 12:00:00+00:00,5
6617,13453,1261.37,2026-09-11 12:00:00+00:00,7
6618,13483,1904.77,2025-11-12 12:00:00+00:00,3
6619,13494,1905.76,2025-11-12 12:00:00+00:00,3
6620,13484,1904.85,2025-12-11 12:00:00+00:00,5
6621,13495,1905.86,2025-12-12 12:00:00+00:00,5
6622,13485,1904.93,2026-01-10 12:00:00+00:00,3
6623,13486,1905.02,2026-02-10 12:00:00+00:00,4
6624,13496,1905.97,2026-02-10 12:00:00+00:00,6
6625,13487,1905.11,2026-03-07 12:00:00+00:00,6
6626,13497,1906.07,2026-03-12 12:00:00+00:00,2
6627,13488,1905.19,2026-04-06 12:00:00+00:00,7
6628,13489,1905.28,2026-05-09 12:00:00+00:00,2
6629,13490,1905.38,2026-06-09 12:00:00+00:00,5
6630,13498,1906.18,2026-06-10 12:00:00+00:00,6
6631,13491,1905.47,2026-07-07 12:00:00+00:00,5
6632,13499,1906.29,2026-07-10 12:00:00+00:00,5
6633,13492,1905.57,2026-08-05 12:00:00+00:00,3
6634,13500,1906.40,2026-08-09 12:00:00+00:00,7
6635,13493,1905.66,2026-09-04 12:00:00+00:00,2
6636,13507,1247.74,2026-03-14 12:00:00+00:00,1
6637,13508,1247.80,2026-04-14 12:00:00+00:00,5
6638,13514,1248.20,2026-04-18 12:00:00+00:00,4
6639,13509,1247.87,2026-05-14 12:00:00+00:00,2
6640,13510,1247.93,2026-06-16 12:00:00+00:00,4
6641,13511,1247.99,2026-07-14 12:00:00+00:00,2
6642,13515,1248.27,2026-07-17 12:00:00+00:00,6
6643,13512,1248.06,2026-08-13 12:00:00+00:00,7
6644,13516,1248.35,2026-08-16 12:00:00+00:00,2
6645,13513,1248.13,2026-09-14 12:00:00+00:00,3
6646,13531,2159.21,2026-05-28 12:00:00+00:00,7
6647,13532,2159.34,2026-07-07 12:00:00+00:00,2
6648,13533,2159.47,2026-08-01 12:00:00+00:00,1
6649,13535,1079.87,2026-09-20 12:00:00+00:00,2
6650,13535,1079.87,2026-11-02 12:00:00+00:00,4
6651,13543,683.86,2026-05-03 12:00:00+00:00,5
6652,13544,683.89,2026-05-29 12:00:00+00:00,1
6653,13549,684.03,2026-06-02 12:00:00+00:00,1
6654,13545,683.92,2026-06-29 12:00:00+00:00,2
6655,13550,684.07,2026-07-02 12:00:00+00:00,4
6656,13546,683.95,2026-07-27 12:00:00+00:00,3
6657,13551,684.10,2026-08-01 12:00:00+00:00,6
6658,13547,683.97,2026-08-26 12:00:00+00:00,2
6659,13548,684.00,2026-09-29 12:00:00+00:00,6
6660,13552,684.13,2026-09-30 12:00:00+00:00,2
6661,13555,1204.10,2026-02-23 12:00:00+00:00,1
6662,13563,1204.64,2026-02-25 12:00:00+00:00,6
6663,13556,1204.16,2026-03-24 12:00:00+00:00,4
6664,13564,1204.72,2026-03-27 12:00:00+00:00,7
6665,13557,1204.23,2026-04-21 12:00:00+00:00,6
6666,13565,1204.79,2026-04-26 12:00:00+00:00,6
6667,13558,1204.29,2026-05-21 12:00:00+00:00,7
6668,13566,1204.87,2026-05-26 12:00:00+00:00,3
6669,13559,1204.36,2026-06-25 12:00:00+00:00,3
6670,13560,1204.43,2026-07-20 12:00:00+00:00,4
6671,13567,1204.95,2026-07-25 12:00:00+00:00,5
6672,13561,1204.50,2026-08-23 12:00:00+00:00,4
6673,13562,1204.57,2026-09-20 12:00:00+00:00,5
6674,13568,1205.03,2026-09-23 12:00:00+00:00,3
6675,13573,976.75,2026-03-22 12:00:00+00:00,7
6676,13574,976.78,2026-04-21 12:00:00+00:00,7
6677,13575,976.81,2026-05-20 12:00:00+00:00,3
6678,13580,976.97,2026-05-22 12:00:00+00:00,3
6679,13576,976.84,2026-06-20 12:00:00+00:00,3
6680,13581,977.00,2026-06-21 12:00:00+00:00,3
6681,13577,976.87,2026-07-20 12:00:00+00:00,6
6682,13578,976.90,2026-08-19 12:00:00+00:00,3
6683,13582,977.03,2026-08-20 12:00:00+00:00,4
6684,13579,976.94,2026-09-17 12:00:00+00:00,3
6685,13583,977.07,2026-09-19 12:00:00+00:00,7
6686,13609,243.31,2026-01-30 12:00:00+00:00,5
6687,13618,243.43,2026-01-30 12:00:00+00:00,1
6688,13610,243.32,2026-02-27 12:00:00+00:00,3
6689,13619,243.44,2026-03-01 12:00:00+00:00,4
6690,13611,243.33,2026-03-27 12:00:00+00:00,1
6691,13620,243.46,2026-03-31 12:00:00+00:00,2
6692,13612,243.34,2026-04-28 12:00:00+00:00,1
6693,13621,243.48,2026-04-30 12:00:00+00:00,5
6694,13613,243.36,2026-05-26 12:00:00+00:00,7
6695,13614,243.37,2026-06-28 12:00:00+00:00,3
6696,13622,243.49,2026-06-29 12:00:00+00:00,6
6697,13615,243.39,2026-07-27 12:00:00+00:00,2
6698,13616,243.40,2026-08-28 12:00:00+00:00,6
6699,13617,243.41,2026-09-27 12:00:00+00:00,3
6700,13633,1252.00,2026-07-22 12:00:00+00:00,1
6701,13636,1252.25,2026-07-25 12:00:00+00:00,2
6702,13634,1252.08,2026-08-22 12:00:00+00:00,6
6703,13635,1252.16,2026-09-19 12:00:00+00:00,6
6704,13651,628.38,2026-04-12 12:00:00+00:00,3
6705,13652,628.41,2026-05-16 12:00:00+00:00,2
6706,13653,628.44,2026-06-13 12:00:00+00:00,2
6707,13654,628.48,2026-07-11 12:00:00+00:00,5
6708,13657,628.59,2026-07-16 12:00:00+00:00,2
6709,13655,628.51,2026-08-12 12:00:00+00:00,6
6710,13658,628.62,2026-08-15 12:00:00+00:00,3
6711,13656,628.55,2026-09-13 12:00:00+00:00,4
6712,13659,628.66,2026-09-14 12:00:00+00:00,1
6713,13669,1735.16,2026-06-01 12:00:00+00:00,3
6714,13670,1735.25,2026-07-02 12:00:00+00:00,4
6715,13671,1735.34,2026-08-11 12:00:00+00:00,7
6716,13672,1735.43,2026-09-09 12:00:00+00:00,2
6717,13693,747.90,2026-03-18 12:00:00+00:00,5
6718,13700,748.22,2026-03-19 12:00:00+00:00,5
6719,13694,747.94,2026-04-18 12:00:00+00:00,7
6720,13701,748.27,2026-04-18 12:00:00+00:00,3
6721,13695,747.99,2026-05-13 12:00:00+00:00,1
6722,13702,748.33,2026-05-18 12:00:00+00:00,4
6723,13696,748.03,2026-06-17 12:00:00+00:00,6
6724,13703,748.38,2026-06-17 12:00:00+00:00,3
6725,13697,748.08,2026-07-14 12:00:00+00:00,6
6726,13698,748.12,2026-08-16 12:00:00+00:00,6
6727,13704,748.43,2026-08-16 12:00:00+00:00,7
6728,13699,748.17,2026-09-15 12:00:00+00:00,3
6729,13705,748.49,2026-09-15 12:00:00+00:00,2
6730,13711,1283.77,2026-03-17 12:00:00+00:00,5
6731,13712,1283.83,2026-04-23 12:00:00+00:00,5
6732,13713,1283.88,2026-05-20 12:00:00+00:00,3
6733,13714,1283.94,2026-06-26 12:00:00+00:00,4
6734,13715,1284.00,2026-07-24 12:00:00+00:00,7
6735,13716,1284.06,2026-08-12 12:00:00+00:00,3
6736,13735,202.24,2026-04-06 12:00:00+00:00,7
6737,13736,202.25,2026-05-02 12:00:00+00:00,6
6738,13741,202.29,2026-05-06 12:00:00+00:00,3
6739,13737,202.26,2026-06-04 12:00:00+00:00,7
6740,13742,202.30,2026-06-05 12:00:00+00:00,5
6741,13738,202.26,2026-07-02 12:00:00+00:00,6
6742,13743,202.31,2026-07-05 12:00:00+00:00,6
6743,13739,202.27,2026-08-02 12:00:00+00:00,4
6744,13744,202.32,2026-08-04 12:00:00+00:00,4
6745,13740,202.28,2026-08-31 12:00:00+00:00,5
6746,13745,202.33,2026-09-03 12:00:00+00:00,1
6747,13771,2143.98,2026-01-27 12:00:00+00:00,6
6748,13780,2145.74,2026-01-30 12:00:00+00:00,3
6749,13772,2144.15,2026-02-27 12:00:00+00:00,2
6750,13781,2145.97,2026-03-01 12:00:00+00:00,3
6751,13773,2144.32,2026-03-28 12:00:00+00:00,4
6752,13782,2146.27,2026-03-31 12:00:00+00:00,7
6753,13774,2144.51,2026-04-27 12:00:00+00:00,7
6754,13775,2144.70,2026-05-27 12:00:00+00:00,3
6755,13776,2144.89,2026-06-24 12:00:00+00:00,1
6756,13777,2145.09,2026-07-27 12:00:00+00:00,4
6757,13778,2145.30,2026-08-28 12:00:00+00:00,1
6758,13779,2145.52,2026-09-27 12:00:00+00:00,7
6759,13783,2820.39,2026-04-13 12:00:00+00:00,3
6760,13784,2820.56,2026-05-12 12:00:00+00:00,7
6761,13789,2821.53,2026-05-15 12:00:00+00:00,5
6762,13785,2820.75,2026-06-11 12:00:00+00:00,4
6763,13790,2821.74,2026-06-14 12:00:00+00:00,4
6764,13786,2820.93,2026-07-14 12:00:00+00:00,5
6765,13791,2821.95,2026-07-14 12:00:00+00:00,2
6766,13787,2821.12,2026-08-09 12:00:00+00:00,7
6767,13792,2822.18,2026-08-13 12:00:00+00:00,5
6768,13788,2821.32,2026-09-09 12:00:00+00:00,5
6769,13793,2822.41,2026-09-12 12:00:00+00:00,3
6770,13801,210.32,2026-02-09 12:00:00+00:00,3
6771,13802,210.33,2026-03-09 12:00:00+00:00,7
6772,13809,210.41,2026-03-14 12:00:00+00:00,4
6773,13803,210.34,2026-04-12 12:00:00+00:00,5
6774,13804,210.35,2026-05-11 12:00:00+00:00,7
6775,13805,210.36,2026-06-09 12:00:00+00:00,5
6776,13806,210.37,2026-07-09 12:00:00+00:00,5
6777,13807,210.38,2026-08-09 12:00:00+00:00,4
6778,13810,210.42,2026-08-11 12:00:00+00:00,7
6779,13808,210.40,2026-09-08 12:00:00+00:00,7
6780,13811,210.44,2026-09-10 12:00:00+00:00,1
6781,13825,203.45,2026-01-09 12:00:00+00:00,7
6782,13826,203.46,2026-02-11 12:00:00+00:00,4
6783,13827,203.46,2026-03-12 12:00:00+00:00,7
6784,13828,203.47,2026-04-11 12:00:00+00:00,7
6785,13834,203.51,2026-04-14 12:00:00+00:00,7
6786,13829,203.48,2026-05-14 12:00:00+00:00,1
6787,13835,203.52,2026-05-14 12:00:00+00:00,5
6788,13830,203.48,2026-06-08 12:00:00+00:00,3
6789,13836,203.53,2026-06-13 12:00:00+00:00,2
6790,13831,203.49,2026-07-11 12:00:00+00:00,5
6791,13837,203.54,2026-07-13 12:00:00+00:00,6
6792,13832,203.50,2026-08-09 12:00:00+00:00,1
6793,13838,203.55,2026-08-12 12:00:00+00:00,3
6794,13833,203.51,2026-09-07 12:00:00+00:00,4
6795,13839,203.55,2026-09-11 12:00:00+00:00,6
6796,13861,2800.02,2026-03-08 12:00:00+00:00,6
6797,13862,2800.18,2026-04-11 12:00:00+00:00,6
6798,13868,2801.24,2026-04-11 12:00:00+00:00,6
6799,13863,2800.35,2026-05-07 12:00:00+00:00,3
6800,13864,2800.52,2026-06-08 12:00:00+00:00,1
6801,13869,2801.43,2026-06-10 12:00:00+00:00,5
6802,13865,2800.69,2026-07-09 12:00:00+00:00,1
6803,13870,2801.62,2026-07-10 12:00:00+00:00,2
6804,13866,2800.87,2026-08-06 12:00:00+00:00,3
6805,13867,2801.05,2026-09-06 12:00:00+00:00,3
6806,13871,2801.82,2026-09-08 12:00:00+00:00,5
6807,13873,1443.20,2026-06-01 12:00:00+00:00,1
6808,13878,1443.70,2026-06-02 12:00:00+00:00,3
6809,13874,1443.29,2026-06-27 12:00:00+00:00,7
6810,13879,1443.81,2026-07-02 12:00:00+00:00,7
6811,13875,1443.39,2026-07-28 12:00:00+00:00,5
6812,13876,1443.49,2026-08-29 12:00:00+00:00,3
6813,13880,1443.93,2026-08-31 12:00:00+00:00,2
6814,13877,1443.60,2026-09-25 12:00:00+00:00,1
6815,13881,1444.05,2026-09-30 12:00:00+00:00,6
6816,13891,1587.65,2025-11-27 12:00:00+00:00,7
6817,13902,1588.93,2025-12-02 12:00:00+00:00,7
6818,13892,1587.75,2025-12-30 12:00:00+00:00,3
6819,13893,1587.86,2026-01-27 12:00:00+00:00,5
6820,13903,1589.07,2026-01-31 12:00:00+00:00,1
6821,13894,1587.96,2026-02-25 12:00:00+00:00,4
6822,13904,1589.21,2026-03-02 12:00:00+00:00,6
6823,13895,1588.07,2026-03-31 12:00:00+00:00,6
6824,13896,1588.18,2026-04-29 12:00:00+00:00,2
6825,13905,1589.36,2026-05-01 12:00:00+00:00,3
6826,13897,1588.30,2026-05-30 12:00:00+00:00,7
6827,13906,1589.51,2026-05-31 12:00:00+00:00,2
6828,13898,1588.42,2026-06-29 12:00:00+00:00,5
6829,13907,1589.67,2026-06-30 12:00:00+00:00,2
6830,13899,1588.54,2026-07-26 12:00:00+00:00,2
6831,13900,1588.67,2026-08-28 12:00:00+00:00,4
6832,13901,1588.80,2026-09-25 12:00:00+00:00,7
6833,13909,808.39,2026-04-26 12:00:00+00:00,1
6834,13915,808.55,2026-05-01 12:00:00+00:00,2
6835,13910,808.42,2026-05-30 12:00:00+00:00,5
6836,13916,808.58,2026-05-31 12:00:00+00:00,7
6837,13911,808.44,2026-06-29 12:00:00+00:00,7
6838,13917,808.61,2026-06-30 12:00:00+00:00,6
6839,13912,808.47,2026-07-29 12:00:00+00:00,4
6840,13913,808.50,2026-08-26 12:00:00+00:00,3
6841,13918,808.64,2026-08-29 12:00:00+00:00,5
6842,13914,808.52,2026-09-28 12:00:00+00:00,6
6843,13919,808.67,2026-09-28 12:00:00+00:00,2
6844,13945,345.23,2025-12-29 12:00:00+00:00,5
6845,13955,345.44,2025-12-31 12:00:00+00:00,7
6846,13946,345.25,2026-01-29 12:00:00+00:00,7
6847,13956,345.47,2026-01-30 12:00:00+00:00,6
6848,13947,345.27,2026-02-27 12:00:00+00:00,5
6849,13957,345.49,2026-03-01 12:00:00+00:00,6
6850,13948,345.29,2026-03-27 12:00:00+00:00,2
6851,13958,345.52,2026-03-31 12:00:00+00:00,6
6852,13949,345.31,2026-04-28 12:00:00+00:00,6
6853,13950,345.33,2026-05-26 12:00:00+00:00,1
6854,13959,345.55,2026-05-30 12:00:00+00:00,3
6855,13951,345.35,2026-06-28 12:00:00+00:00,6
6856,13960,345.57,2026-06-29 12:00:00+00:00,5
6857,13952,345.38,2026-07-29 12:00:00+00:00,5
6858,13953,345.40,2026-08-28 12:00:00+00:00,3
6859,13954,345.42,2026-09-22 12:00:00+00:00,3
6860,13961,345.60,2026-09-27 12:00:00+00:00,3
6861,13963,1031.08,2026-05-01 12:00:00+00:00,1
6862,13964,1031.13,2026-05-30 12:00:00+00:00,2
6863,13969,1031.40,2026-06-02 12:00:00+00:00,2
6864,13965,1031.18,2026-06-27 12:00:00+00:00,2
6865,13966,1031.24,2026-07-27 12:00:00+00:00,7
6866,13970,1031.46,2026-08-01 12:00:00+00:00,5
6867,13967,1031.29,2026-08-28 12:00:00+00:00,1
6868,13968,1031.35,2026-09-30 12:00:00+00:00,3
6869,13971,1031.52,2026-09-30 12:00:00+00:00,3
6870,13975,875.79,2025-12-23 12:00:00+00:00,7
6871,13976,875.82,2026-01-29 12:00:00+00:00,7
6872,13977,875.86,2026-02-22 12:00:00+00:00,5
6873,13978,875.90,2026-03-28 12:00:00+00:00,4
6874,13979,875.94,2026-04-25 12:00:00+00:00,5
6875,13980,875.98,2026-05-27 12:00:00+00:00,4
6876,13981,876.02,2026-07-05 12:00:00+00:00,7
6877,13982,876.06,2026-07-26 12:00:00+00:00,4
6878,13984,876.14,2026-10-06 12:00:00+00:00,5
6879,13999,315.67,2026-07-24 12:00:00+00:00,6
6880,14000,315.69,2026-08-27 12:00:00+00:00,3
6881,14001,315.70,2026-09-27 12:00:00+00:00,5
6882,14017,466.41,2026-04-30 12:00:00+00:00,7
6883,14023,466.56,2026-05-02 12:00:00+00:00,5
6884,14018,466.43,2026-05-31 12:00:00+00:00,3
6885,14024,466.59,2026-06-01 12:00:00+00:00,5
6886,14019,466.46,2026-06-28 12:00:00+00:00,5
6887,14025,466.62,2026-07-01 12:00:00+00:00,5
6888,14020,466.48,2026-07-30 12:00:00+00:00,3
6889,14021,466.51,2026-08-30 12:00:00+00:00,5
6890,14022,466.54,2026-09-27 12:00:00+00:00,2
6891,14026,466.65,2026-09-29 12:00:00+00:00,4
6892,14035,1814.03,2026-07-10 12:00:00+00:00,2
6893,14038,1814.29,2026-07-12 12:00:00+00:00,1
6894,14036,1814.11,2026-08-08 12:00:00+00:00,5
6895,14039,1814.38,2026-08-11 12:00:00+00:00,5
6896,14037,1814.20,2026-09-06 12:00:00+00:00,7
6897,14059,1437.68,2026-05-26 12:00:00+00:00,3
6898,14060,1437.74,2026-06-24 12:00:00+00:00,1
6899,14064,1438.00,2026-06-29 12:00:00+00:00,2
6900,14061,1437.80,2026-07-29 12:00:00+00:00,4
6901,14065,1438.07,2026-07-29 12:00:00+00:00,1
6902,14062,1437.87,2026-08-24 12:00:00+00:00,6
6903,14066,1438.14,2026-08-28 12:00:00+00:00,1
6904,14063,1437.94,2026-09-27 12:00:00+00:00,4
6905,14077,364.67,2026-06-12 12:00:00+00:00,2
6906,14081,364.72,2026-06-16 12:00:00+00:00,1
6907,14078,364.68,2026-07-15 12:00:00+00:00,3
6908,14082,364.73,2026-07-16 12:00:00+00:00,6
6909,14079,364.70,2026-08-12 12:00:00+00:00,4
6910,14080,364.71,2026-09-12 12:00:00+00:00,5
6911,14113,569.18,2025-11-21 12:00:00+00:00,1
6912,14124,569.66,2025-11-23 12:00:00+00:00,3
6913,14114,569.22,2025-12-20 12:00:00+00:00,1
6914,14115,569.25,2026-01-19 12:00:00+00:00,6
6915,14125,569.71,2026-01-22 12:00:00+00:00,2
6916,14116,569.29,2026-02-18 12:00:00+00:00,2
6917,14117,569.33,2026-03-22 12:00:00+00:00,1
6918,14126,569.76,2026-03-23 12:00:00+00:00,4
6919,14118,569.38,2026-04-20 12:00:00+00:00,2
6920,14127,569.82,2026-04-22 12:00:00+00:00,4
6921,14119,569.42,2026-05-20 12:00:00+00:00,6
6922,14128,569.87,2026-05-22 12:00:00+00:00,7
6923,14120,569.46,2026-06-16 12:00:00+00:00,3
6924,14121,569.51,2026-07-21 12:00:00+00:00,2
6925,14129,569.93,2026-07-21 12:00:00+00:00,3
6926,14122,569.56,2026-08-19 12:00:00+00:00,6
6927,14130,569.93,2026-08-20 12:00:00+00:00,5
6928,14123,569.60,2026-09-17 12:00:00+00:00,2
6929,14131,1610.10,2026-02-19 12:00:00+00:00,3
6930,14132,1610.20,2026-03-18 12:00:00+00:00,7
6931,14133,1610.31,2026-04-21 12:00:00+00:00,5
6932,14139,1611.01,2026-04-22 12:00:00+00:00,4
6933,14134,1610.42,2026-05-19 12:00:00+00:00,2
6934,14135,1610.53,2026-06-17 12:00:00+00:00,3
6935,14140,1611.14,2026-06-21 12:00:00+00:00,5
6936,14136,1610.65,2026-07-17 12:00:00+00:00,3
6937,14137,1610.77,2026-08-20 12:00:00+00:00,5
6938,14138,1610.89,2026-09-19 12:00:00+00:00,7
6939,14141,1611.27,2026-09-19 12:00:00+00:00,5
6940,14143,366.05,2026-07-02 12:00:00+00:00,1
6941,14144,366.07,2026-08-05 12:00:00+00:00,4
6942,14145,366.09,2026-09-02 12:00:00+00:00,1
6943,14146,366.12,2026-09-05 12:00:00+00:00,2
6944,14161,289.20,2026-06-21 12:00:00+00:00,6
6945,14165,289.26,2026-06-23 12:00:00+00:00,7
6946,14162,289.21,2026-07-18 12:00:00+00:00,5
6947,14166,289.28,2026-07-23 12:00:00+00:00,5
6948,14163,289.23,2026-08-21 12:00:00+00:00,3
6949,14167,289.29,2026-08-22 12:00:00+00:00,6
6950,14164,289.24,2026-09-17 12:00:00+00:00,6
6951,14185,1773.38,2025-11-13 12:00:00+00:00,4
6952,14196,1774.63,2025-11-16 12:00:00+00:00,1
6953,14186,1773.48,2025-12-11 12:00:00+00:00,3
6954,14187,1773.59,2026-01-13 12:00:00+00:00,3
6955,14197,1774.76,2026-01-15 12:00:00+00:00,4
6956,14188,1773.69,2026-02-11 12:00:00+00:00,4
6957,14198,1774.90,2026-02-14 12:00:00+00:00,7
6958,14189,1773.80,2026-03-16 12:00:00+00:00,5
6959,14199,1775.04,2026-03-16 12:00:00+00:00,1
6960,14190,1773.91,2026-04-14 12:00:00+00:00,6
6961,14200,1775.18,2026-04-15 12:00:00+00:00,3
6962,14191,1774.02,2026-05-15 12:00:00+00:00,4
6963,14201,1775.32,2026-05-15 12:00:00+00:00,5
6964,14192,1774.14,2026-06-10 12:00:00+00:00,2
6965,14202,1775.54,2026-06-14 12:00:00+00:00,1
6966,14193,1774.26,2026-07-10 12:00:00+00:00,1
6967,14194,1774.38,2026-08-13 12:00:00+00:00,7
6968,14195,1774.50,2026-09-07 12:00:00+00:00,2
6969,14203,1285.91,2026-02-04 12:00:00+00:00,6
6970,14211,1286.41,2026-02-05 12:00:00+00:00,5
6971,14204,1285.97,2026-03-03 12:00:00+00:00,7
6972,14212,1286.47,2026-03-07 12:00:00+00:00,4
6973,14205,1286.03,2026-04-03 12:00:00+00:00,4
6974,14213,1286.54,2026-04-06 12:00:00+00:00,2
6975,14206,1286.09,2026-05-05 12:00:00+00:00,4
6976,14207,1286.15,2026-06-01 12:00:00+00:00,5
6977,14208,1286.21,2026-07-05 12:00:00+00:00,6
6978,14209,1286.27,2026-08-04 12:00:00+00:00,3
6979,14214,1286.62,2026-08-04 12:00:00+00:00,6
6980,14210,1286.34,2026-09-02 12:00:00+00:00,1
6981,14227,721.62,2025-11-29 12:00:00+00:00,5
6982,14238,721.96,2025-12-01 12:00:00+00:00,1
6983,14228,721.65,2025-12-30 12:00:00+00:00,3
6984,14239,721.99,2025-12-31 12:00:00+00:00,4
6985,14229,721.68,2026-01-30 12:00:00+00:00,2
6986,14230,721.70,2026-02-25 12:00:00+00:00,6
6987,14240,722.03,2026-03-01 12:00:00+00:00,1
6988,14231,721.74,2026-03-30 12:00:00+00:00,1
6989,14241,722.06,2026-03-31 12:00:00+00:00,7
6990,14232,721.77,2026-04-25 12:00:00+00:00,3
6991,14242,722.10,2026-04-30 12:00:00+00:00,7
6992,14233,721.80,2026-05-25 12:00:00+00:00,3
6993,14234,721.83,2026-06-24 12:00:00+00:00,1
6994,14243,722.14,2026-06-29 12:00:00+00:00,7
6995,14235,721.86,2026-07-29 12:00:00+00:00,2
6996,14236,721.89,2026-08-25 12:00:00+00:00,4
6997,14244,722.13,2026-08-28 12:00:00+00:00,2
6998,14237,721.93,2026-09-22 12:00:00+00:00,5
6999,14245,1234.52,2025-12-07 12:00:00+00:00,2
7000,14246,1234.58,2026-01-08 12:00:00+00:00,7
7001,14247,1234.63,2026-02-06 12:00:00+00:00,4
7002,14248,1234.69,2026-03-11 12:00:00+00:00,6
7003,14255,1235.12,2026-03-12 12:00:00+00:00,4
7004,14249,1234.75,2026-04-06 12:00:00+00:00,2
7005,14250,1234.81,2026-05-08 12:00:00+00:00,4
7006,14256,1235.19,2026-05-11 12:00:00+00:00,3
7007,14251,1234.87,2026-06-06 12:00:00+00:00,7
7008,14252,1234.93,2026-07-08 12:00:00+00:00,5
7009,14257,1235.25,2026-07-10 12:00:00+00:00,2
7010,14253,1234.99,2026-08-07 12:00:00+00:00,6
7011,14258,1235.32,2026-08-09 12:00:00+00:00,1
7012,14254,1235.05,2026-09-04 12:00:00+00:00,1
7013,14259,1235.39,2026-09-08 12:00:00+00:00,5
7014,14263,748.21,2025-11-17 12:00:00+00:00,4
7015,14274,748.64,2025-11-17 12:00:00+00:00,6
7016,14264,748.24,2025-12-12 12:00:00+00:00,7
7017,14275,748.68,2025-12-17 12:00:00+00:00,6
7018,14265,748.28,2026-01-13 12:00:00+00:00,3
7019,14276,748.72,2026-01-16 12:00:00+00:00,5
7020,14266,748.32,2026-02-11 12:00:00+00:00,3
7021,14267,748.35,2026-03-13 12:00:00+00:00,5
7022,14268,748.39,2026-04-12 12:00:00+00:00,4
7023,14269,748.43,2026-05-15 12:00:00+00:00,2
7024,14277,748.77,2026-05-16 12:00:00+00:00,1
7025,14270,748.47,2026-06-10 12:00:00+00:00,5
7026,14278,748.82,2026-06-15 12:00:00+00:00,6
7027,14271,748.51,2026-07-11 12:00:00+00:00,1
7028,14272,748.55,2026-08-13 12:00:00+00:00,7
7029,14273,748.59,2026-09-09 12:00:00+00:00,7
7030,14287,1022.22,2026-04-09 12:00:00+00:00,5
7031,14288,1022.26,2026-05-07 12:00:00+00:00,7
7032,14293,1022.46,2026-05-09 12:00:00+00:00,5
7033,14289,1022.30,2026-06-04 12:00:00+00:00,1
7034,14290,1022.33,2026-07-04 12:00:00+00:00,3
7035,14291,1022.37,2026-08-07 12:00:00+00:00,4
7036,14294,1022.50,2026-08-07 12:00:00+00:00,1
7037,14292,1022.42,2026-09-01 12:00:00+00:00,1
7038,14295,1022.55,2026-09-06 12:00:00+00:00,5
7039,14323,449.84,2026-01-03 12:00:00+00:00,4
7040,14333,450.08,2026-01-03 12:00:00+00:00,4
7041,14324,449.87,2026-01-30 12:00:00+00:00,3
7042,14325,449.89,2026-02-27 12:00:00+00:00,5
7043,14334,450.11,2026-03-04 12:00:00+00:00,7
7044,14326,449.91,2026-03-31 12:00:00+00:00,7
7045,14327,449.93,2026-05-01 12:00:00+00:00,6
7046,14335,450.14,2026-05-03 12:00:00+00:00,5
7047,14328,449.96,2026-05-31 12:00:00+00:00,4
7048,14336,450.16,2026-06-02 12:00:00+00:00,2
7049,14329,449.98,2026-06-28 12:00:00+00:00,3
7050,14330,450.01,2026-07-29 12:00:00+00:00,3
7051,14331,450.03,2026-08-30 12:00:00+00:00,2
7052,14337,450.19,2026-08-31 12:00:00+00:00,1
7053,14332,450.06,2026-09-26 12:00:00+00:00,3
7054,14338,450.22,2026-09-30 12:00:00+00:00,6
7055,14341,218.31,2026-01-31 12:00:00+00:00,1
7056,14342,218.33,2026-03-02 12:00:00+00:00,3
7057,14350,218.46,2026-03-03 12:00:00+00:00,2
7058,14343,218.34,2026-04-02 12:00:00+00:00,1
7059,14351,218.48,2026-04-02 12:00:00+00:00,7
7060,14344,218.36,2026-04-28 12:00:00+00:00,1
7061,14352,218.50,2026-05-02 12:00:00+00:00,2
7062,14345,218.37,2026-06-01 12:00:00+00:00,1
7063,14353,218.52,2026-06-01 12:00:00+00:00,6
7064,14346,218.39,2026-07-01 12:00:00+00:00,1
7065,14354,218.54,2026-07-01 12:00:00+00:00,6
7066,14347,218.40,2026-07-26 12:00:00+00:00,6
7067,14355,218.56,2026-07-31 12:00:00+00:00,5
7068,14348,218.42,2026-08-26 12:00:00+00:00,6
7069,14356,218.58,2026-08-30 12:00:00+00:00,1
7070,14349,218.44,2026-09-29 12:00:00+00:00,4
7071,14359,721.08,2026-05-08 12:00:00+00:00,4
7072,14364,721.22,2026-05-09 12:00:00+00:00,3
7073,14360,721.10,2026-06-05 12:00:00+00:00,5
7074,14361,721.13,2026-07-07 12:00:00+00:00,6
7075,14365,721.24,2026-07-08 12:00:00+00:00,3
7076,14362,721.16,2026-08-05 12:00:00+00:00,5
7077,14366,721.28,2026-08-07 12:00:00+00:00,4
7078,14363,721.19,2026-09-03 12:00:00+00:00,3
7079,14367,721.31,2026-09-06 12:00:00+00:00,7
7080,14395,504.17,2026-07-27 12:00:00+00:00,3
7081,14398,504.25,2026-07-31 12:00:00+00:00,2
7082,14396,504.20,2026-08-25 12:00:00+00:00,3
7083,14397,504.22,2026-09-27 12:00:00+00:00,7
7084,14419,1371.67,2026-04-04 12:00:00+00:00,6
7085,14420,1371.74,2026-05-04 12:00:00+00:00,3
7086,14425,1372.08,2026-05-07 12:00:00+00:00,6
7087,14421,1371.80,2026-06-06 12:00:00+00:00,1
7088,14422,1371.87,2026-07-06 12:00:00+00:00,2
7089,14426,1372.16,2026-07-06 12:00:00+00:00,4
7090,14423,1371.94,2026-08-03 12:00:00+00:00,1
7091,14427,1372.23,2026-08-05 12:00:00+00:00,6
7092,14424,1372.01,2026-08-31 12:00:00+00:00,5
7093,14428,1372.31,2026-09-04 12:00:00+00:00,5
7094,14437,741.34,2026-07-21 12:00:00+00:00,7
7095,14455,3363.79,2026-03-30 12:00:00+00:00,5
7096,14456,3363.94,2026-05-07 12:00:00+00:00,2
7097,14457,3364.10,2026-06-04 12:00:00+00:00,7
7098,14458,3364.26,2026-06-28 12:00:00+00:00,3
7099,14459,3364.42,2026-08-05 12:00:00+00:00,7
7100,14461,1682.37,2026-09-15 12:00:00+00:00,3
7101,14461,1682.38,2026-10-23 12:00:00+00:00,7
7102,14467,2392.49,2026-06-21 12:00:00+00:00,4
7103,14471,2392.91,2026-06-22 12:00:00+00:00,2
7104,14468,2392.59,2026-07-17 12:00:00+00:00,4
7105,14472,2393.01,2026-07-22 12:00:00+00:00,7
7106,14469,2392.70,2026-08-21 12:00:00+00:00,2
7107,14473,2393.12,2026-08-21 12:00:00+00:00,2
7108,14470,2392.80,2026-09-18 12:00:00+00:00,2
7109,14474,2393.24,2026-09-20 12:00:00+00:00,1
7110,14485,1567.79,2026-03-12 12:00:00+00:00,2
7111,14486,1567.86,2026-04-10 12:00:00+00:00,3
7112,14492,1568.30,2026-04-13 12:00:00+00:00,1
7113,14487,1567.93,2026-05-12 12:00:00+00:00,2
7114,14488,1568.00,2026-06-09 12:00:00+00:00,4
7115,14489,1568.07,2026-07-08 12:00:00+00:00,2
7116,14490,1568.15,2026-08-09 12:00:00+00:00,7
7117,14493,1568.38,2026-08-11 12:00:00+00:00,4
7118,14491,1568.22,2026-09-08 12:00:00+00:00,5
7119,14509,1893.01,2026-01-06 12:00:00+00:00,6
7120,14518,1893.70,2026-01-09 12:00:00+00:00,6
7121,14510,1893.08,2026-02-07 12:00:00+00:00,3
7122,14519,1893.78,2026-02-08 12:00:00+00:00,3
7123,14511,1893.16,2026-03-09 12:00:00+00:00,6
7124,14520,1893.87,2026-03-10 12:00:00+00:00,4
7125,14512,1893.23,2026-04-08 12:00:00+00:00,7
7126,14521,1893.95,2026-04-09 12:00:00+00:00,6
7127,14513,1893.31,2026-05-04 12:00:00+00:00,1
7128,14514,1893.38,2026-06-06 12:00:00+00:00,2
7129,14515,1893.46,2026-07-05 12:00:00+00:00,6
7130,14522,1894.04,2026-07-08 12:00:00+00:00,1
7131,14516,1893.54,2026-08-05 12:00:00+00:00,1
7132,14523,1894.13,2026-08-07 12:00:00+00:00,1
7133,14517,1893.62,2026-09-04 12:00:00+00:00,1
7134,14527,1183.57,2026-06-10 12:00:00+00:00,4
7135,14528,1183.64,2026-07-13 12:00:00+00:00,3
7136,14531,1183.85,2026-07-15 12:00:00+00:00,5
7137,14529,1183.71,2026-08-10 12:00:00+00:00,6
7138,14532,1183.92,2026-08-14 12:00:00+00:00,4
7139,14530,1183.78,2026-09-11 12:00:00+00:00,1
7140,14533,1184.00,2026-09-13 12:00:00+00:00,1
7141,14545,916.37,2025-11-21 12:00:00+00:00,4
7142,14556,916.94,2025-11-25 12:00:00+00:00,3
7143,14546,916.42,2025-12-20 12:00:00+00:00,3
7144,14547,916.46,2026-01-23 12:00:00+00:00,5
7145,14557,917.00,2026-01-24 12:00:00+00:00,7
7146,14548,916.51,2026-02-22 12:00:00+00:00,5
7147,14549,916.56,2026-03-20 12:00:00+00:00,4
7148,14550,916.61,2026-04-21 12:00:00+00:00,7
7149,14558,917.06,2026-04-24 12:00:00+00:00,1
7150,14551,916.66,2026-05-19 12:00:00+00:00,6
7151,14559,917.13,2026-05-24 12:00:00+00:00,2
7152,14552,916.71,2026-06-22 12:00:00+00:00,1
7153,14560,917.19,2026-06-23 12:00:00+00:00,3
7154,14553,916.77,2026-07-22 12:00:00+00:00,4
7155,14554,916.82,2026-08-19 12:00:00+00:00,2
7156,14561,917.26,2026-08-22 12:00:00+00:00,4
7157,14555,916.88,2026-09-18 12:00:00+00:00,3
7158,14569,1052.36,2026-05-05 12:00:00+00:00,3
7159,14570,1052.43,2026-06-05 12:00:00+00:00,2
7160,14571,1052.50,2026-07-05 12:00:00+00:00,4
7161,14572,1052.57,2026-08-11 12:00:00+00:00,7
7162,14587,2580.30,2026-04-01 12:00:00+00:00,2
7163,14594,2581.80,2026-04-02 12:00:00+00:00,3
7164,14588,2580.50,2026-04-28 12:00:00+00:00,1
7165,14595,2582.04,2026-05-02 12:00:00+00:00,1
7166,14589,2580.70,2026-05-30 12:00:00+00:00,1
7167,14590,2580.91,2026-06-28 12:00:00+00:00,5
7168,14591,2581.12,2026-07-30 12:00:00+00:00,2
7169,14596,2582.29,2026-07-31 12:00:00+00:00,6
7170,14592,2581.34,2026-08-26 12:00:00+00:00,3
7171,14597,2582.55,2026-08-30 12:00:00+00:00,4
7172,14593,2581.57,2026-09-29 12:00:00+00:00,5
7173,14599,1896.13,2026-07-06 12:00:00+00:00,5
7174,14602,1896.38,2026-07-06 12:00:00+00:00,1
7175,14600,1896.21,2026-08-05 12:00:00+00:00,7
7176,14603,1896.47,2026-08-05 12:00:00+00:00,4
7177,14601,1896.30,2026-09-04 12:00:00+00:00,3
7178,14623,816.23,2026-05-30 12:00:00+00:00,1
7179,14627,816.35,2026-06-04 12:00:00+00:00,3
7180,14624,816.26,2026-07-04 12:00:00+00:00,5
7181,14628,816.38,2026-07-04 12:00:00+00:00,7
7182,14625,816.29,2026-08-03 12:00:00+00:00,3
7183,14629,816.41,2026-08-03 12:00:00+00:00,2
7184,14626,816.32,2026-08-31 12:00:00+00:00,2
7185,14630,816.44,2026-09-02 12:00:00+00:00,5
7186,14659,135.60,2026-03-22 12:00:00+00:00,5
7187,14666,135.63,2026-03-27 12:00:00+00:00,2
7188,14660,135.60,2026-04-22 12:00:00+00:00,4
7189,14661,135.61,2026-05-24 12:00:00+00:00,7
7190,14662,135.61,2026-06-23 12:00:00+00:00,2
7191,14663,135.62,2026-07-20 12:00:00+00:00,6
7192,14664,135.62,2026-08-20 12:00:00+00:00,6
7193,14667,135.64,2026-08-24 12:00:00+00:00,3
7194,14665,135.63,2026-09-21 12:00:00+00:00,5
7195,14668,135.64,2026-09-23 12:00:00+00:00,2
7196,14695,1506.19,2026-01-14 12:00:00+00:00,6
7197,14704,1506.75,2026-01-19 12:00:00+00:00,2
7198,14696,1506.25,2026-02-17 12:00:00+00:00,6
7199,14697,1506.30,2026-03-20 12:00:00+00:00,6
7200,14698,1506.36,2026-04-16 12:00:00+00:00,2
7201,14705,1506.82,2026-04-19 12:00:00+00:00,1
7202,14699,1506.42,2026-05-17 12:00:00+00:00,6
7203,14706,1506.90,2026-05-19 12:00:00+00:00,2
7204,14700,1506.48,2026-06-13 12:00:00+00:00,4
7205,14707,1506.97,2026-06-18 12:00:00+00:00,7
7206,14701,1506.55,2026-07-15 12:00:00+00:00,3
7207,14708,1507.05,2026-07-18 12:00:00+00:00,6
7208,14702,1506.61,2026-08-13 12:00:00+00:00,1
7209,14703,1506.68,2026-09-11 12:00:00+00:00,4
7210,14731,389.60,2026-03-26 12:00:00+00:00,1
7211,14738,389.71,2026-03-29 12:00:00+00:00,5
7212,14732,389.61,2026-04-27 12:00:00+00:00,7
7213,14739,389.73,2026-04-28 12:00:00+00:00,7
7214,14733,389.63,2026-05-27 12:00:00+00:00,3
7215,14740,389.74,2026-05-28 12:00:00+00:00,4
7216,14734,389.64,2026-06-22 12:00:00+00:00,2
7217,14741,389.76,2026-06-27 12:00:00+00:00,4
7218,14735,389.66,2026-07-26 12:00:00+00:00,3
7219,14742,389.78,2026-07-27 12:00:00+00:00,3
7220,14736,389.68,2026-08-22 12:00:00+00:00,3
7221,14737,389.69,2026-09-24 12:00:00+00:00,4
7222,14743,389.80,2026-09-25 12:00:00+00:00,6
7223,14767,1453.33,2026-01-23 12:00:00+00:00,6
7224,14768,1453.38,2026-02-26 12:00:00+00:00,1
7225,14776,1453.87,2026-02-26 12:00:00+00:00,2
7226,14769,1453.44,2026-03-23 12:00:00+00:00,1
7227,14777,1453.93,2026-03-28 12:00:00+00:00,1
7228,14770,1453.49,2026-04-25 12:00:00+00:00,4
7229,14778,1454.00,2026-04-27 12:00:00+00:00,6
7230,14771,1453.55,2026-05-27 12:00:00+00:00,7
7231,14779,1454.08,2026-05-27 12:00:00+00:00,3
7232,14772,1453.61,2026-06-26 12:00:00+00:00,6
7233,14780,1454.15,2026-06-26 12:00:00+00:00,7
7234,14773,1453.67,2026-07-21 12:00:00+00:00,4
7235,14781,1454.23,2026-07-26 12:00:00+00:00,1
7236,14774,1453.73,2026-08-25 12:00:00+00:00,3
7237,14775,1453.80,2026-09-22 12:00:00+00:00,7
7238,14782,1454.31,2026-09-24 12:00:00+00:00,2
7239,14803,2632.65,2026-05-21 12:00:00+00:00,5
7240,14808,2633.41,2026-05-21 12:00:00+00:00,6
7241,14804,2632.80,2026-06-16 12:00:00+00:00,3
7242,14809,2633.57,2026-06-20 12:00:00+00:00,7
7243,14805,2632.95,2026-07-18 12:00:00+00:00,5
7244,14806,2633.10,2026-08-18 12:00:00+00:00,4
7245,14810,2633.74,2026-08-19 12:00:00+00:00,5
7246,14807,2633.25,2026-09-14 12:00:00+00:00,3
7247,14815,351.71,2025-12-23 12:00:00+00:00,5
7248,14825,351.88,2025-12-27 12:00:00+00:00,5
7249,14816,351.73,2026-01-21 12:00:00+00:00,6
7250,14826,351.89,2026-01-26 12:00:00+00:00,1
7251,14817,351.74,2026-02-22 12:00:00+00:00,4
7252,14827,351.91,2026-02-25 12:00:00+00:00,1
7253,14818,351.76,2026-03-24 12:00:00+00:00,5
7254,14828,351.93,2026-03-27 12:00:00+00:00,7
7255,14819,351.77,2026-04-21 12:00:00+00:00,1
7256,14829,351.95,2026-04-26 12:00:00+00:00,7
7257,14820,351.79,2026-05-23 12:00:00+00:00,5
7258,14830,351.97,2026-05-26 12:00:00+00:00,7
7259,14821,351.81,2026-06-23 12:00:00+00:00,3
7260,14822,351.82,2026-07-25 12:00:00+00:00,2
7261,14823,351.84,2026-08-19 12:00:00+00:00,2
7262,14831,351.99,2026-08-24 12:00:00+00:00,7
7263,14824,351.86,2026-09-18 12:00:00+00:00,7
7264,14832,352.01,2026-09-23 12:00:00+00:00,5
7265,14839,864.99,2026-02-18 12:00:00+00:00,4
7266,14847,865.29,2026-02-21 12:00:00+00:00,4
7267,14840,865.02,2026-03-19 12:00:00+00:00,4
7268,14848,865.33,2026-03-23 12:00:00+00:00,6
7269,14841,865.06,2026-04-19 12:00:00+00:00,3
7270,14842,865.10,2026-05-21 12:00:00+00:00,7
7271,14849,865.37,2026-05-22 12:00:00+00:00,7
7272,14843,865.13,2026-06-18 12:00:00+00:00,4
7273,14844,865.17,2026-07-21 12:00:00+00:00,6
7274,14845,865.21,2026-08-15 12:00:00+00:00,1
7275,14846,865.25,2026-09-14 12:00:00+00:00,1
7276,14850,865.41,2026-09-19 12:00:00+00:00,4
7277,14857,434.48,2026-04-10 12:00:00+00:00,6
7278,14858,434.50,2026-05-18 12:00:00+00:00,2
7279,14859,434.52,2026-06-10 12:00:00+00:00,4
7280,14860,434.54,2026-07-10 12:00:00+00:00,7
7281,14861,434.55,2026-08-05 12:00:00+00:00,2
7282,14863,434.59,2026-10-25 12:00:00+00:00,4
7283,14881,2586.54,2026-01-30 12:00:00+00:00,4
7284,14890,2588.60,2026-01-30 12:00:00+00:00,2
7285,14882,2586.74,2026-02-26 12:00:00+00:00,7
7286,14883,2586.95,2026-03-30 12:00:00+00:00,5
7287,14891,2588.87,2026-03-31 12:00:00+00:00,2
7288,14884,2587.16,2026-04-28 12:00:00+00:00,2
7289,14892,2589.19,2026-04-30 12:00:00+00:00,6
7290,14885,2587.39,2026-05-29 12:00:00+00:00,6
7291,14886,2587.61,2026-06-27 12:00:00+00:00,6
7292,14887,2587.85,2026-07-28 12:00:00+00:00,5
7293,14888,2588.09,2026-08-24 12:00:00+00:00,2
7294,14889,2588.34,2026-09-25 12:00:00+00:00,5
7295,14893,1737.44,2026-05-26 12:00:00+00:00,5
7296,14894,1737.55,2026-06-26 12:00:00+00:00,5
7297,14898,1738.03,2026-06-28 12:00:00+00:00,1
7298,14895,1737.67,2026-07-23 12:00:00+00:00,1
7299,14899,1738.15,2026-07-28 12:00:00+00:00,4
7300,14896,1737.78,2026-08-25 12:00:00+00:00,5
7301,14900,1738.28,2026-08-27 12:00:00+00:00,6
7302,14897,1737.90,2026-09-25 12:00:00+00:00,4
7303,14901,1738.41,2026-09-26 12:00:00+00:00,1
7304,14905,2025.96,2026-04-09 12:00:00+00:00,5
7305,14906,2026.10,2026-05-11 12:00:00+00:00,1
7306,14911,2026.85,2026-05-14 12:00:00+00:00,6
7307,14907,2026.24,2026-06-08 12:00:00+00:00,2
7308,14912,2027.01,2026-06-13 12:00:00+00:00,2
7309,14908,2026.39,2026-07-12 12:00:00+00:00,2
7310,14909,2026.54,2026-08-11 12:00:00+00:00,3
7311,14910,2026.69,2026-09-08 12:00:00+00:00,1
7312,14917,1074.38,2026-02-19 12:00:00+00:00,4
7313,14918,1074.44,2026-03-19 12:00:00+00:00,7
7314,14919,1074.51,2026-04-18 12:00:00+00:00,6
7315,14925,1074.98,2026-04-23 12:00:00+00:00,2
7316,14920,1074.59,2026-05-19 12:00:00+00:00,2
7317,14926,1075.07,2026-05-23 12:00:00+00:00,7
7318,14921,1074.66,2026-06-18 12:00:00+00:00,3
7319,14922,1074.74,2026-07-21 12:00:00+00:00,3
7320,14923,1074.82,2026-08-20 12:00:00+00:00,7
7321,14927,1075.16,2026-08-21 12:00:00+00:00,5
7322,14924,1074.90,2026-09-18 12:00:00+00:00,1
7323,14928,1075.25,2026-09-20 12:00:00+00:00,6
7324,14935,994.32,2026-07-27 12:00:00+00:00,7
7325,14938,994.44,2026-07-30 12:00:00+00:00,4
7326,14936,994.36,2026-08-24 12:00:00+00:00,6
7327,14939,994.48,2026-08-29 12:00:00+00:00,1
7328,14937,994.40,2026-09-25 12:00:00+00:00,2
7329,14959,210.00,2025-11-24 12:00:00+00:00,6
7330,14960,210.01,2025-12-23 12:00:00+00:00,2
7331,14961,210.02,2026-02-01 12:00:00+00:00,2
7332,14962,210.03,2026-02-19 12:00:00+00:00,3
7333,14963,210.04,2026-03-31 12:00:00+00:00,6
7334,14964,210.06,2026-04-27 12:00:00+00:00,3
7335,14965,210.07,2026-06-02 12:00:00+00:00,5
7336,14966,210.08,2026-06-24 12:00:00+00:00,5
7337,14967,210.09,2026-07-27 12:00:00+00:00,4
7338,14968,210.11,2026-08-22 12:00:00+00:00,2
7339,14983,1285.12,2026-02-28 12:00:00+00:00,5
7340,14984,1285.16,2026-04-03 12:00:00+00:00,6
7341,14985,1285.20,2026-04-29 12:00:00+00:00,7
7342,14990,1285.43,2026-05-04 12:00:00+00:00,5
7343,14986,1285.25,2026-06-02 12:00:00+00:00,7
7344,14991,1285.48,2026-06-03 12:00:00+00:00,5
7345,14987,1285.29,2026-07-01 12:00:00+00:00,2
7346,14992,1285.53,2026-07-03 12:00:00+00:00,4
7347,14988,1285.34,2026-08-02 12:00:00+00:00,3
7348,14989,1285.38,2026-08-28 12:00:00+00:00,4
7349,15019,1232.04,2026-06-10 12:00:00+00:00,1
7350,15020,1232.13,2026-07-10 12:00:00+00:00,3
7351,15021,1232.21,2026-08-12 12:00:00+00:00,4
7352,15023,1232.40,2026-08-12 12:00:00+00:00,1
7353,15022,1232.30,2026-09-07 12:00:00+00:00,3
7354,15024,1232.49,2026-09-11 12:00:00+00:00,6
7355,15031,810.69,2026-06-13 12:00:00+00:00,6
7356,15035,810.80,2026-06-14 12:00:00+00:00,4
7357,15032,810.72,2026-07-14 12:00:00+00:00,6
7358,15036,810.83,2026-07-14 12:00:00+00:00,4
7359,15033,810.75,2026-08-12 12:00:00+00:00,5
7360,15034,810.77,2026-09-09 12:00:00+00:00,5
7361,15037,810.86,2026-09-12 12:00:00+00:00,5
7362,15067,1337.97,2026-02-28 12:00:00+00:00,4
7363,15075,1338.59,2026-03-04 12:00:00+00:00,2
7364,15068,1338.04,2026-03-31 12:00:00+00:00,2
7365,15076,1338.68,2026-04-03 12:00:00+00:00,4
7366,15069,1338.11,2026-04-30 12:00:00+00:00,3
7367,15070,1338.19,2026-06-02 12:00:00+00:00,2
7368,15071,1338.26,2026-06-28 12:00:00+00:00,1
7369,15072,1338.34,2026-07-31 12:00:00+00:00,1
7370,15077,1338.77,2026-08-01 12:00:00+00:00,4
7371,15073,1338.42,2026-08-26 12:00:00+00:00,5
7372,15078,1338.87,2026-08-31 12:00:00+00:00,7
7373,15074,1338.51,2026-09-25 12:00:00+00:00,1
7374,15079,1338.97,2026-09-30 12:00:00+00:00,7
7375,15091,846.71,2026-07-28 12:00:00+00:00,4
7376,15092,846.75,2026-08-26 12:00:00+00:00,5
7377,15094,846.82,2026-08-30 12:00:00+00:00,7
7378,15093,846.78,2026-09-28 12:00:00+00:00,3
7379,15103,3018.25,2026-07-28 12:00:00+00:00,3
7380,15104,3018.38,2026-08-24 12:00:00+00:00,7
7381,15106,3018.64,2026-08-27 12:00:00+00:00,4
7382,15105,3018.51,2026-09-23 12:00:00+00:00,7
7383,15115,963.15,2026-01-07 12:00:00+00:00,7
7384,15124,963.48,2026-01-11 12:00:00+00:00,2
7385,15116,963.18,2026-02-09 12:00:00+00:00,6
7386,15125,963.52,2026-02-10 12:00:00+00:00,4
7387,15117,963.21,2026-03-08 12:00:00+00:00,3
7388,15126,963.56,2026-03-12 12:00:00+00:00,5
7389,15118,963.25,2026-04-08 12:00:00+00:00,5
7390,15127,963.60,2026-04-11 12:00:00+00:00,6
7391,15119,963.29,2026-05-09 12:00:00+00:00,3
7392,15128,963.64,2026-05-11 12:00:00+00:00,1
7393,15120,963.32,2026-06-06 12:00:00+00:00,4
7394,15121,963.36,2026-07-10 12:00:00+00:00,7
7395,15129,963.69,2026-07-10 12:00:00+00:00,2
7396,15122,963.40,2026-08-08 12:00:00+00:00,7
7397,15123,963.44,2026-09-08 12:00:00+00:00,6
7398,15151,2907.82,2026-01-19 12:00:00+00:00,1
7399,15160,2909.73,2026-01-19 12:00:00+00:00,5
7400,15152,2908.01,2026-02-15 12:00:00+00:00,3
7401,15161,2909.96,2026-02-18 12:00:00+00:00,5
7402,15153,2908.21,2026-03-20 12:00:00+00:00,5
7403,15154,2908.41,2026-04-14 12:00:00+00:00,6
7404,15162,2910.19,2026-04-19 12:00:00+00:00,6
7405,15155,2908.62,2026-05-18 12:00:00+00:00,6
7406,15156,2908.83,2026-06-14 12:00:00+00:00,1
7407,15157,2909.04,2026-07-16 12:00:00+00:00,2
7408,15158,2909.26,2026-08-16 12:00:00+00:00,4
7409,15159,2909.49,2026-09-12 12:00:00+00:00,6
7410,15163,517.26,2026-08-03 12:00:00+00:00,3
7411,15187,2345.66,2026-01-14 12:00:00+00:00,5
7412,15196,2346.74,2026-01-19 12:00:00+00:00,1
7413,15188,2345.77,2026-02-13 12:00:00+00:00,4
7414,15197,2346.87,2026-02-18 12:00:00+00:00,7
7415,15189,2345.88,2026-03-16 12:00:00+00:00,1
7416,15198,2347.01,2026-03-20 12:00:00+00:00,6
7417,15190,2346.00,2026-04-19 12:00:00+00:00,7
7418,15199,2347.14,2026-04-19 12:00:00+00:00,1
7419,15191,2346.12,2026-05-17 12:00:00+00:00,7
7420,15200,2347.28,2026-05-19 12:00:00+00:00,3
7421,15192,2346.24,2026-06-17 12:00:00+00:00,4
7422,15201,2347.42,2026-06-18 12:00:00+00:00,3
7423,15193,2346.36,2026-07-18 12:00:00+00:00,4
7424,15202,2347.57,2026-07-18 12:00:00+00:00,4
7425,15194,2346.48,2026-08-15 12:00:00+00:00,5
7426,15203,2347.72,2026-08-17 12:00:00+00:00,6
7427,15195,2346.61,2026-09-11 12:00:00+00:00,4
7428,15204,2347.97,2026-09-16 12:00:00+00:00,5
7429,15205,1754.12,2026-06-06 12:00:00+00:00,1
7430,15206,1754.26,2026-07-19 12:00:00+00:00,3
7431,15207,1754.40,2026-08-15 12:00:00+00:00,7
7432,15209,1754.68,2026-10-26 12:00:00+00:00,1
7433,15217,285.94,2025-11-08 12:00:00+00:00,7
7434,15228,286.07,2025-11-11 12:00:00+00:00,2
7435,15218,285.95,2025-12-09 12:00:00+00:00,3
7436,15229,286.08,2025-12-11 12:00:00+00:00,2
7437,15219,285.96,2026-01-09 12:00:00+00:00,2
7438,15230,286.10,2026-01-10 12:00:00+00:00,3
7439,15220,285.97,2026-02-07 12:00:00+00:00,2
7440,15231,286.11,2026-02-09 12:00:00+00:00,3
7441,15221,285.98,2026-03-06 12:00:00+00:00,1
7442,15222,285.99,2026-04-09 12:00:00+00:00,2
7443,15232,286.13,2026-04-10 12:00:00+00:00,6
7444,15223,286.00,2026-05-06 12:00:00+00:00,5
7445,15224,286.01,2026-06-09 12:00:00+00:00,5
7446,15225,286.03,2026-07-05 12:00:00+00:00,6
7447,15233,286.14,2026-07-09 12:00:00+00:00,5
7448,15226,286.04,2026-08-04 12:00:00+00:00,2
7449,15227,286.05,2026-09-06 12:00:00+00:00,7
7450,15234,286.16,2026-09-07 12:00:00+00:00,3
7451,15253,766.04,2026-02-09 12:00:00+00:00,5
7452,15261,766.39,2026-02-10 12:00:00+00:00,3
7453,15254,766.08,2026-03-11 12:00:00+00:00,3
7454,15262,766.44,2026-03-12 12:00:00+00:00,3
7455,15255,766.12,2026-04-11 12:00:00+00:00,3
7456,15256,766.16,2026-05-08 12:00:00+00:00,7
7457,15263,766.49,2026-05-11 12:00:00+00:00,5
7458,15257,766.21,2026-06-08 12:00:00+00:00,5
7459,15264,766.54,2026-06-10 12:00:00+00:00,5
7460,15258,766.25,2026-07-09 12:00:00+00:00,4
7461,15259,766.30,2026-08-07 12:00:00+00:00,7
7462,15265,766.60,2026-08-09 12:00:00+00:00,5
7463,15260,766.34,2026-09-08 12:00:00+00:00,5
7464,15277,1008.58,2026-02-28 12:00:00+00:00,2
7465,15285,1009.16,2026-02-28 12:00:00+00:00,1
7466,15278,1008.65,2026-03-25 12:00:00+00:00,4
7467,15286,1009.24,2026-03-30 12:00:00+00:00,2
7468,15279,1008.72,2026-04-29 12:00:00+00:00,7
7469,15280,1008.79,2026-05-26 12:00:00+00:00,4
7470,15281,1008.86,2026-06-23 12:00:00+00:00,2
7471,15282,1008.93,2026-07-27 12:00:00+00:00,1
7472,15283,1009.01,2026-08-22 12:00:00+00:00,2
7473,15287,1009.33,2026-08-27 12:00:00+00:00,1
7474,15284,1009.08,2026-09-25 12:00:00+00:00,7
7475,15288,1009.45,2026-09-26 12:00:00+00:00,1
7476,15289,1917.39,2026-06-28 12:00:00+00:00,5
7477,15293,1917.74,2026-06-28 12:00:00+00:00,7
7478,15290,1917.48,2026-07-28 12:00:00+00:00,6
7479,15294,1917.84,2026-07-28 12:00:00+00:00,4
7480,15291,1917.56,2026-08-25 12:00:00+00:00,1
7481,15292,1917.65,2026-09-23 12:00:00+00:00,2
7482,15295,1917.93,2026-09-26 12:00:00+00:00,1
7483,15307,821.17,2025-12-16 12:00:00+00:00,5
7484,15308,821.20,2026-01-13 12:00:00+00:00,4
7485,15309,821.23,2026-02-15 12:00:00+00:00,5
7486,15310,821.27,2026-03-12 12:00:00+00:00,7
7487,15311,821.30,2026-04-04 12:00:00+00:00,4
7488,15312,821.33,2026-05-12 12:00:00+00:00,4
7489,15313,821.36,2026-06-08 12:00:00+00:00,3
7490,15314,821.40,2026-07-09 12:00:00+00:00,4
7491,15315,821.43,2026-08-05 12:00:00+00:00,6
7492,15325,1402.67,2026-06-19 12:00:00+00:00,7
7493,15329,1402.85,2026-06-22 12:00:00+00:00,7
7494,15326,1402.71,2026-07-21 12:00:00+00:00,6
7495,15327,1402.76,2026-08-19 12:00:00+00:00,3
7496,15330,1402.90,2026-08-21 12:00:00+00:00,6
7497,15328,1402.81,2026-09-15 12:00:00+00:00,5
7498,15361,894.47,2026-03-17 12:00:00+00:00,7
7499,15362,894.52,2026-04-18 12:00:00+00:00,3
7500,15363,894.57,2026-05-20 12:00:00+00:00,5
7501,15368,894.83,2026-05-21 12:00:00+00:00,6
7502,15364,894.62,2026-06-15 12:00:00+00:00,7
7503,15369,894.89,2026-06-20 12:00:00+00:00,1
7504,15365,894.67,2026-07-16 12:00:00+00:00,2
7505,15370,894.95,2026-07-20 12:00:00+00:00,1
7506,15366,894.72,2026-08-16 12:00:00+00:00,5
7507,15371,895.01,2026-08-19 12:00:00+00:00,6
7508,15367,894.78,2026-09-13 12:00:00+00:00,2
7509,15372,895.07,2026-09-18 12:00:00+00:00,5
7510,15379,595.67,2025-11-30 12:00:00+00:00,1
7511,15380,595.69,2025-12-26 12:00:00+00:00,4
7512,15390,595.92,2025-12-31 12:00:00+00:00,7
7513,15381,595.71,2026-01-27 12:00:00+00:00,7
7514,15382,595.73,2026-02-24 12:00:00+00:00,3
7515,15391,595.95,2026-03-01 12:00:00+00:00,6
7516,15383,595.75,2026-03-30 12:00:00+00:00,2
7517,15392,595.98,2026-03-31 12:00:00+00:00,6
7518,15384,595.78,2026-04-27 12:00:00+00:00,7
7519,15393,596.00,2026-04-30 12:00:00+00:00,2
7520,15385,595.80,2026-05-30 12:00:00+00:00,7
7521,15394,596.03,2026-05-30 12:00:00+00:00,5
7522,15386,595.82,2026-06-26 12:00:00+00:00,1
7523,15387,595.85,2026-07-25 12:00:00+00:00,5
7524,15388,595.87,2026-08-25 12:00:00+00:00,7
7525,15395,596.06,2026-08-28 12:00:00+00:00,2
7526,15389,595.90,2026-09-27 12:00:00+00:00,4
7527,15415,2101.73,2026-01-18 12:00:00+00:00,2
7528,15424,2103.18,2026-01-23 12:00:00+00:00,1
7529,15416,2101.87,2026-02-20 12:00:00+00:00,1
7530,15425,2103.36,2026-02-22 12:00:00+00:00,7
7531,15417,2102.02,2026-03-19 12:00:00+00:00,3
7532,15426,2103.56,2026-03-24 12:00:00+00:00,4
7533,15418,2102.17,2026-04-18 12:00:00+00:00,4
7534,15419,2102.33,2026-05-23 12:00:00+00:00,4
7535,15420,2102.49,2026-06-18 12:00:00+00:00,7
7536,15421,2102.66,2026-07-20 12:00:00+00:00,5
7537,15422,2102.83,2026-08-17 12:00:00+00:00,2
7538,15423,2103.00,2026-09-18 12:00:00+00:00,1
7539,15427,471.21,2026-03-20 12:00:00+00:00,5
7540,15434,471.48,2026-03-23 12:00:00+00:00,6
7541,15428,471.24,2026-04-22 12:00:00+00:00,1
7542,15435,471.52,2026-04-22 12:00:00+00:00,7
7543,15429,471.28,2026-05-21 12:00:00+00:00,2
7544,15430,471.32,2026-06-19 12:00:00+00:00,3
7545,15436,471.57,2026-06-21 12:00:00+00:00,5
7546,15431,471.36,2026-07-19 12:00:00+00:00,3
7547,15437,471.62,2026-07-21 12:00:00+00:00,5
7548,15432,471.40,2026-08-20 12:00:00+00:00,7
7549,15438,471.72,2026-08-20 12:00:00+00:00,6
7550,15433,471.44,2026-09-18 12:00:00+00:00,6
7551,15439,1401.57,2026-03-11 12:00:00+00:00,4
7552,15446,1402.27,2026-03-12 12:00:00+00:00,5
7553,15440,1401.66,2026-04-08 12:00:00+00:00,7
7554,15447,1402.38,2026-04-11 12:00:00+00:00,4
7555,15441,1401.75,2026-05-09 12:00:00+00:00,6
7556,15442,1401.85,2026-06-05 12:00:00+00:00,2
7557,15443,1401.95,2026-07-08 12:00:00+00:00,2
7558,15448,1402.50,2026-07-10 12:00:00+00:00,6
7559,15444,1402.05,2026-08-05 12:00:00+00:00,6
7560,15445,1402.16,2026-09-06 12:00:00+00:00,2
7561,15449,1402.62,2026-09-08 12:00:00+00:00,4
7562,15457,1154.05,2026-05-22 12:00:00+00:00,1
7563,15462,1154.50,2026-05-25 12:00:00+00:00,7
7564,15458,1154.13,2026-06-22 12:00:00+00:00,5
7565,15459,1154.22,2026-07-21 12:00:00+00:00,7
7566,15463,1154.60,2026-07-24 12:00:00+00:00,4
7567,15460,1154.31,2026-08-22 12:00:00+00:00,1
7568,15464,1154.70,2026-08-23 12:00:00+00:00,7
7569,15461,1154.40,2026-09-17 12:00:00+00:00,7
7570,15465,1154.81,2026-09-22 12:00:00+00:00,5
7571,15469,1212.37,2026-02-01 12:00:00+00:00,4
7572,15477,1212.81,2026-02-03 12:00:00+00:00,3
7573,15470,1212.42,2026-02-28 12:00:00+00:00,1
7574,15478,1212.87,2026-03-05 12:00:00+00:00,1
7575,15471,1212.48,2026-03-31 12:00:00+00:00,6
7576,15472,1212.53,2026-05-02 12:00:00+00:00,2
7577,15479,1212.93,2026-05-04 12:00:00+00:00,1
7578,15473,1212.58,2026-05-30 12:00:00+00:00,2
7579,15474,1212.64,2026-07-03 12:00:00+00:00,2
7580,15475,1212.69,2026-07-29 12:00:00+00:00,1
7581,15480,1212.99,2026-08-02 12:00:00+00:00,7
7582,15476,1212.75,2026-08-30 12:00:00+00:00,4
7583,15481,1213.05,2026-09-01 12:00:00+00:00,5
7584,15493,2190.68,2026-04-15 12:00:00+00:00,4
7585,15499,2191.24,2026-04-16 12:00:00+00:00,7
7586,15494,2190.77,2026-05-16 12:00:00+00:00,2
7587,15495,2190.86,2026-06-14 12:00:00+00:00,3
7588,15500,2191.34,2026-06-15 12:00:00+00:00,3
7589,15496,2190.96,2026-07-13 12:00:00+00:00,7
7590,15497,2191.05,2026-08-14 12:00:00+00:00,5
7591,15501,2191.44,2026-08-14 12:00:00+00:00,6
7592,15498,2191.14,2026-09-13 12:00:00+00:00,2
7593,15502,2191.54,2026-09-13 12:00:00+00:00,1
7594,15511,235.09,2026-01-01 12:00:00+00:00,6
7595,15521,235.22,2026-01-02 12:00:00+00:00,6
7596,15512,235.11,2026-01-29 12:00:00+00:00,1
7597,15522,235.24,2026-02-01 12:00:00+00:00,5
7598,15513,235.12,2026-03-01 12:00:00+00:00,3
7599,15514,235.13,2026-03-29 12:00:00+00:00,6
7600,15523,235.25,2026-04-02 12:00:00+00:00,7
7601,15515,235.14,2026-04-30 12:00:00+00:00,3
7602,15524,235.27,2026-05-02 12:00:00+00:00,1
7603,15516,235.15,2026-05-28 12:00:00+00:00,1
7604,15517,235.17,2026-06-26 12:00:00+00:00,2
7605,15518,235.18,2026-07-26 12:00:00+00:00,5
7606,15525,235.28,2026-07-31 12:00:00+00:00,6
7607,15519,235.19,2026-08-26 12:00:00+00:00,4
7608,15526,235.30,2026-08-30 12:00:00+00:00,2
7609,15520,235.21,2026-09-24 12:00:00+00:00,5
7610,15527,235.31,2026-09-29 12:00:00+00:00,4
7611,15535,3503.39,2026-02-16 12:00:00+00:00,3
7612,15543,3505.13,2026-02-21 12:00:00+00:00,5
7613,15536,3503.59,2026-03-21 12:00:00+00:00,6
7614,15544,3505.37,2026-03-23 12:00:00+00:00,2
7615,15537,3503.80,2026-04-22 12:00:00+00:00,7
7616,15545,3505.61,2026-04-22 12:00:00+00:00,6
7617,15538,3504.01,2026-05-21 12:00:00+00:00,6
7618,15546,3505.92,2026-05-22 12:00:00+00:00,4
7619,15539,3504.22,2026-06-17 12:00:00+00:00,6
7620,15540,3504.44,2026-07-19 12:00:00+00:00,2
7621,15541,3504.67,2026-08-17 12:00:00+00:00,1
7622,15542,3504.90,2026-09-14 12:00:00+00:00,2
7623,15547,772.09,2026-02-25 12:00:00+00:00,2
7624,15555,772.32,2026-03-02 12:00:00+00:00,5
7625,15548,772.12,2026-03-31 12:00:00+00:00,3
7626,15556,772.35,2026-04-01 12:00:00+00:00,1
7627,15549,772.15,2026-05-01 12:00:00+00:00,2
7628,15557,772.38,2026-05-01 12:00:00+00:00,4
7629,15550,772.18,2026-05-28 12:00:00+00:00,2
7630,15558,772.41,2026-05-31 12:00:00+00:00,7
7631,15551,772.20,2026-06-26 12:00:00+00:00,1
7632,15552,772.23,2026-07-27 12:00:00+00:00,6
7633,15553,772.26,2026-08-29 12:00:00+00:00,5
7634,15559,772.45,2026-08-29 12:00:00+00:00,1
7635,15554,772.29,2026-09-26 12:00:00+00:00,4
7636,15560,772.48,2026-09-28 12:00:00+00:00,4
7637,15571,2036.14,2026-03-09 12:00:00+00:00,7
7638,15578,2036.70,2026-03-11 12:00:00+00:00,1
7639,15572,2036.22,2026-04-06 12:00:00+00:00,7
7640,15573,2036.29,2026-05-09 12:00:00+00:00,4
7641,15574,2036.37,2026-06-08 12:00:00+00:00,1
7642,15579,2036.79,2026-06-09 12:00:00+00:00,1
7643,15575,2036.45,2026-07-07 12:00:00+00:00,1
7644,15576,2036.54,2026-08-03 12:00:00+00:00,7
7645,15577,2036.62,2026-09-06 12:00:00+00:00,3
7646,15589,1967.03,2025-11-17 12:00:00+00:00,3
7647,15600,1968.60,2025-11-19 12:00:00+00:00,3
7648,15590,1967.15,2025-12-19 12:00:00+00:00,5
7649,15601,1968.77,2025-12-19 12:00:00+00:00,2
7650,15591,1967.28,2026-01-17 12:00:00+00:00,4
7651,15602,1968.95,2026-01-18 12:00:00+00:00,3
7652,15592,1967.41,2026-02-15 12:00:00+00:00,3
7653,15593,1967.54,2026-03-18 12:00:00+00:00,4
7654,15594,1967.68,2026-04-16 12:00:00+00:00,1
7655,15595,1967.82,2026-05-16 12:00:00+00:00,5
7656,15596,1967.97,2026-06-16 12:00:00+00:00,5
7657,15603,1969.13,2026-06-17 12:00:00+00:00,2
7658,15597,1968.12,2026-07-14 12:00:00+00:00,1
7659,15604,1969.31,2026-07-17 12:00:00+00:00,3
7660,15598,1968.27,2026-08-12 12:00:00+00:00,5
7661,15599,1968.43,2026-09-12 12:00:00+00:00,3
7662,15607,735.32,2026-05-08 12:00:00+00:00,3
7663,15608,735.35,2026-06-05 12:00:00+00:00,2
7664,15612,735.52,2026-06-10 12:00:00+00:00,4
7665,15609,735.39,2026-07-10 12:00:00+00:00,3
7666,15610,735.43,2026-08-07 12:00:00+00:00,6
7667,15611,735.47,2026-09-08 12:00:00+00:00,3
7668,15613,735.56,2026-09-08 12:00:00+00:00,3
7669,15625,3544.39,2026-06-17 12:00:00+00:00,1
7670,15629,3545.28,2026-06-18 12:00:00+00:00,1
7671,15626,3544.61,2026-07-15 12:00:00+00:00,1
7672,15627,3544.83,2026-08-13 12:00:00+00:00,7
7673,15630,3545.52,2026-08-17 12:00:00+00:00,5
7674,15628,3545.05,2026-09-14 12:00:00+00:00,4
7675,15637,1168.52,2026-01-20 12:00:00+00:00,2
7676,15646,1169.30,2026-01-20 12:00:00+00:00,3
7677,15638,1168.60,2026-02-17 12:00:00+00:00,6
7678,15639,1168.68,2026-03-18 12:00:00+00:00,4
7679,15647,1169.40,2026-03-21 12:00:00+00:00,7
7680,15640,1168.76,2026-04-20 12:00:00+00:00,2
7681,15648,1169.51,2026-04-20 12:00:00+00:00,4
7682,15641,1168.84,2026-05-16 12:00:00+00:00,2
7683,15649,1169.61,2026-05-20 12:00:00+00:00,1
7684,15642,1168.93,2026-06-18 12:00:00+00:00,4
7685,15643,1169.01,2026-07-15 12:00:00+00:00,4
7686,15644,1169.11,2026-08-16 12:00:00+00:00,2
7687,15650,1169.73,2026-08-18 12:00:00+00:00,2
7688,15645,1169.20,2026-09-12 12:00:00+00:00,4
7689,15651,1169.84,2026-09-17 12:00:00+00:00,2
7690,15655,1190.91,2026-05-19 12:00:00+00:00,7
7691,15656,1190.97,2026-06-13 12:00:00+00:00,4
7692,15657,1191.02,2026-07-25 12:00:00+00:00,4
7693,15658,1191.08,2026-08-11 12:00:00+00:00,5
7694,15667,1207.56,2026-03-25 12:00:00+00:00,1
7695,15674,1207.94,2026-03-27 12:00:00+00:00,7
7696,15668,1207.61,2026-04-23 12:00:00+00:00,3
7697,15669,1207.67,2026-05-25 12:00:00+00:00,3
7698,15670,1207.72,2026-06-21 12:00:00+00:00,5
7699,15671,1207.78,2026-07-23 12:00:00+00:00,7
7700,15672,1207.83,2026-08-24 12:00:00+00:00,3
7701,15673,1207.89,2026-09-18 12:00:00+00:00,2
7702,15675,1208.00,2026-09-23 12:00:00+00:00,6
7703,15679,2352.30,2025-12-10 12:00:00+00:00,3
7704,15680,2352.41,2026-01-08 12:00:00+00:00,5
7705,15689,2353.53,2026-01-12 12:00:00+00:00,4
7706,15681,2352.53,2026-02-10 12:00:00+00:00,2
7707,15690,2353.69,2026-02-11 12:00:00+00:00,5
7708,15682,2352.64,2026-03-12 12:00:00+00:00,2
7709,15683,2352.76,2026-04-08 12:00:00+00:00,5
7710,15684,2352.89,2026-05-11 12:00:00+00:00,1
7711,15685,2353.01,2026-06-11 12:00:00+00:00,1
7712,15686,2353.14,2026-07-10 12:00:00+00:00,7
7713,15687,2353.26,2026-08-08 12:00:00+00:00,3
7714,15688,2353.39,2026-09-08 12:00:00+00:00,6
7715,15691,1311.93,2026-06-22 12:00:00+00:00,3
7716,15692,1311.99,2026-07-19 12:00:00+00:00,1
7717,15693,1312.05,2026-08-17 12:00:00+00:00,4
7718,15695,1312.16,2026-08-22 12:00:00+00:00,7
7719,15694,1312.10,2026-09-16 12:00:00+00:00,3
7720,15696,1312.22,2026-09-21 12:00:00+00:00,3
7721,15709,143.98,2026-03-04 12:00:00+00:00,4
7722,15716,144.02,2026-03-09 12:00:00+00:00,1
7723,15710,143.99,2026-04-07 12:00:00+00:00,2
7724,15711,144.00,2026-05-08 12:00:00+00:00,2
7725,15717,144.03,2026-05-08 12:00:00+00:00,3
7726,15712,144.00,2026-06-07 12:00:00+00:00,7
7727,15718,144.04,2026-06-07 12:00:00+00:00,6
7728,15713,144.01,2026-07-03 12:00:00+00:00,1
7729,15719,144.04,2026-07-07 12:00:00+00:00,1
7730,15714,144.01,2026-08-05 12:00:00+00:00,5
7731,15715,144.02,2026-09-03 12:00:00+00:00,3
7732,15745,2417.80,2026-04-01 12:00:00+00:00,7
7733,15752,2418.58,2026-04-01 12:00:00+00:00,4
7734,15746,2417.91,2026-04-26 12:00:00+00:00,3
7735,15753,2418.70,2026-05-01 12:00:00+00:00,2
7736,15747,2418.01,2026-05-27 12:00:00+00:00,2
7737,15754,2418.82,2026-05-31 12:00:00+00:00,1
7738,15748,2418.12,2026-06-26 12:00:00+00:00,7
7739,15749,2418.24,2026-07-28 12:00:00+00:00,4
7740,15755,2418.95,2026-07-30 12:00:00+00:00,3
7741,15750,2418.35,2026-08-24 12:00:00+00:00,4
7742,15756,2419.13,2026-08-29 12:00:00+00:00,2
7743,15751,2418.47,2026-09-24 12:00:00+00:00,3
7744,15757,1465.57,2026-01-30 12:00:00+00:00,5
7745,15758,1465.66,2026-03-03 12:00:00+00:00,2
7746,15765,1466.31,2026-03-06 12:00:00+00:00,5
7747,15759,1465.74,2026-04-03 12:00:00+00:00,1
7748,15766,1466.42,2026-04-05 12:00:00+00:00,7
7749,15760,1465.83,2026-05-05 12:00:00+00:00,1
7750,15767,1466.52,2026-05-05 12:00:00+00:00,3
7751,15761,1465.92,2026-06-03 12:00:00+00:00,5
7752,15768,1466.63,2026-06-04 12:00:00+00:00,1
7753,15762,1466.02,2026-06-29 12:00:00+00:00,5
7754,15769,1466.74,2026-07-04 12:00:00+00:00,4
7755,15763,1466.11,2026-08-02 12:00:00+00:00,7
7756,15770,1466.86,2026-08-03 12:00:00+00:00,5
7757,15764,1466.21,2026-08-31 12:00:00+00:00,3
7758,15775,1783.29,2025-12-09 12:00:00+00:00,4
7759,15776,1783.38,2026-01-07 12:00:00+00:00,5
7760,15777,1783.46,2026-02-07 12:00:00+00:00,1
7761,15778,1783.56,2026-03-04 12:00:00+00:00,4
7762,15779,1783.65,2026-04-04 12:00:00+00:00,1
7763,15780,1783.75,2026-05-03 12:00:00+00:00,6
7764,15785,1784.26,2026-05-08 12:00:00+00:00,4
7765,15781,1783.84,2026-06-06 12:00:00+00:00,3
7766,15786,1784.38,2026-06-07 12:00:00+00:00,7
7767,15782,1783.95,2026-07-06 12:00:00+00:00,4
7768,15787,1784.49,2026-07-07 12:00:00+00:00,3
7769,15783,1784.05,2026-08-03 12:00:00+00:00,2
7770,15788,1784.61,2026-08-06 12:00:00+00:00,1
7771,15784,1784.16,2026-09-02 12:00:00+00:00,7
7772,15789,1784.73,2026-09-05 12:00:00+00:00,5
7773,15799,253.07,2026-07-16 12:00:00+00:00,1
7774,15800,253.08,2026-08-15 12:00:00+00:00,3
7775,15801,253.09,2026-09-11 12:00:00+00:00,6
7776,15802,253.10,2026-09-15 12:00:00+00:00,3
7777,15835,2738.56,2026-03-29 12:00:00+00:00,1
7778,15836,2738.77,2026-04-30 12:00:00+00:00,1
7779,15837,2738.99,2026-05-28 12:00:00+00:00,1
7780,15842,2740.18,2026-06-01 12:00:00+00:00,2
7781,15838,2739.21,2026-07-01 12:00:00+00:00,4
7782,15839,2739.44,2026-07-30 12:00:00+00:00,5
7783,15843,2740.44,2026-07-31 12:00:00+00:00,1
7784,15840,2739.68,2026-08-28 12:00:00+00:00,5
7785,15844,2740.72,2026-08-30 12:00:00+00:00,2
7786,15841,2739.93,2026-09-26 12:00:00+00:00,4
7787,15847,1433.77,2026-07-18 12:00:00+00:00,5
7788,15848,1433.84,2026-08-18 12:00:00+00:00,7
7789,15849,1433.92,2026-09-15 12:00:00+00:00,7
7790,15865,1279.71,2026-05-07 12:00:00+00:00,5
7791,15870,1280.13,2026-05-12 12:00:00+00:00,2
7792,15866,1279.79,2026-06-11 12:00:00+00:00,2
7793,15867,1279.87,2026-07-11 12:00:00+00:00,1
7794,15868,1279.96,2026-08-10 12:00:00+00:00,1
7795,15871,1280.22,2026-08-10 12:00:00+00:00,1
7796,15869,1280.04,2026-09-07 12:00:00+00:00,4
7797,15872,1280.32,2026-09-09 12:00:00+00:00,3
7798,15883,333.03,2025-11-29 12:00:00+00:00,2
7799,15884,333.05,2025-12-29 12:00:00+00:00,3
7800,15894,333.30,2025-12-31 12:00:00+00:00,2
7801,15885,333.08,2026-01-28 12:00:00+00:00,6
7802,15895,333.33,2026-01-30 12:00:00+00:00,2
7803,15886,333.10,2026-02-27 12:00:00+00:00,4
7804,15896,333.36,2026-03-01 12:00:00+00:00,6
7805,15887,333.12,2026-03-29 12:00:00+00:00,7
7806,15888,333.14,2026-04-27 12:00:00+00:00,3
7807,15889,333.17,2026-05-28 12:00:00+00:00,7
7808,15897,333.39,2026-05-30 12:00:00+00:00,3
7809,15890,333.19,2026-06-24 12:00:00+00:00,2
7810,15898,333.42,2026-06-29 12:00:00+00:00,6
7811,15891,333.22,2026-07-26 12:00:00+00:00,1
7812,15892,333.25,2026-08-23 12:00:00+00:00,4
7813,15899,333.45,2026-08-28 12:00:00+00:00,4
7814,15893,333.27,2026-09-27 12:00:00+00:00,6
7815,15900,333.47,2026-09-27 12:00:00+00:00,2
7816,15901,2273.07,2026-05-23 12:00:00+00:00,3
7817,15902,2273.22,2026-06-25 12:00:00+00:00,4
7818,15906,2273.88,2026-06-26 12:00:00+00:00,3
7819,15903,2273.38,2026-07-25 12:00:00+00:00,3
7820,15907,2274.06,2026-07-26 12:00:00+00:00,4
7821,15904,2273.54,2026-08-21 12:00:00+00:00,1
7822,15905,2273.71,2026-09-22 12:00:00+00:00,3
7823,15908,2274.24,2026-09-24 12:00:00+00:00,5
7824,15913,220.08,2026-04-05 12:00:00+00:00,3
7825,15914,220.09,2026-05-05 12:00:00+00:00,2
7826,15919,220.15,2026-05-08 12:00:00+00:00,7
7827,15915,220.11,2026-06-07 12:00:00+00:00,1
7828,15920,220.17,2026-06-07 12:00:00+00:00,4
7829,15916,220.12,2026-07-05 12:00:00+00:00,4
7830,15921,220.18,2026-07-07 12:00:00+00:00,2
7831,15917,220.13,2026-08-06 12:00:00+00:00,1
7832,15922,220.19,2026-08-06 12:00:00+00:00,1
7833,15918,220.14,2026-09-05 12:00:00+00:00,1
7834,15931,627.72,2026-02-14 12:00:00+00:00,6
7835,15932,627.74,2026-03-16 12:00:00+00:00,6
7836,15933,627.76,2026-04-13 12:00:00+00:00,5
7837,15934,627.79,2026-05-14 12:00:00+00:00,6
7838,15939,627.92,2026-05-16 12:00:00+00:00,2
7839,15935,627.81,2026-06-15 12:00:00+00:00,6
7840,15940,627.95,2026-06-15 12:00:00+00:00,1
7841,15936,627.84,2026-07-10 12:00:00+00:00,3
7842,15941,627.98,2026-07-15 12:00:00+00:00,1
7843,15937,627.86,2026-08-14 12:00:00+00:00,5
7844,15942,628.01,2026-08-14 12:00:00+00:00,5
7845,15938,627.89,2026-09-12 12:00:00+00:00,2
7846,15943,628.04,2026-09-13 12:00:00+00:00,1
7847,15967,1685.18,2025-11-29 12:00:00+00:00,6
7848,15968,1685.25,2025-12-31 12:00:00+00:00,4
7849,15978,1686.05,2026-01-02 12:00:00+00:00,3
7850,15969,1685.33,2026-01-28 12:00:00+00:00,6
7851,15979,1686.14,2026-02-01 12:00:00+00:00,1
7852,15970,1685.40,2026-03-02 12:00:00+00:00,5
7853,15980,1686.23,2026-03-03 12:00:00+00:00,1
7854,15971,1685.48,2026-03-31 12:00:00+00:00,6
7855,15981,1686.32,2026-04-02 12:00:00+00:00,5
7856,15972,1685.56,2026-04-27 12:00:00+00:00,1
7857,15973,1685.63,2026-05-28 12:00:00+00:00,2
7858,15982,1686.42,2026-06-01 12:00:00+00:00,3
7859,15974,1685.71,2026-06-27 12:00:00+00:00,2
7860,15983,1686.51,2026-07-01 12:00:00+00:00,5
7861,15975,1685.80,2026-07-31 12:00:00+00:00,3
7862,15976,1685.88,2026-08-27 12:00:00+00:00,2
7863,15977,1685.97,2026-09-25 12:00:00+00:00,4
7864,15984,1686.61,2026-09-29 12:00:00+00:00,7
7865,15991,2291.15,2026-03-15 12:00:00+00:00,2
7866,15998,2292.12,2026-03-16 12:00:00+00:00,2
7867,15992,2291.28,2026-04-13 12:00:00+00:00,3
7868,15999,2292.27,2026-04-15 12:00:00+00:00,2
7869,15993,2291.41,2026-05-13 12:00:00+00:00,3
7870,15994,2291.55,2026-06-12 12:00:00+00:00,6
7871,15995,2291.68,2026-07-12 12:00:00+00:00,2
7872,16000,2292.42,2026-07-14 12:00:00+00:00,1
7873,15996,2291.82,2026-08-13 12:00:00+00:00,6
7874,16001,2292.57,2026-08-13 12:00:00+00:00,2
7875,15997,2291.97,2026-09-08 12:00:00+00:00,7
7876,16002,2292.75,2026-09-12 12:00:00+00:00,4
7877,16003,1240.83,2026-06-25 12:00:00+00:00,3
7878,16007,1241.02,2026-06-30 12:00:00+00:00,6
7879,16004,1240.87,2026-07-29 12:00:00+00:00,5
7880,16005,1240.92,2026-08-26 12:00:00+00:00,1
7881,16008,1241.06,2026-08-29 12:00:00+00:00,3
7882,16006,1240.97,2026-09-26 12:00:00+00:00,3
7883,16039,1720.78,2025-12-15 12:00:00+00:00,3
7884,16049,1721.57,2025-12-15 12:00:00+00:00,3
7885,16040,1720.85,2026-01-10 12:00:00+00:00,2
7886,16050,1721.66,2026-01-14 12:00:00+00:00,2
7887,16041,1720.93,2026-02-13 12:00:00+00:00,5
7888,16051,1721.75,2026-02-13 12:00:00+00:00,2
7889,16042,1721.00,2026-03-11 12:00:00+00:00,3
7890,16052,1721.84,2026-03-15 12:00:00+00:00,2
7891,16043,1721.08,2026-04-13 12:00:00+00:00,7
7892,16044,1721.16,2026-05-12 12:00:00+00:00,4
7893,16053,1721.93,2026-05-14 12:00:00+00:00,4
7894,16045,1721.24,2026-06-11 12:00:00+00:00,5
7895,16046,1721.32,2026-07-12 12:00:00+00:00,7
7896,16054,1722.02,2026-07-13 12:00:00+00:00,1
7897,16047,1721.40,2026-08-08 12:00:00+00:00,2
7898,16055,1722.11,2026-08-12 12:00:00+00:00,6
7899,16048,1721.49,2026-09-07 12:00:00+00:00,2
7900,16057,881.86,2026-03-27 12:00:00+00:00,3
7901,16058,881.93,2026-04-23 12:00:00+00:00,4
7902,16064,882.37,2026-04-26 12:00:00+00:00,2
7903,16059,881.99,2026-05-25 12:00:00+00:00,1
7904,16065,882.45,2026-05-26 12:00:00+00:00,7
7905,16060,882.07,2026-06-20 12:00:00+00:00,3
7906,16066,882.54,2026-06-25 12:00:00+00:00,1
7907,16061,882.14,2026-07-20 12:00:00+00:00,1
7908,16067,882.63,2026-07-25 12:00:00+00:00,6
7909,16062,882.21,2026-08-21 12:00:00+00:00,3
7910,16068,882.65,2026-08-24 12:00:00+00:00,4
7911,16063,882.29,2026-09-20 12:00:00+00:00,3
7912,16069,1297.85,2026-05-08 12:00:00+00:00,6
7913,16074,1298.30,2026-05-09 12:00:00+00:00,2
7914,16070,1297.93,2026-06-08 12:00:00+00:00,5
7915,16075,1298.40,2026-06-08 12:00:00+00:00,5
7916,16071,1298.02,2026-07-05 12:00:00+00:00,7
7917,16076,1298.50,2026-07-08 12:00:00+00:00,6
7918,16072,1298.11,2026-08-04 12:00:00+00:00,2
7919,16073,1298.20,2026-09-03 12:00:00+00:00,3
7920,16087,695.10,2025-12-27 12:00:00+00:00,3
7921,16097,695.36,2025-12-31 12:00:00+00:00,2
7922,16088,695.12,2026-01-30 12:00:00+00:00,6
7923,16098,695.39,2026-01-30 12:00:00+00:00,1
7924,16089,695.15,2026-03-01 12:00:00+00:00,6
7925,16099,695.41,2026-03-01 12:00:00+00:00,1
7926,16090,695.17,2026-03-29 12:00:00+00:00,6
7927,16091,695.20,2026-04-29 12:00:00+00:00,7
7928,16100,695.44,2026-04-30 12:00:00+00:00,7
7929,16092,695.22,2026-05-27 12:00:00+00:00,1
7930,16093,695.25,2026-06-24 12:00:00+00:00,6
7931,16094,695.27,2026-07-29 12:00:00+00:00,2
7932,16101,695.47,2026-07-29 12:00:00+00:00,7
7933,16095,695.30,2026-08-27 12:00:00+00:00,1
7934,16102,695.51,2026-08-28 12:00:00+00:00,7
7935,16096,695.33,2026-09-22 12:00:00+00:00,2
7936,16103,695.54,2026-09-27 12:00:00+00:00,1
7937,16123,2148.30,2026-01-28 12:00:00+00:00,5
7938,16124,2148.40,2026-02-16 12:00:00+00:00,6
7939,16125,2148.50,2026-03-17 12:00:00+00:00,4
7940,16126,2148.59,2026-04-23 12:00:00+00:00,1
7941,16127,2148.69,2026-05-18 12:00:00+00:00,7
7942,16128,2148.80,2026-06-29 12:00:00+00:00,5
7943,16129,2148.90,2026-07-23 12:00:00+00:00,7
7944,16130,2149.01,2026-08-28 12:00:00+00:00,5
7945,16141,3230.20,2026-02-17 12:00:00+00:00,2
7946,16142,3230.39,2026-03-22 12:00:00+00:00,4
7947,16143,3230.58,2026-04-08 12:00:00+00:00,4
7948,16144,3230.78,2026-05-15 12:00:00+00:00,6
7949,16145,3230.98,2026-06-18 12:00:00+00:00,6
7950,16146,3231.18,2026-07-20 12:00:00+00:00,7
7951,16147,3231.39,2026-08-12 12:00:00+00:00,6
7952,16149,1615.91,2026-09-28 12:00:00+00:00,7
7953,16149,1615.91,2026-11-02 12:00:00+00:00,5
7954,16153,281.55,2026-06-13 12:00:00+00:00,2
7955,16157,281.60,2026-06-14 12:00:00+00:00,6
7956,16154,281.56,2026-07-09 12:00:00+00:00,7
7957,16158,281.62,2026-07-14 12:00:00+00:00,4
7958,16155,281.57,2026-08-12 12:00:00+00:00,2
7959,16159,281.63,2026-08-13 12:00:00+00:00,7
7960,16156,281.59,2026-09-11 12:00:00+00:00,3
7961,16171,721.72,2026-04-06 12:00:00+00:00,3
7962,16177,721.97,2026-04-10 12:00:00+00:00,6
7963,16172,721.76,2026-05-09 12:00:00+00:00,5
7964,16178,722.01,2026-05-10 12:00:00+00:00,1
7965,16173,721.80,2026-06-09 12:00:00+00:00,6
7966,16179,722.06,2026-06-09 12:00:00+00:00,3
7967,16174,721.84,2026-07-08 12:00:00+00:00,4
7968,16180,722.11,2026-07-09 12:00:00+00:00,2
7969,16175,721.88,2026-08-04 12:00:00+00:00,7
7970,16176,721.92,2026-09-05 12:00:00+00:00,4
7971,16181,722.16,2026-09-07 12:00:00+00:00,3
7972,16195,1359.13,2026-03-15 12:00:00+00:00,7
7973,16202,1359.72,2026-03-19 12:00:00+00:00,2
7974,16196,1359.20,2026-04-13 12:00:00+00:00,6
7975,16203,1359.81,2026-04-18 12:00:00+00:00,5
7976,16197,1359.28,2026-05-16 12:00:00+00:00,4
7977,16204,1359.90,2026-05-18 12:00:00+00:00,2
7978,16198,1359.37,2026-06-15 12:00:00+00:00,7
7979,16205,1360.00,2026-06-17 12:00:00+00:00,3
7980,16199,1359.45,2026-07-16 12:00:00+00:00,4
7981,16206,1360.10,2026-07-17 12:00:00+00:00,1
7982,16200,1359.54,2026-08-16 12:00:00+00:00,6
7983,16201,1359.63,2026-09-13 12:00:00+00:00,2
7984,16207,1360.21,2026-09-15 12:00:00+00:00,5
7985,16213,1475.19,2026-01-08 12:00:00+00:00,6
7986,16222,1475.78,2026-01-13 12:00:00+00:00,4
7987,16214,1475.25,2026-02-09 12:00:00+00:00,1
7988,16223,1475.85,2026-02-12 12:00:00+00:00,5
7989,16215,1475.31,2026-03-10 12:00:00+00:00,7
7990,16216,1475.37,2026-04-10 12:00:00+00:00,2
7991,16224,1475.93,2026-04-13 12:00:00+00:00,4
7992,16217,1475.44,2026-05-10 12:00:00+00:00,7
7993,16218,1475.51,2026-06-12 12:00:00+00:00,7
7994,16225,1476.00,2026-06-12 12:00:00+00:00,5
7995,16219,1475.57,2026-07-08 12:00:00+00:00,1
7996,16226,1476.08,2026-07-12 12:00:00+00:00,1
7997,16220,1475.64,2026-08-07 12:00:00+00:00,7
7998,16221,1475.71,2026-09-05 12:00:00+00:00,5
7999,16227,1476.15,2026-09-10 12:00:00+00:00,2
8000,16231,1228.85,2026-07-09 12:00:00+00:00,2
8001,16234,1228.98,2026-07-10 12:00:00+00:00,3
8002,16232,1228.89,2026-08-06 12:00:00+00:00,5
8003,16235,1229.03,2026-08-09 12:00:00+00:00,5
8004,16233,1228.94,2026-09-05 12:00:00+00:00,2
8005,16267,682.94,2026-07-07 12:00:00+00:00,6
8006,16268,682.97,2026-08-04 12:00:00+00:00,5
8007,16269,683.02,2026-08-31 12:00:00+00:00,4
8008,16279,917.12,2026-02-14 12:00:00+00:00,4
8009,16280,917.17,2026-03-16 12:00:00+00:00,2
8010,16281,917.22,2026-04-25 12:00:00+00:00,3
8011,16282,917.27,2026-05-10 12:00:00+00:00,7
8012,16283,917.33,2026-06-17 12:00:00+00:00,3
8013,16284,917.38,2026-07-20 12:00:00+00:00,2
8014,16286,917.49,2026-10-11 12:00:00+00:00,1
8015,16303,1941.47,2026-06-20 12:00:00+00:00,3
8016,16304,1941.57,2026-07-18 12:00:00+00:00,7
8017,16305,1941.66,2026-08-20 12:00:00+00:00,3
8018,16306,1941.76,2026-09-18 12:00:00+00:00,2
8019,16307,1941.86,2026-09-21 12:00:00+00:00,6
8020,16327,197.41,2026-03-17 12:00:00+00:00,2
8021,16334,197.47,2026-03-17 12:00:00+00:00,1
8022,16328,197.41,2026-04-15 12:00:00+00:00,3
8023,16335,197.48,2026-04-16 12:00:00+00:00,4
8024,16329,197.42,2026-05-13 12:00:00+00:00,2
8025,16336,197.49,2026-05-16 12:00:00+00:00,3
8026,16330,197.43,2026-06-11 12:00:00+00:00,5
8027,16331,197.44,2026-07-15 12:00:00+00:00,7
8028,16337,197.50,2026-07-15 12:00:00+00:00,2
8029,16332,197.45,2026-08-09 12:00:00+00:00,5
8030,16338,197.51,2026-08-14 12:00:00+00:00,2
8031,16333,197.46,2026-09-12 12:00:00+00:00,2
8032,16351,489.59,2026-07-01 12:00:00+00:00,7
8033,16354,489.67,2026-07-03 12:00:00+00:00,1
8034,16352,489.62,2026-07-28 12:00:00+00:00,7
8035,16355,489.69,2026-08-02 12:00:00+00:00,3
8036,16353,489.64,2026-08-27 12:00:00+00:00,6
8037,16375,482.34,2026-05-29 12:00:00+00:00,2
8038,16380,482.41,2026-05-31 12:00:00+00:00,2
8039,16376,482.35,2026-06-26 12:00:00+00:00,2
8040,16377,482.37,2026-07-27 12:00:00+00:00,7
8041,16378,482.38,2026-08-27 12:00:00+00:00,3
8042,16379,482.40,2026-09-24 12:00:00+00:00,5
8043,16381,482.43,2026-09-28 12:00:00+00:00,6
8044,16411,2215.64,2026-01-11 12:00:00+00:00,1
8045,16412,2215.75,2026-02-12 12:00:00+00:00,3
8046,16420,2216.85,2026-02-14 12:00:00+00:00,4
8047,16413,2215.88,2026-03-16 12:00:00+00:00,1
8048,16421,2217.01,2026-03-16 12:00:00+00:00,3
8049,16414,2216.00,2026-04-14 12:00:00+00:00,2
8050,16422,2217.17,2026-04-15 12:00:00+00:00,1
8051,16415,2216.13,2026-05-14 12:00:00+00:00,6
8052,16416,2216.26,2026-06-11 12:00:00+00:00,1
8053,16423,2217.34,2026-06-14 12:00:00+00:00,3
8054,16417,2216.40,2026-07-11 12:00:00+00:00,4
8055,16418,2216.55,2026-08-08 12:00:00+00:00,2
8056,16424,2217.51,2026-08-13 12:00:00+00:00,3
8057,16419,2216.70,2026-09-11 12:00:00+00:00,7
8058,16425,2217.70,2026-09-12 12:00:00+00:00,7
8059,16435,947.44,2026-07-10 12:00:00+00:00,7
8060,16436,947.49,2026-08-11 12:00:00+00:00,7
8061,16438,947.60,2026-08-13 12:00:00+00:00,1
8062,16437,947.55,2026-09-08 12:00:00+00:00,3
8063,16447,786.29,2026-06-21 12:00:00+00:00,2
8064,16448,786.32,2026-07-21 12:00:00+00:00,4
8065,16451,786.42,2026-07-24 12:00:00+00:00,6
8066,16449,786.36,2026-08-22 12:00:00+00:00,6
8067,16450,786.39,2026-09-18 12:00:00+00:00,7
8068,16471,2051.30,2025-12-30 12:00:00+00:00,7
8069,16481,2052.65,2026-01-02 12:00:00+00:00,2
8070,16472,2051.42,2026-01-29 12:00:00+00:00,5
8071,16482,2052.84,2026-02-01 12:00:00+00:00,7
8072,16473,2051.54,2026-03-01 12:00:00+00:00,5
8073,16474,2051.67,2026-04-01 12:00:00+00:00,4
8074,16475,2051.80,2026-04-30 12:00:00+00:00,5
8075,16476,2051.94,2026-06-01 12:00:00+00:00,2
8076,16477,2052.07,2026-06-26 12:00:00+00:00,7
8077,16478,2052.21,2026-07-27 12:00:00+00:00,1
8078,16479,2052.36,2026-08-27 12:00:00+00:00,4
8079,16480,2052.50,2026-09-24 12:00:00+00:00,4
8080,16483,265.71,2026-04-15 12:00:00+00:00,4
8081,16484,265.73,2026-05-14 12:00:00+00:00,3
8082,16485,265.74,2026-06-17 12:00:00+00:00,2
8083,16489,265.80,2026-06-17 12:00:00+00:00,1
8084,16486,265.76,2026-07-17 12:00:00+00:00,3
8085,16490,265.82,2026-07-17 12:00:00+00:00,1
8086,16487,265.77,2026-08-14 12:00:00+00:00,7
8087,16488,265.79,2026-09-14 12:00:00+00:00,4
8088,16491,265.83,2026-09-15 12:00:00+00:00,2
8089,16507,2689.55,2026-07-30 12:00:00+00:00,1
8090,16508,2689.71,2026-09-02 12:00:00+00:00,1
8091,16525,624.83,2025-11-12 12:00:00+00:00,6
8092,16526,624.87,2025-12-13 12:00:00+00:00,5
8093,16536,625.27,2025-12-16 12:00:00+00:00,6
8094,16527,624.90,2026-01-12 12:00:00+00:00,1
8095,16528,624.94,2026-02-14 12:00:00+00:00,6
8096,16537,625.32,2026-02-14 12:00:00+00:00,4
8097,16529,624.97,2026-03-12 12:00:00+00:00,2
8098,16530,625.01,2026-04-14 12:00:00+00:00,2
8099,16531,625.05,2026-05-13 12:00:00+00:00,6
8100,16538,625.37,2026-05-15 12:00:00+00:00,6
8101,16532,625.09,2026-06-11 12:00:00+00:00,6
8102,16539,625.42,2026-06-14 12:00:00+00:00,3
8103,16533,625.13,2026-07-09 12:00:00+00:00,4
8104,16534,625.18,2026-08-08 12:00:00+00:00,1
8105,16540,625.47,2026-08-13 12:00:00+00:00,4
8106,16535,625.22,2026-09-10 12:00:00+00:00,3
8107,16549,357.74,2026-06-23 12:00:00+00:00,6
8108,16553,357.79,2026-06-25 12:00:00+00:00,5
8109,16550,357.75,2026-07-21 12:00:00+00:00,5
8110,16551,357.76,2026-08-20 12:00:00+00:00,7
8111,16552,357.78,2026-09-21 12:00:00+00:00,7
8112,16585,1002.36,2026-06-17 12:00:00+00:00,3
8113,16589,1002.62,2026-06-21 12:00:00+00:00,4
8114,16586,1002.42,2026-07-18 12:00:00+00:00,7
8115,16590,1002.69,2026-07-21 12:00:00+00:00,6
8116,16587,1002.49,2026-08-15 12:00:00+00:00,2
8117,16591,1002.76,2026-08-20 12:00:00+00:00,3
8118,16588,1002.55,2026-09-15 12:00:00+00:00,4
8119,16592,1002.84,2026-09-19 12:00:00+00:00,4
8120,16603,3338.47,2026-03-09 12:00:00+00:00,1
8121,16610,3339.75,2026-03-11 12:00:00+00:00,1
8122,16604,3338.64,2026-04-10 12:00:00+00:00,2
8123,16605,3338.82,2026-05-09 12:00:00+00:00,1
8124,16606,3339.00,2026-06-04 12:00:00+00:00,4
8125,16611,3339.95,2026-06-09 12:00:00+00:00,4
8126,16607,3339.18,2026-07-07 12:00:00+00:00,1
8127,16608,3339.37,2026-08-06 12:00:00+00:00,3
8128,16609,3339.56,2026-09-07 12:00:00+00:00,2
8129,16615,211.07,2026-05-06 12:00:00+00:00,2
8130,16620,211.13,2026-05-07 12:00:00+00:00,7
8131,16616,211.08,2026-06-06 12:00:00+00:00,4
8132,16621,211.14,2026-06-06 12:00:00+00:00,5
8133,16617,211.09,2026-07-01 12:00:00+00:00,4
8134,16622,211.15,2026-07-06 12:00:00+00:00,1
8135,16618,211.10,2026-08-01 12:00:00+00:00,2
8136,16623,211.17,2026-08-05 12:00:00+00:00,1
8137,16619,211.11,2026-08-31 12:00:00+00:00,4
8138,16633,2404.55,2026-05-17 12:00:00+00:00,3
8139,16634,2404.72,2026-06-12 12:00:00+00:00,3
8140,16635,2404.91,2026-07-11 12:00:00+00:00,6
8141,16637,2405.29,2026-09-24 12:00:00+00:00,5
8142,16645,690.86,2026-05-29 12:00:00+00:00,5
8143,16646,690.89,2026-06-26 12:00:00+00:00,5
8144,16650,691.01,2026-06-30 12:00:00+00:00,5
8145,16647,690.92,2026-07-25 12:00:00+00:00,7
8146,16651,691.04,2026-07-30 12:00:00+00:00,5
8147,16648,690.95,2026-08-25 12:00:00+00:00,6
8148,16649,690.98,2026-09-26 12:00:00+00:00,5
8149,16652,691.07,2026-09-28 12:00:00+00:00,6
8150,16657,2066.54,2025-12-13 12:00:00+00:00,4
8151,16667,2067.72,2025-12-18 12:00:00+00:00,6
8152,16658,2066.65,2026-01-16 12:00:00+00:00,6
8153,16659,2066.76,2026-02-15 12:00:00+00:00,1
8154,16668,2067.87,2026-02-16 12:00:00+00:00,4
8155,16660,2066.87,2026-03-15 12:00:00+00:00,2
8156,16661,2066.98,2026-04-16 12:00:00+00:00,6
8157,16662,2067.10,2026-05-15 12:00:00+00:00,4
8158,16663,2067.22,2026-06-12 12:00:00+00:00,2
8159,16664,2067.34,2026-07-12 12:00:00+00:00,1
8160,16665,2067.46,2026-08-13 12:00:00+00:00,6
8161,16666,2067.59,2026-09-14 12:00:00+00:00,6
8162,16669,186.86,2026-03-17 12:00:00+00:00,2
8163,16676,186.91,2026-03-22 12:00:00+00:00,3
8164,16670,186.87,2026-04-18 12:00:00+00:00,7
8165,16677,186.92,2026-04-21 12:00:00+00:00,3
8166,16671,186.87,2026-05-20 12:00:00+00:00,3
8167,16678,186.93,2026-05-21 12:00:00+00:00,6
8168,16672,186.88,2026-06-17 12:00:00+00:00,1
8169,16673,186.89,2026-07-17 12:00:00+00:00,4
8170,16674,186.90,2026-08-17 12:00:00+00:00,1
8171,16679,186.94,2026-08-19 12:00:00+00:00,1
8172,16675,186.90,2026-09-14 12:00:00+00:00,7
8173,16680,186.95,2026-09-18 12:00:00+00:00,3
8174,16705,1658.38,2026-04-05 12:00:00+00:00,5
8175,16711,1658.86,2026-04-10 12:00:00+00:00,3
8176,16706,1658.45,2026-05-06 12:00:00+00:00,5
8177,16707,1658.53,2026-06-06 12:00:00+00:00,1
8178,16712,1658.95,2026-06-09 12:00:00+00:00,5
8179,16708,1658.61,2026-07-08 12:00:00+00:00,2
8180,16709,1658.69,2026-08-07 12:00:00+00:00,4
8181,16713,1659.04,2026-08-08 12:00:00+00:00,6
8182,16710,1658.78,2026-09-05 12:00:00+00:00,2
8183,16714,1659.13,2026-09-07 12:00:00+00:00,1
8184,16723,1155.61,2026-07-03 12:00:00+00:00,4
8185,16726,1155.76,2026-07-03 12:00:00+00:00,4
8186,16724,1155.66,2026-07-31 12:00:00+00:00,1
8187,16727,1155.82,2026-08-02 12:00:00+00:00,6
8188,16725,1155.71,2026-08-28 12:00:00+00:00,1
8189,16747,650.91,2025-12-20 12:00:00+00:00,6
8190,16748,650.94,2026-01-18 12:00:00+00:00,2
8191,16749,650.96,2026-02-15 12:00:00+00:00,6
8192,16757,651.18,2026-02-19 12:00:00+00:00,5
8193,16750,650.99,2026-03-16 12:00:00+00:00,3
8194,16758,651.21,2026-03-21 12:00:00+00:00,5
8195,16751,651.01,2026-04-15 12:00:00+00:00,7
8196,16752,651.04,2026-05-15 12:00:00+00:00,5
8197,16759,651.25,2026-05-20 12:00:00+00:00,1
8198,16753,651.07,2026-06-14 12:00:00+00:00,3
8199,16754,651.09,2026-07-14 12:00:00+00:00,6
8200,16760,651.28,2026-07-19 12:00:00+00:00,6
8201,16755,651.12,2026-08-14 12:00:00+00:00,5
8202,16761,651.31,2026-08-18 12:00:00+00:00,3
8203,16756,651.15,2026-09-12 12:00:00+00:00,3
8204,16762,651.35,2026-09-17 12:00:00+00:00,2
8205,16783,857.26,2026-06-07 12:00:00+00:00,3
8206,16787,857.41,2026-06-10 12:00:00+00:00,3
8207,16784,857.30,2026-07-07 12:00:00+00:00,4
8208,16785,857.33,2026-08-05 12:00:00+00:00,1
8209,16786,857.37,2026-09-07 12:00:00+00:00,4
8210,16807,1290.48,2026-02-01 12:00:00+00:00,2
8211,16808,1290.57,2026-03-03 12:00:00+00:00,2
8212,16815,1291.29,2026-03-07 12:00:00+00:00,7
8213,16809,1290.66,2026-04-01 12:00:00+00:00,6
8214,16810,1290.76,2026-05-02 12:00:00+00:00,1
8215,16811,1290.86,2026-06-02 12:00:00+00:00,1
8216,16812,1290.96,2026-07-01 12:00:00+00:00,7
8217,16813,1291.07,2026-07-31 12:00:00+00:00,4
8218,16816,1291.40,2026-08-04 12:00:00+00:00,5
8219,16814,1291.18,2026-08-30 12:00:00+00:00,1
8220,16817,1291.52,2026-09-03 12:00:00+00:00,1
8221,16819,1410.56,2026-01-09 12:00:00+00:00,5
8222,16820,1410.64,2026-02-07 12:00:00+00:00,5
8223,16821,1410.73,2026-03-12 12:00:00+00:00,1
8224,16822,1410.83,2026-04-10 12:00:00+00:00,3
8225,16828,1411.44,2026-04-11 12:00:00+00:00,7
8226,16823,1410.92,2026-05-10 12:00:00+00:00,7
8227,16824,1411.02,2026-06-09 12:00:00+00:00,3
8228,16829,1411.55,2026-06-10 12:00:00+00:00,5
8229,16825,1411.12,2026-07-08 12:00:00+00:00,4
8230,16830,1411.67,2026-07-10 12:00:00+00:00,3
8231,16826,1411.22,2026-08-06 12:00:00+00:00,1
8232,16827,1411.33,2026-09-04 12:00:00+00:00,5
8233,16837,664.20,2026-02-08 12:00:00+00:00,4
8234,16838,664.24,2026-03-14 12:00:00+00:00,4
8235,16839,664.28,2026-04-12 12:00:00+00:00,3
8236,16840,664.32,2026-05-10 12:00:00+00:00,6
8237,16841,664.37,2026-06-10 12:00:00+00:00,4
8238,16842,664.42,2026-07-08 12:00:00+00:00,2
8239,16843,664.46,2026-08-18 12:00:00+00:00,1
8240,16845,664.56,2026-10-15 12:00:00+00:00,4
8241,16855,472.68,2026-05-05 12:00:00+00:00,3
8242,16856,472.70,2026-06-05 12:00:00+00:00,2
8243,16857,472.73,2026-07-07 12:00:00+00:00,7
8244,16860,472.81,2026-07-09 12:00:00+00:00,3
8245,16858,472.75,2026-08-03 12:00:00+00:00,2
8246,16859,472.78,2026-09-03 12:00:00+00:00,1
8247,16873,1165.47,2026-04-23 12:00:00+00:00,1
8248,16879,1166.01,2026-04-25 12:00:00+00:00,2
8249,16874,1165.55,2026-05-20 12:00:00+00:00,3
8250,16880,1166.11,2026-05-25 12:00:00+00:00,5
8251,16875,1165.64,2026-06-21 12:00:00+00:00,7
8252,16881,1166.21,2026-06-24 12:00:00+00:00,4
8253,16876,1165.73,2026-07-20 12:00:00+00:00,6
8254,16877,1165.82,2026-08-22 12:00:00+00:00,3
8255,16882,1166.32,2026-08-23 12:00:00+00:00,1
8256,16878,1165.91,2026-09-22 12:00:00+00:00,5
8257,16885,1075.85,2025-11-10 12:00:00+00:00,2
8258,16896,1076.27,2025-11-10 12:00:00+00:00,4
8259,16886,1075.88,2025-12-09 12:00:00+00:00,4
8260,16897,1076.32,2025-12-10 12:00:00+00:00,2
8261,16887,1075.92,2026-01-09 12:00:00+00:00,3
8262,16888,1075.96,2026-02-03 12:00:00+00:00,1
8263,16898,1076.36,2026-02-08 12:00:00+00:00,1
8264,16889,1075.99,2026-03-06 12:00:00+00:00,7
8265,16899,1076.41,2026-03-10 12:00:00+00:00,7
8266,16890,1076.03,2026-04-07 12:00:00+00:00,1
8267,16900,1076.45,2026-04-09 12:00:00+00:00,7
8268,16891,1076.07,2026-05-09 12:00:00+00:00,5
8269,16892,1076.11,2026-06-08 12:00:00+00:00,6
8270,16893,1076.15,2026-07-08 12:00:00+00:00,4
8271,16894,1076.19,2026-08-04 12:00:00+00:00,4
8272,16901,1076.50,2026-08-07 12:00:00+00:00,2
8273,16895,1076.23,2026-09-04 12:00:00+00:00,6
8274,16902,1076.55,2026-09-06 12:00:00+00:00,5
8275,16921,2396.43,2026-03-06 12:00:00+00:00,3
8276,16928,2397.22,2026-03-10 12:00:00+00:00,6
8277,16922,2396.54,2026-04-05 12:00:00+00:00,4
8278,16923,2396.65,2026-05-09 12:00:00+00:00,6
8279,16929,2397.34,2026-05-09 12:00:00+00:00,3
8280,16924,2396.76,2026-06-03 12:00:00+00:00,4
8281,16925,2396.88,2026-07-05 12:00:00+00:00,3
8282,16930,2397.47,2026-07-08 12:00:00+00:00,6
8283,16926,2396.99,2026-08-05 12:00:00+00:00,7
8284,16927,2397.11,2026-09-03 12:00:00+00:00,2
8285,16931,2397.59,2026-09-06 12:00:00+00:00,5
8286,16933,2845.41,2025-12-07 12:00:00+00:00,5
8287,16943,2847.91,2025-12-07 12:00:00+00:00,2
8288,16934,2845.62,2026-01-03 12:00:00+00:00,5
8289,16935,2845.85,2026-02-05 12:00:00+00:00,4
8290,16936,2846.08,2026-03-03 12:00:00+00:00,1
8291,16937,2846.32,2026-04-04 12:00:00+00:00,3
8292,16944,2848.26,2026-04-06 12:00:00+00:00,1
8293,16938,2846.56,2026-05-04 12:00:00+00:00,6
8294,16939,2846.82,2026-06-05 12:00:00+00:00,3
8295,16940,2847.08,2026-07-01 12:00:00+00:00,6
8296,16941,2847.35,2026-07-30 12:00:00+00:00,4
8297,16942,2847.63,2026-08-31 12:00:00+00:00,3
8298,16945,596.21,2026-06-07 12:00:00+00:00,2
8299,16949,596.35,2026-06-08 12:00:00+00:00,7
8300,16946,596.25,2026-07-07 12:00:00+00:00,3
8301,16950,596.38,2026-07-08 12:00:00+00:00,4
8302,16947,596.28,2026-08-04 12:00:00+00:00,4
8303,16951,596.42,2026-08-07 12:00:00+00:00,2
8304,16948,596.31,2026-09-04 12:00:00+00:00,1
8305,16952,596.46,2026-09-06 12:00:00+00:00,2
8306,16957,1904.29,2026-01-01 12:00:00+00:00,5
8307,16958,1904.38,2026-02-05 12:00:00+00:00,4
8308,16959,1904.47,2026-03-09 12:00:00+00:00,1
8309,16960,1904.55,2026-04-07 12:00:00+00:00,4
8310,16961,1904.65,2026-05-05 12:00:00+00:00,1
8311,16962,1904.74,2026-06-02 12:00:00+00:00,1
8312,16963,1904.83,2026-06-26 12:00:00+00:00,6
8313,16964,1904.93,2026-08-08 12:00:00+00:00,6
8314,16965,1905.03,2026-08-31 12:00:00+00:00,5
8315,16981,1702.39,2026-05-02 12:00:00+00:00,6
8316,16982,1702.48,2026-06-15 12:00:00+00:00,5
8317,16983,1702.57,2026-07-02 12:00:00+00:00,5
8318,16984,1702.67,2026-07-31 12:00:00+00:00,5
8319,16986,851.43,2026-09-24 12:00:00+00:00,2
8320,16986,851.44,2026-10-29 12:00:00+00:00,1
8321,17005,477.84,2026-06-16 12:00:00+00:00,7
8322,17006,477.87,2026-07-18 12:00:00+00:00,7
8323,17009,477.93,2026-07-20 12:00:00+00:00,6
8324,17007,477.89,2026-08-18 12:00:00+00:00,5
8325,17010,477.95,2026-08-19 12:00:00+00:00,6
8326,17008,477.91,2026-09-14 12:00:00+00:00,5
8327,17041,201.66,2026-07-16 12:00:00+00:00,7
8328,17042,201.68,2026-08-15 12:00:00+00:00,3
8329,17044,201.70,2026-08-19 12:00:00+00:00,5
8330,17043,201.69,2026-09-18 12:00:00+00:00,2
8331,17045,201.71,2026-09-18 12:00:00+00:00,2
8332,17065,610.48,2026-07-24 12:00:00+00:00,1
8333,17067,610.54,2026-10-25 12:00:00+00:00,6
8334,17089,233.63,2026-01-03 12:00:00+00:00,3
8335,17090,233.64,2026-02-02 12:00:00+00:00,7
8336,17098,233.74,2026-02-04 12:00:00+00:00,7
8337,17091,233.65,2026-03-03 12:00:00+00:00,2
8338,17099,233.76,2026-03-06 12:00:00+00:00,6
8339,17092,233.66,2026-04-02 12:00:00+00:00,7
8340,17100,233.78,2026-04-05 12:00:00+00:00,2
8341,17093,233.67,2026-05-04 12:00:00+00:00,3
8342,17094,233.69,2026-06-03 12:00:00+00:00,3
8343,17101,233.79,2026-06-04 12:00:00+00:00,1
8344,17095,233.70,2026-07-04 12:00:00+00:00,3
8345,17102,233.81,2026-07-04 12:00:00+00:00,1
8346,17096,233.72,2026-07-29 12:00:00+00:00,2
8347,17103,233.83,2026-08-03 12:00:00+00:00,1
8348,17097,233.73,2026-08-31 12:00:00+00:00,4
8349,17104,233.84,2026-09-02 12:00:00+00:00,2
8350,17113,2428.38,2026-04-25 12:00:00+00:00,3
8351,17119,2429.49,2026-04-28 12:00:00+00:00,7
8352,17114,2428.56,2026-05-27 12:00:00+00:00,5
8353,17120,2429.70,2026-05-28 12:00:00+00:00,6
8354,17115,2428.73,2026-06-26 12:00:00+00:00,6
8355,17116,2428.92,2026-07-24 12:00:00+00:00,4
8356,17117,2429.10,2026-08-25 12:00:00+00:00,7
8357,17121,2429.91,2026-08-26 12:00:00+00:00,2
8358,17118,2429.30,2026-09-25 12:00:00+00:00,4
8359,17125,514.56,2026-06-06 12:00:00+00:00,6
8360,17126,514.59,2026-07-01 12:00:00+00:00,6
8361,17127,514.61,2026-08-08 12:00:00+00:00,3
8362,17129,514.67,2026-10-08 12:00:00+00:00,5
8363,17149,1164.07,2025-12-24 12:00:00+00:00,4
8364,17150,1164.11,2026-01-25 12:00:00+00:00,5
8365,17159,1164.48,2026-01-27 12:00:00+00:00,2
8366,17151,1164.15,2026-02-24 12:00:00+00:00,2
8367,17152,1164.18,2026-03-25 12:00:00+00:00,1
8368,17160,1164.53,2026-03-28 12:00:00+00:00,7
8369,17153,1164.23,2026-04-26 12:00:00+00:00,1
8370,17161,1164.58,2026-04-27 12:00:00+00:00,3
8371,17154,1164.27,2026-05-25 12:00:00+00:00,3
8372,17162,1164.62,2026-05-27 12:00:00+00:00,3
8373,17155,1164.31,2026-06-22 12:00:00+00:00,3
8374,17163,1164.67,2026-06-26 12:00:00+00:00,6
8375,17156,1164.35,2026-07-23 12:00:00+00:00,4
8376,17157,1164.39,2026-08-20 12:00:00+00:00,3
8377,17164,1164.72,2026-08-25 12:00:00+00:00,5
8378,17158,1164.44,2026-09-20 12:00:00+00:00,2
8379,17165,1164.77,2026-09-24 12:00:00+00:00,6
8380,17185,1379.30,2026-01-13 12:00:00+00:00,2
8381,17186,1379.39,2026-02-13 12:00:00+00:00,6
8382,17194,1380.22,2026-02-13 12:00:00+00:00,7
8383,17187,1379.48,2026-03-13 12:00:00+00:00,7
8384,17195,1380.34,2026-03-15 12:00:00+00:00,2
8385,17188,1379.57,2026-04-12 12:00:00+00:00,3
8386,17189,1379.67,2026-05-10 12:00:00+00:00,6
8387,17190,1379.78,2026-06-10 12:00:00+00:00,3
8388,17191,1379.88,2026-07-08 12:00:00+00:00,7
8389,17196,1380.46,2026-07-13 12:00:00+00:00,1
8390,17192,1379.99,2026-08-12 12:00:00+00:00,2
8391,17197,1380.59,2026-08-12 12:00:00+00:00,3
8392,17193,1380.10,2026-09-11 12:00:00+00:00,4
8393,17198,1380.72,2026-09-11 12:00:00+00:00,4
8394,17203,890.61,2026-04-22 12:00:00+00:00,1
8395,17209,890.82,2026-04-24 12:00:00+00:00,2
8396,17204,890.64,2026-05-19 12:00:00+00:00,2
8397,17210,890.85,2026-05-24 12:00:00+00:00,4
8398,17205,890.67,2026-06-18 12:00:00+00:00,4
8399,17211,890.89,2026-06-23 12:00:00+00:00,1
8400,17206,890.71,2026-07-19 12:00:00+00:00,5
8401,17207,890.74,2026-08-20 12:00:00+00:00,6
8402,17212,890.94,2026-08-22 12:00:00+00:00,3
8403,17208,890.78,2026-09-20 12:00:00+00:00,2
8404,17213,890.98,2026-09-21 12:00:00+00:00,2
8405,17239,1230.93,2026-06-03 12:00:00+00:00,5
8406,17240,1231.01,2026-07-06 12:00:00+00:00,6
8407,17241,1231.09,2026-08-09 12:00:00+00:00,4
8408,17243,1231.25,2026-10-03 12:00:00+00:00,5
8409,17251,1347.97,2026-06-04 12:00:00+00:00,5
8410,17255,1348.16,2026-06-08 12:00:00+00:00,1
8411,17252,1348.01,2026-07-07 12:00:00+00:00,6
8412,17256,1348.21,2026-07-08 12:00:00+00:00,1
8413,17253,1348.06,2026-08-06 12:00:00+00:00,7
8414,17257,1348.26,2026-08-07 12:00:00+00:00,1
8415,17254,1348.11,2026-09-03 12:00:00+00:00,3
8416,17287,416.64,2025-12-31 12:00:00+00:00,3
8417,17297,416.89,2026-01-01 12:00:00+00:00,4
8418,17288,416.66,2026-01-30 12:00:00+00:00,3
8419,17289,416.68,2026-03-01 12:00:00+00:00,3
8420,17298,416.92,2026-03-02 12:00:00+00:00,5
8421,17290,416.71,2026-04-01 12:00:00+00:00,4
8422,17299,416.95,2026-04-01 12:00:00+00:00,6
8423,17291,416.73,2026-04-29 12:00:00+00:00,3
8424,17300,416.98,2026-05-01 12:00:00+00:00,2
8425,17292,416.75,2026-05-30 12:00:00+00:00,3
8426,17301,417.01,2026-05-31 12:00:00+00:00,4
8427,17293,416.78,2026-06-25 12:00:00+00:00,6
8428,17294,416.81,2026-07-26 12:00:00+00:00,3
8429,17302,417.05,2026-07-30 12:00:00+00:00,5
8430,17295,416.83,2026-08-25 12:00:00+00:00,5
8431,17296,416.86,2026-09-28 12:00:00+00:00,2
8432,17303,417.08,2026-09-28 12:00:00+00:00,5
8433,17311,543.92,2026-01-04 12:00:00+00:00,1
8434,17312,543.94,2026-02-08 12:00:00+00:00,2
8435,17320,544.13,2026-02-08 12:00:00+00:00,1
8436,17313,543.97,2026-03-08 12:00:00+00:00,1
8437,17321,544.15,2026-03-10 12:00:00+00:00,2
8438,17314,543.99,2026-04-08 12:00:00+00:00,3
8439,17322,544.18,2026-04-09 12:00:00+00:00,6
8440,17315,544.01,2026-05-09 12:00:00+00:00,6
8441,17323,544.20,2026-05-09 12:00:00+00:00,2
8442,17316,544.03,2026-06-05 12:00:00+00:00,6
8443,17324,544.23,2026-06-08 12:00:00+00:00,7
8444,17317,544.06,2026-07-07 12:00:00+00:00,3
8445,17325,544.26,2026-07-08 12:00:00+00:00,1
8446,17318,544.08,2026-08-07 12:00:00+00:00,5
8447,17326,544.28,2026-08-07 12:00:00+00:00,7
8448,17319,544.10,2026-09-06 12:00:00+00:00,3
8449,17335,1268.60,2026-04-02 12:00:00+00:00,1
8450,17336,1268.66,2026-04-30 12:00:00+00:00,4
8451,17342,1269.03,2026-05-03 12:00:00+00:00,5
8452,17337,1268.72,2026-05-30 12:00:00+00:00,4
8453,17343,1269.10,2026-06-02 12:00:00+00:00,2
8454,17338,1268.78,2026-07-01 12:00:00+00:00,1
8455,17339,1268.84,2026-07-27 12:00:00+00:00,7
8456,17344,1269.17,2026-08-01 12:00:00+00:00,6
8457,17340,1268.90,2026-08-28 12:00:00+00:00,4
8458,17345,1269.24,2026-08-31 12:00:00+00:00,2
8459,17341,1268.97,2026-09-26 12:00:00+00:00,2
8460,17346,1269.32,2026-09-30 12:00:00+00:00,2
8461,17359,1259.02,2025-12-07 12:00:00+00:00,3
8462,17360,1259.08,2026-01-05 12:00:00+00:00,3
8463,17369,1259.71,2026-01-07 12:00:00+00:00,2
8464,17361,1259.15,2026-02-05 12:00:00+00:00,7
8465,17370,1259.78,2026-02-06 12:00:00+00:00,1
8466,17362,1259.21,2026-03-04 12:00:00+00:00,1
8467,17371,1259.86,2026-03-08 12:00:00+00:00,4
8468,17363,1259.28,2026-04-03 12:00:00+00:00,1
8469,17372,1259.94,2026-04-07 12:00:00+00:00,6
8470,17364,1259.35,2026-05-07 12:00:00+00:00,4
8471,17373,1260.02,2026-05-07 12:00:00+00:00,4
8472,17365,1259.42,2026-06-06 12:00:00+00:00,7
8473,17374,1260.11,2026-06-06 12:00:00+00:00,4
8474,17366,1259.49,2026-07-04 12:00:00+00:00,4
8475,17375,1260.19,2026-07-06 12:00:00+00:00,7
8476,17367,1259.56,2026-08-01 12:00:00+00:00,2
8477,17368,1259.63,2026-08-30 12:00:00+00:00,4
8478,17376,1260.27,2026-09-04 12:00:00+00:00,2
8479,17377,2185.64,2026-04-14 12:00:00+00:00,4
8480,17378,2185.77,2026-05-15 12:00:00+00:00,1
8481,17379,2185.91,2026-06-10 12:00:00+00:00,7
8482,17380,2186.05,2026-07-11 12:00:00+00:00,7
8483,17383,2186.50,2026-07-14 12:00:00+00:00,7
8484,17381,2186.20,2026-08-13 12:00:00+00:00,2
8485,17384,2186.66,2026-08-13 12:00:00+00:00,4
8486,17382,2186.35,2026-09-07 12:00:00+00:00,6
8487,17389,462.29,2026-01-28 12:00:00+00:00,6
8488,17398,462.44,2026-02-01 12:00:00+00:00,1
8489,17390,462.30,2026-02-27 12:00:00+00:00,5
8490,17391,462.32,2026-04-01 12:00:00+00:00,5
8491,17399,462.46,2026-04-02 12:00:00+00:00,2
8492,17392,462.34,2026-05-01 12:00:00+00:00,2
8493,17400,462.48,2026-05-02 12:00:00+00:00,7
8494,17393,462.35,2026-05-31 12:00:00+00:00,3
8495,17394,462.37,2026-06-26 12:00:00+00:00,1
8496,17401,462.49,2026-07-01 12:00:00+00:00,6
8497,17395,462.39,2026-07-31 12:00:00+00:00,3
8498,17396,462.40,2026-08-29 12:00:00+00:00,1
8499,17402,462.51,2026-08-30 12:00:00+00:00,4
8500,17397,462.42,2026-09-27 12:00:00+00:00,6
8501,17403,462.53,2026-09-29 12:00:00+00:00,7
8502,17425,1464.08,2026-05-20 12:00:00+00:00,6
8503,17430,1464.48,2026-05-23 12:00:00+00:00,2
8504,17426,1464.16,2026-06-18 12:00:00+00:00,2
8505,17427,1464.24,2026-07-22 12:00:00+00:00,7
8506,17431,1464.57,2026-07-22 12:00:00+00:00,5
8507,17428,1464.32,2026-08-17 12:00:00+00:00,1
8508,17432,1464.65,2026-08-21 12:00:00+00:00,3
8509,17429,1464.40,2026-09-17 12:00:00+00:00,7
8510,17443,1272.92,2026-02-10 12:00:00+00:00,6
8511,17451,1273.30,2026-02-15 12:00:00+00:00,2
8512,17444,1272.96,2026-03-12 12:00:00+00:00,4
8513,17452,1273.35,2026-03-17 12:00:00+00:00,7
8514,17445,1273.01,2026-04-14 12:00:00+00:00,1
8515,17453,1273.40,2026-04-16 12:00:00+00:00,7
8516,17446,1273.05,2026-05-14 12:00:00+00:00,3
8517,17447,1273.10,2026-06-11 12:00:00+00:00,1
8518,17448,1273.15,2026-07-11 12:00:00+00:00,7
8519,17454,1273.46,2026-07-15 12:00:00+00:00,7
8520,17449,1273.20,2026-08-14 12:00:00+00:00,2
8521,17455,1273.52,2026-08-14 12:00:00+00:00,1
8522,17450,1273.25,2026-09-13 12:00:00+00:00,1
8523,17456,1273.57,2026-09-13 12:00:00+00:00,6
8524,17479,522.08,2025-12-20 12:00:00+00:00,3
8525,17480,522.10,2026-01-24 12:00:00+00:00,6
8526,17481,522.11,2026-02-11 12:00:00+00:00,7
8527,17482,522.13,2026-03-19 12:00:00+00:00,2
8528,17483,522.15,2026-04-21 12:00:00+00:00,3
8529,17484,522.16,2026-05-23 12:00:00+00:00,3
8530,17485,522.18,2026-06-16 12:00:00+00:00,6
8531,17486,522.20,2026-07-15 12:00:00+00:00,1
8532,17488,522.23,2026-10-04 12:00:00+00:00,7
8533,17515,1281.41,2026-07-01 12:00:00+00:00,7
8534,17516,1281.48,2026-07-29 12:00:00+00:00,7
8535,17518,1281.62,2026-08-03 12:00:00+00:00,2
8536,17517,1281.55,2026-08-28 12:00:00+00:00,1
8537,17539,989.84,2026-04-27 12:00:00+00:00,1
8538,17545,990.06,2026-05-02 12:00:00+00:00,1
8539,17540,989.87,2026-05-28 12:00:00+00:00,7
8540,17541,989.91,2026-06-26 12:00:00+00:00,5
8541,17542,989.95,2026-07-26 12:00:00+00:00,4
8542,17543,989.98,2026-08-27 12:00:00+00:00,4
8543,17546,990.11,2026-08-30 12:00:00+00:00,6
8544,17544,990.02,2026-09-29 12:00:00+00:00,3
8545,17547,990.15,2026-09-29 12:00:00+00:00,6
8546,17575,847.51,2026-04-11 12:00:00+00:00,7
8547,17581,847.88,2026-04-16 12:00:00+00:00,7
8548,17576,847.56,2026-05-12 12:00:00+00:00,7
8549,17577,847.62,2026-06-10 12:00:00+00:00,7
8550,17582,847.95,2026-06-15 12:00:00+00:00,7
8551,17578,847.68,2026-07-10 12:00:00+00:00,1
8552,17583,848.02,2026-07-15 12:00:00+00:00,5
8553,17579,847.75,2026-08-09 12:00:00+00:00,2
8554,17584,848.09,2026-08-14 12:00:00+00:00,5
8555,17580,847.81,2026-09-10 12:00:00+00:00,7
8556,17585,848.16,2026-09-13 12:00:00+00:00,5
8557,17587,722.32,2026-05-12 12:00:00+00:00,7
8558,17588,722.34,2026-06-11 12:00:00+00:00,5
8559,17592,722.45,2026-06-16 12:00:00+00:00,6
8560,17589,722.37,2026-07-13 12:00:00+00:00,5
8561,17590,722.39,2026-08-15 12:00:00+00:00,5
8562,17591,722.42,2026-09-09 12:00:00+00:00,1
8563,17623,772.77,2026-05-30 12:00:00+00:00,6
8564,17624,772.80,2026-06-30 12:00:00+00:00,4
8565,17628,772.91,2026-06-30 12:00:00+00:00,7
8566,17625,772.83,2026-07-26 12:00:00+00:00,5
8567,17629,772.94,2026-07-30 12:00:00+00:00,6
8568,17626,772.86,2026-08-25 12:00:00+00:00,4
8569,17627,772.88,2026-09-24 12:00:00+00:00,7
8570,17659,2042.10,2026-04-30 12:00:00+00:00,7
8571,17665,2042.65,2026-05-02 12:00:00+00:00,6
8572,17660,2042.19,2026-05-31 12:00:00+00:00,7
8573,17666,2042.74,2026-06-01 12:00:00+00:00,2
8574,17661,2042.28,2026-06-27 12:00:00+00:00,5
8575,17667,2042.84,2026-07-01 12:00:00+00:00,6
8576,17662,2042.37,2026-07-27 12:00:00+00:00,2
8577,17668,2042.94,2026-07-31 12:00:00+00:00,4
8578,17663,2042.46,2026-08-26 12:00:00+00:00,5
8579,17669,2043.04,2026-08-30 12:00:00+00:00,1
8580,17664,2042.55,2026-09-26 12:00:00+00:00,6
8581,17670,2043.14,2026-09-29 12:00:00+00:00,7
8582,17677,704.05,2025-12-11 12:00:00+00:00,1
8583,17687,704.44,2025-12-14 12:00:00+00:00,2
8584,17678,704.08,2026-01-10 12:00:00+00:00,6
8585,17688,704.49,2026-01-13 12:00:00+00:00,3
8586,17679,704.12,2026-02-08 12:00:00+00:00,1
8587,17680,704.15,2026-03-12 12:00:00+00:00,5
8588,17689,704.53,2026-03-14 12:00:00+00:00,4
8589,17681,704.19,2026-04-08 12:00:00+00:00,3
8590,17682,704.23,2026-05-12 12:00:00+00:00,5
8591,17690,704.58,2026-05-13 12:00:00+00:00,7
8592,17683,704.27,2026-06-12 12:00:00+00:00,7
8593,17684,704.31,2026-07-09 12:00:00+00:00,4
8594,17685,704.35,2026-08-07 12:00:00+00:00,7
8595,17691,704.63,2026-08-11 12:00:00+00:00,4
8596,17686,704.40,2026-09-09 12:00:00+00:00,2
8597,17701,1235.96,2026-01-27 12:00:00+00:00,7
8598,17702,1236.02,2026-02-18 12:00:00+00:00,1
8599,17703,1236.08,2026-03-22 12:00:00+00:00,3
8600,17704,1236.14,2026-04-17 12:00:00+00:00,4
8601,17705,1236.20,2026-05-26 12:00:00+00:00,1
8602,17706,1236.26,2026-06-16 12:00:00+00:00,7
8603,17707,1236.33,2026-07-24 12:00:00+00:00,1
8604,17708,1236.39,2026-08-28 12:00:00+00:00,2
8605,17725,2457.89,2026-04-16 12:00:00+00:00,1
8606,17726,2458.00,2026-05-14 12:00:00+00:00,1
8607,17731,2458.61,2026-05-17 12:00:00+00:00,1
8608,17727,2458.12,2026-06-15 12:00:00+00:00,2
8609,17732,2458.74,2026-06-16 12:00:00+00:00,7
8610,17728,2458.24,2026-07-12 12:00:00+00:00,3
8611,17729,2458.36,2026-08-10 12:00:00+00:00,7
8612,17733,2458.87,2026-08-15 12:00:00+00:00,7
8613,17730,2458.48,2026-09-10 12:00:00+00:00,1
8614,17734,2459.00,2026-09-14 12:00:00+00:00,4
8615,17743,1926.05,2026-06-01 12:00:00+00:00,6
8616,17744,1926.17,2026-07-01 12:00:00+00:00,5
8617,17745,1926.30,2026-08-03 12:00:00+00:00,5
8618,17747,1926.55,2026-08-04 12:00:00+00:00,7
8619,17746,1926.42,2026-09-02 12:00:00+00:00,2
8620,17761,985.47,2026-06-10 12:00:00+00:00,6
8621,17765,985.62,2026-06-12 12:00:00+00:00,3
8622,17762,985.50,2026-07-12 12:00:00+00:00,6
8623,17763,985.54,2026-08-11 12:00:00+00:00,3
8624,17766,985.66,2026-08-11 12:00:00+00:00,3
8625,17764,985.58,2026-09-10 12:00:00+00:00,6
8626,17767,985.70,2026-09-10 12:00:00+00:00,1
8627,17797,364.54,2025-11-08 12:00:00+00:00,3
8628,17798,364.56,2025-12-07 12:00:00+00:00,3
8629,17799,364.59,2026-01-06 12:00:00+00:00,2
8630,17800,364.61,2026-02-02 12:00:00+00:00,2
8631,17808,364.81,2026-02-07 12:00:00+00:00,1
8632,17801,364.64,2026-03-05 12:00:00+00:00,5
8633,17802,364.67,2026-04-03 12:00:00+00:00,4
8634,17803,364.69,2026-05-03 12:00:00+00:00,2
8635,17804,364.72,2026-06-02 12:00:00+00:00,3
8636,17805,364.75,2026-07-07 12:00:00+00:00,7
8637,17806,364.78,2026-08-01 12:00:00+00:00,6
8638,17807,364.81,2026-09-01 12:00:00+00:00,1
8639,17809,383.01,2026-01-17 12:00:00+00:00,5
8640,17818,383.28,2026-01-20 12:00:00+00:00,4
8641,17810,383.03,2026-02-17 12:00:00+00:00,5
8642,17819,383.31,2026-02-19 12:00:00+00:00,4
8643,17811,383.06,2026-03-19 12:00:00+00:00,6
8644,17812,383.09,2026-04-15 12:00:00+00:00,1
8645,17813,383.12,2026-05-16 12:00:00+00:00,7
8646,17820,383.30,2026-05-20 12:00:00+00:00,4
8647,17814,383.15,2026-06-17 12:00:00+00:00,3
8648,17815,383.18,2026-07-19 12:00:00+00:00,5
8649,17816,383.21,2026-08-15 12:00:00+00:00,6
8650,17817,383.25,2026-09-15 12:00:00+00:00,7
8651,17821,2032.28,2026-02-08 12:00:00+00:00,4
8652,17822,2032.42,2026-03-13 12:00:00+00:00,1
8653,17829,2033.50,2026-03-15 12:00:00+00:00,3
8654,17823,2032.56,2026-04-10 12:00:00+00:00,4
8655,17830,2033.67,2026-04-14 12:00:00+00:00,6
8656,17824,2032.71,2026-05-11 12:00:00+00:00,2
8657,17831,2033.84,2026-05-14 12:00:00+00:00,1
8658,17825,2032.86,2026-06-08 12:00:00+00:00,2
8659,17832,2034.07,2026-06-13 12:00:00+00:00,2
8660,17826,2033.01,2026-07-10 12:00:00+00:00,6
8661,17827,2033.17,2026-08-08 12:00:00+00:00,5
8662,17828,2033.33,2026-09-10 12:00:00+00:00,3
8663,17833,2643.86,2026-02-18 12:00:00+00:00,2
8664,17841,2645.14,2026-02-20 12:00:00+00:00,5
8665,17834,2644.01,2026-03-19 12:00:00+00:00,2
8666,17842,2645.32,2026-03-22 12:00:00+00:00,4
8667,17835,2644.16,2026-04-16 12:00:00+00:00,2
8668,17843,2645.50,2026-04-21 12:00:00+00:00,3
8669,17836,2644.31,2026-05-21 12:00:00+00:00,2
8670,17837,2644.47,2026-06-15 12:00:00+00:00,1
8671,17844,2645.68,2026-06-20 12:00:00+00:00,4
8672,17838,2644.63,2026-07-18 12:00:00+00:00,5
8673,17839,2644.80,2026-08-15 12:00:00+00:00,7
8674,17845,2645.88,2026-08-19 12:00:00+00:00,2
8675,17840,2644.97,2026-09-17 12:00:00+00:00,1
8676,17851,1319.32,2025-12-02 12:00:00+00:00,6
8677,17861,1320.03,2025-12-05 12:00:00+00:00,2
8678,17852,1319.38,2026-01-04 12:00:00+00:00,6
8679,17862,1320.12,2026-01-04 12:00:00+00:00,4
8680,17853,1319.45,2026-02-03 12:00:00+00:00,5
8681,17863,1320.20,2026-02-03 12:00:00+00:00,6
8682,17854,1319.51,2026-03-05 12:00:00+00:00,3
8683,17864,1320.29,2026-03-05 12:00:00+00:00,2
8684,17855,1319.58,2026-04-04 12:00:00+00:00,6
8685,17865,1320.37,2026-04-04 12:00:00+00:00,1
8686,17856,1319.65,2026-05-03 12:00:00+00:00,5
8687,17866,1320.46,2026-05-04 12:00:00+00:00,3
8688,17857,1319.73,2026-05-30 12:00:00+00:00,5
8689,17867,1320.56,2026-06-03 12:00:00+00:00,7
8690,17858,1319.80,2026-07-03 12:00:00+00:00,3
8691,17868,1320.65,2026-07-03 12:00:00+00:00,2
8692,17859,1319.88,2026-07-30 12:00:00+00:00,7
8693,17860,1319.95,2026-08-31 12:00:00+00:00,5
8694,17869,1320.75,2026-09-01 12:00:00+00:00,1
8695,17875,1620.61,2026-03-01 12:00:00+00:00,3
8696,17883,1621.71,2026-03-03 12:00:00+00:00,2
8697,17876,1620.73,2026-04-02 12:00:00+00:00,7
8698,17877,1620.86,2026-05-01 12:00:00+00:00,7
8699,17884,1621.87,2026-05-02 12:00:00+00:00,7
8700,17878,1620.99,2026-05-28 12:00:00+00:00,4
8701,17885,1622.04,2026-06-01 12:00:00+00:00,7
8702,17879,1621.13,2026-06-28 12:00:00+00:00,7
8703,17886,1622.13,2026-07-01 12:00:00+00:00,4
8704,17880,1621.27,2026-07-28 12:00:00+00:00,1
8705,17881,1621.41,2026-08-28 12:00:00+00:00,7
8706,17882,1621.56,2026-09-27 12:00:00+00:00,2
8707,17887,1148.22,2026-07-06 12:00:00+00:00,3
8708,17890,1148.48,2026-07-09 12:00:00+00:00,1
8709,17888,1148.30,2026-08-05 12:00:00+00:00,7
8710,17891,1148.57,2026-08-08 12:00:00+00:00,6
8711,17889,1148.39,2026-09-03 12:00:00+00:00,4
8712,17899,839.47,2026-04-24 12:00:00+00:00,1
8713,17900,839.52,2026-05-24 12:00:00+00:00,7
8714,17905,839.77,2026-05-29 12:00:00+00:00,6
8715,17901,839.57,2026-06-25 12:00:00+00:00,4
8716,17906,839.82,2026-06-28 12:00:00+00:00,3
8717,17902,839.62,2026-07-24 12:00:00+00:00,4
8718,17907,839.88,2026-07-28 12:00:00+00:00,6
8719,17903,839.67,2026-08-26 12:00:00+00:00,7
8720,17908,839.93,2026-08-27 12:00:00+00:00,4
8721,17904,839.72,2026-09-22 12:00:00+00:00,4
8722,17909,839.99,2026-09-26 12:00:00+00:00,3
8723,17911,2716.64,2026-06-08 12:00:00+00:00,4
8724,17912,2716.79,2026-07-05 12:00:00+00:00,6
8725,17913,2716.96,2026-08-07 12:00:00+00:00,5
8726,17914,2717.12,2026-09-11 12:00:00+00:00,1
8727,17929,2316.38,2026-06-23 12:00:00+00:00,6
8728,17930,2316.48,2026-07-24 12:00:00+00:00,5
8729,17933,2316.79,2026-07-25 12:00:00+00:00,7
8730,17931,2316.58,2026-08-22 12:00:00+00:00,1
8731,17934,2316.90,2026-08-24 12:00:00+00:00,1
8732,17932,2316.69,2026-09-22 12:00:00+00:00,5
8733,17941,1013.59,2026-05-16 12:00:00+00:00,6
8734,17942,1013.62,2026-06-17 12:00:00+00:00,6
8735,17943,1013.65,2026-07-18 12:00:00+00:00,1
8736,17944,1013.69,2026-08-19 12:00:00+00:00,5
8737,17946,1013.76,2026-08-19 12:00:00+00:00,6
8738,17945,1013.72,2026-09-15 12:00:00+00:00,1
8739,17977,1098.50,2026-02-03 12:00:00+00:00,6
8740,17985,1098.94,2026-02-08 12:00:00+00:00,2
8741,17978,1098.55,2026-03-10 12:00:00+00:00,5
8742,17986,1099.00,2026-03-10 12:00:00+00:00,7
8743,17979,1098.60,2026-04-05 12:00:00+00:00,4
8744,17987,1099.07,2026-04-09 12:00:00+00:00,7
8745,17980,1098.66,2026-05-07 12:00:00+00:00,7
8746,17981,1098.71,2026-06-04 12:00:00+00:00,1
8747,17988,1099.13,2026-06-08 12:00:00+00:00,5
8748,17982,1098.77,2026-07-05 12:00:00+00:00,2
8749,17983,1098.82,2026-08-04 12:00:00+00:00,4
8750,17984,1098.88,2026-09-05 12:00:00+00:00,5
8751,18001,1853.61,2025-11-30 12:00:00+00:00,3
8752,18002,1853.71,2025-12-31 12:00:00+00:00,5
8753,18012,1854.90,2026-01-03 12:00:00+00:00,6
8754,18003,1853.81,2026-02-02 12:00:00+00:00,4
8755,18013,1855.04,2026-02-02 12:00:00+00:00,1
8756,18004,1853.92,2026-03-03 12:00:00+00:00,6
8757,18005,1854.03,2026-03-29 12:00:00+00:00,7
8758,18006,1854.14,2026-04-28 12:00:00+00:00,6
8759,18007,1854.26,2026-05-31 12:00:00+00:00,3
8760,18008,1854.38,2026-06-29 12:00:00+00:00,7
8761,18009,1854.50,2026-07-31 12:00:00+00:00,3
8762,18010,1854.63,2026-08-28 12:00:00+00:00,3
8763,18011,1854.76,2026-09-30 12:00:00+00:00,1
8764,18025,1943.73,2026-06-03 12:00:00+00:00,6
8765,18029,1944.19,2026-06-07 12:00:00+00:00,7
8766,18026,1943.84,2026-07-03 12:00:00+00:00,5
8767,18027,1943.95,2026-08-04 12:00:00+00:00,5
8768,18028,1944.07,2026-09-03 12:00:00+00:00,2
8769,18037,720.85,2026-01-12 12:00:00+00:00,7
8770,18046,721.11,2026-01-15 12:00:00+00:00,6
8771,18038,720.88,2026-02-11 12:00:00+00:00,7
8772,18047,721.14,2026-02-14 12:00:00+00:00,3
8773,18039,720.90,2026-03-14 12:00:00+00:00,6
8774,18048,721.17,2026-03-16 12:00:00+00:00,3
8775,18040,720.93,2026-04-15 12:00:00+00:00,6
8776,18041,720.96,2026-05-12 12:00:00+00:00,6
8777,18049,721.20,2026-05-15 12:00:00+00:00,6
8778,18042,720.99,2026-06-11 12:00:00+00:00,1
8779,18043,721.02,2026-07-09 12:00:00+00:00,7
8780,18050,721.24,2026-07-14 12:00:00+00:00,4
8781,18044,721.05,2026-08-08 12:00:00+00:00,5
8782,18051,721.27,2026-08-13 12:00:00+00:00,3
8783,18045,721.08,2026-09-07 12:00:00+00:00,4
8784,18073,1238.02,2026-03-20 12:00:00+00:00,7
8785,18074,1238.08,2026-04-22 12:00:00+00:00,2
8786,18080,1238.51,2026-04-22 12:00:00+00:00,6
8787,18075,1238.15,2026-05-21 12:00:00+00:00,7
8788,18076,1238.22,2026-06-20 12:00:00+00:00,6
8789,18077,1238.29,2026-07-20 12:00:00+00:00,4
8790,18078,1238.36,2026-08-17 12:00:00+00:00,5
8791,18081,1238.59,2026-08-20 12:00:00+00:00,7
8792,18079,1238.44,2026-09-19 12:00:00+00:00,3
8793,18082,1238.68,2026-09-19 12:00:00+00:00,2
8794,18097,953.89,2026-03-06 12:00:00+00:00,5
8795,18104,954.25,2026-03-07 12:00:00+00:00,6
8796,18098,953.94,2026-04-05 12:00:00+00:00,4
8797,18099,953.99,2026-05-04 12:00:00+00:00,3
8798,18105,954.30,2026-05-06 12:00:00+00:00,2
8799,18100,954.04,2026-06-04 12:00:00+00:00,3
8800,18106,954.36,2026-06-05 12:00:00+00:00,1
8801,18101,954.09,2026-07-01 12:00:00+00:00,7
8802,18107,954.42,2026-07-05 12:00:00+00:00,5
8803,18102,954.14,2026-08-01 12:00:00+00:00,4
8804,18108,954.48,2026-08-04 12:00:00+00:00,2
8805,18103,954.19,2026-09-03 12:00:00+00:00,7
8806,18109,954.54,2026-09-03 12:00:00+00:00,6
8807,18121,1332.09,2026-07-09 12:00:00+00:00,2
8808,18124,1332.28,2026-07-10 12:00:00+00:00,3
8809,18122,1332.15,2026-08-06 12:00:00+00:00,1
8810,18123,1332.21,2026-09-04 12:00:00+00:00,5
8811,18145,2004.31,2026-05-15 12:00:00+00:00,3
8812,18150,2004.89,2026-05-16 12:00:00+00:00,2
8813,18146,2004.42,2026-06-14 12:00:00+00:00,5
8814,18151,2005.01,2026-06-15 12:00:00+00:00,7
8815,18147,2004.53,2026-07-11 12:00:00+00:00,5
8816,18148,2004.65,2026-08-14 12:00:00+00:00,1
8817,18152,2005.14,2026-08-14 12:00:00+00:00,3
8818,18149,2004.77,2026-09-11 12:00:00+00:00,7
8819,18153,2005.27,2026-09-13 12:00:00+00:00,2
8820,18163,1085.85,2026-08-03 12:00:00+00:00,7
8821,18164,1085.90,2026-08-31 12:00:00+00:00,6
8822,18165,1085.96,2026-09-02 12:00:00+00:00,3
8823,18187,374.85,2025-11-23 12:00:00+00:00,3
8824,18188,374.87,2025-12-19 12:00:00+00:00,4
8825,18189,374.89,2026-01-18 12:00:00+00:00,3
8826,18198,375.05,2026-01-23 12:00:00+00:00,3
8827,18190,374.90,2026-02-18 12:00:00+00:00,6
8828,18199,375.08,2026-02-22 12:00:00+00:00,1
8829,18191,374.92,2026-03-19 12:00:00+00:00,7
8830,18192,374.94,2026-04-18 12:00:00+00:00,6
8831,18200,375.10,2026-04-23 12:00:00+00:00,6
8832,18193,374.96,2026-05-23 12:00:00+00:00,1
8833,18201,375.12,2026-05-23 12:00:00+00:00,1
8834,18194,374.98,2026-06-19 12:00:00+00:00,1
8835,18202,375.14,2026-06-22 12:00:00+00:00,6
8836,18195,375.00,2026-07-18 12:00:00+00:00,1
8837,18203,375.16,2026-07-22 12:00:00+00:00,5
8838,18196,375.01,2026-08-17 12:00:00+00:00,3
8839,18197,375.03,2026-09-17 12:00:00+00:00,5
8840,18204,375.19,2026-09-20 12:00:00+00:00,2
8841,18211,1780.45,2026-04-25 12:00:00+00:00,1
8842,18212,1780.55,2026-05-16 12:00:00+00:00,3
8843,18213,1780.65,2026-06-17 12:00:00+00:00,7
8844,18214,1780.76,2026-07-18 12:00:00+00:00,1
8845,18215,1780.86,2026-08-17 12:00:00+00:00,1
8846,18229,1377.12,2026-07-14 12:00:00+00:00,2
8847,18232,1377.34,2026-07-14 12:00:00+00:00,4
8848,18230,1377.19,2026-08-08 12:00:00+00:00,5
8849,18233,1377.42,2026-08-13 12:00:00+00:00,5
8850,18231,1377.26,2026-09-11 12:00:00+00:00,7
8851,18234,1377.50,2026-09-12 12:00:00+00:00,4
8852,18253,473.28,2026-02-21 12:00:00+00:00,4
8853,18261,473.53,2026-02-26 12:00:00+00:00,4
8854,18254,473.31,2026-03-23 12:00:00+00:00,4
8855,18262,473.57,2026-03-28 12:00:00+00:00,7
8856,18255,473.34,2026-04-24 12:00:00+00:00,1
8857,18263,473.61,2026-04-27 12:00:00+00:00,5
8858,18256,473.37,2026-05-27 12:00:00+00:00,5
8859,18264,473.71,2026-05-27 12:00:00+00:00,1
8860,18257,473.40,2026-06-21 12:00:00+00:00,4
8861,18258,473.43,2026-07-22 12:00:00+00:00,4
8862,18259,473.46,2026-08-21 12:00:00+00:00,7
8863,18260,473.50,2026-09-20 12:00:00+00:00,5
8864,18265,1669.51,2026-01-19 12:00:00+00:00,1
8865,18274,1670.27,2026-01-24 12:00:00+00:00,2
8866,18266,1669.59,2026-02-19 12:00:00+00:00,6
8867,18275,1670.37,2026-02-23 12:00:00+00:00,7
8868,18267,1669.67,2026-03-23 12:00:00+00:00,5
8869,18268,1669.75,2026-04-20 12:00:00+00:00,1
8870,18269,1669.83,2026-05-19 12:00:00+00:00,3
8871,18276,1670.41,2026-05-24 12:00:00+00:00,1
8872,18270,1669.92,2026-06-18 12:00:00+00:00,7
8873,18271,1670.01,2026-07-21 12:00:00+00:00,3
8874,18272,1670.09,2026-08-17 12:00:00+00:00,6
8875,18273,1670.18,2026-09-21 12:00:00+00:00,6
8876,18277,500.20,2026-06-23 12:00:00+00:00,4
8877,18278,500.23,2026-07-24 12:00:00+00:00,3
8878,18281,500.32,2026-07-25 12:00:00+00:00,2
8879,18279,500.26,2026-08-19 12:00:00+00:00,4
8880,18282,500.35,2026-08-24 12:00:00+00:00,2
8881,18280,500.29,2026-09-19 12:00:00+00:00,4
8882,18283,500.38,2026-09-23 12:00:00+00:00,3
8883,18289,271.39,2026-06-12 12:00:00+00:00,5
8884,18290,271.40,2026-07-23 12:00:00+00:00,4
8885,18291,271.41,2026-08-10 12:00:00+00:00,4
8886,18325,2348.48,2026-07-28 12:00:00+00:00,2
8887,18327,2348.73,2026-08-02 12:00:00+00:00,1
8888,18326,2348.61,2026-08-30 12:00:00+00:00,4
8889,18328,2348.86,2026-09-01 12:00:00+00:00,7
8890,18337,3399.40,2026-05-13 12:00:00+00:00,1
8891,18338,3399.61,2026-06-10 12:00:00+00:00,6
8892,18342,3400.48,2026-06-15 12:00:00+00:00,2
8893,18339,3399.82,2026-07-11 12:00:00+00:00,1
8894,18343,3400.71,2026-07-15 12:00:00+00:00,3
8895,18340,3400.03,2026-08-13 12:00:00+00:00,6
8896,18344,3400.94,2026-08-14 12:00:00+00:00,7
8897,18341,3400.25,2026-09-12 12:00:00+00:00,4
8898,18345,3401.18,2026-09-13 12:00:00+00:00,2
8899,18349,264.56,2026-01-30 12:00:00+00:00,5
8900,18350,264.58,2026-03-03 12:00:00+00:00,4
8901,18351,264.59,2026-03-31 12:00:00+00:00,7
8902,18352,264.60,2026-04-27 12:00:00+00:00,4
8903,18353,264.62,2026-06-01 12:00:00+00:00,7
8904,18354,264.63,2026-06-20 12:00:00+00:00,7
8905,18355,264.65,2026-08-01 12:00:00+00:00,5
8906,18356,264.66,2026-08-25 12:00:00+00:00,4
8907,18367,329.47,2026-02-23 12:00:00+00:00,3
8908,18375,329.62,2026-02-25 12:00:00+00:00,5
8909,18368,329.49,2026-03-27 12:00:00+00:00,6
8910,18376,329.65,2026-03-27 12:00:00+00:00,7
8911,18369,329.50,2026-04-21 12:00:00+00:00,2
8912,18377,329.67,2026-04-26 12:00:00+00:00,3
8913,18370,329.52,2026-05-24 12:00:00+00:00,5
8914,18371,329.54,2026-06-22 12:00:00+00:00,5
8915,18378,329.69,2026-06-25 12:00:00+00:00,1
8916,18372,329.56,2026-07-20 12:00:00+00:00,1
8917,18373,329.58,2026-08-22 12:00:00+00:00,2
8918,18379,329.72,2026-08-24 12:00:00+00:00,3
8919,18374,329.60,2026-09-19 12:00:00+00:00,7
8920,18380,329.74,2026-09-23 12:00:00+00:00,4
8921,18391,1983.93,2026-05-12 12:00:00+00:00,7
8922,18396,1984.35,2026-05-16 12:00:00+00:00,1
8923,18392,1984.01,2026-06-13 12:00:00+00:00,4
8924,18393,1984.09,2026-07-13 12:00:00+00:00,4
8925,18397,1984.44,2026-07-15 12:00:00+00:00,5
8926,18394,1984.18,2026-08-10 12:00:00+00:00,4
8927,18395,1984.26,2026-09-11 12:00:00+00:00,5
8928,18409,1396.75,2025-12-27 12:00:00+00:00,7
8929,18419,1397.60,2025-12-29 12:00:00+00:00,5
8930,18410,1396.82,2026-01-27 12:00:00+00:00,1
8931,18411,1396.90,2026-02-25 12:00:00+00:00,7
8932,18412,1396.98,2026-03-26 12:00:00+00:00,6
8933,18420,1397.70,2026-03-29 12:00:00+00:00,3
8934,18413,1397.06,2026-04-24 12:00:00+00:00,4
8935,18414,1397.14,2026-05-23 12:00:00+00:00,1
8936,18421,1397.80,2026-05-28 12:00:00+00:00,1
8937,18415,1397.23,2026-06-24 12:00:00+00:00,5
8938,18422,1397.91,2026-06-27 12:00:00+00:00,5
8939,18416,1397.32,2026-07-26 12:00:00+00:00,4
8940,18423,1398.02,2026-07-27 12:00:00+00:00,6
8941,18417,1397.41,2026-08-23 12:00:00+00:00,5
8942,18424,1398.14,2026-08-26 12:00:00+00:00,7
8943,18418,1397.50,2026-09-20 12:00:00+00:00,1
8944,18425,1398.25,2026-09-25 12:00:00+00:00,4
8945,18433,1728.18,2026-05-05 12:00:00+00:00,4
8946,18438,1728.62,2026-05-06 12:00:00+00:00,1
8947,18434,1728.27,2026-05-31 12:00:00+00:00,7
8948,18439,1728.72,2026-06-05 12:00:00+00:00,1
8949,18435,1728.35,2026-07-03 12:00:00+00:00,1
8950,18440,1728.81,2026-07-05 12:00:00+00:00,5
8951,18436,1728.44,2026-07-30 12:00:00+00:00,5
8952,18441,1728.91,2026-08-04 12:00:00+00:00,4
8953,18437,1728.53,2026-08-31 12:00:00+00:00,4
8954,18457,553.30,2026-05-27 12:00:00+00:00,3
8955,18462,553.45,2026-05-27 12:00:00+00:00,4
8956,18458,553.33,2026-06-21 12:00:00+00:00,4
8957,18463,553.48,2026-06-26 12:00:00+00:00,3
8958,18459,553.35,2026-07-23 12:00:00+00:00,3
8959,18464,553.52,2026-07-26 12:00:00+00:00,2
8960,18460,553.39,2026-08-24 12:00:00+00:00,5
8961,18465,553.55,2026-08-25 12:00:00+00:00,6
8962,18461,553.42,2026-09-20 12:00:00+00:00,4
8963,18481,2023.87,2026-04-27 12:00:00+00:00,4
8964,18487,2024.71,2026-04-28 12:00:00+00:00,4
8965,18482,2024.00,2026-05-24 12:00:00+00:00,4
8966,18488,2024.87,2026-05-28 12:00:00+00:00,1
8967,18483,2024.13,2026-06-23 12:00:00+00:00,7
8968,18489,2025.03,2026-06-27 12:00:00+00:00,3
8969,18484,2024.27,2026-07-22 12:00:00+00:00,6
8970,18485,2024.41,2026-08-23 12:00:00+00:00,5
8971,18486,2024.56,2026-09-23 12:00:00+00:00,5
8972,18499,181.84,2026-01-09 12:00:00+00:00,7
8973,18500,181.85,2026-02-04 12:00:00+00:00,5
8974,18501,181.85,2026-03-05 12:00:00+00:00,6
8975,18502,181.86,2026-04-08 12:00:00+00:00,5
8976,18503,181.87,2026-05-05 12:00:00+00:00,5
8977,18504,181.88,2026-06-03 12:00:00+00:00,6
8978,18505,181.88,2026-07-03 12:00:00+00:00,3
8979,18506,181.89,2026-08-04 12:00:00+00:00,5
8980,18508,181.91,2026-08-07 12:00:00+00:00,6
8981,18507,181.90,2026-09-01 12:00:00+00:00,4
8982,18509,181.92,2026-09-06 12:00:00+00:00,7
8983,18535,1020.54,2026-05-23 12:00:00+00:00,3
8984,18536,1020.58,2026-06-22 12:00:00+00:00,2
8985,18537,1020.62,2026-07-22 12:00:00+00:00,4
8986,18540,1020.74,2026-07-26 12:00:00+00:00,1
8987,18538,1020.66,2026-08-24 12:00:00+00:00,7
8988,18541,1020.78,2026-08-25 12:00:00+00:00,1
8989,18539,1020.70,2026-09-22 12:00:00+00:00,4
8990,18571,276.02,2026-04-21 12:00:00+00:00,6
8991,18572,276.03,2026-05-23 12:00:00+00:00,1
8992,18573,276.05,2026-06-22 12:00:00+00:00,7
8993,18574,276.06,2026-07-20 12:00:00+00:00,5
8994,18577,276.10,2026-07-22 12:00:00+00:00,3
8995,18575,276.07,2026-08-20 12:00:00+00:00,2
8996,18578,276.12,2026-08-21 12:00:00+00:00,6
8997,18576,276.09,2026-09-17 12:00:00+00:00,2
8998,18579,276.13,2026-09-20 12:00:00+00:00,5
8999,18589,3250.50,2026-01-03 12:00:00+00:00,7
9000,18598,3252.21,2026-01-04 12:00:00+00:00,2
9001,18590,3250.67,2026-02-03 12:00:00+00:00,5
9002,18599,3252.41,2026-02-03 12:00:00+00:00,3
9003,18591,3250.85,2026-03-04 12:00:00+00:00,2
9004,18592,3251.03,2026-03-30 12:00:00+00:00,6
9005,18593,3251.22,2026-05-04 12:00:00+00:00,2
9006,18594,3251.41,2026-06-02 12:00:00+00:00,1
9007,18600,3252.65,2026-06-03 12:00:00+00:00,1
9008,18595,3251.60,2026-07-02 12:00:00+00:00,1
9009,18596,3251.80,2026-07-28 12:00:00+00:00,4
9010,18597,3252.00,2026-08-31 12:00:00+00:00,3
9011,18601,1178.97,2026-04-05 12:00:00+00:00,7
9012,18607,1179.33,2026-04-07 12:00:00+00:00,1
9013,18602,1179.03,2026-05-06 12:00:00+00:00,2
9014,18603,1179.09,2026-06-04 12:00:00+00:00,1
9015,18604,1179.15,2026-07-06 12:00:00+00:00,2
9016,18608,1179.39,2026-07-06 12:00:00+00:00,6
9017,18605,1179.21,2026-07-31 12:00:00+00:00,5
9018,18609,1179.46,2026-08-05 12:00:00+00:00,6
9019,18606,1179.27,2026-09-04 12:00:00+00:00,4
9020,18619,1180.33,2025-12-07 12:00:00+00:00,2
9021,18620,1180.39,2026-01-06 12:00:00+00:00,7
9022,18621,1180.45,2026-02-06 12:00:00+00:00,4
9023,18622,1180.51,2026-03-10 12:00:00+00:00,6
9024,18623,1180.58,2026-04-10 12:00:00+00:00,1
9025,18624,1180.64,2026-05-09 12:00:00+00:00,2
9026,18625,1180.71,2026-06-14 12:00:00+00:00,1
9027,18626,1180.78,2026-07-13 12:00:00+00:00,7
9028,18627,1180.85,2026-08-12 12:00:00+00:00,4
9029,18628,1180.93,2026-09-03 12:00:00+00:00,1
9030,18643,268.06,2026-02-04 12:00:00+00:00,4
9031,18651,268.20,2026-02-07 12:00:00+00:00,3
9032,18644,268.08,2026-03-09 12:00:00+00:00,3
9033,18645,268.10,2026-04-03 12:00:00+00:00,4
9034,18652,268.22,2026-04-08 12:00:00+00:00,7
9035,18646,268.11,2026-05-05 12:00:00+00:00,4
9036,18653,268.24,2026-05-08 12:00:00+00:00,5
9037,18647,268.13,2026-06-06 12:00:00+00:00,7
9038,18648,268.15,2026-07-02 12:00:00+00:00,5
9039,18654,268.26,2026-07-07 12:00:00+00:00,1
9040,18649,268.17,2026-08-03 12:00:00+00:00,4
9041,18650,268.18,2026-09-03 12:00:00+00:00,7
9042,18655,268.29,2026-09-05 12:00:00+00:00,1
9043,18661,2064.75,2026-02-04 12:00:00+00:00,7
9044,18662,2064.85,2026-03-08 12:00:00+00:00,2
9045,18663,2064.96,2026-04-04 12:00:00+00:00,4
9046,18669,2065.65,2026-04-09 12:00:00+00:00,5
9047,18664,2065.06,2026-05-04 12:00:00+00:00,6
9048,18665,2065.18,2026-06-05 12:00:00+00:00,2
9049,18670,2065.78,2026-06-08 12:00:00+00:00,3
9050,18666,2065.29,2026-07-06 12:00:00+00:00,2
9051,18671,2065.91,2026-07-08 12:00:00+00:00,5
9052,18667,2065.41,2026-08-02 12:00:00+00:00,1
9053,18672,2066.05,2026-08-07 12:00:00+00:00,3
9054,18668,2065.53,2026-09-04 12:00:00+00:00,7
9055,18685,235.14,2026-03-18 12:00:00+00:00,4
9056,18692,235.20,2026-03-18 12:00:00+00:00,6
9057,18686,235.14,2026-04-14 12:00:00+00:00,4
9058,18693,235.20,2026-04-17 12:00:00+00:00,3
9059,18687,235.15,2026-05-17 12:00:00+00:00,1
9060,18694,235.21,2026-05-17 12:00:00+00:00,5
9061,18688,235.16,2026-06-13 12:00:00+00:00,3
9062,18689,235.17,2026-07-16 12:00:00+00:00,1
9063,18690,235.18,2026-08-15 12:00:00+00:00,2
9064,18691,235.19,2026-09-12 12:00:00+00:00,5
9065,18695,235.22,2026-09-14 12:00:00+00:00,6
9066,18721,1766.40,2025-12-14 12:00:00+00:00,3
9067,18722,1766.48,2026-01-10 12:00:00+00:00,5
9068,18731,1767.27,2026-01-14 12:00:00+00:00,5
9069,18723,1766.56,2026-02-10 12:00:00+00:00,7
9070,18732,1767.37,2026-02-13 12:00:00+00:00,2
9071,18724,1766.64,2026-03-15 12:00:00+00:00,4
9072,18725,1766.72,2026-04-10 12:00:00+00:00,6
9073,18733,1767.47,2026-04-14 12:00:00+00:00,1
9074,18726,1766.81,2026-05-11 12:00:00+00:00,5
9075,18734,1767.57,2026-05-14 12:00:00+00:00,5
9076,18727,1766.90,2026-06-08 12:00:00+00:00,3
9077,18728,1766.99,2026-07-09 12:00:00+00:00,5
9078,18729,1767.08,2026-08-08 12:00:00+00:00,6
9079,18730,1767.17,2026-09-09 12:00:00+00:00,6
9080,18735,1767.67,2026-09-11 12:00:00+00:00,2
9081,18745,2126.06,2026-01-08 12:00:00+00:00,4
9082,18746,2126.17,2026-02-07 12:00:00+00:00,2
9083,18754,2127.11,2026-02-08 12:00:00+00:00,6
9084,18747,2126.28,2026-03-08 12:00:00+00:00,2
9085,18755,2127.24,2026-03-10 12:00:00+00:00,4
9086,18748,2126.39,2026-04-07 12:00:00+00:00,2
9087,18756,2127.37,2026-04-09 12:00:00+00:00,3
9088,18749,2126.50,2026-05-07 12:00:00+00:00,1
9089,18757,2127.50,2026-05-09 12:00:00+00:00,2
9090,18750,2126.62,2026-06-05 12:00:00+00:00,1
9091,18758,2127.64,2026-06-08 12:00:00+00:00,5
9092,18751,2126.74,2026-07-08 12:00:00+00:00,7
9093,18759,2127.78,2026-07-08 12:00:00+00:00,3
9094,18752,2126.86,2026-08-06 12:00:00+00:00,5
9095,18760,2127.92,2026-08-07 12:00:00+00:00,3
9096,18753,2126.98,2026-09-05 12:00:00+00:00,5
9097,18761,2128.06,2026-09-06 12:00:00+00:00,3
9098,18763,2525.20,2026-07-04 12:00:00+00:00,4
9099,18766,2525.67,2026-07-09 12:00:00+00:00,3
9100,18764,2525.35,2026-08-07 12:00:00+00:00,6
9101,18767,2525.83,2026-08-08 12:00:00+00:00,2
9102,18765,2525.51,2026-09-07 12:00:00+00:00,1
9103,18768,2526.01,2026-09-07 12:00:00+00:00,1
9104,18781,341.70,2026-05-02 12:00:00+00:00,6
9105,18787,341.82,2026-05-03 12:00:00+00:00,4
9106,18782,341.72,2026-05-31 12:00:00+00:00,4
9107,18783,341.74,2026-06-30 12:00:00+00:00,4
9108,18784,341.76,2026-08-01 12:00:00+00:00,1
9109,18788,341.85,2026-08-01 12:00:00+00:00,3
9110,18785,341.78,2026-08-28 12:00:00+00:00,3
9111,18789,341.87,2026-08-31 12:00:00+00:00,5
9112,18786,341.80,2026-09-25 12:00:00+00:00,5
9113,18799,268.61,2026-04-22 12:00:00+00:00,6
9114,18805,268.71,2026-04-25 12:00:00+00:00,5
9115,18800,268.62,2026-05-24 12:00:00+00:00,4
9116,18806,268.73,2026-05-25 12:00:00+00:00,4
9117,18801,268.64,2026-06-21 12:00:00+00:00,6
9118,18802,268.66,2026-07-23 12:00:00+00:00,1
9119,18807,268.74,2026-07-24 12:00:00+00:00,4
9120,18803,268.67,2026-08-22 12:00:00+00:00,5
9121,18808,268.76,2026-08-23 12:00:00+00:00,3
9122,18804,268.69,2026-09-18 12:00:00+00:00,6
9123,18809,268.78,2026-09-22 12:00:00+00:00,5
9124,18817,1998.00,2026-04-02 12:00:00+00:00,5
9125,18824,1998.95,2026-04-02 12:00:00+00:00,1
9126,18818,1998.12,2026-05-01 12:00:00+00:00,6
9127,18825,1999.10,2026-05-02 12:00:00+00:00,4
9128,18819,1998.25,2026-06-01 12:00:00+00:00,2
9129,18820,1998.38,2026-06-26 12:00:00+00:00,2
9130,18826,1999.26,2026-07-01 12:00:00+00:00,1
9131,18821,1998.51,2026-07-31 12:00:00+00:00,6
9132,18827,1999.42,2026-07-31 12:00:00+00:00,2
9133,18822,1998.65,2026-08-26 12:00:00+00:00,6
9134,18823,1998.80,2026-09-28 12:00:00+00:00,7
9135,18835,2234.84,2026-02-19 12:00:00+00:00,4
9136,18843,2235.75,2026-02-21 12:00:00+00:00,1
9137,18836,2234.94,2026-03-20 12:00:00+00:00,2
9138,18844,2235.88,2026-03-23 12:00:00+00:00,1
9139,18837,2235.05,2026-04-21 12:00:00+00:00,3
9140,18845,2236.00,2026-04-22 12:00:00+00:00,2
9141,18838,2235.16,2026-05-22 12:00:00+00:00,5
9142,18839,2235.28,2026-06-20 12:00:00+00:00,5
9143,18840,2235.39,2026-07-21 12:00:00+00:00,5
9144,18846,2236.13,2026-07-21 12:00:00+00:00,2
9145,18841,2235.51,2026-08-19 12:00:00+00:00,4
9146,18847,2236.26,2026-08-20 12:00:00+00:00,5
9147,18842,2235.63,2026-09-16 12:00:00+00:00,2
9148,18853,2064.14,2026-05-13 12:00:00+00:00,7
9149,18854,2064.24,2026-06-17 12:00:00+00:00,1
9150,18855,2064.36,2026-07-12 12:00:00+00:00,4
9151,18856,2064.47,2026-08-12 12:00:00+00:00,6
9152,18857,2064.59,2026-09-12 12:00:00+00:00,3
9153,18858,2064.71,2026-09-15 12:00:00+00:00,2
9154,18877,420.76,2026-04-30 12:00:00+00:00,4
9155,18883,420.86,2026-04-30 12:00:00+00:00,3
9156,18878,420.78,2026-05-25 12:00:00+00:00,5
9157,18884,420.88,2026-05-30 12:00:00+00:00,5
9158,18879,420.79,2026-06-27 12:00:00+00:00,6
9159,18885,420.90,2026-06-29 12:00:00+00:00,7
9160,18880,420.81,2026-07-24 12:00:00+00:00,3
9161,18886,420.92,2026-07-29 12:00:00+00:00,1
9162,18881,420.83,2026-08-27 12:00:00+00:00,6
9163,18887,420.94,2026-08-28 12:00:00+00:00,1
9164,18882,420.85,2026-09-22 12:00:00+00:00,7
9165,18888,420.96,2026-09-27 12:00:00+00:00,3
9166,18901,2593.81,2025-12-29 12:00:00+00:00,4
9167,18911,2595.12,2025-12-30 12:00:00+00:00,3
9168,18902,2593.94,2026-01-28 12:00:00+00:00,2
9169,18912,2595.32,2026-01-29 12:00:00+00:00,2
9170,18903,2594.06,2026-02-28 12:00:00+00:00,4
9171,18904,2594.18,2026-03-27 12:00:00+00:00,3
9172,18905,2594.31,2026-04-29 12:00:00+00:00,1
9173,18906,2594.44,2026-05-25 12:00:00+00:00,3
9174,18907,2594.57,2026-06-24 12:00:00+00:00,7
9175,18908,2594.70,2026-07-25 12:00:00+00:00,7
9176,18909,2594.84,2026-08-25 12:00:00+00:00,6
9177,18910,2594.98,2026-09-26 12:00:00+00:00,4
9178,18913,772.21,2025-12-18 12:00:00+00:00,6
9179,18923,772.65,2025-12-19 12:00:00+00:00,7
9180,18914,772.25,2026-01-17 12:00:00+00:00,2
9181,18924,772.70,2026-01-18 12:00:00+00:00,2
9182,18915,772.29,2026-02-13 12:00:00+00:00,5
9183,18925,772.75,2026-02-17 12:00:00+00:00,5
9184,18916,772.33,2026-03-16 12:00:00+00:00,2
9185,18926,772.80,2026-03-19 12:00:00+00:00,5
9186,18917,772.37,2026-04-15 12:00:00+00:00,2
9187,18927,772.85,2026-04-18 12:00:00+00:00,1
9188,18918,772.41,2026-05-15 12:00:00+00:00,6
9189,18919,772.46,2026-06-12 12:00:00+00:00,4
9190,18928,772.91,2026-06-17 12:00:00+00:00,1
9191,18920,772.50,2026-07-13 12:00:00+00:00,1
9192,18929,772.96,2026-07-17 12:00:00+00:00,6
9193,18921,772.55,2026-08-13 12:00:00+00:00,2
9194,18922,772.60,2026-09-11 12:00:00+00:00,7
9195,18930,772.97,2026-09-15 12:00:00+00:00,5
9196,18931,1155.89,2026-07-16 12:00:00+00:00,3
9197,18934,1156.04,2026-07-21 12:00:00+00:00,5
9198,18932,1155.94,2026-08-18 12:00:00+00:00,1
9199,18935,1156.09,2026-08-20 12:00:00+00:00,2
9200,18933,1155.99,2026-09-19 12:00:00+00:00,3
9201,18949,931.70,2026-07-20 12:00:00+00:00,4
9202,18952,931.82,2026-07-20 12:00:00+00:00,6
9203,18950,931.74,2026-08-16 12:00:00+00:00,3
9204,18953,931.86,2026-08-19 12:00:00+00:00,1
9205,18951,931.78,2026-09-17 12:00:00+00:00,2
9206,18961,350.32,2026-01-09 12:00:00+00:00,3
9207,18970,350.49,2026-01-11 12:00:00+00:00,1
9208,18962,350.33,2026-02-08 12:00:00+00:00,6
9209,18971,350.51,2026-02-10 12:00:00+00:00,4
9210,18963,350.35,2026-03-09 12:00:00+00:00,2
9211,18964,350.37,2026-04-08 12:00:00+00:00,1
9212,18965,350.39,2026-05-06 12:00:00+00:00,6
9213,18972,350.54,2026-05-11 12:00:00+00:00,1
9214,18966,350.41,2026-06-07 12:00:00+00:00,1
9215,18973,350.56,2026-06-10 12:00:00+00:00,4
9216,18967,350.43,2026-07-07 12:00:00+00:00,7
9217,18968,350.45,2026-08-08 12:00:00+00:00,6
9218,18969,350.47,2026-09-06 12:00:00+00:00,3
9219,18974,350.58,2026-09-08 12:00:00+00:00,5
9220,18985,1348.19,2026-03-31 12:00:00+00:00,6
9221,18992,1348.70,2026-04-02 12:00:00+00:00,5
9222,18986,1348.25,2026-04-27 12:00:00+00:00,2
9223,18993,1348.78,2026-05-02 12:00:00+00:00,5
9224,18987,1348.32,2026-05-29 12:00:00+00:00,6
9225,18988,1348.39,2026-06-28 12:00:00+00:00,1
9226,18994,1348.86,2026-07-01 12:00:00+00:00,7
9227,18989,1348.47,2026-07-31 12:00:00+00:00,4
9228,18990,1348.54,2026-08-27 12:00:00+00:00,5
9229,18995,1348.95,2026-08-30 12:00:00+00:00,3
9230,18991,1348.62,2026-09-29 12:00:00+00:00,7
9231,18996,1349.04,2026-09-29 12:00:00+00:00,4
9232,19009,1363.91,2025-12-15 12:00:00+00:00,2
9233,19010,1363.96,2026-01-09 12:00:00+00:00,3
9234,19019,1364.43,2026-01-14 12:00:00+00:00,5
9235,19011,1364.01,2026-02-11 12:00:00+00:00,2
9236,19012,1364.06,2026-03-10 12:00:00+00:00,7
9237,19020,1364.49,2026-03-15 12:00:00+00:00,2
9238,19013,1364.11,2026-04-09 12:00:00+00:00,3
9239,19014,1364.16,2026-05-14 12:00:00+00:00,7
9240,19021,1364.55,2026-05-14 12:00:00+00:00,2
9241,19015,1364.21,2026-06-13 12:00:00+00:00,5
9242,19022,1364.61,2026-06-13 12:00:00+00:00,3
9243,19016,1364.26,2026-07-09 12:00:00+00:00,6
9244,19023,1364.67,2026-07-13 12:00:00+00:00,7
9245,19017,1364.32,2026-08-11 12:00:00+00:00,5
9246,19024,1364.73,2026-08-12 12:00:00+00:00,2
9247,19018,1364.37,2026-09-06 12:00:00+00:00,5
9248,19025,1364.80,2026-09-11 12:00:00+00:00,5
9249,19045,654.35,2026-05-08 12:00:00+00:00,4
9250,19046,654.40,2026-06-06 12:00:00+00:00,7
9251,19047,654.45,2026-07-10 12:00:00+00:00,6
9252,19048,654.50,2026-08-14 12:00:00+00:00,5
9253,19050,654.62,2026-10-18 12:00:00+00:00,7
9254,19057,346.32,2026-04-23 12:00:00+00:00,2
9255,19063,346.42,2026-04-25 12:00:00+00:00,5
9256,19058,346.34,2026-05-20 12:00:00+00:00,3
9257,19059,346.35,2026-06-22 12:00:00+00:00,3
9258,19064,346.44,2026-06-24 12:00:00+00:00,6
9259,19060,346.37,2026-07-22 12:00:00+00:00,1
9260,19065,346.46,2026-07-24 12:00:00+00:00,7
9261,19061,346.39,2026-08-22 12:00:00+00:00,1
9262,19066,346.48,2026-08-23 12:00:00+00:00,2
9263,19062,346.41,2026-09-17 12:00:00+00:00,2
9264,19067,346.50,2026-09-22 12:00:00+00:00,4
9265,19075,886.80,2026-02-01 12:00:00+00:00,3
9266,19076,886.84,2026-03-03 12:00:00+00:00,2
9267,19083,887.17,2026-03-05 12:00:00+00:00,7
9268,19077,886.89,2026-03-30 12:00:00+00:00,4
9269,19078,886.93,2026-05-02 12:00:00+00:00,5
9270,19079,886.98,2026-06-01 12:00:00+00:00,2
9271,19084,887.22,2026-06-03 12:00:00+00:00,1
9272,19080,887.02,2026-06-30 12:00:00+00:00,4
9273,19081,887.07,2026-08-02 12:00:00+00:00,1
9274,19085,887.27,2026-08-02 12:00:00+00:00,4
9275,19082,887.12,2026-08-27 12:00:00+00:00,7
9276,19086,887.32,2026-09-01 12:00:00+00:00,1
9277,19087,1241.26,2025-12-18 12:00:00+00:00,4
9278,19097,1241.90,2025-12-19 12:00:00+00:00,1
9279,19088,1241.31,2026-01-16 12:00:00+00:00,5
9280,19089,1241.37,2026-02-13 12:00:00+00:00,5
9281,19098,1241.97,2026-02-17 12:00:00+00:00,5
9282,19090,1241.44,2026-03-18 12:00:00+00:00,7
9283,19099,1242.04,2026-03-19 12:00:00+00:00,6
9284,19091,1241.50,2026-04-15 12:00:00+00:00,4
9285,19100,1242.11,2026-04-18 12:00:00+00:00,6
9286,19092,1241.56,2026-05-18 12:00:00+00:00,6
9287,19101,1242.19,2026-05-18 12:00:00+00:00,1
9288,19093,1241.63,2026-06-12 12:00:00+00:00,1
9289,19102,1242.27,2026-06-17 12:00:00+00:00,2
9290,19094,1241.69,2026-07-16 12:00:00+00:00,1
9291,19103,1242.34,2026-07-17 12:00:00+00:00,1
9292,19095,1241.76,2026-08-12 12:00:00+00:00,2
9293,19104,1242.35,2026-08-16 12:00:00+00:00,5
9294,19096,1241.83,2026-09-10 12:00:00+00:00,6
9295,19105,1248.43,2026-06-05 12:00:00+00:00,5
9296,19106,1248.49,2026-07-07 12:00:00+00:00,3
9297,19107,1248.56,2026-08-02 12:00:00+00:00,3
9298,19108,1248.63,2026-09-06 12:00:00+00:00,1
9299,19123,1302.32,2026-03-19 12:00:00+00:00,4
9300,19124,1302.39,2026-04-16 12:00:00+00:00,5
9301,19125,1302.45,2026-05-19 12:00:00+00:00,4
9302,19130,1302.82,2026-05-20 12:00:00+00:00,4
9303,19126,1302.52,2026-06-18 12:00:00+00:00,2
9304,19127,1302.60,2026-07-19 12:00:00+00:00,7
9305,19131,1302.90,2026-07-19 12:00:00+00:00,5
9306,19128,1302.67,2026-08-15 12:00:00+00:00,5
9307,19132,1302.99,2026-08-18 12:00:00+00:00,4
9308,19129,1302.75,2026-09-14 12:00:00+00:00,3
9309,19133,1303.07,2026-09-17 12:00:00+00:00,2
9310,19147,1020.86,2026-01-25 12:00:00+00:00,3
9311,19156,1021.36,2026-01-25 12:00:00+00:00,1
9312,19148,1020.91,2026-02-20 12:00:00+00:00,5
9313,19157,1021.42,2026-02-24 12:00:00+00:00,5
9314,19149,1020.96,2026-03-25 12:00:00+00:00,7
9315,19158,1021.53,2026-03-26 12:00:00+00:00,1
9316,19150,1021.02,2026-04-22 12:00:00+00:00,6
9317,19151,1021.07,2026-05-23 12:00:00+00:00,4
9318,19152,1021.13,2026-06-21 12:00:00+00:00,3
9319,19153,1021.18,2026-07-24 12:00:00+00:00,4
9320,19154,1021.24,2026-08-18 12:00:00+00:00,4
9321,19155,1021.30,2026-09-17 12:00:00+00:00,3
9322,19159,1639.21,2026-01-03 12:00:00+00:00,5
9323,19168,1639.83,2026-01-06 12:00:00+00:00,7
9324,19160,1639.27,2026-02-04 12:00:00+00:00,6
9325,19161,1639.34,2026-03-06 12:00:00+00:00,7
9326,19169,1639.91,2026-03-07 12:00:00+00:00,4
9327,19162,1639.41,2026-04-02 12:00:00+00:00,4
9328,19170,1639.98,2026-04-06 12:00:00+00:00,3
9329,19163,1639.47,2026-05-04 12:00:00+00:00,3
9330,19164,1639.54,2026-06-04 12:00:00+00:00,7
9331,19165,1639.61,2026-06-30 12:00:00+00:00,3
9332,19171,1640.06,2026-07-05 12:00:00+00:00,3
9333,19166,1639.69,2026-07-30 12:00:00+00:00,4
9334,19167,1639.76,2026-09-01 12:00:00+00:00,3
9335,19177,1238.10,2026-01-10 12:00:00+00:00,1
9336,19178,1238.15,2026-02-06 12:00:00+00:00,1
9337,19186,1238.55,2026-02-11 12:00:00+00:00,7
9338,19179,1238.20,2026-03-08 12:00:00+00:00,6
9339,19187,1238.60,2026-03-13 12:00:00+00:00,5
9340,19180,1238.25,2026-04-08 12:00:00+00:00,1
9341,19188,1238.66,2026-04-12 12:00:00+00:00,3
9342,19181,1238.29,2026-05-12 12:00:00+00:00,3
9343,19189,1238.71,2026-05-12 12:00:00+00:00,1
9344,19182,1238.34,2026-06-06 12:00:00+00:00,6
9345,19190,1238.77,2026-06-11 12:00:00+00:00,4
9346,19183,1238.39,2026-07-10 12:00:00+00:00,1
9347,19184,1238.44,2026-08-05 12:00:00+00:00,6
9348,19185,1238.50,2026-09-07 12:00:00+00:00,5
9349,19201,362.17,2026-06-07 12:00:00+00:00,5
9350,19202,362.19,2026-07-14 12:00:00+00:00,4
9351,19203,362.21,2026-08-14 12:00:00+00:00,3
9352,19204,362.23,2026-09-10 12:00:00+00:00,5
9353,19219,1158.69,2025-11-10 12:00:00+00:00,5
9354,19230,1159.18,2025-11-15 12:00:00+00:00,6
9355,19220,1158.73,2025-12-10 12:00:00+00:00,7
9356,19231,1159.23,2025-12-15 12:00:00+00:00,2
9357,19221,1158.77,2026-01-09 12:00:00+00:00,7
9358,19232,1159.28,2026-01-14 12:00:00+00:00,6
9359,19222,1158.82,2026-02-13 12:00:00+00:00,1
9360,19233,1159.33,2026-02-13 12:00:00+00:00,1
9361,19223,1158.86,2026-03-11 12:00:00+00:00,1
9362,19234,1159.38,2026-03-15 12:00:00+00:00,3
9363,19224,1158.90,2026-04-11 12:00:00+00:00,1
9364,19225,1158.95,2026-05-11 12:00:00+00:00,6
9365,19226,1158.99,2026-06-09 12:00:00+00:00,1
9366,19235,1159.43,2026-06-13 12:00:00+00:00,3
9367,19227,1159.04,2026-07-11 12:00:00+00:00,6
9368,19236,1159.49,2026-07-13 12:00:00+00:00,6
9369,19228,1159.09,2026-08-11 12:00:00+00:00,3
9370,19229,1159.13,2026-09-11 12:00:00+00:00,6
9371,19237,1159.54,2026-09-11 12:00:00+00:00,6
9372,19243,424.61,2025-11-24 12:00:00+00:00,4
9373,19254,424.79,2025-11-27 12:00:00+00:00,5
9374,19244,424.62,2025-12-25 12:00:00+00:00,7
9375,19255,424.81,2025-12-27 12:00:00+00:00,3
9376,19245,424.64,2026-01-23 12:00:00+00:00,3
9377,19256,424.83,2026-01-26 12:00:00+00:00,4
9378,19246,424.65,2026-02-24 12:00:00+00:00,3
9379,19247,424.67,2026-03-26 12:00:00+00:00,5
9380,19248,424.68,2026-04-23 12:00:00+00:00,1
9381,19257,424.85,2026-04-26 12:00:00+00:00,1
9382,19249,424.70,2026-05-22 12:00:00+00:00,5
9383,19250,424.72,2026-06-22 12:00:00+00:00,1
9384,19251,424.74,2026-07-21 12:00:00+00:00,3
9385,19258,424.87,2026-07-25 12:00:00+00:00,2
9386,19252,424.75,2026-08-20 12:00:00+00:00,5
9387,19259,424.89,2026-08-24 12:00:00+00:00,2
9388,19253,424.77,2026-09-20 12:00:00+00:00,2
9389,19279,906.02,2025-12-21 12:00:00+00:00,2
9390,19289,906.56,2025-12-22 12:00:00+00:00,6
9391,19280,906.07,2026-01-18 12:00:00+00:00,1
9392,19281,906.12,2026-02-15 12:00:00+00:00,6
9393,19282,906.17,2026-03-22 12:00:00+00:00,7
9394,19290,906.62,2026-03-22 12:00:00+00:00,4
9395,19283,906.22,2026-04-19 12:00:00+00:00,3
9396,19291,906.69,2026-04-21 12:00:00+00:00,1
9397,19284,906.27,2026-05-20 12:00:00+00:00,7
9398,19285,906.32,2026-06-20 12:00:00+00:00,4
9399,19292,906.75,2026-06-20 12:00:00+00:00,3
9400,19286,906.38,2026-07-18 12:00:00+00:00,2
9401,19287,906.44,2026-08-19 12:00:00+00:00,7
9402,19288,906.50,2026-09-13 12:00:00+00:00,3
9403,19303,2581.00,2026-03-26 12:00:00+00:00,7
9404,19304,2581.21,2026-04-27 12:00:00+00:00,7
9405,19310,2582.58,2026-04-28 12:00:00+00:00,1
9406,19305,2581.42,2026-05-23 12:00:00+00:00,3
9407,19311,2582.83,2026-05-28 12:00:00+00:00,4
9408,19306,2581.63,2026-06-26 12:00:00+00:00,6
9409,19312,2583.10,2026-06-27 12:00:00+00:00,6
9410,19307,2581.86,2026-07-26 12:00:00+00:00,6
9411,19313,2583.37,2026-07-27 12:00:00+00:00,3
9412,19308,2582.09,2026-08-26 12:00:00+00:00,2
9413,19314,2583.61,2026-08-26 12:00:00+00:00,6
9414,19309,2582.33,2026-09-23 12:00:00+00:00,5
9415,19315,954.65,2026-02-22 12:00:00+00:00,1
9416,19323,955.05,2026-02-23 12:00:00+00:00,2
9417,19316,954.70,2026-03-24 12:00:00+00:00,2
9418,19324,955.11,2026-03-25 12:00:00+00:00,5
9419,19317,954.75,2026-04-23 12:00:00+00:00,2
9420,19325,955.16,2026-04-24 12:00:00+00:00,4
9421,19318,954.79,2026-05-22 12:00:00+00:00,4
9422,19319,954.84,2026-06-21 12:00:00+00:00,6
9423,19326,955.22,2026-06-23 12:00:00+00:00,2
9424,19320,954.89,2026-07-23 12:00:00+00:00,2
9425,19327,955.28,2026-07-23 12:00:00+00:00,1
9426,19321,954.95,2026-08-22 12:00:00+00:00,1
9427,19322,955.00,2026-09-18 12:00:00+00:00,4
9428,19328,955.34,2026-09-21 12:00:00+00:00,2
9429,19339,1264.12,2026-06-28 12:00:00+00:00,5
9430,19343,1264.32,2026-06-28 12:00:00+00:00,4
9431,19340,1264.17,2026-07-25 12:00:00+00:00,1
9432,19344,1264.37,2026-07-28 12:00:00+00:00,5
9433,19341,1264.22,2026-08-27 12:00:00+00:00,1
9434,19345,1264.42,2026-08-27 12:00:00+00:00,4
9435,19342,1264.27,2026-09-25 12:00:00+00:00,2
9436,19346,1264.47,2026-09-26 12:00:00+00:00,2
9437,19375,552.46,2026-01-30 12:00:00+00:00,4
9438,19383,552.71,2026-02-04 12:00:00+00:00,1
9439,19376,552.48,2026-03-05 12:00:00+00:00,3
9440,19377,552.51,2026-04-03 12:00:00+00:00,1
9441,19378,552.54,2026-05-01 12:00:00+00:00,5
9442,19384,552.74,2026-05-05 12:00:00+00:00,3
9443,19379,552.57,2026-05-31 12:00:00+00:00,5
9444,19385,552.78,2026-06-04 12:00:00+00:00,5
9445,19380,552.61,2026-06-29 12:00:00+00:00,7
9446,19386,552.82,2026-07-04 12:00:00+00:00,6
9447,19381,552.64,2026-08-01 12:00:00+00:00,5
9448,19387,552.86,2026-08-03 12:00:00+00:00,6
9449,19382,552.67,2026-08-30 12:00:00+00:00,1
9450,19388,552.90,2026-09-02 12:00:00+00:00,2
9451,19399,3097.39,2026-03-05 12:00:00+00:00,5
9452,19406,3098.44,2026-03-08 12:00:00+00:00,4
9453,19400,3097.54,2026-04-07 12:00:00+00:00,7
9454,19401,3097.68,2026-05-04 12:00:00+00:00,4
9455,19402,3097.83,2026-06-02 12:00:00+00:00,2
9456,19403,3097.98,2026-07-05 12:00:00+00:00,2
9457,19407,3098.60,2026-07-06 12:00:00+00:00,4
9458,19404,3098.13,2026-08-03 12:00:00+00:00,6
9459,19405,3098.29,2026-09-03 12:00:00+00:00,5
9460,19408,3098.77,2026-09-04 12:00:00+00:00,1
9461,19411,1021.47,2026-01-16 12:00:00+00:00,7
9462,19420,1022.12,2026-01-16 12:00:00+00:00,5
9463,19412,1021.54,2026-02-13 12:00:00+00:00,2
9464,19413,1021.60,2026-03-13 12:00:00+00:00,1
9465,19414,1021.67,2026-04-11 12:00:00+00:00,6
9466,19415,1021.74,2026-05-12 12:00:00+00:00,5
9467,19416,1021.81,2026-06-15 12:00:00+00:00,1
9468,19421,1022.21,2026-06-15 12:00:00+00:00,6
9469,19417,1021.89,2026-07-12 12:00:00+00:00,4
9470,19422,1022.29,2026-07-15 12:00:00+00:00,6
9471,19418,1021.96,2026-08-10 12:00:00+00:00,5
9472,19423,1022.38,2026-08-14 12:00:00+00:00,5
9473,19419,1022.04,2026-09-11 12:00:00+00:00,4
9474,19429,1487.00,2026-03-25 12:00:00+00:00,6
9475,19430,1487.08,2026-04-22 12:00:00+00:00,5
9476,19431,1487.15,2026-05-19 12:00:00+00:00,5
9477,19432,1487.23,2026-06-27 12:00:00+00:00,1
9478,19433,1487.31,2026-07-14 12:00:00+00:00,7
9479,19435,1487.47,2026-10-16 12:00:00+00:00,5
9480,19453,2066.66,2026-01-28 12:00:00+00:00,2
9481,19462,2067.82,2026-01-28 12:00:00+00:00,6
9482,19454,2066.78,2026-02-23 12:00:00+00:00,4
9483,19455,2066.90,2026-03-27 12:00:00+00:00,7
9484,19463,2067.97,2026-03-29 12:00:00+00:00,4
9485,19456,2067.03,2026-04-25 12:00:00+00:00,6
9486,19464,2068.09,2026-04-28 12:00:00+00:00,4
9487,19457,2067.15,2026-05-28 12:00:00+00:00,4
9488,19458,2067.28,2026-06-24 12:00:00+00:00,5
9489,19459,2067.41,2026-07-25 12:00:00+00:00,2
9490,19460,2067.55,2026-08-21 12:00:00+00:00,1
9491,19461,2067.68,2026-09-21 12:00:00+00:00,2
9492,19465,2189.00,2026-02-23 12:00:00+00:00,1
9493,19473,2190.31,2026-02-26 12:00:00+00:00,6
9494,19466,2189.15,2026-03-25 12:00:00+00:00,1
9495,19474,2190.50,2026-03-28 12:00:00+00:00,1
9496,19467,2189.30,2026-04-22 12:00:00+00:00,5
9497,19475,2190.69,2026-04-27 12:00:00+00:00,5
9498,19468,2189.46,2026-05-27 12:00:00+00:00,4
9499,19469,2189.62,2026-06-26 12:00:00+00:00,3
9500,19476,2190.83,2026-06-26 12:00:00+00:00,2
9501,19470,2189.79,2026-07-26 12:00:00+00:00,7
9502,19471,2189.96,2026-08-23 12:00:00+00:00,7
9503,19472,2190.13,2026-09-19 12:00:00+00:00,3
9504,19477,1847.45,2026-08-03 12:00:00+00:00,6
9505,19479,923.81,2026-09-20 12:00:00+00:00,5
9506,19479,923.82,2026-10-28 12:00:00+00:00,1
9507,19495,2316.60,2025-11-11 12:00:00+00:00,5
9508,19496,2316.75,2025-12-09 12:00:00+00:00,7
9509,19497,2316.89,2026-01-12 12:00:00+00:00,5
9510,19498,2317.05,2026-02-10 12:00:00+00:00,6
9511,19506,2318.44,2026-02-11 12:00:00+00:00,6
9512,19499,2317.20,2026-03-10 12:00:00+00:00,1
9513,19507,2318.64,2026-03-13 12:00:00+00:00,5
9514,19500,2317.36,2026-04-11 12:00:00+00:00,5
9515,19501,2317.53,2026-05-10 12:00:00+00:00,2
9516,19508,2318.85,2026-05-12 12:00:00+00:00,5
9517,19502,2317.70,2026-06-09 12:00:00+00:00,6
9518,19509,2319.06,2026-06-11 12:00:00+00:00,2
9519,19503,2317.88,2026-07-06 12:00:00+00:00,6
9520,19510,2319.28,2026-07-11 12:00:00+00:00,4
9521,19504,2318.06,2026-08-08 12:00:00+00:00,5
9522,19505,2318.25,2026-09-08 12:00:00+00:00,3
9523,19511,2319.50,2026-09-09 12:00:00+00:00,4
9524,19513,1067.04,2026-02-05 12:00:00+00:00,3
9525,19514,1067.09,2026-03-08 12:00:00+00:00,5
9526,19521,1067.49,2026-03-08 12:00:00+00:00,4
9527,19515,1067.14,2026-04-06 12:00:00+00:00,4
9528,19522,1067.56,2026-04-07 12:00:00+00:00,1
9529,19516,1067.20,2026-05-06 12:00:00+00:00,5
9530,19523,1067.62,2026-05-07 12:00:00+00:00,3
9531,19517,1067.25,2026-06-01 12:00:00+00:00,3
9532,19524,1067.69,2026-06-06 12:00:00+00:00,4
9533,19518,1067.31,2026-07-02 12:00:00+00:00,2
9534,19519,1067.37,2026-08-03 12:00:00+00:00,7
9535,19520,1067.43,2026-09-03 12:00:00+00:00,3
9536,19525,1067.76,2026-09-04 12:00:00+00:00,5
9537,19537,1011.84,2026-07-11 12:00:00+00:00,6
9538,19540,1011.97,2026-07-11 12:00:00+00:00,4
9539,19538,1011.88,2026-08-08 12:00:00+00:00,7
9540,19541,1012.01,2026-08-10 12:00:00+00:00,3
9541,19539,1011.92,2026-09-07 12:00:00+00:00,1
9542,19542,1012.06,2026-09-09 12:00:00+00:00,2
9543,19555,1028.72,2026-05-14 12:00:00+00:00,3
9544,19560,1028.94,2026-05-19 12:00:00+00:00,3
9545,19556,1028.77,2026-06-16 12:00:00+00:00,1
9546,19561,1028.98,2026-06-18 12:00:00+00:00,6
9547,19557,1028.81,2026-07-16 12:00:00+00:00,5
9548,19558,1028.85,2026-08-17 12:00:00+00:00,5
9549,19559,1028.89,2026-09-14 12:00:00+00:00,2
9550,19562,1029.03,2026-09-16 12:00:00+00:00,4
9551,19573,1080.58,2026-05-03 12:00:00+00:00,2
9552,19574,1080.66,2026-06-03 12:00:00+00:00,7
9553,19578,1081.02,2026-06-06 12:00:00+00:00,2
9554,19575,1080.75,2026-07-06 12:00:00+00:00,3
9555,19576,1080.84,2026-08-04 12:00:00+00:00,5
9556,19579,1081.12,2026-08-05 12:00:00+00:00,4
9557,19577,1080.93,2026-08-30 12:00:00+00:00,6
9558,19580,1081.22,2026-09-04 12:00:00+00:00,7
9559,19585,1921.43,2026-01-01 12:00:00+00:00,7
9560,19586,1921.57,2026-02-02 12:00:00+00:00,6
9561,19594,1922.87,2026-02-05 12:00:00+00:00,4
9562,19587,1921.71,2026-03-02 12:00:00+00:00,4
9563,19588,1921.86,2026-04-01 12:00:00+00:00,6
9564,19595,1923.05,2026-04-06 12:00:00+00:00,2
9565,19589,1922.02,2026-05-06 12:00:00+00:00,4
9566,19590,1922.18,2026-06-05 12:00:00+00:00,1
9567,19596,1923.21,2026-06-05 12:00:00+00:00,3
9568,19591,1922.34,2026-07-01 12:00:00+00:00,1
9569,19592,1922.51,2026-08-03 12:00:00+00:00,3
9570,19593,1922.69,2026-09-01 12:00:00+00:00,4
9571,19597,1039.13,2026-02-20 12:00:00+00:00,3
9572,19605,1039.59,2026-02-20 12:00:00+00:00,3
9573,19598,1039.18,2026-03-21 12:00:00+00:00,7
9574,19606,1039.66,2026-03-22 12:00:00+00:00,2
9575,19599,1039.23,2026-04-21 12:00:00+00:00,7
9576,19600,1039.29,2026-05-20 12:00:00+00:00,2
9577,19601,1039.35,2026-06-18 12:00:00+00:00,6
9578,19602,1039.40,2026-07-16 12:00:00+00:00,3
9579,19603,1039.46,2026-08-15 12:00:00+00:00,3
9580,19607,1039.72,2026-08-19 12:00:00+00:00,7
9581,19604,1039.53,2026-09-15 12:00:00+00:00,5
9582,19608,1039.79,2026-09-18 12:00:00+00:00,6
9583,19621,1215.21,2026-06-29 12:00:00+00:00,7
9584,19624,1215.35,2026-07-03 12:00:00+00:00,3
9585,19622,1215.26,2026-08-02 12:00:00+00:00,6
9586,19625,1215.40,2026-08-02 12:00:00+00:00,7
9587,19623,1215.30,2026-08-27 12:00:00+00:00,7
9588,19626,1215.44,2026-09-01 12:00:00+00:00,2
9589,19657,2245.11,2026-01-30 12:00:00+00:00,4
9590,19658,2245.23,2026-03-05 12:00:00+00:00,2
9591,19665,2246.15,2026-03-06 12:00:00+00:00,3
9592,19659,2245.35,2026-04-03 12:00:00+00:00,3
9593,19660,2245.47,2026-05-01 12:00:00+00:00,6
9594,19666,2246.30,2026-05-05 12:00:00+00:00,7
9595,19661,2245.60,2026-05-30 12:00:00+00:00,7
9596,19667,2246.46,2026-06-04 12:00:00+00:00,3
9597,19662,2245.73,2026-06-30 12:00:00+00:00,1
9598,19668,2246.61,2026-07-04 12:00:00+00:00,6
9599,19663,2245.87,2026-07-29 12:00:00+00:00,6
9600,19669,2246.78,2026-08-03 12:00:00+00:00,4
9601,19664,2246.01,2026-09-02 12:00:00+00:00,4
9602,19681,505.70,2026-03-15 12:00:00+00:00,1
9603,19688,505.91,2026-03-18 12:00:00+00:00,4
9604,19682,505.73,2026-04-13 12:00:00+00:00,2
9605,19683,505.76,2026-05-16 12:00:00+00:00,4
9606,19689,505.94,2026-05-17 12:00:00+00:00,7
9607,19684,505.79,2026-06-11 12:00:00+00:00,3
9608,19690,505.97,2026-06-16 12:00:00+00:00,7
9609,19685,505.82,2026-07-15 12:00:00+00:00,5
9610,19691,506.01,2026-07-16 12:00:00+00:00,5
9611,19686,505.85,2026-08-12 12:00:00+00:00,4
9612,19692,506.09,2026-08-15 12:00:00+00:00,7
9613,19687,505.88,2026-09-11 12:00:00+00:00,2
9614,19693,2233.85,2026-01-20 12:00:00+00:00,3
9615,19694,2233.99,2026-02-19 12:00:00+00:00,3
9616,19702,2235.21,2026-02-22 12:00:00+00:00,1
9617,19695,2234.12,2026-03-23 12:00:00+00:00,4
9618,19703,2235.38,2026-03-24 12:00:00+00:00,7
9619,19696,2234.27,2026-04-21 12:00:00+00:00,1
9620,19704,2235.56,2026-04-23 12:00:00+00:00,2
9621,19697,2234.41,2026-05-18 12:00:00+00:00,5
9622,19705,2235.74,2026-05-23 12:00:00+00:00,5
9623,19698,2234.56,2026-06-20 12:00:00+00:00,4
9624,19706,2235.93,2026-06-22 12:00:00+00:00,5
9625,19699,2234.72,2026-07-21 12:00:00+00:00,6
9626,19700,2234.88,2026-08-21 12:00:00+00:00,6
9627,19707,2236.12,2026-08-21 12:00:00+00:00,6
9628,19701,2235.04,2026-09-17 12:00:00+00:00,4
9629,19708,2236.32,2026-09-20 12:00:00+00:00,6
9630,19711,102.94,2026-02-21 12:00:00+00:00,2
9631,19719,102.96,2026-02-22 12:00:00+00:00,1
9632,19712,102.94,2026-03-21 12:00:00+00:00,1
9633,19713,102.94,2026-04-18 12:00:00+00:00,3
9634,19720,102.97,2026-04-23 12:00:00+00:00,3
9635,19714,102.95,2026-05-18 12:00:00+00:00,2
9636,19721,102.97,2026-05-23 12:00:00+00:00,3
9637,19715,102.95,2026-06-21 12:00:00+00:00,5
9638,19722,102.97,2026-06-22 12:00:00+00:00,2
9639,19716,102.95,2026-07-21 12:00:00+00:00,6
9640,19723,102.98,2026-07-22 12:00:00+00:00,4
9641,19717,102.96,2026-08-18 12:00:00+00:00,2
9642,19724,102.98,2026-08-21 12:00:00+00:00,5
9643,19718,102.96,2026-09-19 12:00:00+00:00,6
9644,19747,941.74,2025-12-27 12:00:00+00:00,3
9645,19748,941.81,2026-01-26 12:00:00+00:00,1
9646,19749,941.88,2026-02-25 12:00:00+00:00,7
9647,19757,942.51,2026-03-02 12:00:00+00:00,3
9648,19750,941.95,2026-03-27 12:00:00+00:00,3
9649,19751,942.02,2026-04-26 12:00:00+00:00,6
9650,19758,942.66,2026-05-01 12:00:00+00:00,5
9651,19752,942.10,2026-05-28 12:00:00+00:00,6
9652,19753,942.18,2026-06-28 12:00:00+00:00,7
9653,19754,942.26,2026-07-29 12:00:00+00:00,2
9654,19755,942.34,2026-08-26 12:00:00+00:00,1
9655,19756,942.43,2026-09-24 12:00:00+00:00,1
9656,19759,397.96,2026-05-02 12:00:00+00:00,2
9657,19764,398.03,2026-05-07 12:00:00+00:00,1
9658,19760,397.98,2026-06-01 12:00:00+00:00,7
9659,19765,398.05,2026-06-06 12:00:00+00:00,1
9660,19761,397.99,2026-07-04 12:00:00+00:00,2
9661,19766,398.06,2026-07-06 12:00:00+00:00,4
9662,19762,398.01,2026-08-01 12:00:00+00:00,7
9663,19763,398.02,2026-09-04 12:00:00+00:00,7
9664,19767,398.08,2026-09-04 12:00:00+00:00,4
9665,19795,2817.86,2026-04-20 12:00:00+00:00,2
9666,19801,2818.92,2026-04-24 12:00:00+00:00,5
9667,19796,2818.03,2026-05-19 12:00:00+00:00,2
9668,19802,2819.11,2026-05-24 12:00:00+00:00,6
9669,19797,2818.20,2026-06-21 12:00:00+00:00,6
9670,19798,2818.37,2026-07-22 12:00:00+00:00,3
9671,19803,2819.30,2026-07-23 12:00:00+00:00,7
9672,19799,2818.55,2026-08-18 12:00:00+00:00,4
9673,19804,2819.50,2026-08-22 12:00:00+00:00,3
9674,19800,2818.73,2026-09-18 12:00:00+00:00,7
9675,19807,912.55,2026-04-01 12:00:00+00:00,1
9676,19808,912.58,2026-04-29 12:00:00+00:00,4
9677,19813,912.76,2026-05-04 12:00:00+00:00,1
9678,19809,912.62,2026-05-29 12:00:00+00:00,2
9679,19810,912.65,2026-06-28 12:00:00+00:00,3
9680,19814,912.80,2026-07-03 12:00:00+00:00,1
9681,19811,912.69,2026-07-30 12:00:00+00:00,3
9682,19812,912.72,2026-09-01 12:00:00+00:00,1
9683,19843,1281.39,2026-02-24 12:00:00+00:00,1
9684,19844,1281.45,2026-03-25 12:00:00+00:00,3
9685,19851,1281.99,2026-03-28 12:00:00+00:00,6
9686,19845,1281.52,2026-04-24 12:00:00+00:00,7
9687,19846,1281.60,2026-05-22 12:00:00+00:00,2
9688,19852,1282.08,2026-05-27 12:00:00+00:00,6
9689,19847,1281.67,2026-06-25 12:00:00+00:00,2
9690,19853,1282.17,2026-06-26 12:00:00+00:00,2
9691,19848,1281.75,2026-07-24 12:00:00+00:00,1
9692,19854,1282.26,2026-07-26 12:00:00+00:00,6
9693,19849,1281.82,2026-08-24 12:00:00+00:00,7
9694,19850,1281.91,2026-09-22 12:00:00+00:00,1
9695,19855,1282.35,2026-09-24 12:00:00+00:00,3
9696,19867,942.79,2026-01-27 12:00:00+00:00,6
9697,19868,942.84,2026-02-27 12:00:00+00:00,7
9698,19869,942.88,2026-04-03 12:00:00+00:00,4
9699,19870,942.93,2026-05-02 12:00:00+00:00,5
9700,19871,942.98,2026-05-27 12:00:00+00:00,7
9701,19872,943.03,2026-07-08 12:00:00+00:00,4
9702,19873,943.08,2026-08-09 12:00:00+00:00,6
9703,19875,471.59,2026-09-19 12:00:00+00:00,6
9704,19875,471.59,2026-10-23 12:00:00+00:00,4
9705,19891,1451.92,2026-07-22 12:00:00+00:00,6
9706,19892,1452.00,2026-08-21 12:00:00+00:00,5
9707,19893,1452.07,2026-09-16 12:00:00+00:00,7
9708,19894,1452.15,2026-09-20 12:00:00+00:00,2
9709,19915,1217.17,2026-06-06 12:00:00+00:00,5
9710,19916,1217.26,2026-07-07 12:00:00+00:00,1
9711,19917,1217.35,2026-08-04 12:00:00+00:00,1
9712,19918,1217.45,2026-09-01 12:00:00+00:00,2
9713,19919,1217.55,2026-09-05 12:00:00+00:00,3
9714,19927,3069.78,2026-04-15 12:00:00+00:00,7
9715,19928,3069.96,2026-05-11 12:00:00+00:00,5
9716,19929,3070.15,2026-06-11 12:00:00+00:00,5
9717,19930,3070.34,2026-07-09 12:00:00+00:00,1
9718,19931,3070.53,2026-08-11 12:00:00+00:00,7
9719,19932,3070.73,2026-09-08 12:00:00+00:00,5
9720,19933,3070.93,2026-09-12 12:00:00+00:00,4
9721,19939,415.83,2026-06-30 12:00:00+00:00,3
9722,19940,415.84,2026-07-30 12:00:00+00:00,5
9723,19943,415.88,2026-07-31 12:00:00+00:00,3
9724,19941,415.85,2026-08-30 12:00:00+00:00,5
9725,19942,415.87,2026-09-26 12:00:00+00:00,6
9726,19975,707.86,2026-03-28 12:00:00+00:00,7
9727,19982,708.15,2026-03-31 12:00:00+00:00,7
9728,19976,707.90,2026-04-26 12:00:00+00:00,1
9729,19977,707.94,2026-05-30 12:00:00+00:00,5
9730,19983,708.19,2026-05-30 12:00:00+00:00,7
9731,19978,707.98,2026-06-28 12:00:00+00:00,7
9732,19979,708.02,2026-07-29 12:00:00+00:00,6
9733,19980,708.06,2026-08-27 12:00:00+00:00,6
9734,19981,708.11,2026-09-27 12:00:00+00:00,2
9735,19984,708.24,2026-09-27 12:00:00+00:00,6
9736,19993,2146.95,2025-11-15 12:00:00+00:00,4
9737,20004,2147.99,2025-11-16 12:00:00+00:00,6
9738,19994,2147.03,2025-12-16 12:00:00+00:00,7
9739,19995,2147.12,2026-01-10 12:00:00+00:00,7
9740,20005,2148.09,2026-01-15 12:00:00+00:00,1
9741,19996,2147.21,2026-02-13 12:00:00+00:00,1
9742,20006,2148.19,2026-02-14 12:00:00+00:00,7
9743,19997,2147.30,2026-03-15 12:00:00+00:00,3
9744,20007,2148.30,2026-03-16 12:00:00+00:00,1
9745,19998,2147.40,2026-04-15 12:00:00+00:00,6
9746,20008,2148.41,2026-04-15 12:00:00+00:00,4
9747,19999,2147.49,2026-05-14 12:00:00+00:00,7
9748,20009,2148.52,2026-05-15 12:00:00+00:00,2
9749,20000,2147.59,2026-06-10 12:00:00+00:00,7
9750,20010,2148.61,2026-06-14 12:00:00+00:00,2
9751,20001,2147.69,2026-07-13 12:00:00+00:00,7
9752,20002,2147.78,2026-08-13 12:00:00+00:00,1
9753,20003,2147.88,2026-09-12 12:00:00+00:00,2
9754,20011,824.48,2026-05-03 12:00:00+00:00,2
9755,20016,824.70,2026-05-06 12:00:00+00:00,4
9756,20012,824.52,2026-06-03 12:00:00+00:00,7
9757,20013,824.57,2026-07-01 12:00:00+00:00,1
9758,20014,824.61,2026-08-01 12:00:00+00:00,6
9759,20015,824.66,2026-09-01 12:00:00+00:00,6
9760,20017,824.75,2026-09-03 12:00:00+00:00,4
9761,20035,1143.44,2026-02-20 12:00:00+00:00,3
9762,20043,1143.95,2026-02-25 12:00:00+00:00,7
9763,20036,1143.50,2026-03-27 12:00:00+00:00,5
9764,20044,1144.02,2026-03-27 12:00:00+00:00,2
9765,20037,1143.56,2026-04-24 12:00:00+00:00,7
9766,20038,1143.62,2026-05-24 12:00:00+00:00,7
9767,20045,1144.09,2026-05-26 12:00:00+00:00,5
9768,20039,1143.68,2026-06-25 12:00:00+00:00,3
9769,20046,1144.17,2026-06-25 12:00:00+00:00,2
9770,20040,1143.75,2026-07-21 12:00:00+00:00,4
9771,20041,1143.81,2026-08-20 12:00:00+00:00,7
9772,20042,1143.88,2026-09-18 12:00:00+00:00,4
9773,20047,1144.24,2026-09-23 12:00:00+00:00,7
9774,20059,1445.17,2026-05-28 12:00:00+00:00,2
9775,20060,1445.22,2026-07-04 12:00:00+00:00,3
9776,20061,1445.27,2026-07-22 12:00:00+00:00,7
9777,20095,192.09,2026-01-29 12:00:00+00:00,1
9778,20104,192.16,2026-01-29 12:00:00+00:00,5
9779,20096,192.09,2026-02-28 12:00:00+00:00,1
9780,20097,192.10,2026-03-27 12:00:00+00:00,3
9781,20105,192.16,2026-03-30 12:00:00+00:00,7
9782,20098,192.11,2026-04-24 12:00:00+00:00,1
9783,20106,192.17,2026-04-29 12:00:00+00:00,1
9784,20099,192.12,2026-05-24 12:00:00+00:00,4
9785,20100,192.12,2026-06-26 12:00:00+00:00,1
9786,20107,192.18,2026-06-28 12:00:00+00:00,2
9787,20101,192.13,2026-07-24 12:00:00+00:00,4
9788,20108,192.19,2026-07-28 12:00:00+00:00,3
9789,20102,192.14,2026-08-23 12:00:00+00:00,5
9790,20109,192.20,2026-08-27 12:00:00+00:00,7
9791,20103,192.15,2026-09-22 12:00:00+00:00,6
9792,20131,2335.34,2026-03-01 12:00:00+00:00,3
9793,20139,2336.25,2026-03-01 12:00:00+00:00,3
9794,20132,2335.44,2026-03-28 12:00:00+00:00,5
9795,20140,2336.37,2026-03-31 12:00:00+00:00,7
9796,20133,2335.55,2026-04-30 12:00:00+00:00,4
9797,20141,2336.50,2026-04-30 12:00:00+00:00,3
9798,20134,2335.66,2026-05-28 12:00:00+00:00,3
9799,20135,2335.78,2026-06-25 12:00:00+00:00,4
9800,20142,2336.63,2026-06-29 12:00:00+00:00,1
9801,20136,2335.89,2026-07-25 12:00:00+00:00,5
9802,20137,2336.01,2026-08-25 12:00:00+00:00,3
9803,20143,2336.76,2026-08-28 12:00:00+00:00,7
9804,20138,2336.13,2026-09-27 12:00:00+00:00,7
9805,20144,2336.89,2026-09-27 12:00:00+00:00,4
9806,20149,1393.57,2026-03-22 12:00:00+00:00,2
9807,20150,1393.63,2026-04-12 12:00:00+00:00,5
9808,20151,1393.68,2026-05-15 12:00:00+00:00,1
9809,20152,1393.74,2026-06-17 12:00:00+00:00,6
9810,20153,1393.80,2026-07-21 12:00:00+00:00,4
9811,20154,1393.87,2026-08-08 12:00:00+00:00,3
9812,20167,3110.42,2026-04-05 12:00:00+00:00,6
9813,20168,3110.64,2026-05-06 12:00:00+00:00,5
9814,20173,3111.88,2026-05-07 12:00:00+00:00,4
9815,20169,3110.88,2026-06-05 12:00:00+00:00,6
9816,20170,3111.12,2026-07-03 12:00:00+00:00,6
9817,20174,3112.14,2026-07-06 12:00:00+00:00,2
9818,20171,3111.36,2026-08-05 12:00:00+00:00,5
9819,20175,3112.42,2026-08-05 12:00:00+00:00,4
9820,20172,3111.61,2026-09-02 12:00:00+00:00,1
9821,20176,3112.70,2026-09-04 12:00:00+00:00,3
9822,20179,767.70,2026-01-05 12:00:00+00:00,7
9823,20180,767.75,2026-02-02 12:00:00+00:00,4
9824,20181,767.80,2026-03-03 12:00:00+00:00,6
9825,20182,767.84,2026-04-03 12:00:00+00:00,3
9826,20188,768.15,2026-04-06 12:00:00+00:00,2
9827,20183,767.89,2026-05-03 12:00:00+00:00,5
9828,20189,768.21,2026-05-06 12:00:00+00:00,1
9829,20184,767.94,2026-06-04 12:00:00+00:00,1
9830,20185,767.99,2026-06-30 12:00:00+00:00,4
9831,20190,768.20,2026-07-05 12:00:00+00:00,6
9832,20186,768.04,2026-07-31 12:00:00+00:00,6
9833,20187,768.10,2026-08-29 12:00:00+00:00,2
9834,20191,3635.84,2026-02-08 12:00:00+00:00,6
9835,20192,3636.06,2026-03-11 12:00:00+00:00,6
9836,20199,3637.74,2026-03-13 12:00:00+00:00,7
9837,20193,3636.29,2026-04-12 12:00:00+00:00,7
9838,20194,3636.52,2026-05-12 12:00:00+00:00,7
9839,20200,3638.01,2026-05-12 12:00:00+00:00,3
9840,20195,3636.75,2026-06-09 12:00:00+00:00,4
9841,20196,3636.99,2026-07-07 12:00:00+00:00,5
9842,20197,3637.24,2026-08-07 12:00:00+00:00,7
9843,20201,3638.28,2026-08-10 12:00:00+00:00,1
9844,20198,3637.49,2026-09-05 12:00:00+00:00,7
9845,20202,3638.57,2026-09-09 12:00:00+00:00,1
9846,20203,1745.38,2026-04-28 12:00:00+00:00,4
9847,20209,1745.81,2026-05-03 12:00:00+00:00,1
9848,20204,1745.45,2026-06-01 12:00:00+00:00,1
9849,20210,1745.89,2026-06-02 12:00:00+00:00,6
9850,20205,1745.52,2026-06-28 12:00:00+00:00,2
9851,20206,1745.59,2026-07-27 12:00:00+00:00,2
9852,20207,1745.66,2026-08-31 12:00:00+00:00,3
9853,20208,1745.74,2026-09-25 12:00:00+00:00,1
9854,20211,1745.96,2026-09-30 12:00:00+00:00,4
9855,20221,2029.46,2026-05-27 12:00:00+00:00,1
9856,20222,2029.56,2026-07-04 12:00:00+00:00,4
9857,20223,2029.66,2026-07-28 12:00:00+00:00,3
9858,20224,2029.76,2026-09-04 12:00:00+00:00,5
9859,20239,722.93,2026-01-24 12:00:00+00:00,1
9860,20240,722.97,2026-02-22 12:00:00+00:00,1
9861,20248,723.39,2026-02-26 12:00:00+00:00,3
9862,20241,723.02,2026-03-23 12:00:00+00:00,6
9863,20249,723.45,2026-03-28 12:00:00+00:00,2
9864,20242,723.07,2026-04-25 12:00:00+00:00,6
9865,20243,723.12,2026-05-27 12:00:00+00:00,2
9866,20250,723.51,2026-05-27 12:00:00+00:00,1
9867,20244,723.17,2026-06-24 12:00:00+00:00,3
9868,20251,723.57,2026-06-26 12:00:00+00:00,4
9869,20245,723.22,2026-07-22 12:00:00+00:00,2
9870,20252,723.64,2026-07-26 12:00:00+00:00,7
9871,20246,723.28,2026-08-24 12:00:00+00:00,3
9872,20253,723.71,2026-08-25 12:00:00+00:00,7
9873,20247,723.33,2026-09-21 12:00:00+00:00,5
9874,20254,723.77,2026-09-24 12:00:00+00:00,5
9875,20257,496.30,2026-07-29 12:00:00+00:00,4
9876,20258,496.32,2026-08-30 12:00:00+00:00,5
9877,20259,496.35,2026-09-01 12:00:00+00:00,1
9878,20275,1254.69,2026-04-05 12:00:00+00:00,6
9879,20281,1254.99,2026-04-05 12:00:00+00:00,6
9880,20276,1254.73,2026-05-03 12:00:00+00:00,4
9881,20282,1255.04,2026-05-05 12:00:00+00:00,7
9882,20277,1254.78,2026-06-04 12:00:00+00:00,4
9883,20283,1255.09,2026-06-04 12:00:00+00:00,2
9884,20278,1254.83,2026-07-04 12:00:00+00:00,5
9885,20284,1255.15,2026-07-04 12:00:00+00:00,2
9886,20279,1254.88,2026-07-29 12:00:00+00:00,6
9887,20280,1254.93,2026-08-30 12:00:00+00:00,4
9888,20285,1255.21,2026-09-02 12:00:00+00:00,1
9889,20299,787.19,2026-01-26 12:00:00+00:00,5
9890,20300,787.24,2026-02-28 12:00:00+00:00,7
9891,20301,787.29,2026-03-29 12:00:00+00:00,6
9892,20308,787.70,2026-03-31 12:00:00+00:00,3
9893,20302,787.35,2026-04-25 12:00:00+00:00,6
9894,20303,787.40,2026-05-26 12:00:00+00:00,7
9895,20309,787.76,2026-05-30 12:00:00+00:00,1
9896,20304,787.46,2026-06-27 12:00:00+00:00,4
9897,20305,787.52,2026-07-26 12:00:00+00:00,3
9898,20310,787.85,2026-07-29 12:00:00+00:00,4
9899,20306,787.58,2026-08-25 12:00:00+00:00,6
9900,20307,787.64,2026-09-24 12:00:00+00:00,7
9901,20311,1884.30,2025-12-07 12:00:00+00:00,1
9902,20312,1884.42,2026-01-01 12:00:00+00:00,5
9903,20313,1884.53,2026-01-28 12:00:00+00:00,5
9904,20314,1884.66,2026-03-08 12:00:00+00:00,6
9905,20315,1884.78,2026-04-07 12:00:00+00:00,6
9906,20316,1884.91,2026-05-07 12:00:00+00:00,1
9907,20317,1885.04,2026-05-31 12:00:00+00:00,5
9908,20318,1885.17,2026-06-27 12:00:00+00:00,2
9909,20319,1885.31,2026-07-25 12:00:00+00:00,6
9910,20320,1885.45,2026-08-29 12:00:00+00:00,6
9911,20329,1113.46,2026-04-09 12:00:00+00:00,2
9912,20335,1113.78,2026-04-13 12:00:00+00:00,2
9913,20330,1113.51,2026-05-09 12:00:00+00:00,6
9914,20331,1113.56,2026-06-11 12:00:00+00:00,3
9915,20336,1113.84,2026-06-12 12:00:00+00:00,6
9916,20332,1113.61,2026-07-07 12:00:00+00:00,4
9917,20333,1113.67,2026-08-08 12:00:00+00:00,4
9918,20334,1113.73,2026-09-06 12:00:00+00:00,2
9919,20337,1113.90,2026-09-10 12:00:00+00:00,6
9920,20353,1588.74,2026-04-13 12:00:00+00:00,2
9921,20354,1588.82,2026-05-17 12:00:00+00:00,1
9922,20359,1589.30,2026-05-17 12:00:00+00:00,1
9923,20355,1588.91,2026-06-13 12:00:00+00:00,7
9924,20360,1589.40,2026-06-16 12:00:00+00:00,5
9925,20356,1589.01,2026-07-14 12:00:00+00:00,5
9926,20361,1589.50,2026-07-16 12:00:00+00:00,4
9927,20357,1589.10,2026-08-14 12:00:00+00:00,2
9928,20358,1589.20,2026-09-14 12:00:00+00:00,1
9929,20371,920.55,2026-04-02 12:00:00+00:00,7
9930,20377,920.79,2026-04-04 12:00:00+00:00,7
9931,20372,920.59,2026-05-04 12:00:00+00:00,6
9932,20373,920.63,2026-05-29 12:00:00+00:00,6
9933,20378,920.83,2026-06-03 12:00:00+00:00,4
9934,20374,920.67,2026-06-28 12:00:00+00:00,5
9935,20375,920.71,2026-07-31 12:00:00+00:00,4
9936,20376,920.75,2026-08-30 12:00:00+00:00,7
9937,20379,920.87,2026-09-01 12:00:00+00:00,3
9938,20395,582.55,2026-07-23 12:00:00+00:00,1
9939,20398,582.63,2026-07-26 12:00:00+00:00,3
9940,20396,582.57,2026-08-21 12:00:00+00:00,4
9941,20399,582.66,2026-08-25 12:00:00+00:00,1
9942,20397,582.60,2026-09-24 12:00:00+00:00,2
9943,20419,1558.38,2026-03-10 12:00:00+00:00,6
9944,20426,1558.98,2026-03-12 12:00:00+00:00,4
9945,20420,1558.46,2026-04-11 12:00:00+00:00,2
9946,20421,1558.54,2026-05-10 12:00:00+00:00,7
9947,20427,1559.08,2026-05-11 12:00:00+00:00,7
9948,20422,1558.62,2026-06-06 12:00:00+00:00,5
9949,20423,1558.71,2026-07-07 12:00:00+00:00,1
9950,20424,1558.80,2026-08-04 12:00:00+00:00,1
9951,20425,1558.89,2026-09-08 12:00:00+00:00,4
9952,20428,1559.18,2026-09-08 12:00:00+00:00,1
9953,20443,1528.84,2026-04-19 12:00:00+00:00,3
9954,20449,1529.51,2026-04-22 12:00:00+00:00,1
9955,20444,1528.94,2026-05-19 12:00:00+00:00,6
9956,20445,1529.05,2026-06-20 12:00:00+00:00,2
9957,20446,1529.16,2026-07-18 12:00:00+00:00,7
9958,20450,1529.64,2026-07-21 12:00:00+00:00,2
9959,20447,1529.27,2026-08-17 12:00:00+00:00,2
9960,20451,1529.76,2026-08-20 12:00:00+00:00,6
9961,20448,1529.39,2026-09-19 12:00:00+00:00,1
9962,20452,1529.89,2026-09-19 12:00:00+00:00,7
9963,20455,428.97,2026-03-17 12:00:00+00:00,1
9964,20456,428.99,2026-04-14 12:00:00+00:00,4
9965,20457,429.01,2026-05-17 12:00:00+00:00,3
9966,20458,429.03,2026-06-12 12:00:00+00:00,6
9967,20462,429.12,2026-06-16 12:00:00+00:00,6
9968,20459,429.05,2026-07-14 12:00:00+00:00,1
9969,20463,429.15,2026-07-16 12:00:00+00:00,5
9970,20460,429.08,2026-08-13 12:00:00+00:00,5
9971,20461,429.10,2026-09-13 12:00:00+00:00,4
9972,20464,429.17,2026-09-14 12:00:00+00:00,7
9973,20473,714.04,2026-07-25 12:00:00+00:00,4
9974,20474,714.07,2026-08-22 12:00:00+00:00,3
9975,20475,714.10,2026-09-23 12:00:00+00:00,2
9976,20491,1547.08,2025-12-26 12:00:00+00:00,2
9977,20501,1547.69,2025-12-30 12:00:00+00:00,7
9978,20492,1547.14,2026-01-27 12:00:00+00:00,2
9979,20502,1547.76,2026-01-29 12:00:00+00:00,1
9980,20493,1547.20,2026-02-26 12:00:00+00:00,5
9981,20503,1547.82,2026-02-28 12:00:00+00:00,2
9982,20494,1547.25,2026-03-26 12:00:00+00:00,3
9983,20495,1547.31,2026-04-25 12:00:00+00:00,4
9984,20496,1547.37,2026-05-28 12:00:00+00:00,5
9985,20497,1547.44,2026-06-26 12:00:00+00:00,6
9986,20498,1547.50,2026-07-25 12:00:00+00:00,3
9987,20499,1547.56,2026-08-22 12:00:00+00:00,1
9988,20504,1547.89,2026-08-27 12:00:00+00:00,6
9989,20500,1547.63,2026-09-23 12:00:00+00:00,1
9990,20505,1547.96,2026-09-26 12:00:00+00:00,5
9991,20515,2211.87,2026-06-27 12:00:00+00:00,5
9992,20516,2211.97,2026-07-25 12:00:00+00:00,6
9993,20519,2212.30,2026-07-27 12:00:00+00:00,3
9994,20517,2212.08,2026-08-24 12:00:00+00:00,1
9995,20518,2212.19,2026-09-23 12:00:00+00:00,6
9996,20520,2212.42,2026-09-25 12:00:00+00:00,1
9997,20533,1071.58,2026-01-03 12:00:00+00:00,7
9998,20542,1072.25,2026-01-06 12:00:00+00:00,5
9999,20534,1071.65,2026-02-02 12:00:00+00:00,7
10000,20543,1072.34,2026-02-05 12:00:00+00:00,3
10001,20535,1071.72,2026-03-05 12:00:00+00:00,3
10002,20536,1071.79,2026-04-06 12:00:00+00:00,5
10003,20544,1072.45,2026-04-06 12:00:00+00:00,6
10004,20537,1071.86,2026-05-03 12:00:00+00:00,3
10005,20538,1071.93,2026-06-04 12:00:00+00:00,5
10006,20539,1072.01,2026-06-30 12:00:00+00:00,5
10007,20540,1072.09,2026-08-01 12:00:00+00:00,6
10008,20541,1072.17,2026-08-29 12:00:00+00:00,5
10009,20545,1975.93,2026-06-30 12:00:00+00:00,6
10010,20546,1976.04,2026-07-29 12:00:00+00:00,5
10011,20548,1976.26,2026-08-03 12:00:00+00:00,1
10012,20547,1976.15,2026-09-01 12:00:00+00:00,2
10013,20549,1976.38,2026-09-02 12:00:00+00:00,7
10014,20563,1259.14,2026-03-22 12:00:00+00:00,1
10015,20564,1259.21,2026-04-19 12:00:00+00:00,2
10016,20565,1259.28,2026-05-22 12:00:00+00:00,6
10017,20570,1259.66,2026-05-24 12:00:00+00:00,1
10018,20566,1259.35,2026-06-18 12:00:00+00:00,7
10019,20571,1259.74,2026-06-23 12:00:00+00:00,6
10020,20567,1259.42,2026-07-21 12:00:00+00:00,1
10021,20572,1259.82,2026-07-23 12:00:00+00:00,2
10022,20568,1259.50,2026-08-19 12:00:00+00:00,3
10023,20573,1259.90,2026-08-22 12:00:00+00:00,1
10024,20569,1259.58,2026-09-16 12:00:00+00:00,7
10025,20574,1259.99,2026-09-21 12:00:00+00:00,2
10026,20581,371.43,2025-12-20 12:00:00+00:00,3
10027,20591,371.56,2025-12-25 12:00:00+00:00,4
10028,20582,371.44,2026-01-21 12:00:00+00:00,3
10029,20592,371.57,2026-01-24 12:00:00+00:00,5
10030,20583,371.45,2026-02-18 12:00:00+00:00,2
10031,20593,371.59,2026-02-23 12:00:00+00:00,2
10032,20584,371.46,2026-03-21 12:00:00+00:00,7
10033,20594,371.60,2026-03-25 12:00:00+00:00,6
10034,20585,371.48,2026-04-21 12:00:00+00:00,7
10035,20595,371.62,2026-04-24 12:00:00+00:00,2
10036,20586,371.49,2026-05-23 12:00:00+00:00,5
10037,20587,371.50,2026-06-19 12:00:00+00:00,5
10038,20596,371.63,2026-06-23 12:00:00+00:00,4
10039,20588,371.52,2026-07-22 12:00:00+00:00,2
10040,20589,371.53,2026-08-17 12:00:00+00:00,1
10041,20597,371.65,2026-08-22 12:00:00+00:00,1
10042,20590,371.54,2026-09-17 12:00:00+00:00,2
10043,20598,371.66,2026-09-21 12:00:00+00:00,7
10044,20617,2612.45,2026-07-19 12:00:00+00:00,4
10045,20620,2613.03,2026-07-20 12:00:00+00:00,4
10046,20618,2612.64,2026-08-15 12:00:00+00:00,3
10047,20621,2613.23,2026-08-19 12:00:00+00:00,5
10048,20619,2612.83,2026-09-16 12:00:00+00:00,3
10049,20622,2613.44,2026-09-18 12:00:00+00:00,5
10050,20629,1657.31,2026-02-14 12:00:00+00:00,3
10051,20637,1658.12,2026-02-17 12:00:00+00:00,2
10052,20630,1657.41,2026-03-17 12:00:00+00:00,2
10053,20638,1658.23,2026-03-19 12:00:00+00:00,2
10054,20631,1657.50,2026-04-17 12:00:00+00:00,3
10055,20632,1657.60,2026-05-14 12:00:00+00:00,3
10056,20639,1658.35,2026-05-18 12:00:00+00:00,7
10057,20633,1657.70,2026-06-14 12:00:00+00:00,6
10058,20634,1657.80,2026-07-16 12:00:00+00:00,6
10059,20635,1657.90,2026-08-15 12:00:00+00:00,4
10060,20640,1658.47,2026-08-16 12:00:00+00:00,4
10061,20636,1658.01,2026-09-10 12:00:00+00:00,6
10062,20641,1658.59,2026-09-15 12:00:00+00:00,6
10063,20647,1529.24,2026-01-28 12:00:00+00:00,6
10064,20648,1529.34,2026-02-27 12:00:00+00:00,7
10065,20649,1529.44,2026-04-02 12:00:00+00:00,7
10066,20650,1529.54,2026-04-30 12:00:00+00:00,3
10067,20651,1529.65,2026-05-27 12:00:00+00:00,4
10068,20652,1529.76,2026-06-21 12:00:00+00:00,5
10069,20653,1529.87,2026-07-27 12:00:00+00:00,6
10070,20665,2528.14,2026-07-31 12:00:00+00:00,4
10071,20667,2528.44,2026-08-05 12:00:00+00:00,3
10072,20666,2528.29,2026-09-03 12:00:00+00:00,2
10073,20668,2528.59,2026-09-04 12:00:00+00:00,5
10074,20683,1196.74,2025-12-25 12:00:00+00:00,4
10075,20693,1197.39,2025-12-25 12:00:00+00:00,3
10076,20684,1196.80,2026-01-24 12:00:00+00:00,2
10077,20694,1197.47,2026-01-24 12:00:00+00:00,4
10078,20685,1196.86,2026-02-21 12:00:00+00:00,5
10079,20695,1197.54,2026-02-23 12:00:00+00:00,4
10080,20686,1196.92,2026-03-23 12:00:00+00:00,2
10081,20687,1196.99,2026-04-24 12:00:00+00:00,2
10082,20696,1197.62,2026-04-24 12:00:00+00:00,3
10083,20688,1197.05,2026-05-22 12:00:00+00:00,2
10084,20697,1197.69,2026-05-24 12:00:00+00:00,2
10085,20689,1197.12,2026-06-19 12:00:00+00:00,1
10086,20698,1197.77,2026-06-23 12:00:00+00:00,7
10087,20690,1197.18,2026-07-18 12:00:00+00:00,2
10088,20699,1197.85,2026-07-23 12:00:00+00:00,6
10089,20691,1197.25,2026-08-17 12:00:00+00:00,5
10090,20692,1197.32,2026-09-20 12:00:00+00:00,2
10091,20701,1151.18,2026-04-27 12:00:00+00:00,6
10092,20702,1151.27,2026-05-27 12:00:00+00:00,6
10093,20703,1151.35,2026-06-27 12:00:00+00:00,4
10094,20707,1151.73,2026-06-30 12:00:00+00:00,4
10095,20704,1151.44,2026-07-25 12:00:00+00:00,6
10096,20705,1151.53,2026-08-26 12:00:00+00:00,3
10097,20708,1151.83,2026-08-29 12:00:00+00:00,5
10098,20706,1151.63,2026-09-26 12:00:00+00:00,4
10099,20709,1151.93,2026-09-28 12:00:00+00:00,7
10100,20713,592.09,2026-01-30 12:00:00+00:00,1
10101,20714,592.12,2026-03-01 12:00:00+00:00,4
10102,20721,592.36,2026-03-06 12:00:00+00:00,3
10103,20715,592.15,2026-03-31 12:00:00+00:00,4
10104,20722,592.40,2026-04-05 12:00:00+00:00,2
10105,20716,592.18,2026-05-05 12:00:00+00:00,6
10106,20723,592.44,2026-05-05 12:00:00+00:00,5
10107,20717,592.21,2026-06-04 12:00:00+00:00,1
10108,20724,592.48,2026-06-04 12:00:00+00:00,5
10109,20718,592.25,2026-06-29 12:00:00+00:00,2
10110,20725,592.52,2026-07-04 12:00:00+00:00,6
10111,20719,592.28,2026-07-31 12:00:00+00:00,4
10112,20726,592.57,2026-08-03 12:00:00+00:00,1
10113,20720,592.32,2026-08-30 12:00:00+00:00,5
10114,20727,592.62,2026-09-02 12:00:00+00:00,6
10115,20737,940.32,2026-03-31 12:00:00+00:00,2
10116,20738,940.36,2026-05-04 12:00:00+00:00,1
10117,20739,940.39,2026-05-29 12:00:00+00:00,4
10118,20740,940.43,2026-07-04 12:00:00+00:00,1
10119,20741,940.47,2026-07-29 12:00:00+00:00,3
10120,20743,470.27,2026-09-17 12:00:00+00:00,3
10121,20743,470.27,2026-10-15 12:00:00+00:00,4
10122,20773,822.51,2025-12-28 12:00:00+00:00,7
10123,20783,822.82,2026-01-02 12:00:00+00:00,7
10124,20774,822.54,2026-01-31 12:00:00+00:00,2
10125,20775,822.57,2026-02-26 12:00:00+00:00,4
10126,20784,822.86,2026-03-03 12:00:00+00:00,3
10127,20776,822.60,2026-03-28 12:00:00+00:00,2
10128,20785,822.89,2026-04-02 12:00:00+00:00,3
10129,20777,822.63,2026-04-28 12:00:00+00:00,4
10130,20778,822.66,2026-05-31 12:00:00+00:00,5
10131,20786,822.93,2026-06-01 12:00:00+00:00,4
10132,20779,822.69,2026-06-29 12:00:00+00:00,1
10133,20780,822.72,2026-07-28 12:00:00+00:00,5
10134,20787,822.96,2026-07-31 12:00:00+00:00,1
10135,20781,822.75,2026-08-29 12:00:00+00:00,3
10136,20782,822.79,2026-09-26 12:00:00+00:00,1
10137,20809,1678.18,2026-04-18 12:00:00+00:00,5
10138,20815,1678.66,2026-04-20 12:00:00+00:00,2
10139,20810,1678.26,2026-05-15 12:00:00+00:00,1
10140,20811,1678.34,2026-06-19 12:00:00+00:00,1
10141,20816,1678.75,2026-06-19 12:00:00+00:00,1
10142,20812,1678.41,2026-07-15 12:00:00+00:00,1
10143,20817,1678.84,2026-07-19 12:00:00+00:00,7
10144,20813,1678.49,2026-08-17 12:00:00+00:00,4
10145,20818,1678.93,2026-08-18 12:00:00+00:00,7
10146,20814,1678.58,2026-09-14 12:00:00+00:00,1
10147,20819,1679.02,2026-09-17 12:00:00+00:00,4
10148,20833,362.14,2025-12-30 12:00:00+00:00,3
10149,20834,362.16,2026-01-27 12:00:00+00:00,1
10150,20843,362.41,2026-01-31 12:00:00+00:00,4
10151,20835,362.18,2026-02-27 12:00:00+00:00,2
10152,20844,362.44,2026-03-02 12:00:00+00:00,6
10153,20836,362.21,2026-03-29 12:00:00+00:00,5
10154,20845,362.48,2026-04-01 12:00:00+00:00,7
10155,20837,362.23,2026-04-30 12:00:00+00:00,3
10156,20838,362.26,2026-05-26 12:00:00+00:00,1
10157,20839,362.29,2026-06-25 12:00:00+00:00,6
10158,20846,362.51,2026-06-30 12:00:00+00:00,2
10159,20840,362.32,2026-07-25 12:00:00+00:00,4
10160,20847,362.55,2026-07-30 12:00:00+00:00,6
10161,20841,362.35,2026-08-29 12:00:00+00:00,5
10162,20842,362.38,2026-09-24 12:00:00+00:00,5
10163,20848,362.58,2026-09-28 12:00:00+00:00,5
10164,20851,1039.60,2026-04-07 12:00:00+00:00,7
10165,20852,1039.64,2026-05-06 12:00:00+00:00,4
10166,20857,1039.84,2026-05-10 12:00:00+00:00,2
10167,20853,1039.68,2026-06-05 12:00:00+00:00,3
10168,20858,1039.89,2026-06-09 12:00:00+00:00,2
10169,20854,1039.72,2026-07-08 12:00:00+00:00,6
10170,20855,1039.76,2026-08-06 12:00:00+00:00,6
10171,20859,1039.93,2026-08-08 12:00:00+00:00,3
10172,20856,1039.80,2026-09-06 12:00:00+00:00,7
10173,20860,1039.98,2026-09-07 12:00:00+00:00,3
10174,20887,234.51,2026-07-01 12:00:00+00:00,1
10175,20888,234.53,2026-07-31 12:00:00+00:00,3
10176,20889,234.54,2026-09-01 12:00:00+00:00,1
10177,20911,3377.66,2026-07-03 12:00:00+00:00,4
10178,20912,3377.90,2026-08-01 12:00:00+00:00,7
10179,20914,3378.41,2026-08-05 12:00:00+00:00,2
10180,20913,3378.15,2026-09-02 12:00:00+00:00,6
10181,20915,3378.68,2026-09-04 12:00:00+00:00,2
10182,20923,902.54,2026-01-26 12:00:00+00:00,5
10183,20932,903.02,2026-01-30 12:00:00+00:00,4
10184,20924,902.59,2026-02-27 12:00:00+00:00,1
10185,20933,903.07,2026-03-01 12:00:00+00:00,6
10186,20925,902.64,2026-03-29 12:00:00+00:00,4
10187,20926,902.69,2026-04-28 12:00:00+00:00,4
10188,20934,903.14,2026-04-30 12:00:00+00:00,2
10189,20927,902.74,2026-05-29 12:00:00+00:00,4
10190,20935,903.20,2026-05-30 12:00:00+00:00,6
10191,20928,902.79,2026-06-24 12:00:00+00:00,2
10192,20936,903.26,2026-06-29 12:00:00+00:00,1
10193,20929,902.85,2026-07-25 12:00:00+00:00,1
10194,20937,903.33,2026-07-29 12:00:00+00:00,6
10195,20930,902.90,2026-08-27 12:00:00+00:00,4
10196,20931,902.96,2026-09-25 12:00:00+00:00,7
10197,20938,903.39,2026-09-27 12:00:00+00:00,7
10198,20941,314.63,2025-11-03 12:00:00+00:00,4
10199,20942,314.65,2025-12-06 12:00:00+00:00,1
10200,20943,314.67,2025-12-31 12:00:00+00:00,5
10201,20952,314.83,2026-01-05 12:00:00+00:00,4
10202,20944,314.68,2026-01-30 12:00:00+00:00,5
10203,20953,314.85,2026-02-04 12:00:00+00:00,3
10204,20945,314.70,2026-03-05 12:00:00+00:00,2
10205,20954,314.87,2026-03-06 12:00:00+00:00,3
10206,20946,314.72,2026-04-02 12:00:00+00:00,5
10207,20947,314.73,2026-05-03 12:00:00+00:00,2
10208,20948,314.75,2026-06-01 12:00:00+00:00,2
10209,20949,314.77,2026-07-02 12:00:00+00:00,5
10210,20950,314.79,2026-07-30 12:00:00+00:00,7
10211,20951,314.81,2026-09-02 12:00:00+00:00,5
10212,20965,1439.57,2026-02-23 12:00:00+00:00,4
10213,20966,1439.62,2026-03-27 12:00:00+00:00,5
10214,20967,1439.67,2026-04-21 12:00:00+00:00,3
10215,20973,1439.99,2026-04-26 12:00:00+00:00,7
10216,20968,1439.72,2026-05-24 12:00:00+00:00,1
10217,20974,1440.05,2026-05-26 12:00:00+00:00,3
10218,20969,1439.77,2026-06-24 12:00:00+00:00,1
10219,20975,1440.11,2026-06-25 12:00:00+00:00,7
10220,20970,1439.83,2026-07-23 12:00:00+00:00,5
10221,20971,1439.88,2026-08-20 12:00:00+00:00,2
10222,20972,1439.94,2026-09-18 12:00:00+00:00,6
10223,20976,1440.17,2026-09-23 12:00:00+00:00,3
10224,21001,742.49,2026-04-05 12:00:00+00:00,4
10225,21002,742.53,2026-05-03 12:00:00+00:00,3
10226,21003,742.57,2026-06-06 12:00:00+00:00,1
10227,21004,742.61,2026-07-06 12:00:00+00:00,7
10228,21005,742.65,2026-08-01 12:00:00+00:00,1
10229,21007,742.73,2026-08-05 12:00:00+00:00,5
10230,21006,742.69,2026-09-04 12:00:00+00:00,4
10231,21008,742.78,2026-09-04 12:00:00+00:00,5
10232,21025,1395.39,2026-04-03 12:00:00+00:00,7
10233,21026,1395.44,2026-04-20 12:00:00+00:00,1
10234,21027,1395.50,2026-05-27 12:00:00+00:00,2
10235,21028,1395.55,2026-06-22 12:00:00+00:00,1
10236,21029,1395.61,2026-08-01 12:00:00+00:00,3
10237,21030,1395.67,2026-08-22 12:00:00+00:00,1
10238,21049,1825.43,2026-03-06 12:00:00+00:00,5
10239,21050,1825.53,2026-04-01 12:00:00+00:00,4
10240,21056,1826.15,2026-04-06 12:00:00+00:00,3
10241,21051,1825.63,2026-05-04 12:00:00+00:00,1
10242,21052,1825.73,2026-06-03 12:00:00+00:00,3
10243,21057,1826.26,2026-06-05 12:00:00+00:00,2
10244,21053,1825.83,2026-07-03 12:00:00+00:00,7
10245,21054,1825.93,2026-07-31 12:00:00+00:00,5
10246,21058,1826.37,2026-08-04 12:00:00+00:00,3
10247,21055,1826.04,2026-08-31 12:00:00+00:00,2
10248,21059,1826.49,2026-09-03 12:00:00+00:00,2
10249,21061,891.52,2026-05-16 12:00:00+00:00,4
10250,21062,891.56,2026-06-13 12:00:00+00:00,4
10251,21063,891.61,2026-07-13 12:00:00+00:00,3
10252,21066,891.76,2026-07-15 12:00:00+00:00,3
10253,21064,891.66,2026-08-13 12:00:00+00:00,6
10254,21067,891.81,2026-08-14 12:00:00+00:00,5
10255,21065,891.71,2026-09-11 12:00:00+00:00,6
10256,21068,891.86,2026-09-13 12:00:00+00:00,6
10257,21085,3569.90,2026-02-02 12:00:00+00:00,2
10258,21094,3571.85,2026-02-02 12:00:00+00:00,5
10259,21086,3570.10,2026-03-01 12:00:00+00:00,7
10260,21095,3572.09,2026-03-04 12:00:00+00:00,2
10261,21087,3570.31,2026-03-29 12:00:00+00:00,2
10262,21096,3572.35,2026-04-03 12:00:00+00:00,5
10263,21088,3570.51,2026-05-02 12:00:00+00:00,4
10264,21089,3570.72,2026-06-02 12:00:00+00:00,2
10265,21090,3570.94,2026-07-02 12:00:00+00:00,5
10266,21091,3571.16,2026-07-30 12:00:00+00:00,1
10267,21092,3571.39,2026-08-29 12:00:00+00:00,3
10268,21093,3571.62,2026-09-28 12:00:00+00:00,1
10269,21097,1454.98,2026-06-18 12:00:00+00:00,4
10270,21098,1455.06,2026-07-15 12:00:00+00:00,1
10271,21099,1455.14,2026-08-17 12:00:00+00:00,3
10272,21101,1455.31,2026-08-17 12:00:00+00:00,6
10273,21100,1455.22,2026-09-13 12:00:00+00:00,1
10274,21102,1455.39,2026-09-16 12:00:00+00:00,1
10275,21115,1685.36,2026-05-21 12:00:00+00:00,1
10276,21116,1685.47,2026-06-23 12:00:00+00:00,1
10277,21120,1685.94,2026-06-23 12:00:00+00:00,3
10278,21117,1685.58,2026-07-23 12:00:00+00:00,7
10279,21121,1686.07,2026-07-23 12:00:00+00:00,5
10280,21118,1685.70,2026-08-17 12:00:00+00:00,3
10281,21122,1686.20,2026-08-22 12:00:00+00:00,7
10282,21119,1685.82,2026-09-17 12:00:00+00:00,7
10283,21133,577.05,2026-02-13 12:00:00+00:00,2
10284,21141,577.31,2026-02-16 12:00:00+00:00,6
10285,21134,577.08,2026-03-16 12:00:00+00:00,4
10286,21135,577.11,2026-04-16 12:00:00+00:00,2
10287,21136,577.14,2026-05-15 12:00:00+00:00,6
10288,21142,577.35,2026-05-17 12:00:00+00:00,5
10289,21137,577.17,2026-06-13 12:00:00+00:00,3
10290,21138,577.21,2026-07-16 12:00:00+00:00,7
10291,21143,577.38,2026-07-16 12:00:00+00:00,1
10292,21139,577.24,2026-08-10 12:00:00+00:00,5
10293,21144,577.42,2026-08-15 12:00:00+00:00,3
10294,21140,577.28,2026-09-10 12:00:00+00:00,4
10295,21151,1319.75,2026-04-01 12:00:00+00:00,7
10296,21152,1319.81,2026-04-30 12:00:00+00:00,4
10297,21153,1319.87,2026-05-29 12:00:00+00:00,6
10298,21154,1319.93,2026-06-19 12:00:00+00:00,7
10299,21155,1319.99,2026-07-27 12:00:00+00:00,1
10300,21156,1320.06,2026-08-29 12:00:00+00:00,4
10301,21175,1577.40,2026-01-20 12:00:00+00:00,5
10302,21184,1578.12,2026-01-25 12:00:00+00:00,6
10303,21176,1577.47,2026-02-20 12:00:00+00:00,2
10304,21185,1578.21,2026-02-24 12:00:00+00:00,6
10305,21177,1577.55,2026-03-22 12:00:00+00:00,5
10306,21178,1577.63,2026-04-24 12:00:00+00:00,4
10307,21179,1577.70,2026-05-21 12:00:00+00:00,2
10308,21186,1578.30,2026-05-25 12:00:00+00:00,4
10309,21180,1577.78,2026-06-21 12:00:00+00:00,1
10310,21187,1578.40,2026-06-24 12:00:00+00:00,3
10311,21181,1577.87,2026-07-19 12:00:00+00:00,1
10312,21188,1578.49,2026-07-24 12:00:00+00:00,7
10313,21182,1577.95,2026-08-22 12:00:00+00:00,1
10314,21189,1578.59,2026-08-23 12:00:00+00:00,6
10315,21183,1578.03,2026-09-21 12:00:00+00:00,6
10316,21199,260.23,2025-12-27 12:00:00+00:00,7
10317,21209,260.37,2025-12-29 12:00:00+00:00,1
10318,21200,260.24,2026-01-25 12:00:00+00:00,3
10319,21201,260.25,2026-02-24 12:00:00+00:00,3
10320,21202,260.27,2026-03-27 12:00:00+00:00,7
10321,21210,260.39,2026-03-29 12:00:00+00:00,5
10322,21203,260.28,2026-04-27 12:00:00+00:00,6
10323,21211,260.41,2026-04-28 12:00:00+00:00,6
10324,21204,260.30,2026-05-27 12:00:00+00:00,3
10325,21212,260.42,2026-05-28 12:00:00+00:00,7
10326,21205,260.31,2026-06-27 12:00:00+00:00,4
10327,21213,260.44,2026-06-27 12:00:00+00:00,4
10328,21206,260.33,2026-07-25 12:00:00+00:00,7
10329,21214,260.46,2026-07-27 12:00:00+00:00,4
10330,21207,260.34,2026-08-24 12:00:00+00:00,4
10331,21208,260.36,2026-09-23 12:00:00+00:00,7
10332,21223,1918.79,2026-04-11 12:00:00+00:00,7
10333,21229,1919.42,2026-04-11 12:00:00+00:00,3
10334,21224,1918.89,2026-05-11 12:00:00+00:00,3
10335,21230,1919.54,2026-05-11 12:00:00+00:00,6
10336,21225,1918.99,2026-06-10 12:00:00+00:00,7
10337,21231,1919.65,2026-06-10 12:00:00+00:00,5
10338,21226,1919.09,2026-07-08 12:00:00+00:00,2
10339,21232,1919.77,2026-07-10 12:00:00+00:00,5
10340,21227,1919.20,2026-08-07 12:00:00+00:00,1
10341,21228,1919.31,2026-09-03 12:00:00+00:00,6
10342,21233,1919.89,2026-09-08 12:00:00+00:00,4
10343,21241,1839.66,2025-12-13 12:00:00+00:00,5
10344,21242,1839.75,2026-01-07 12:00:00+00:00,2
10345,21251,1840.63,2026-01-12 12:00:00+00:00,3
10346,21243,1839.84,2026-02-06 12:00:00+00:00,4
10347,21252,1840.80,2026-02-11 12:00:00+00:00,6
10348,21244,1839.93,2026-03-13 12:00:00+00:00,1
10349,21245,1840.03,2026-04-11 12:00:00+00:00,1
10350,21246,1840.13,2026-05-11 12:00:00+00:00,1
10351,21247,1840.22,2026-06-07 12:00:00+00:00,1
10352,21248,1840.32,2026-07-11 12:00:00+00:00,4
10353,21249,1840.43,2026-08-07 12:00:00+00:00,2
10354,21250,1840.53,2026-09-07 12:00:00+00:00,7
10355,21253,1776.51,2026-05-01 12:00:00+00:00,6
10356,21258,1776.99,2026-05-04 12:00:00+00:00,4
10357,21254,1776.60,2026-05-29 12:00:00+00:00,1
10358,21259,1777.09,2026-06-03 12:00:00+00:00,2
10359,21255,1776.69,2026-07-03 12:00:00+00:00,4
10360,21260,1777.20,2026-07-03 12:00:00+00:00,1
10361,21256,1776.79,2026-07-31 12:00:00+00:00,1
10362,21261,1777.31,2026-08-02 12:00:00+00:00,1
10363,21257,1776.89,2026-08-30 12:00:00+00:00,5
10364,21277,1612.99,2026-04-07 12:00:00+00:00,7
10365,21283,1613.57,2026-04-11 12:00:00+00:00,6
10366,21278,1613.08,2026-05-07 12:00:00+00:00,1
10367,21284,1613.68,2026-05-11 12:00:00+00:00,7
10368,21279,1613.18,2026-06-06 12:00:00+00:00,5
10369,21285,1613.79,2026-06-10 12:00:00+00:00,4
10370,21280,1613.27,2026-07-06 12:00:00+00:00,7
10371,21281,1613.37,2026-08-05 12:00:00+00:00,4
10372,21286,1613.90,2026-08-09 12:00:00+00:00,3
10373,21282,1613.47,2026-09-04 12:00:00+00:00,2
10374,21287,1614.01,2026-09-08 12:00:00+00:00,2
10375,21295,784.16,2026-01-22 12:00:00+00:00,1
10376,21296,784.22,2026-02-24 12:00:00+00:00,3
10377,21297,784.28,2026-03-23 12:00:00+00:00,4
10378,21304,784.73,2026-03-28 12:00:00+00:00,1
10379,21298,784.33,2026-04-27 12:00:00+00:00,2
10380,21305,784.80,2026-04-27 12:00:00+00:00,6
10381,21299,784.40,2026-05-22 12:00:00+00:00,5
10382,21306,784.88,2026-05-27 12:00:00+00:00,7
10383,21300,784.46,2026-06-23 12:00:00+00:00,1
10384,21301,784.52,2026-07-25 12:00:00+00:00,4
10385,21302,784.59,2026-08-24 12:00:00+00:00,2
10386,21303,784.66,2026-09-21 12:00:00+00:00,1
10387,21307,1740.80,2026-04-02 12:00:00+00:00,6
10388,21308,1740.88,2026-04-29 12:00:00+00:00,5
10389,21309,1740.96,2026-05-28 12:00:00+00:00,5
10390,21314,1741.39,2026-06-01 12:00:00+00:00,7
10391,21310,1741.04,2026-06-28 12:00:00+00:00,4
10392,21315,1741.48,2026-07-01 12:00:00+00:00,3
10393,21311,1741.13,2026-07-30 12:00:00+00:00,3
10394,21316,1741.58,2026-07-31 12:00:00+00:00,2
10395,21312,1741.21,2026-08-28 12:00:00+00:00,1
10396,21317,1741.67,2026-08-30 12:00:00+00:00,4
10397,21313,1741.30,2026-09-29 12:00:00+00:00,1
10398,21331,1578.75,2026-06-18 12:00:00+00:00,3
10399,21335,1578.99,2026-06-23 12:00:00+00:00,4
10400,21332,1578.81,2026-07-20 12:00:00+00:00,2
10401,21333,1578.87,2026-08-21 12:00:00+00:00,5
10402,21336,1579.05,2026-08-22 12:00:00+00:00,2
10403,21334,1578.93,2026-09-18 12:00:00+00:00,7
10404,21337,1579.12,2026-09-21 12:00:00+00:00,2
10405,21367,1763.76,2026-04-29 12:00:00+00:00,7
10406,21368,1763.86,2026-05-28 12:00:00+00:00,5
10407,21373,1764.35,2026-05-29 12:00:00+00:00,5
10408,21369,1763.95,2026-06-25 12:00:00+00:00,1
10409,21370,1764.05,2026-07-27 12:00:00+00:00,6
10410,21374,1764.46,2026-07-28 12:00:00+00:00,3
10411,21371,1764.15,2026-08-23 12:00:00+00:00,4
10412,21375,1764.57,2026-08-27 12:00:00+00:00,3
10413,21372,1764.25,2026-09-23 12:00:00+00:00,5
10414,21376,1764.68,2026-09-26 12:00:00+00:00,3
10415,21379,2533.80,2026-05-22 12:00:00+00:00,5
10416,21380,2533.94,2026-06-22 12:00:00+00:00,1
10417,21381,2534.09,2026-07-21 12:00:00+00:00,6
10418,21384,2534.54,2026-07-23 12:00:00+00:00,4
10419,21382,2534.23,2026-08-20 12:00:00+00:00,7
10420,21385,2534.70,2026-08-22 12:00:00+00:00,5
10421,21383,2534.39,2026-09-17 12:00:00+00:00,2
10422,21397,1280.60,2026-07-07 12:00:00+00:00,1
10423,21398,1280.65,2026-08-06 12:00:00+00:00,2
10424,21399,1280.71,2026-09-07 12:00:00+00:00,2
10425,21400,1280.76,2026-09-10 12:00:00+00:00,1
10426,21415,371.48,2025-12-15 12:00:00+00:00,6
10427,21425,371.80,2025-12-20 12:00:00+00:00,5
10428,21416,371.51,2026-01-19 12:00:00+00:00,4
10429,21417,371.54,2026-02-16 12:00:00+00:00,7
10430,21418,371.57,2026-03-20 12:00:00+00:00,3
10431,21426,371.83,2026-03-20 12:00:00+00:00,5
10432,21419,371.60,2026-04-16 12:00:00+00:00,3
10433,21420,371.63,2026-05-16 12:00:00+00:00,7
10434,21421,371.66,2026-06-15 12:00:00+00:00,4
10435,21422,371.70,2026-07-14 12:00:00+00:00,1
10436,21423,371.73,2026-08-14 12:00:00+00:00,6
10437,21424,371.76,2026-09-16 12:00:00+00:00,1
10438,21427,262.88,2026-01-17 12:00:00+00:00,4
10439,21436,263.05,2026-01-22 12:00:00+00:00,6
10440,21428,262.90,2026-02-16 12:00:00+00:00,4
10441,21437,263.08,2026-02-21 12:00:00+00:00,7
10442,21429,262.91,2026-03-20 12:00:00+00:00,5
10443,21438,263.10,2026-03-23 12:00:00+00:00,6
10444,21430,262.93,2026-04-22 12:00:00+00:00,4
10445,21439,263.12,2026-04-22 12:00:00+00:00,4
10446,21431,262.95,2026-05-18 12:00:00+00:00,2
10447,21440,263.15,2026-05-22 12:00:00+00:00,2
10448,21432,262.97,2026-06-16 12:00:00+00:00,2
10449,21441,263.18,2026-06-21 12:00:00+00:00,3
10450,21433,262.99,2026-07-17 12:00:00+00:00,2
10451,21442,263.20,2026-07-21 12:00:00+00:00,5
10452,21434,263.01,2026-08-15 12:00:00+00:00,7
10453,21435,263.03,2026-09-18 12:00:00+00:00,4
10454,21443,263.23,2026-09-19 12:00:00+00:00,6
10455,21445,2415.82,2026-02-07 12:00:00+00:00,2
10456,21446,2415.95,2026-03-06 12:00:00+00:00,2
10457,21447,2416.08,2026-04-05 12:00:00+00:00,6
10458,21453,2416.96,2026-04-09 12:00:00+00:00,4
10459,21448,2416.22,2026-05-07 12:00:00+00:00,6
10460,21454,2417.12,2026-05-09 12:00:00+00:00,2
10461,21449,2416.36,2026-06-07 12:00:00+00:00,1
10462,21455,2417.29,2026-06-08 12:00:00+00:00,6
10463,21450,2416.51,2026-07-07 12:00:00+00:00,5
10464,21451,2416.66,2026-08-06 12:00:00+00:00,5
10465,21452,2416.81,2026-09-06 12:00:00+00:00,7
10466,21456,2417.45,2026-09-06 12:00:00+00:00,5
10467,21463,3834.01,2025-11-21 12:00:00+00:00,4
10468,21464,3834.29,2025-12-23 12:00:00+00:00,1
10469,21474,3837.65,2025-12-25 12:00:00+00:00,7
10470,21465,3834.58,2026-01-20 12:00:00+00:00,2
10471,21466,3834.88,2026-02-23 12:00:00+00:00,1
10472,21467,3835.19,2026-03-20 12:00:00+00:00,2
10473,21468,3835.51,2026-04-19 12:00:00+00:00,1
10474,21469,3835.84,2026-05-21 12:00:00+00:00,5
10475,21470,3836.17,2026-06-20 12:00:00+00:00,3
10476,21471,3836.52,2026-07-23 12:00:00+00:00,2
10477,21472,3836.88,2026-08-21 12:00:00+00:00,6
10478,21473,3837.25,2026-09-18 12:00:00+00:00,6
10479,21475,824.62,2026-04-28 12:00:00+00:00,7
10480,21476,824.67,2026-05-27 12:00:00+00:00,3
10481,21477,824.72,2026-06-25 12:00:00+00:00,1
10482,21481,824.93,2026-06-27 12:00:00+00:00,7
10483,21478,824.77,2026-07-23 12:00:00+00:00,2
10484,21482,824.99,2026-07-27 12:00:00+00:00,1
10485,21479,824.82,2026-08-24 12:00:00+00:00,1
10486,21483,825.05,2026-08-26 12:00:00+00:00,2
10487,21480,824.88,2026-09-21 12:00:00+00:00,3
10488,21493,1353.90,2026-06-07 12:00:00+00:00,6
10489,21494,1353.97,2026-07-05 12:00:00+00:00,1
10490,21497,1354.19,2026-07-09 12:00:00+00:00,1
10491,21495,1354.04,2026-08-05 12:00:00+00:00,7
10492,21498,1354.26,2026-08-08 12:00:00+00:00,3
10493,21496,1354.11,2026-09-02 12:00:00+00:00,7
10494,21499,1354.34,2026-09-07 12:00:00+00:00,2
10495,21517,2366.94,2026-03-10 12:00:00+00:00,5
10496,21518,2367.09,2026-04-07 12:00:00+00:00,7
10497,21519,2367.23,2026-05-08 12:00:00+00:00,2
10498,21524,2368.04,2026-05-12 12:00:00+00:00,1
10499,21520,2367.39,2026-06-07 12:00:00+00:00,2
10500,21525,2368.22,2026-06-11 12:00:00+00:00,3
10501,21521,2367.54,2026-07-06 12:00:00+00:00,6
10502,21526,2368.40,2026-07-11 12:00:00+00:00,1
10503,21522,2367.70,2026-08-05 12:00:00+00:00,3
10504,21523,2367.87,2026-09-05 12:00:00+00:00,5
10505,21535,402.55,2026-02-16 12:00:00+00:00,6
10506,21536,402.56,2026-03-20 12:00:00+00:00,7
10507,21537,402.58,2026-04-19 12:00:00+00:00,5
10508,21538,402.60,2026-05-20 12:00:00+00:00,3
10509,21543,402.68,2026-05-22 12:00:00+00:00,7
10510,21539,402.61,2026-06-19 12:00:00+00:00,3
10511,21544,402.70,2026-06-21 12:00:00+00:00,4
10512,21540,402.63,2026-07-21 12:00:00+00:00,4
10513,21541,402.64,2026-08-16 12:00:00+00:00,6
10514,21545,402.72,2026-08-20 12:00:00+00:00,1
10515,21542,402.66,2026-09-16 12:00:00+00:00,7
10516,21571,3150.47,2026-04-21 12:00:00+00:00,7
10517,21572,3150.66,2026-05-28 12:00:00+00:00,5
10518,21573,3150.85,2026-06-22 12:00:00+00:00,3
10519,21574,3151.04,2026-07-31 12:00:00+00:00,7
10520,21576,1575.72,2026-09-13 12:00:00+00:00,5
10521,21576,1575.72,2026-09-28 12:00:00+00:00,1
10522,21583,613.57,2026-01-17 12:00:00+00:00,3
10523,21592,613.77,2026-01-17 12:00:00+00:00,4
10524,21584,613.59,2026-02-13 12:00:00+00:00,3
10525,21585,613.61,2026-03-15 12:00:00+00:00,7
10526,21586,613.64,2026-04-14 12:00:00+00:00,3
10527,21587,613.66,2026-05-13 12:00:00+00:00,5
10528,21593,613.80,2026-05-17 12:00:00+00:00,4
10529,21588,613.68,2026-06-16 12:00:00+00:00,4
10530,21594,613.82,2026-06-16 12:00:00+00:00,6
10531,21589,613.70,2026-07-15 12:00:00+00:00,5
10532,21595,613.85,2026-07-16 12:00:00+00:00,2
10533,21590,613.73,2026-08-13 12:00:00+00:00,4
10534,21596,613.88,2026-08-15 12:00:00+00:00,5
10535,21591,613.75,2026-09-12 12:00:00+00:00,4
10536,21597,613.90,2026-09-14 12:00:00+00:00,4
10537,21619,1254.49,2025-12-06 12:00:00+00:00,7
10538,21629,1255.01,2025-12-10 12:00:00+00:00,7
10539,21620,1254.54,2026-01-08 12:00:00+00:00,6
10540,21621,1254.59,2026-02-05 12:00:00+00:00,6
10541,21630,1255.06,2026-02-08 12:00:00+00:00,7
10542,21622,1254.63,2026-03-10 12:00:00+00:00,5
10543,21631,1255.13,2026-03-10 12:00:00+00:00,2
10544,21623,1254.68,2026-04-08 12:00:00+00:00,1
10545,21632,1255.19,2026-04-09 12:00:00+00:00,4
10546,21624,1254.73,2026-05-04 12:00:00+00:00,4
10547,21625,1254.78,2026-06-03 12:00:00+00:00,4
10548,21626,1254.84,2026-07-05 12:00:00+00:00,1
10549,21627,1254.89,2026-08-06 12:00:00+00:00,5
10550,21633,1255.25,2026-08-07 12:00:00+00:00,4
10551,21628,1254.95,2026-09-04 12:00:00+00:00,1
10552,21655,986.04,2026-02-17 12:00:00+00:00,6
10553,21656,986.09,2026-03-21 12:00:00+00:00,4
10554,21657,986.14,2026-04-18 12:00:00+00:00,4
10555,21663,986.48,2026-04-20 12:00:00+00:00,7
10556,21658,986.20,2026-05-19 12:00:00+00:00,7
10557,21659,986.25,2026-06-16 12:00:00+00:00,6
10558,21660,986.31,2026-07-15 12:00:00+00:00,1
10559,21664,986.54,2026-07-19 12:00:00+00:00,6
10560,21661,986.36,2026-08-16 12:00:00+00:00,2
10561,21665,986.60,2026-08-18 12:00:00+00:00,4
10562,21662,986.42,2026-09-17 12:00:00+00:00,4
10563,21666,986.66,2026-09-17 12:00:00+00:00,4
10564,21673,2383.50,2026-05-12 12:00:00+00:00,3
10565,21678,2384.15,2026-05-16 12:00:00+00:00,4
10566,21674,2383.63,2026-06-10 12:00:00+00:00,3
10567,21675,2383.75,2026-07-10 12:00:00+00:00,2
10568,21679,2384.29,2026-07-15 12:00:00+00:00,7
10569,21676,2383.88,2026-08-10 12:00:00+00:00,6
10570,21680,2384.43,2026-08-14 12:00:00+00:00,7
10571,21677,2384.02,2026-09-13 12:00:00+00:00,1
10572,21681,2384.58,2026-09-13 12:00:00+00:00,2
10573,21691,2374.41,2025-12-31 12:00:00+00:00,1
10574,21692,2374.52,2026-01-25 12:00:00+00:00,5
10575,21693,2374.63,2026-02-25 12:00:00+00:00,7
10576,21694,2374.74,2026-03-28 12:00:00+00:00,3
10577,21701,2375.59,2026-03-31 12:00:00+00:00,4
10578,21695,2374.86,2026-04-29 12:00:00+00:00,5
10579,21702,2375.72,2026-04-30 12:00:00+00:00,5
10580,21696,2374.97,2026-05-29 12:00:00+00:00,3
10581,21703,2375.86,2026-05-30 12:00:00+00:00,7
10582,21697,2375.09,2026-06-24 12:00:00+00:00,6
10583,21704,2375.99,2026-06-29 12:00:00+00:00,4
10584,21698,2375.21,2026-07-29 12:00:00+00:00,3
10585,21705,2376.13,2026-07-29 12:00:00+00:00,6
10586,21699,2375.34,2026-08-27 12:00:00+00:00,3
10587,21700,2375.47,2026-09-22 12:00:00+00:00,6
10588,21709,798.13,2026-04-02 12:00:00+00:00,4
10589,21710,798.17,2026-05-03 12:00:00+00:00,3
10590,21711,798.21,2026-05-31 12:00:00+00:00,6
10591,21715,798.37,2026-06-03 12:00:00+00:00,1
10592,21712,798.25,2026-06-30 12:00:00+00:00,6
10593,21713,798.29,2026-07-31 12:00:00+00:00,5
10594,21714,798.33,2026-08-30 12:00:00+00:00,4
10595,21716,798.42,2026-09-01 12:00:00+00:00,3
10596,21721,660.90,2026-07-19 12:00:00+00:00,3
10597,21724,660.97,2026-07-22 12:00:00+00:00,1
10598,21722,660.92,2026-08-18 12:00:00+00:00,7
10599,21725,660.99,2026-08-21 12:00:00+00:00,3
10600,21723,660.94,2026-09-16 12:00:00+00:00,2
10601,21726,661.02,2026-09-20 12:00:00+00:00,3
10602,21757,1248.84,2025-12-04 12:00:00+00:00,4
10603,21767,1249.28,2025-12-06 12:00:00+00:00,5
10604,21758,1248.88,2026-01-04 12:00:00+00:00,5
10605,21768,1249.33,2026-01-05 12:00:00+00:00,6
10606,21759,1248.92,2026-01-30 12:00:00+00:00,3
10607,21769,1249.38,2026-02-04 12:00:00+00:00,6
10608,21760,1248.96,2026-03-01 12:00:00+00:00,3
10609,21770,1249.43,2026-03-06 12:00:00+00:00,3
10610,21761,1249.00,2026-03-31 12:00:00+00:00,4
10611,21771,1249.48,2026-04-05 12:00:00+00:00,1
10612,21762,1249.05,2026-05-01 12:00:00+00:00,2
10613,21772,1249.53,2026-05-05 12:00:00+00:00,5
10614,21763,1249.09,2026-06-03 12:00:00+00:00,1
10615,21764,1249.14,2026-07-01 12:00:00+00:00,5
10616,21773,1249.58,2026-07-04 12:00:00+00:00,3
10617,21765,1249.18,2026-07-31 12:00:00+00:00,7
10618,21766,1249.23,2026-08-31 12:00:00+00:00,6
10619,21793,864.97,2025-12-03 12:00:00+00:00,4
10620,21794,865.01,2026-01-02 12:00:00+00:00,7
10621,21795,865.06,2026-01-30 12:00:00+00:00,7
10622,21796,865.10,2026-02-28 12:00:00+00:00,2
10623,21803,865.47,2026-03-05 12:00:00+00:00,7
10624,21797,865.15,2026-03-30 12:00:00+00:00,3
10625,21804,865.53,2026-04-04 12:00:00+00:00,7
10626,21798,865.20,2026-05-03 12:00:00+00:00,4
10627,21799,865.25,2026-06-03 12:00:00+00:00,4
10628,21800,865.31,2026-07-02 12:00:00+00:00,7
10629,21801,865.36,2026-07-29 12:00:00+00:00,7
10630,21805,865.59,2026-08-02 12:00:00+00:00,3
10631,21802,865.42,2026-08-29 12:00:00+00:00,4
10632,21817,1083.75,2026-08-04 12:00:00+00:00,5
10633,21818,1083.79,2026-09-02 12:00:00+00:00,3
10634,21819,1083.83,2026-09-04 12:00:00+00:00,4
10635,21853,1468.97,2026-01-21 12:00:00+00:00,3
10636,21862,1469.51,2026-01-25 12:00:00+00:00,1
10637,21854,1469.02,2026-02-21 12:00:00+00:00,5
10638,21855,1469.07,2026-03-26 12:00:00+00:00,2
10639,21856,1469.13,2026-04-22 12:00:00+00:00,7
10640,21863,1469.58,2026-04-25 12:00:00+00:00,4
10641,21857,1469.19,2026-05-24 12:00:00+00:00,5
10642,21858,1469.25,2026-06-21 12:00:00+00:00,2
10643,21864,1469.65,2026-06-24 12:00:00+00:00,6
10644,21859,1469.31,2026-07-23 12:00:00+00:00,1
10645,21860,1469.37,2026-08-22 12:00:00+00:00,4
10646,21865,1469.73,2026-08-23 12:00:00+00:00,4
10647,21861,1469.44,2026-09-20 12:00:00+00:00,1
10648,21866,1469.80,2026-09-22 12:00:00+00:00,7
10649,21889,782.39,2026-02-11 12:00:00+00:00,6
10650,21890,782.45,2026-03-13 12:00:00+00:00,1
10651,21897,782.85,2026-03-15 12:00:00+00:00,1
10652,21891,782.50,2026-04-09 12:00:00+00:00,6
10653,21898,782.92,2026-04-14 12:00:00+00:00,6
10654,21892,782.55,2026-05-12 12:00:00+00:00,3
10655,21899,782.99,2026-05-14 12:00:00+00:00,4
10656,21893,782.61,2026-06-09 12:00:00+00:00,3
10657,21900,783.06,2026-06-13 12:00:00+00:00,3
10658,21894,782.67,2026-07-11 12:00:00+00:00,2
10659,21901,783.13,2026-07-13 12:00:00+00:00,3
10660,21895,782.73,2026-08-11 12:00:00+00:00,4
10661,21902,783.21,2026-08-12 12:00:00+00:00,5
10662,21896,782.79,2026-09-07 12:00:00+00:00,1
10663,21903,783.29,2026-09-11 12:00:00+00:00,7
10664,21907,1644.56,2026-04-17 12:00:00+00:00,1
10665,21913,1645.25,2026-04-21 12:00:00+00:00,3
10666,21908,1644.66,2026-05-16 12:00:00+00:00,3
10667,21909,1644.77,2026-06-15 12:00:00+00:00,3
10668,21914,1645.38,2026-06-20 12:00:00+00:00,4
10669,21910,1644.89,2026-07-18 12:00:00+00:00,1
10670,21915,1645.51,2026-07-20 12:00:00+00:00,6
10671,21911,1645.00,2026-08-18 12:00:00+00:00,3
10672,21916,1645.65,2026-08-19 12:00:00+00:00,3
10673,21912,1645.13,2026-09-13 12:00:00+00:00,5
10674,21925,271.18,2025-11-24 12:00:00+00:00,6
10675,21926,271.19,2025-12-25 12:00:00+00:00,4
10676,21936,271.36,2025-12-27 12:00:00+00:00,4
10677,21927,271.21,2026-01-26 12:00:00+00:00,1
10678,21937,271.38,2026-01-26 12:00:00+00:00,4
10679,21928,271.22,2026-02-25 12:00:00+00:00,6
10680,21929,271.24,2026-03-24 12:00:00+00:00,5
10681,21938,271.40,2026-03-27 12:00:00+00:00,6
10682,21930,271.26,2026-04-22 12:00:00+00:00,1
10683,21931,271.27,2026-05-23 12:00:00+00:00,2
10684,21939,271.41,2026-05-26 12:00:00+00:00,4
10685,21932,271.29,2026-06-23 12:00:00+00:00,4
10686,21940,271.43,2026-06-25 12:00:00+00:00,7
10687,21933,271.30,2026-07-24 12:00:00+00:00,1
10688,21941,271.45,2026-07-25 12:00:00+00:00,1
10689,21934,271.32,2026-08-23 12:00:00+00:00,7
10690,21942,271.45,2026-08-24 12:00:00+00:00,3
10691,21935,271.34,2026-09-22 12:00:00+00:00,3
10692,21943,1279.97,2026-01-08 12:00:00+00:00,4
10693,21944,1280.05,2026-02-03 12:00:00+00:00,7
10694,21945,1280.12,2026-03-09 12:00:00+00:00,2
10695,21952,1280.73,2026-03-10 12:00:00+00:00,7
10696,21946,1280.20,2026-04-09 12:00:00+00:00,2
10697,21947,1280.29,2026-05-05 12:00:00+00:00,6
10698,21953,1280.83,2026-05-09 12:00:00+00:00,6
10699,21948,1280.37,2026-06-05 12:00:00+00:00,2
10700,21954,1280.93,2026-06-08 12:00:00+00:00,6
10701,21949,1280.46,2026-07-08 12:00:00+00:00,6
10702,21950,1280.55,2026-08-03 12:00:00+00:00,1
10703,21955,1281.03,2026-08-07 12:00:00+00:00,4
10704,21951,1280.64,2026-09-06 12:00:00+00:00,7
10705,21956,1281.13,2026-09-06 12:00:00+00:00,6
10706,21961,1008.00,2026-07-03 12:00:00+00:00,3
10707,21962,1008.07,2026-08-07 12:00:00+00:00,4
10708,21963,1008.13,2026-09-05 12:00:00+00:00,2
10709,21979,1309.95,2026-04-27 12:00:00+00:00,4
10710,21980,1310.03,2026-05-25 12:00:00+00:00,5
10711,21981,1310.11,2026-06-26 12:00:00+00:00,2
10712,21985,1310.45,2026-06-26 12:00:00+00:00,4
10713,21982,1310.19,2026-07-24 12:00:00+00:00,6
10714,21983,1310.28,2026-08-21 12:00:00+00:00,3
10715,21986,1310.54,2026-08-25 12:00:00+00:00,7
10716,21984,1310.36,2026-09-21 12:00:00+00:00,1
10717,21987,1310.63,2026-09-24 12:00:00+00:00,4
10718,21991,1835.74,2026-02-04 12:00:00+00:00,2
10719,21992,1835.84,2026-02-26 12:00:00+00:00,5
10720,21993,1835.94,2026-03-26 12:00:00+00:00,5
10721,21994,1836.04,2026-05-06 12:00:00+00:00,3
10722,21995,1836.14,2026-05-26 12:00:00+00:00,4
10723,21996,1836.24,2026-07-04 12:00:00+00:00,2
10724,21997,1836.35,2026-08-01 12:00:00+00:00,5
10725,21998,1836.46,2026-08-27 12:00:00+00:00,5
10726,22015,907.98,2026-04-14 12:00:00+00:00,5
10727,22016,908.04,2026-05-14 12:00:00+00:00,1
10728,22017,908.10,2026-06-14 12:00:00+00:00,4
10729,22021,908.35,2026-06-17 12:00:00+00:00,7
10730,22018,908.16,2026-07-15 12:00:00+00:00,2
10731,22019,908.22,2026-08-14 12:00:00+00:00,5
10732,22020,908.29,2026-09-13 12:00:00+00:00,4
10733,22022,908.42,2026-09-15 12:00:00+00:00,2
10734,22033,619.55,2026-03-31 12:00:00+00:00,2
10735,22034,619.59,2026-04-17 12:00:00+00:00,7
10736,22035,619.62,2026-05-25 12:00:00+00:00,5
10737,22036,619.65,2026-06-18 12:00:00+00:00,1
10738,22037,619.68,2026-07-19 12:00:00+00:00,3
10739,22039,309.87,2026-09-09 12:00:00+00:00,2
10740,22039,309.88,2026-10-09 12:00:00+00:00,7
10741,22051,3536.33,2026-07-28 12:00:00+00:00,7
10742,22052,3536.59,2026-08-29 12:00:00+00:00,3
10743,22054,3537.14,2026-08-31 12:00:00+00:00,2
10744,22053,3536.86,2026-09-28 12:00:00+00:00,6
10745,22055,3537.43,2026-09-30 12:00:00+00:00,2
10746,22063,450.00,2026-01-30 12:00:00+00:00,3
10747,22071,450.17,2026-02-03 12:00:00+00:00,2
10748,22064,450.02,2026-03-01 12:00:00+00:00,1
10749,22065,450.04,2026-04-01 12:00:00+00:00,7
10750,22072,450.19,2026-04-04 12:00:00+00:00,7
10751,22066,450.06,2026-05-04 12:00:00+00:00,1
10752,22067,450.08,2026-05-29 12:00:00+00:00,1
10753,22068,450.10,2026-06-29 12:00:00+00:00,5
10754,22073,450.21,2026-07-03 12:00:00+00:00,7
10755,22069,450.13,2026-07-28 12:00:00+00:00,1
10756,22074,450.19,2026-08-02 12:00:00+00:00,3
10757,22070,450.15,2026-08-29 12:00:00+00:00,1
10758,22075,2299.31,2026-04-11 12:00:00+00:00,6
10759,22081,2299.94,2026-04-13 12:00:00+00:00,6
10760,22076,2299.41,2026-05-12 12:00:00+00:00,3
10761,22082,2300.05,2026-05-13 12:00:00+00:00,6
10762,22077,2299.52,2026-06-12 12:00:00+00:00,7
10763,22083,2300.16,2026-06-12 12:00:00+00:00,5
10764,22078,2299.62,2026-07-10 12:00:00+00:00,2
10765,22079,2299.72,2026-08-09 12:00:00+00:00,6
10766,22080,2299.83,2026-09-06 12:00:00+00:00,1
10767,22087,328.34,2025-11-18 12:00:00+00:00,3
10768,22098,328.57,2025-11-20 12:00:00+00:00,1
10769,22088,328.36,2025-12-17 12:00:00+00:00,4
10770,22099,328.60,2025-12-20 12:00:00+00:00,6
10771,22089,328.38,2026-01-17 12:00:00+00:00,7
10772,22090,328.40,2026-02-16 12:00:00+00:00,5
10773,22091,328.42,2026-03-19 12:00:00+00:00,1
10774,22100,328.62,2026-03-20 12:00:00+00:00,4
10775,22092,328.44,2026-04-16 12:00:00+00:00,6
10776,22101,328.65,2026-04-19 12:00:00+00:00,4
10777,22093,328.46,2026-05-14 12:00:00+00:00,4
10778,22102,328.68,2026-05-19 12:00:00+00:00,1
10779,22094,328.48,2026-06-14 12:00:00+00:00,3
10780,22103,328.71,2026-06-18 12:00:00+00:00,5
10781,22095,328.50,2026-07-17 12:00:00+00:00,3
10782,22096,328.52,2026-08-17 12:00:00+00:00,5
10783,22104,328.74,2026-08-17 12:00:00+00:00,3
10784,22097,328.55,2026-09-12 12:00:00+00:00,6
10785,22105,328.77,2026-09-16 12:00:00+00:00,2
10786,22111,455.37,2026-07-30 12:00:00+00:00,1
10787,22114,455.42,2026-08-01 12:00:00+00:00,4
10788,22112,455.39,2026-08-31 12:00:00+00:00,6
10789,22113,455.40,2026-09-30 12:00:00+00:00,7
10790,22147,769.22,2026-03-08 12:00:00+00:00,1
10791,22148,769.25,2026-04-08 12:00:00+00:00,6
10792,22154,769.46,2026-04-12 12:00:00+00:00,1
10793,22149,769.28,2026-05-09 12:00:00+00:00,5
10794,22155,769.50,2026-05-12 12:00:00+00:00,4
10795,22150,769.32,2026-06-10 12:00:00+00:00,4
10796,22156,769.53,2026-06-11 12:00:00+00:00,1
10797,22151,769.35,2026-07-10 12:00:00+00:00,5
10798,22157,769.57,2026-07-11 12:00:00+00:00,5
10799,22152,769.39,2026-08-08 12:00:00+00:00,5
10800,22158,769.61,2026-08-10 12:00:00+00:00,3
10801,22153,769.42,2026-09-04 12:00:00+00:00,1
10802,22159,769.65,2026-09-09 12:00:00+00:00,5
10803,22171,1807.33,2026-01-26 12:00:00+00:00,6
10804,22172,1807.47,2026-02-25 12:00:00+00:00,6
10805,22173,1807.61,2026-03-24 12:00:00+00:00,3
10806,22174,1807.75,2026-04-22 12:00:00+00:00,4
10807,22175,1807.90,2026-05-24 12:00:00+00:00,3
10808,22176,1808.06,2026-06-27 12:00:00+00:00,4
10809,22177,1808.22,2026-07-23 12:00:00+00:00,2
10810,22183,1556.89,2026-06-06 12:00:00+00:00,4
10811,22187,1557.17,2026-06-08 12:00:00+00:00,2
10812,22184,1556.96,2026-07-05 12:00:00+00:00,5
10813,22188,1557.25,2026-07-08 12:00:00+00:00,1
10814,22185,1557.03,2026-08-02 12:00:00+00:00,5
10815,22189,1557.32,2026-08-07 12:00:00+00:00,4
10816,22186,1557.10,2026-09-03 12:00:00+00:00,6
10817,22207,2356.42,2026-01-07 12:00:00+00:00,2
10818,22208,2356.54,2026-02-04 12:00:00+00:00,3
10819,22209,2356.67,2026-03-07 12:00:00+00:00,7
10820,22216,2357.71,2026-03-11 12:00:00+00:00,2
10821,22210,2356.81,2026-04-08 12:00:00+00:00,6
10822,22217,2357.88,2026-04-10 12:00:00+00:00,1
10823,22211,2356.95,2026-05-10 12:00:00+00:00,1
10824,22212,2357.09,2026-06-04 12:00:00+00:00,1
10825,22218,2358.06,2026-06-09 12:00:00+00:00,4
10826,22213,2357.24,2026-07-05 12:00:00+00:00,7
10827,22214,2357.39,2026-08-03 12:00:00+00:00,7
10828,22219,2358.24,2026-08-08 12:00:00+00:00,1
10829,22215,2357.55,2026-09-07 12:00:00+00:00,3
10830,22231,1938.68,2026-04-24 12:00:00+00:00,1
10831,22237,1939.28,2026-04-25 12:00:00+00:00,4
10832,22232,1938.77,2026-05-24 12:00:00+00:00,1
10833,22238,1939.39,2026-05-25 12:00:00+00:00,3
10834,22233,1938.87,2026-06-20 12:00:00+00:00,4
10835,22239,1939.51,2026-06-24 12:00:00+00:00,3
10836,22234,1938.97,2026-07-20 12:00:00+00:00,1
10837,22240,1939.62,2026-07-24 12:00:00+00:00,3
10838,22235,1939.07,2026-08-22 12:00:00+00:00,3
10839,22241,1939.74,2026-08-23 12:00:00+00:00,4
10840,22236,1939.18,2026-09-18 12:00:00+00:00,5
10841,22242,1939.86,2026-09-22 12:00:00+00:00,6
10842,22255,1528.83,2026-04-28 12:00:00+00:00,6
10843,22261,1529.19,2026-04-30 12:00:00+00:00,4
10844,22256,1528.89,2026-05-30 12:00:00+00:00,6
10845,22262,1529.26,2026-05-30 12:00:00+00:00,5
10846,22257,1528.95,2026-06-27 12:00:00+00:00,5
10847,22258,1529.00,2026-07-29 12:00:00+00:00,5
10848,22259,1529.06,2026-08-25 12:00:00+00:00,6
10849,22263,1529.33,2026-08-28 12:00:00+00:00,3
10850,22260,1529.13,2026-09-26 12:00:00+00:00,3
10851,22264,1529.40,2026-09-27 12:00:00+00:00,5
10852,22291,1614.68,2026-01-18 12:00:00+00:00,6
10853,22300,1615.75,2026-01-21 12:00:00+00:00,3
10854,22292,1614.79,2026-02-17 12:00:00+00:00,6
10855,22301,1615.89,2026-02-20 12:00:00+00:00,3
10856,22293,1614.90,2026-03-20 12:00:00+00:00,4
10857,22294,1615.01,2026-04-19 12:00:00+00:00,7
10858,22295,1615.13,2026-05-19 12:00:00+00:00,5
10859,22302,1616.06,2026-05-21 12:00:00+00:00,4
10860,22296,1615.24,2026-06-16 12:00:00+00:00,2
10861,22297,1615.37,2026-07-20 12:00:00+00:00,7
10862,22298,1615.49,2026-08-15 12:00:00+00:00,7
10863,22299,1615.62,2026-09-14 12:00:00+00:00,5
10864,22303,472.49,2026-03-05 12:00:00+00:00,7
10865,22310,472.61,2026-03-07 12:00:00+00:00,3
10866,22304,472.50,2026-04-06 12:00:00+00:00,1
10867,22311,472.63,2026-04-06 12:00:00+00:00,5
10868,22305,472.52,2026-05-01 12:00:00+00:00,7
10869,22306,472.54,2026-06-01 12:00:00+00:00,7
10870,22312,472.65,2026-06-05 12:00:00+00:00,4
10871,22307,472.56,2026-06-30 12:00:00+00:00,1
10872,22313,472.67,2026-07-05 12:00:00+00:00,4
10873,22308,472.57,2026-08-03 12:00:00+00:00,6
10874,22309,472.59,2026-08-31 12:00:00+00:00,3
10875,22339,2906.31,2026-08-02 12:00:00+00:00,7
10876,22340,2906.52,2026-08-29 12:00:00+00:00,6
10877,22351,193.91,2026-01-21 12:00:00+00:00,2
10878,22352,193.92,2026-02-21 12:00:00+00:00,4
10879,22360,193.98,2026-02-22 12:00:00+00:00,3
10880,22353,193.93,2026-03-21 12:00:00+00:00,3
10881,22361,193.99,2026-03-24 12:00:00+00:00,7
10882,22354,193.93,2026-04-22 12:00:00+00:00,3
10883,22362,194.00,2026-04-23 12:00:00+00:00,3
10884,22355,193.94,2026-05-20 12:00:00+00:00,6
10885,22356,193.95,2026-06-21 12:00:00+00:00,7
10886,22363,194.01,2026-06-22 12:00:00+00:00,7
10887,22357,193.96,2026-07-17 12:00:00+00:00,1
10888,22364,194.01,2026-07-22 12:00:00+00:00,6
10889,22358,193.96,2026-08-20 12:00:00+00:00,1
10890,22359,193.97,2026-09-18 12:00:00+00:00,3
10891,22365,194.02,2026-09-20 12:00:00+00:00,5
10892,22387,1749.96,2026-07-17 12:00:00+00:00,3
10893,22390,1750.29,2026-07-18 12:00:00+00:00,4
10894,22388,1750.07,2026-08-14 12:00:00+00:00,7
10895,22389,1750.18,2026-09-14 12:00:00+00:00,7
10896,22391,1750.42,2026-09-16 12:00:00+00:00,7
10897,22405,518.42,2026-04-02 12:00:00+00:00,7
10898,22411,518.53,2026-04-06 12:00:00+00:00,4
10899,22406,518.44,2026-05-02 12:00:00+00:00,1
10900,22412,518.55,2026-05-06 12:00:00+00:00,2
10901,22407,518.46,2026-06-04 12:00:00+00:00,7
10902,22413,518.57,2026-06-05 12:00:00+00:00,5
10903,22408,518.47,2026-07-04 12:00:00+00:00,5
10904,22414,518.59,2026-07-05 12:00:00+00:00,3
10905,22409,518.49,2026-08-04 12:00:00+00:00,1
10906,22415,518.62,2026-08-04 12:00:00+00:00,5
10907,22410,518.51,2026-09-03 12:00:00+00:00,6
10908,22441,692.14,2025-12-01 12:00:00+00:00,6
10909,22442,692.17,2025-12-30 12:00:00+00:00,4
10910,22443,692.19,2026-01-27 12:00:00+00:00,1
10911,22452,692.39,2026-01-31 12:00:00+00:00,7
10912,22444,692.21,2026-02-28 12:00:00+00:00,3
10913,22453,692.42,2026-03-02 12:00:00+00:00,5
10914,22445,692.23,2026-03-30 12:00:00+00:00,5
10915,22446,692.25,2026-04-29 12:00:00+00:00,5
10916,22454,692.44,2026-05-01 12:00:00+00:00,5
10917,22447,692.28,2026-05-28 12:00:00+00:00,6
10918,22455,692.47,2026-05-31 12:00:00+00:00,2
10919,22448,692.30,2026-06-27 12:00:00+00:00,5
10920,22456,692.50,2026-06-30 12:00:00+00:00,6
10921,22449,692.32,2026-07-26 12:00:00+00:00,7
10922,22457,692.52,2026-07-30 12:00:00+00:00,4
10923,22450,692.35,2026-08-29 12:00:00+00:00,7
10924,22451,692.37,2026-09-28 12:00:00+00:00,7
10925,22458,692.55,2026-09-28 12:00:00+00:00,7
10926,22477,904.18,2025-11-24 12:00:00+00:00,5
10927,22488,904.87,2025-11-24 12:00:00+00:00,7
10928,22478,904.23,2025-12-23 12:00:00+00:00,2
10929,22479,904.29,2026-01-19 12:00:00+00:00,2
10930,22489,904.94,2026-01-23 12:00:00+00:00,1
10931,22480,904.35,2026-02-19 12:00:00+00:00,1
10932,22490,905.02,2026-02-22 12:00:00+00:00,4
10933,22481,904.40,2026-03-23 12:00:00+00:00,7
10934,22491,905.09,2026-03-24 12:00:00+00:00,6
10935,22482,904.46,2026-04-20 12:00:00+00:00,3
10936,22492,905.17,2026-04-23 12:00:00+00:00,4
10937,22483,904.53,2026-05-18 12:00:00+00:00,5
10938,22493,905.26,2026-05-23 12:00:00+00:00,4
10939,22484,904.59,2026-06-19 12:00:00+00:00,6
10940,22485,904.66,2026-07-17 12:00:00+00:00,5
10941,22486,904.72,2026-08-18 12:00:00+00:00,5
10942,22494,905.45,2026-08-21 12:00:00+00:00,3
10943,22487,904.79,2026-09-19 12:00:00+00:00,2
10944,22495,2426.33,2026-03-26 12:00:00+00:00,5
10945,22502,2427.37,2026-03-30 12:00:00+00:00,4
10946,22496,2426.46,2026-04-28 12:00:00+00:00,3
10947,22503,2427.53,2026-04-29 12:00:00+00:00,1
10948,22497,2426.60,2026-05-29 12:00:00+00:00,6
10949,22498,2426.75,2026-06-26 12:00:00+00:00,3
10950,22499,2426.90,2026-07-27 12:00:00+00:00,5
10951,22500,2427.05,2026-08-24 12:00:00+00:00,7
10952,22501,2427.21,2026-09-26 12:00:00+00:00,1
10953,22504,2427.70,2026-09-26 12:00:00+00:00,5
10954,22513,1907.49,2026-04-02 12:00:00+00:00,3
10955,22520,1908.45,2026-04-02 12:00:00+00:00,2
10956,22514,1907.61,2026-05-02 12:00:00+00:00,1
10957,22515,1907.74,2026-05-29 12:00:00+00:00,6
10958,22516,1907.87,2026-06-27 12:00:00+00:00,7
10959,22517,1908.01,2026-07-28 12:00:00+00:00,6
10960,22521,1908.61,2026-07-31 12:00:00+00:00,2
10961,22518,1908.15,2026-08-25 12:00:00+00:00,2
10962,22519,1908.30,2026-09-27 12:00:00+00:00,1
10963,22522,1908.77,2026-09-29 12:00:00+00:00,5
10964,22531,1196.28,2026-03-09 12:00:00+00:00,4
10965,22538,1196.62,2026-03-12 12:00:00+00:00,1
10966,22532,1196.33,2026-04-10 12:00:00+00:00,7
10967,22539,1196.67,2026-04-11 12:00:00+00:00,3
10968,22533,1196.37,2026-05-06 12:00:00+00:00,6
10969,22540,1196.72,2026-05-11 12:00:00+00:00,6
10970,22534,1196.42,2026-06-08 12:00:00+00:00,7
10971,22541,1196.78,2026-06-10 12:00:00+00:00,1
10972,22535,1196.47,2026-07-10 12:00:00+00:00,5
10973,22542,1196.84,2026-07-10 12:00:00+00:00,5
10974,22536,1196.51,2026-08-09 12:00:00+00:00,2
10975,22543,1196.90,2026-08-09 12:00:00+00:00,1
10976,22537,1196.56,2026-09-07 12:00:00+00:00,2
10977,22567,3139.22,2025-12-19 12:00:00+00:00,7
10978,22577,3141.33,2025-12-23 12:00:00+00:00,6
10979,22568,3139.41,2026-01-18 12:00:00+00:00,7
10980,22569,3139.61,2026-02-17 12:00:00+00:00,3
10981,22578,3141.57,2026-02-21 12:00:00+00:00,7
10982,22570,3139.81,2026-03-21 12:00:00+00:00,4
10983,22571,3140.01,2026-04-19 12:00:00+00:00,4
10984,22572,3140.22,2026-05-22 12:00:00+00:00,3
10985,22573,3140.43,2026-06-21 12:00:00+00:00,5
10986,22574,3140.65,2026-07-18 12:00:00+00:00,5
10987,22575,3140.87,2026-08-16 12:00:00+00:00,4
10988,22576,3141.10,2026-09-16 12:00:00+00:00,5
10989,22579,861.44,2026-03-19 12:00:00+00:00,6
10990,22580,861.49,2026-04-20 12:00:00+00:00,5
10991,22581,861.54,2026-05-18 12:00:00+00:00,2
10992,22582,861.58,2026-06-18 12:00:00+00:00,7
10993,22586,861.78,2026-06-20 12:00:00+00:00,5
10994,22583,861.63,2026-07-18 12:00:00+00:00,5
10995,22584,861.68,2026-08-17 12:00:00+00:00,1
10996,22585,861.73,2026-09-16 12:00:00+00:00,1
10997,22587,861.83,2026-09-18 12:00:00+00:00,6
10998,22591,365.09,2025-11-19 12:00:00+00:00,7
10999,22592,365.10,2025-12-19 12:00:00+00:00,7
11000,22602,365.26,2025-12-22 12:00:00+00:00,2
11001,22593,365.12,2026-01-16 12:00:00+00:00,5
11002,22594,365.13,2026-02-17 12:00:00+00:00,5
11003,22603,365.28,2026-02-20 12:00:00+00:00,5
11004,22595,365.15,2026-03-22 12:00:00+00:00,6
11005,22596,365.16,2026-04-16 12:00:00+00:00,1
11006,22604,365.30,2026-04-21 12:00:00+00:00,2
11007,22597,365.18,2026-05-16 12:00:00+00:00,3
11008,22598,365.19,2026-06-19 12:00:00+00:00,4
11009,22605,365.32,2026-06-20 12:00:00+00:00,1
11010,22599,365.21,2026-07-17 12:00:00+00:00,5
11011,22606,365.34,2026-07-20 12:00:00+00:00,3
11012,22600,365.22,2026-08-18 12:00:00+00:00,6
11013,22601,365.24,2026-09-13 12:00:00+00:00,7
11014,22607,365.36,2026-09-18 12:00:00+00:00,6
11015,22627,575.38,2026-06-10 12:00:00+00:00,7
11016,22628,575.41,2026-07-09 12:00:00+00:00,4
11017,22629,575.45,2026-08-08 12:00:00+00:00,7
11018,22630,575.49,2026-09-06 12:00:00+00:00,7
11019,22631,575.53,2026-09-08 12:00:00+00:00,6
11020,22639,1687.97,2025-12-18 12:00:00+00:00,2
11021,22649,1688.67,2025-12-18 12:00:00+00:00,6
11022,22640,1688.03,2026-01-16 12:00:00+00:00,2
11023,22641,1688.09,2026-02-14 12:00:00+00:00,2
11024,22642,1688.16,2026-03-17 12:00:00+00:00,6
11025,22643,1688.22,2026-04-14 12:00:00+00:00,7
11026,22644,1688.29,2026-05-14 12:00:00+00:00,1
11027,22650,1688.75,2026-05-17 12:00:00+00:00,4
11028,22645,1688.36,2026-06-12 12:00:00+00:00,3
11029,22651,1688.84,2026-06-16 12:00:00+00:00,7
11030,22646,1688.44,2026-07-11 12:00:00+00:00,3
11031,22652,1688.93,2026-07-16 12:00:00+00:00,4
11032,22647,1688.51,2026-08-10 12:00:00+00:00,5
11033,22653,1689.02,2026-08-15 12:00:00+00:00,1
11034,22648,1688.59,2026-09-11 12:00:00+00:00,2
11035,22654,1689.11,2026-09-14 12:00:00+00:00,1
11036,22675,2845.04,2026-02-28 12:00:00+00:00,4
11037,22683,2846.27,2026-03-04 12:00:00+00:00,3
11038,22676,2845.18,2026-04-02 12:00:00+00:00,5
11039,22684,2846.44,2026-04-03 12:00:00+00:00,1
11040,22677,2845.33,2026-05-02 12:00:00+00:00,3
11041,22685,2846.61,2026-05-03 12:00:00+00:00,3
11042,22678,2845.48,2026-05-29 12:00:00+00:00,1
11043,22686,2846.83,2026-06-02 12:00:00+00:00,2
11044,22679,2845.63,2026-07-02 12:00:00+00:00,2
11045,22680,2845.79,2026-07-31 12:00:00+00:00,7
11046,22681,2845.95,2026-08-30 12:00:00+00:00,3
11047,22682,2846.11,2026-09-26 12:00:00+00:00,2
11048,22687,1729.49,2026-06-10 12:00:00+00:00,2
11049,22691,1729.75,2026-06-13 12:00:00+00:00,3
11050,22688,1729.55,2026-07-12 12:00:00+00:00,5
11051,22692,1729.82,2026-07-13 12:00:00+00:00,1
11052,22689,1729.61,2026-08-07 12:00:00+00:00,6
11053,22690,1729.68,2026-09-08 12:00:00+00:00,4
11054,22693,1729.89,2026-09-11 12:00:00+00:00,4
11055,22723,720.60,2026-04-28 12:00:00+00:00,7
11056,22724,720.64,2026-05-31 12:00:00+00:00,1
11057,22729,720.88,2026-06-01 12:00:00+00:00,4
11058,22725,720.69,2026-06-30 12:00:00+00:00,7
11059,22726,720.73,2026-07-26 12:00:00+00:00,5
11060,22730,720.93,2026-07-31 12:00:00+00:00,4
11061,22727,720.78,2026-08-28 12:00:00+00:00,2
11062,22728,720.83,2026-09-24 12:00:00+00:00,4
11063,22731,720.98,2026-09-29 12:00:00+00:00,5
11064,22741,3075.56,2026-01-20 12:00:00+00:00,3
11065,22742,3075.77,2026-02-22 12:00:00+00:00,6
11066,22750,3077.60,2026-02-24 12:00:00+00:00,1
11067,22743,3075.97,2026-03-23 12:00:00+00:00,2
11068,22751,3077.85,2026-03-26 12:00:00+00:00,1
11069,22744,3076.19,2026-04-20 12:00:00+00:00,3
11070,22752,3078.16,2026-04-25 12:00:00+00:00,4
11071,22745,3076.41,2026-05-25 12:00:00+00:00,4
11072,22746,3076.63,2026-06-23 12:00:00+00:00,3
11073,22747,3076.87,2026-07-21 12:00:00+00:00,4
11074,22748,3077.10,2026-08-21 12:00:00+00:00,3
11075,22749,3077.35,2026-09-20 12:00:00+00:00,3
11076,22753,465.04,2025-12-24 12:00:00+00:00,3
11077,22754,465.07,2026-01-20 12:00:00+00:00,1
11078,22755,465.09,2026-02-17 12:00:00+00:00,2
11079,22763,465.32,2026-02-22 12:00:00+00:00,3
11080,22756,465.12,2026-03-22 12:00:00+00:00,6
11081,22764,465.35,2026-03-24 12:00:00+00:00,1
11082,22757,465.14,2026-04-20 12:00:00+00:00,7
11083,22765,465.39,2026-04-23 12:00:00+00:00,6
11084,22758,465.17,2026-05-23 12:00:00+00:00,4
11085,22766,465.42,2026-05-23 12:00:00+00:00,5
11086,22759,465.20,2026-06-17 12:00:00+00:00,6
11087,22767,465.46,2026-06-22 12:00:00+00:00,1
11088,22760,465.23,2026-07-22 12:00:00+00:00,2
11089,22761,465.26,2026-08-17 12:00:00+00:00,3
11090,22762,465.29,2026-09-15 12:00:00+00:00,6
11091,22768,465.50,2026-09-20 12:00:00+00:00,1
11092,22777,923.76,2025-12-06 12:00:00+00:00,3
11093,22778,923.79,2026-01-04 12:00:00+00:00,4
11094,22787,924.10,2026-01-08 12:00:00+00:00,4
11095,22779,923.82,2026-02-05 12:00:00+00:00,3
11096,22780,923.86,2026-03-04 12:00:00+00:00,2
11097,22788,924.14,2026-03-09 12:00:00+00:00,2
11098,22781,923.89,2026-04-04 12:00:00+00:00,6
11099,22789,924.18,2026-04-08 12:00:00+00:00,2
11100,22782,923.93,2026-05-06 12:00:00+00:00,4
11101,22790,924.22,2026-05-08 12:00:00+00:00,3
11102,22783,923.96,2026-06-07 12:00:00+00:00,3
11103,22784,924.00,2026-07-05 12:00:00+00:00,1
11104,22785,924.03,2026-08-06 12:00:00+00:00,1
11105,22791,924.26,2026-08-06 12:00:00+00:00,2
11106,22786,924.07,2026-09-05 12:00:00+00:00,7
11107,22801,1313.31,2026-07-08 12:00:00+00:00,7
11108,22802,1313.37,2026-08-07 12:00:00+00:00,3
11109,22803,1313.43,2026-09-07 12:00:00+00:00,1
11110,22804,1313.50,2026-09-11 12:00:00+00:00,3
11111,22819,1551.94,2026-02-04 12:00:00+00:00,7
11112,22820,1552.01,2026-03-05 12:00:00+00:00,3
11113,22827,1552.57,2026-03-08 12:00:00+00:00,2
11114,22821,1552.09,2026-04-07 12:00:00+00:00,1
11115,22828,1552.66,2026-04-07 12:00:00+00:00,6
11116,22822,1552.16,2026-05-07 12:00:00+00:00,1
11117,22823,1552.24,2026-06-06 12:00:00+00:00,6
11118,22829,1552.75,2026-06-06 12:00:00+00:00,7
11119,22824,1552.32,2026-07-03 12:00:00+00:00,7
11120,22830,1552.84,2026-07-06 12:00:00+00:00,1
11121,22825,1552.40,2026-07-31 12:00:00+00:00,6
11122,22826,1552.49,2026-09-04 12:00:00+00:00,7
11123,22831,1552.94,2026-09-04 12:00:00+00:00,5
11124,22843,605.44,2026-03-27 12:00:00+00:00,4
11125,22850,605.63,2026-03-31 12:00:00+00:00,3
11126,22844,605.47,2026-04-26 12:00:00+00:00,1
11127,22851,605.66,2026-04-30 12:00:00+00:00,6
11128,22845,605.49,2026-05-30 12:00:00+00:00,2
11129,22852,605.69,2026-05-30 12:00:00+00:00,3
11130,22846,605.52,2026-06-28 12:00:00+00:00,7
11131,22847,605.55,2026-07-28 12:00:00+00:00,2
11132,22848,605.57,2026-08-24 12:00:00+00:00,6
11133,22853,605.72,2026-08-28 12:00:00+00:00,7
11134,22849,605.60,2026-09-27 12:00:00+00:00,3
11135,22854,605.75,2026-09-27 12:00:00+00:00,7
11136,22861,148.44,2026-06-10 12:00:00+00:00,4
11137,22865,148.46,2026-06-14 12:00:00+00:00,3
11138,22862,148.44,2026-07-10 12:00:00+00:00,6
11139,22866,148.47,2026-07-14 12:00:00+00:00,2
11140,22863,148.45,2026-08-09 12:00:00+00:00,6
11141,22867,148.47,2026-08-13 12:00:00+00:00,5
11142,22864,148.45,2026-09-07 12:00:00+00:00,4
11143,22897,615.12,2026-02-04 12:00:00+00:00,6
11144,22905,615.55,2026-02-06 12:00:00+00:00,3
11145,22898,615.17,2026-03-06 12:00:00+00:00,4
11146,22906,615.61,2026-03-08 12:00:00+00:00,5
11147,22899,615.22,2026-04-06 12:00:00+00:00,4
11148,22907,615.67,2026-04-07 12:00:00+00:00,1
11149,22900,615.27,2026-05-07 12:00:00+00:00,1
11150,22908,615.72,2026-05-07 12:00:00+00:00,2
11151,22901,615.32,2026-06-06 12:00:00+00:00,2
11152,22902,615.37,2026-07-04 12:00:00+00:00,1
11153,22903,615.43,2026-07-31 12:00:00+00:00,3
11154,22904,615.49,2026-08-31 12:00:00+00:00,6
11155,22909,1220.23,2026-08-01 12:00:00+00:00,4
11156,22910,1220.27,2026-08-31 12:00:00+00:00,5
11157,22945,852.22,2025-12-05 12:00:00+00:00,7
11158,22955,852.62,2025-12-07 12:00:00+00:00,3
11159,22946,852.25,2026-01-06 12:00:00+00:00,2
11160,22956,852.67,2026-01-06 12:00:00+00:00,5
11161,22947,852.29,2026-02-05 12:00:00+00:00,4
11162,22957,852.71,2026-02-05 12:00:00+00:00,2
11163,22948,852.33,2026-03-06 12:00:00+00:00,2
11164,22958,852.76,2026-03-07 12:00:00+00:00,3
11165,22949,852.37,2026-04-02 12:00:00+00:00,6
11166,22959,852.81,2026-04-06 12:00:00+00:00,2
11167,22950,852.41,2026-05-04 12:00:00+00:00,3
11168,22960,852.86,2026-05-06 12:00:00+00:00,4
11169,22951,852.45,2026-06-03 12:00:00+00:00,6
11170,22961,852.91,2026-06-05 12:00:00+00:00,1
11171,22952,852.49,2026-07-01 12:00:00+00:00,7
11172,22962,852.96,2026-07-05 12:00:00+00:00,2
11173,22953,852.53,2026-08-04 12:00:00+00:00,5
11174,22963,853.01,2026-08-04 12:00:00+00:00,1
11175,22954,852.58,2026-09-03 12:00:00+00:00,6
11176,22964,853.06,2026-09-03 12:00:00+00:00,7
11177,22969,3547.80,2025-12-25 12:00:00+00:00,1
11178,22979,3550.61,2025-12-29 12:00:00+00:00,7
11179,22970,3548.05,2026-01-23 12:00:00+00:00,1
11180,22971,3548.30,2026-02-27 12:00:00+00:00,1
11181,22972,3548.56,2026-03-24 12:00:00+00:00,7
11182,22973,3548.83,2026-04-27 12:00:00+00:00,6
11183,22980,3551.01,2026-04-28 12:00:00+00:00,3
11184,22974,3549.11,2026-05-28 12:00:00+00:00,7
11185,22975,3549.39,2026-06-26 12:00:00+00:00,4
11186,22976,3549.69,2026-07-24 12:00:00+00:00,3
11187,22977,3549.99,2026-08-21 12:00:00+00:00,7
11188,22978,3550.30,2026-09-20 12:00:00+00:00,3
11189,22981,2269.54,2026-02-15 12:00:00+00:00,5
11190,22982,2269.65,2026-03-06 12:00:00+00:00,7
11191,22983,2269.75,2026-04-08 12:00:00+00:00,2
11192,22984,2269.86,2026-05-06 12:00:00+00:00,1
11193,22985,2269.97,2026-06-03 12:00:00+00:00,3
11194,22986,2270.08,2026-07-11 12:00:00+00:00,2
11195,22987,2270.19,2026-08-15 12:00:00+00:00,7
11196,22988,2270.31,2026-08-31 12:00:00+00:00,3
11197,22999,1693.09,2026-02-02 12:00:00+00:00,7
11198,23008,1693.88,2026-02-02 12:00:00+00:00,7
11199,23000,1693.17,2026-02-27 12:00:00+00:00,6
11200,23009,1693.98,2026-03-04 12:00:00+00:00,1
11201,23001,1693.25,2026-03-29 12:00:00+00:00,3
11202,23010,1694.08,2026-04-03 12:00:00+00:00,6
11203,23002,1693.33,2026-05-03 12:00:00+00:00,7
11204,23003,1693.42,2026-06-01 12:00:00+00:00,6
11205,23004,1693.51,2026-07-02 12:00:00+00:00,7
11206,23005,1693.60,2026-07-27 12:00:00+00:00,2
11207,23006,1693.69,2026-08-30 12:00:00+00:00,5
11208,23011,1694.18,2026-08-31 12:00:00+00:00,5
11209,23007,1693.78,2026-09-30 12:00:00+00:00,2
11210,23012,1694.29,2026-09-30 12:00:00+00:00,5
11211,23023,340.14,2025-12-07 12:00:00+00:00,7
11212,23024,340.16,2026-01-08 12:00:00+00:00,2
11213,23033,340.38,2026-01-08 12:00:00+00:00,7
11214,23025,340.18,2026-02-06 12:00:00+00:00,2
11215,23034,340.41,2026-02-07 12:00:00+00:00,4
11216,23026,340.21,2026-03-04 12:00:00+00:00,5
11217,23027,340.23,2026-04-07 12:00:00+00:00,6
11218,23028,340.25,2026-05-07 12:00:00+00:00,1
11219,23029,340.28,2026-06-07 12:00:00+00:00,1
11220,23030,340.30,2026-07-03 12:00:00+00:00,2
11221,23031,340.33,2026-08-04 12:00:00+00:00,2
11222,23032,340.35,2026-09-03 12:00:00+00:00,5
11223,23035,251.62,2026-07-23 12:00:00+00:00,6
11224,23038,251.66,2026-07-24 12:00:00+00:00,1
11225,23036,251.64,2026-08-21 12:00:00+00:00,4
11226,23039,251.68,2026-08-23 12:00:00+00:00,4
11227,23037,251.65,2026-09-19 12:00:00+00:00,7
11228,23059,1638.65,2026-02-19 12:00:00+00:00,1
11229,23067,1639.31,2026-02-22 12:00:00+00:00,7
11230,23060,1638.73,2026-03-24 12:00:00+00:00,1
11231,23068,1639.40,2026-03-24 12:00:00+00:00,2
11232,23061,1638.81,2026-04-20 12:00:00+00:00,2
11233,23069,1639.49,2026-04-23 12:00:00+00:00,5
11234,23062,1638.89,2026-05-18 12:00:00+00:00,1
11235,23070,1639.58,2026-05-23 12:00:00+00:00,1
11236,23063,1638.97,2026-06-19 12:00:00+00:00,3
11237,23064,1639.05,2026-07-17 12:00:00+00:00,6
11238,23071,1639.67,2026-07-22 12:00:00+00:00,2
11239,23065,1639.13,2026-08-17 12:00:00+00:00,2
11240,23072,1639.77,2026-08-21 12:00:00+00:00,5
11241,23066,1639.22,2026-09-18 12:00:00+00:00,3
11242,23073,1639.86,2026-09-20 12:00:00+00:00,2
11243,23077,1184.26,2026-06-06 12:00:00+00:00,2
11244,23081,1184.55,2026-06-07 12:00:00+00:00,1
11245,23078,1184.33,2026-07-02 12:00:00+00:00,1
11246,23082,1184.62,2026-07-07 12:00:00+00:00,3
11247,23079,1184.40,2026-08-05 12:00:00+00:00,2
11248,23083,1184.70,2026-08-06 12:00:00+00:00,3
11249,23080,1184.47,2026-09-02 12:00:00+00:00,2
11250,23084,1184.78,2026-09-05 12:00:00+00:00,3
11251,23095,2607.13,2026-05-10 12:00:00+00:00,7
11252,23100,2608.15,2026-05-11 12:00:00+00:00,5
11253,23096,2607.32,2026-06-07 12:00:00+00:00,7
11254,23097,2607.52,2026-07-10 12:00:00+00:00,6
11255,23098,2607.72,2026-08-06 12:00:00+00:00,6
11256,23101,2608.37,2026-08-09 12:00:00+00:00,7
11257,23099,2607.93,2026-09-07 12:00:00+00:00,2
11258,23102,2608.60,2026-09-08 12:00:00+00:00,7
11259,23107,717.78,2026-07-29 12:00:00+00:00,1
11260,23108,717.82,2026-08-29 12:00:00+00:00,6
11261,23109,717.85,2026-09-26 12:00:00+00:00,6
11262,23110,717.89,2026-09-28 12:00:00+00:00,6
11263,23125,333.78,2026-06-13 12:00:00+00:00,7
11264,23126,333.80,2026-07-10 12:00:00+00:00,3
11265,23127,333.82,2026-08-10 12:00:00+00:00,1
11266,23129,333.85,2026-08-12 12:00:00+00:00,1
11267,23128,333.83,2026-09-11 12:00:00+00:00,5
11268,23149,2725.96,2026-01-04 12:00:00+00:00,2
11269,23158,2728.05,2026-01-06 12:00:00+00:00,2
11270,23150,2726.16,2026-02-03 12:00:00+00:00,6
11271,23159,2728.32,2026-02-05 12:00:00+00:00,7
11272,23151,2726.38,2026-03-02 12:00:00+00:00,6
11273,23160,2728.64,2026-03-07 12:00:00+00:00,7
11274,23152,2726.59,2026-04-04 12:00:00+00:00,3
11275,23153,2726.82,2026-05-01 12:00:00+00:00,7
11276,23154,2727.05,2026-06-04 12:00:00+00:00,7
11277,23155,2727.29,2026-07-04 12:00:00+00:00,5
11278,23156,2727.54,2026-07-30 12:00:00+00:00,2
11279,23157,2727.79,2026-09-03 12:00:00+00:00,2
11280,23161,710.08,2026-03-05 12:00:00+00:00,7
11281,23168,710.27,2026-03-09 12:00:00+00:00,1
11282,23162,710.10,2026-04-03 12:00:00+00:00,3
11283,23169,710.30,2026-04-08 12:00:00+00:00,6
11284,23163,710.13,2026-05-05 12:00:00+00:00,4
11285,23170,710.34,2026-05-08 12:00:00+00:00,3
11286,23164,710.15,2026-06-07 12:00:00+00:00,7
11287,23171,710.37,2026-06-07 12:00:00+00:00,1
11288,23165,710.18,2026-07-05 12:00:00+00:00,3
11289,23166,710.21,2026-08-04 12:00:00+00:00,6
11290,23172,710.41,2026-08-06 12:00:00+00:00,7
11291,23167,710.24,2026-08-31 12:00:00+00:00,1
11292,23173,710.44,2026-09-05 12:00:00+00:00,1
11293,23197,2464.78,2026-04-25 12:00:00+00:00,5
11294,23198,2464.94,2026-05-23 12:00:00+00:00,3
11295,23203,2465.85,2026-05-26 12:00:00+00:00,6
11296,23199,2465.12,2026-06-24 12:00:00+00:00,5
11297,23204,2466.05,2026-06-25 12:00:00+00:00,7
11298,23200,2465.29,2026-07-24 12:00:00+00:00,6
11299,23205,2466.25,2026-07-25 12:00:00+00:00,6
11300,23201,2465.48,2026-08-20 12:00:00+00:00,3
11301,23202,2465.66,2026-09-21 12:00:00+00:00,5
11302,23206,2466.46,2026-09-23 12:00:00+00:00,1
11303,23209,1295.37,2026-02-25 12:00:00+00:00,2
11304,23217,1296.10,2026-02-28 12:00:00+00:00,7
11305,23210,1295.46,2026-03-27 12:00:00+00:00,7
11306,23218,1296.20,2026-03-30 12:00:00+00:00,4
11307,23211,1295.54,2026-04-25 12:00:00+00:00,2
11308,23219,1296.31,2026-04-29 12:00:00+00:00,6
11309,23212,1295.63,2026-05-28 12:00:00+00:00,2
11310,23220,1296.44,2026-05-29 12:00:00+00:00,2
11311,23213,1295.72,2026-06-28 12:00:00+00:00,6
11312,23214,1295.81,2026-07-23 12:00:00+00:00,1
11313,23215,1295.91,2026-08-24 12:00:00+00:00,2
11314,23216,1296.00,2026-09-21 12:00:00+00:00,4
11315,23221,712.08,2025-11-04 12:00:00+00:00,1
11316,23233,712.55,2025-11-04 12:00:00+00:00,3
11317,23222,712.11,2025-11-29 12:00:00+00:00,3
11318,23223,712.15,2026-01-03 12:00:00+00:00,2
11319,23234,712.59,2026-01-03 12:00:00+00:00,3
11320,23224,712.19,2026-01-28 12:00:00+00:00,3
11321,23235,712.64,2026-02-02 12:00:00+00:00,6
11322,23225,712.22,2026-03-02 12:00:00+00:00,7
11323,23226,712.26,2026-04-02 12:00:00+00:00,7
11324,23227,712.30,2026-05-02 12:00:00+00:00,5
11325,23228,712.34,2026-05-28 12:00:00+00:00,3
11326,23236,712.68,2026-06-02 12:00:00+00:00,4
11327,23229,712.38,2026-06-29 12:00:00+00:00,5
11328,23237,712.73,2026-07-02 12:00:00+00:00,7
11329,23230,712.42,2026-07-28 12:00:00+00:00,5
11330,23238,712.85,2026-08-01 12:00:00+00:00,5
11331,23231,712.46,2026-08-30 12:00:00+00:00,7
11332,23232,712.50,2026-09-29 12:00:00+00:00,5
11333,23239,574.95,2025-11-30 12:00:00+00:00,7
11334,23240,574.98,2025-12-29 12:00:00+00:00,2
11335,23250,575.25,2026-01-01 12:00:00+00:00,1
11336,23241,575.00,2026-01-26 12:00:00+00:00,7
11337,23242,575.03,2026-02-27 12:00:00+00:00,6
11338,23243,575.05,2026-03-28 12:00:00+00:00,7
11339,23251,575.28,2026-04-01 12:00:00+00:00,7
11340,23244,575.08,2026-04-30 12:00:00+00:00,3
11341,23252,575.31,2026-05-01 12:00:00+00:00,7
11342,23245,575.11,2026-05-31 12:00:00+00:00,6
11343,23246,575.13,2026-06-29 12:00:00+00:00,3
11344,23247,575.16,2026-07-25 12:00:00+00:00,7
11345,23248,575.19,2026-08-25 12:00:00+00:00,4
11346,23253,575.34,2026-08-29 12:00:00+00:00,3
11347,23249,575.22,2026-09-26 12:00:00+00:00,1
11348,23257,991.93,2026-04-25 12:00:00+00:00,2
11349,23258,991.96,2026-05-27 12:00:00+00:00,7
11350,23263,992.15,2026-05-30 12:00:00+00:00,7
11351,23259,992.00,2026-06-28 12:00:00+00:00,6
11352,23264,992.19,2026-06-29 12:00:00+00:00,7
11353,23260,992.04,2026-07-27 12:00:00+00:00,2
11354,23261,992.08,2026-08-28 12:00:00+00:00,2
11355,23262,992.11,2026-09-23 12:00:00+00:00,3
11356,23265,992.24,2026-09-27 12:00:00+00:00,5
11357,23293,1234.39,2026-01-16 12:00:00+00:00,2
11358,23294,1234.43,2026-02-12 12:00:00+00:00,4
11359,23295,1234.48,2026-03-10 12:00:00+00:00,5
11360,23296,1234.52,2026-04-18 12:00:00+00:00,7
11361,23297,1234.56,2026-05-05 12:00:00+00:00,6
11362,23298,1234.60,2026-06-08 12:00:00+00:00,6
11363,23299,1234.65,2026-07-15 12:00:00+00:00,3
11364,23300,1234.69,2026-08-12 12:00:00+00:00,3
11365,23301,1234.74,2026-09-12 12:00:00+00:00,3
11366,23329,958.62,2026-04-06 12:00:00+00:00,2
11367,23330,958.66,2026-05-01 12:00:00+00:00,5
11368,23331,958.71,2026-06-01 12:00:00+00:00,7
11369,23332,958.75,2026-06-28 12:00:00+00:00,5
11370,23333,958.79,2026-07-25 12:00:00+00:00,1
11371,23335,479.44,2026-09-18 12:00:00+00:00,5
11372,23335,479.44,2026-10-18 12:00:00+00:00,1
11373,23353,1744.42,2026-01-03 12:00:00+00:00,5
11374,23362,1745.82,2026-01-06 12:00:00+00:00,5
11375,23354,1744.55,2026-02-04 12:00:00+00:00,3
11376,23363,1746.00,2026-02-05 12:00:00+00:00,3
11377,23355,1744.69,2026-03-07 12:00:00+00:00,1
11378,23364,1746.18,2026-03-07 12:00:00+00:00,6
11379,23356,1744.84,2026-04-05 12:00:00+00:00,2
11380,23357,1744.99,2026-05-06 12:00:00+00:00,6
11381,23358,1745.14,2026-06-01 12:00:00+00:00,4
11382,23359,1745.30,2026-07-04 12:00:00+00:00,1
11383,23360,1745.47,2026-07-31 12:00:00+00:00,1
11384,23361,1745.64,2026-09-03 12:00:00+00:00,4
11385,23365,3343.26,2026-07-30 12:00:00+00:00,5
11386,23366,3343.40,2026-08-31 12:00:00+00:00,6
11387,23377,1426.98,2026-01-17 12:00:00+00:00,2
11388,23378,1427.05,2026-02-20 12:00:00+00:00,6
11389,23379,1427.12,2026-03-23 12:00:00+00:00,1
11390,23386,1427.71,2026-03-23 12:00:00+00:00,5
11391,23380,1427.20,2026-04-20 12:00:00+00:00,1
11392,23381,1427.28,2026-05-22 12:00:00+00:00,1
11393,23387,1427.81,2026-05-22 12:00:00+00:00,5
11394,23382,1427.36,2026-06-16 12:00:00+00:00,5
11395,23388,1427.90,2026-06-21 12:00:00+00:00,7
11396,23383,1427.45,2026-07-21 12:00:00+00:00,4
11397,23389,1428.00,2026-07-21 12:00:00+00:00,7
11398,23384,1427.53,2026-08-16 12:00:00+00:00,3
11399,23390,1428.11,2026-08-20 12:00:00+00:00,7
11400,23385,1427.62,2026-09-15 12:00:00+00:00,7
11401,23391,1428.21,2026-09-19 12:00:00+00:00,5
11402,23401,526.47,2026-03-02 12:00:00+00:00,1
11403,23409,526.74,2026-03-04 12:00:00+00:00,5
11404,23402,526.50,2026-04-01 12:00:00+00:00,6
11405,23403,526.53,2026-04-28 12:00:00+00:00,4
11406,23410,526.78,2026-05-03 12:00:00+00:00,2
11407,23404,526.57,2026-06-01 12:00:00+00:00,1
11408,23411,526.82,2026-06-02 12:00:00+00:00,6
11409,23405,526.60,2026-06-27 12:00:00+00:00,4
11410,23406,526.63,2026-08-01 12:00:00+00:00,7
11411,23407,526.67,2026-08-30 12:00:00+00:00,3
11412,23412,526.87,2026-08-31 12:00:00+00:00,3
11413,23408,526.71,2026-09-29 12:00:00+00:00,3
11414,23413,803.12,2026-07-22 12:00:00+00:00,7
11415,23416,803.21,2026-07-24 12:00:00+00:00,3
11416,23414,803.15,2026-08-19 12:00:00+00:00,3
11417,23415,803.18,2026-09-22 12:00:00+00:00,5
11418,23417,803.24,2026-09-22 12:00:00+00:00,5
11419,23449,587.77,2026-05-18 12:00:00+00:00,1
11420,23450,587.80,2026-06-16 12:00:00+00:00,3
11421,23454,587.94,2026-06-19 12:00:00+00:00,7
11422,23451,587.84,2026-07-15 12:00:00+00:00,4
11423,23455,587.97,2026-07-19 12:00:00+00:00,2
11424,23452,587.87,2026-08-17 12:00:00+00:00,7
11425,23456,588.01,2026-08-18 12:00:00+00:00,3
11426,23453,587.90,2026-09-13 12:00:00+00:00,6
11427,23473,543.08,2025-10-30 12:00:00+00:00,6
11428,23474,543.11,2025-12-04 12:00:00+00:00,1
11429,23475,543.13,2026-01-03 12:00:00+00:00,4
11430,23476,543.16,2026-01-28 12:00:00+00:00,6
11431,23485,543.42,2026-02-02 12:00:00+00:00,1
11432,23477,543.19,2026-03-01 12:00:00+00:00,5
11433,23486,543.45,2026-03-04 12:00:00+00:00,4
11434,23478,543.21,2026-04-03 12:00:00+00:00,5
11435,23479,543.24,2026-05-03 12:00:00+00:00,1
11436,23487,543.49,2026-05-03 12:00:00+00:00,2
11437,23480,543.27,2026-06-02 12:00:00+00:00,6
11438,23488,543.52,2026-06-02 12:00:00+00:00,2
11439,23481,543.30,2026-06-29 12:00:00+00:00,4
11440,23489,543.55,2026-07-02 12:00:00+00:00,5
11441,23482,543.33,2026-07-27 12:00:00+00:00,4
11442,23490,543.59,2026-08-01 12:00:00+00:00,3
11443,23483,543.36,2026-08-29 12:00:00+00:00,6
11444,23484,543.39,2026-09-25 12:00:00+00:00,1
11445,23491,543.62,2026-09-30 12:00:00+00:00,5
11446,23497,1164.59,2026-01-16 12:00:00+00:00,6
11447,23498,1164.64,2026-02-17 12:00:00+00:00,6
11448,23506,1165.15,2026-02-18 12:00:00+00:00,1
11449,23499,1164.70,2026-03-20 12:00:00+00:00,5
11450,23500,1164.76,2026-04-16 12:00:00+00:00,3
11451,23507,1165.21,2026-04-19 12:00:00+00:00,1
11452,23501,1164.82,2026-05-16 12:00:00+00:00,4
11453,23502,1164.88,2026-06-17 12:00:00+00:00,6
11454,23508,1165.28,2026-06-18 12:00:00+00:00,7
11455,23503,1164.95,2026-07-14 12:00:00+00:00,3
11456,23509,1165.36,2026-07-18 12:00:00+00:00,6
11457,23504,1165.01,2026-08-13 12:00:00+00:00,5
11458,23510,1165.43,2026-08-17 12:00:00+00:00,7
11459,23505,1165.08,2026-09-13 12:00:00+00:00,4
11460,23511,1165.50,2026-09-16 12:00:00+00:00,4
11461,23515,538.91,2026-07-06 12:00:00+00:00,6
11462,23516,538.94,2026-08-01 12:00:00+00:00,2
11463,23518,539.00,2026-08-05 12:00:00+00:00,6
11464,23517,538.97,2026-09-02 12:00:00+00:00,2
11465,23519,539.03,2026-09-04 12:00:00+00:00,3
11466,23539,3543.39,2025-12-08 12:00:00+00:00,2
11467,23549,3546.03,2025-12-10 12:00:00+00:00,4
11468,23540,3543.62,2026-01-09 12:00:00+00:00,5
11469,23550,3546.31,2026-01-09 12:00:00+00:00,4
11470,23541,3543.86,2026-02-05 12:00:00+00:00,1
11471,23542,3544.11,2026-03-07 12:00:00+00:00,1
11472,23543,3544.36,2026-04-08 12:00:00+00:00,7
11473,23544,3544.62,2026-05-06 12:00:00+00:00,2
11474,23545,3544.89,2026-06-07 12:00:00+00:00,6
11475,23546,3545.16,2026-07-03 12:00:00+00:00,1
11476,23547,3545.44,2026-08-06 12:00:00+00:00,1
11477,23548,3545.73,2026-09-02 12:00:00+00:00,4
11478,23551,1899.00,2026-06-27 12:00:00+00:00,7
11479,23555,1899.43,2026-06-28 12:00:00+00:00,2
11480,23552,1899.11,2026-07-26 12:00:00+00:00,6
11481,23556,1899.55,2026-07-28 12:00:00+00:00,1
11482,23553,1899.21,2026-08-24 12:00:00+00:00,1
11483,23557,1899.66,2026-08-27 12:00:00+00:00,1
11484,23554,1899.32,2026-09-23 12:00:00+00:00,5
11485,23558,1899.78,2026-09-26 12:00:00+00:00,5
11486,23569,1058.56,2026-06-19 12:00:00+00:00,2
11487,23573,1058.72,2026-06-20 12:00:00+00:00,1
11488,23570,1058.59,2026-07-16 12:00:00+00:00,7
11489,23574,1058.76,2026-07-20 12:00:00+00:00,5
11490,23571,1058.63,2026-08-19 12:00:00+00:00,3
11491,23575,1058.80,2026-08-19 12:00:00+00:00,1
11492,23572,1058.67,2026-09-13 12:00:00+00:00,7
11493,23605,840.64,2025-11-22 12:00:00+00:00,2
11494,23616,840.95,2025-11-27 12:00:00+00:00,3
11495,23606,840.66,2025-12-25 12:00:00+00:00,2
11496,23617,840.98,2025-12-27 12:00:00+00:00,6
11497,23607,840.69,2026-01-25 12:00:00+00:00,4
11498,23618,841.01,2026-01-26 12:00:00+00:00,7
11499,23608,840.72,2026-02-22 12:00:00+00:00,1
11500,23609,840.74,2026-03-26 12:00:00+00:00,4
11501,23619,841.04,2026-03-27 12:00:00+00:00,1
11502,23610,840.77,2026-04-23 12:00:00+00:00,7
11503,23611,840.80,2026-05-22 12:00:00+00:00,5
11504,23612,840.83,2026-06-20 12:00:00+00:00,6
11505,23620,841.07,2026-06-25 12:00:00+00:00,3
11506,23613,840.86,2026-07-23 12:00:00+00:00,3
11507,23621,841.11,2026-07-25 12:00:00+00:00,7
11508,23614,840.89,2026-08-20 12:00:00+00:00,1
11509,23615,840.92,2026-09-23 12:00:00+00:00,3
11510,23641,376.02,2026-05-03 12:00:00+00:00,2
11511,23646,376.13,2026-05-08 12:00:00+00:00,5
11512,23642,376.04,2026-06-06 12:00:00+00:00,3
11513,23643,376.06,2026-07-03 12:00:00+00:00,1
11514,23647,376.15,2026-07-07 12:00:00+00:00,7
11515,23644,376.08,2026-08-03 12:00:00+00:00,4
11516,23645,376.11,2026-08-31 12:00:00+00:00,4
11517,23659,891.67,2026-03-15 12:00:00+00:00,4
11518,23660,891.70,2026-04-17 12:00:00+00:00,3
11519,23661,891.73,2026-05-17 12:00:00+00:00,4
11520,23666,891.91,2026-05-17 12:00:00+00:00,7
11521,23662,891.76,2026-06-15 12:00:00+00:00,3
11522,23667,891.95,2026-06-16 12:00:00+00:00,2
11523,23663,891.80,2026-07-14 12:00:00+00:00,4
11524,23664,891.83,2026-08-10 12:00:00+00:00,4
11525,23665,891.87,2026-09-14 12:00:00+00:00,2
11526,23695,3415.87,2026-03-26 12:00:00+00:00,1
11527,23696,3416.14,2026-04-27 12:00:00+00:00,4
11528,23697,3416.42,2026-05-25 12:00:00+00:00,4
11529,23702,3417.97,2026-05-29 12:00:00+00:00,5
11530,23698,3416.71,2026-06-26 12:00:00+00:00,1
11531,23699,3417.01,2026-07-26 12:00:00+00:00,7
11532,23703,3418.31,2026-07-28 12:00:00+00:00,5
11533,23700,3417.32,2026-08-26 12:00:00+00:00,1
11534,23701,3417.64,2026-09-23 12:00:00+00:00,3
11535,23707,2908.73,2026-03-11 12:00:00+00:00,7
11536,23708,2908.93,2026-04-06 12:00:00+00:00,2
11537,23714,2910.30,2026-04-10 12:00:00+00:00,2
11538,23709,2909.15,2026-05-10 12:00:00+00:00,7
11539,23715,2910.55,2026-05-10 12:00:00+00:00,7
11540,23710,2909.36,2026-06-09 12:00:00+00:00,7
11541,23711,2909.59,2026-07-04 12:00:00+00:00,7
11542,23716,2910.81,2026-07-09 12:00:00+00:00,1
11543,23712,2909.82,2026-08-04 12:00:00+00:00,2
11544,23717,2911.08,2026-08-08 12:00:00+00:00,6
11545,23713,2910.06,2026-09-02 12:00:00+00:00,3
11546,23719,455.62,2025-11-28 12:00:00+00:00,6
11547,23720,455.64,2025-12-15 12:00:00+00:00,7
11548,23721,455.65,2026-01-21 12:00:00+00:00,4
11549,23722,455.67,2026-02-16 12:00:00+00:00,2
11550,23723,455.68,2026-03-26 12:00:00+00:00,4
11551,23724,455.70,2026-04-15 12:00:00+00:00,2
11552,23725,455.72,2026-05-20 12:00:00+00:00,5
11553,23726,455.74,2026-06-18 12:00:00+00:00,3
11554,23727,455.75,2026-07-14 12:00:00+00:00,4
11555,23728,455.77,2026-08-13 12:00:00+00:00,6
11556,23755,1957.49,2026-07-27 12:00:00+00:00,3
11557,23756,1957.65,2026-08-27 12:00:00+00:00,2
11558,23758,1957.97,2026-08-31 12:00:00+00:00,6
11559,23757,1957.80,2026-09-26 12:00:00+00:00,4
11560,23767,1060.79,2025-12-30 12:00:00+00:00,6
11561,23768,1060.85,2026-01-26 12:00:00+00:00,6
11562,23769,1060.92,2026-02-27 12:00:00+00:00,6
11563,23777,1061.49,2026-02-28 12:00:00+00:00,6
11564,23770,1060.98,2026-03-30 12:00:00+00:00,1
11565,23778,1061.63,2026-03-30 12:00:00+00:00,2
11566,23771,1061.05,2026-04-28 12:00:00+00:00,5
11567,23772,1061.12,2026-05-24 12:00:00+00:00,6
11568,23773,1061.19,2026-06-27 12:00:00+00:00,3
11569,23774,1061.26,2026-07-23 12:00:00+00:00,3
11570,23775,1061.34,2026-08-22 12:00:00+00:00,6
11571,23776,1061.41,2026-09-22 12:00:00+00:00,6
11572,23779,1287.68,2026-02-08 12:00:00+00:00,3
11573,23780,1287.75,2026-03-11 12:00:00+00:00,4
11574,23781,1287.82,2026-04-09 12:00:00+00:00,3
11575,23787,1288.31,2026-04-11 12:00:00+00:00,5
11576,23782,1287.90,2026-05-09 12:00:00+00:00,6
11577,23788,1288.39,2026-05-11 12:00:00+00:00,2
11578,23783,1287.98,2026-06-08 12:00:00+00:00,6
11579,23789,1288.48,2026-06-10 12:00:00+00:00,1
11580,23784,1288.06,2026-07-08 12:00:00+00:00,3
11581,23790,1288.58,2026-07-10 12:00:00+00:00,2
11582,23785,1288.14,2026-08-06 12:00:00+00:00,7
11583,23791,1288.67,2026-08-09 12:00:00+00:00,1
11584,23786,1288.22,2026-09-04 12:00:00+00:00,4
11585,23797,1753.40,2025-11-04 12:00:00+00:00,4
11586,23808,1754.35,2025-11-09 12:00:00+00:00,3
11587,23798,1753.47,2025-12-09 12:00:00+00:00,1
11588,23799,1753.55,2026-01-08 12:00:00+00:00,3
11589,23800,1753.63,2026-02-03 12:00:00+00:00,5
11590,23801,1753.71,2026-03-07 12:00:00+00:00,3
11591,23802,1753.80,2026-04-05 12:00:00+00:00,3
11592,23803,1753.88,2026-05-08 12:00:00+00:00,3
11593,23804,1753.96,2026-06-04 12:00:00+00:00,2
11594,23805,1754.05,2026-07-06 12:00:00+00:00,7
11595,23806,1754.14,2026-08-02 12:00:00+00:00,6
11596,23807,1754.23,2026-09-03 12:00:00+00:00,4
11597,23809,1338.56,2026-04-09 12:00:00+00:00,7
11598,23815,1338.99,2026-04-12 12:00:00+00:00,7
11599,23810,1338.63,2026-05-07 12:00:00+00:00,6
11600,23811,1338.70,2026-06-07 12:00:00+00:00,1
11601,23816,1339.07,2026-06-11 12:00:00+00:00,7
11602,23812,1338.77,2026-07-07 12:00:00+00:00,3
11603,23813,1338.84,2026-08-10 12:00:00+00:00,4
11604,23817,1339.15,2026-08-10 12:00:00+00:00,6
11605,23814,1338.92,2026-09-06 12:00:00+00:00,7
11606,23833,320.22,2026-06-24 12:00:00+00:00,5
11607,23834,320.24,2026-07-23 12:00:00+00:00,2
11608,23835,320.25,2026-08-26 12:00:00+00:00,5
11609,23837,320.29,2026-08-26 12:00:00+00:00,4
11610,23836,320.27,2026-09-21 12:00:00+00:00,6
11611,23838,320.30,2026-09-25 12:00:00+00:00,6
11612,23845,563.01,2026-05-21 12:00:00+00:00,5
11613,23850,563.20,2026-05-26 12:00:00+00:00,5
11614,23846,563.04,2026-06-25 12:00:00+00:00,1
11615,23851,563.24,2026-06-25 12:00:00+00:00,5
11616,23847,563.08,2026-07-20 12:00:00+00:00,3
11617,23848,563.12,2026-08-20 12:00:00+00:00,4
11618,23852,563.29,2026-08-24 12:00:00+00:00,1
11619,23849,563.16,2026-09-18 12:00:00+00:00,1
11620,23853,563.34,2026-09-23 12:00:00+00:00,4
11621,23863,1039.11,2026-05-18 12:00:00+00:00,5
11622,23868,1039.40,2026-05-18 12:00:00+00:00,1
11623,23864,1039.16,2026-06-17 12:00:00+00:00,4
11624,23865,1039.22,2026-07-15 12:00:00+00:00,3
11625,23869,1039.46,2026-07-17 12:00:00+00:00,1
11626,23866,1039.28,2026-08-16 12:00:00+00:00,4
11627,23870,1039.53,2026-08-16 12:00:00+00:00,3
11628,23867,1039.34,2026-09-13 12:00:00+00:00,1
11629,23871,1039.59,2026-09-15 12:00:00+00:00,3
11630,23887,2153.29,2026-05-14 12:00:00+00:00,1
11631,23892,2153.82,2026-05-15 12:00:00+00:00,1
11632,23888,2153.39,2026-06-09 12:00:00+00:00,3
11633,23893,2153.93,2026-06-14 12:00:00+00:00,7
11634,23889,2153.49,2026-07-13 12:00:00+00:00,3
11635,23894,2154.04,2026-07-14 12:00:00+00:00,2
11636,23890,2153.60,2026-08-13 12:00:00+00:00,1
11637,23895,2154.16,2026-08-13 12:00:00+00:00,3
11638,23891,2153.71,2026-09-11 12:00:00+00:00,5
11639,23905,1208.94,2026-02-05 12:00:00+00:00,4
11640,23906,1209.03,2026-02-23 12:00:00+00:00,3
11641,23907,1209.12,2026-03-23 12:00:00+00:00,6
11642,23908,1209.22,2026-04-23 12:00:00+00:00,2
11643,23909,1209.32,2026-05-24 12:00:00+00:00,1
11644,23910,1209.42,2026-06-23 12:00:00+00:00,7
11645,23911,1209.53,2026-08-04 12:00:00+00:00,6
11646,23913,1209.75,2026-10-20 12:00:00+00:00,5
11647,23917,1081.62,2025-11-12 12:00:00+00:00,6
11648,23928,1082.30,2025-11-13 12:00:00+00:00,7
11649,23918,1081.68,2025-12-10 12:00:00+00:00,6
11650,23929,1082.37,2025-12-13 12:00:00+00:00,4
11651,23919,1081.73,2026-01-08 12:00:00+00:00,2
11652,23920,1081.79,2026-02-09 12:00:00+00:00,4
11653,23921,1081.85,2026-03-11 12:00:00+00:00,2
11654,23922,1081.91,2026-04-10 12:00:00+00:00,7
11655,23930,1082.44,2026-04-12 12:00:00+00:00,3
11656,23923,1081.97,2026-05-08 12:00:00+00:00,1
11657,23931,1082.52,2026-05-12 12:00:00+00:00,4
11658,23924,1082.04,2026-06-09 12:00:00+00:00,6
11659,23932,1082.59,2026-06-11 12:00:00+00:00,4
11660,23925,1082.10,2026-07-08 12:00:00+00:00,5
11661,23933,1082.67,2026-07-11 12:00:00+00:00,5
11662,23926,1082.17,2026-08-09 12:00:00+00:00,7
11663,23927,1082.23,2026-09-05 12:00:00+00:00,2
11664,23935,1152.80,2025-12-23 12:00:00+00:00,7
11665,23936,1152.84,2026-01-21 12:00:00+00:00,6
11666,23937,1152.89,2026-02-25 12:00:00+00:00,2
11667,23938,1152.93,2026-04-03 12:00:00+00:00,4
11668,23939,1152.97,2026-05-04 12:00:00+00:00,3
11669,23940,1153.01,2026-05-28 12:00:00+00:00,7
11670,23941,1153.06,2026-06-21 12:00:00+00:00,4
11671,23942,1153.11,2026-07-22 12:00:00+00:00,3
11672,23971,2026.47,2026-05-29 12:00:00+00:00,6
11673,23972,2026.60,2026-06-22 12:00:00+00:00,4
11674,23973,2026.74,2026-07-30 12:00:00+00:00,5
11675,23974,2026.87,2026-08-16 12:00:00+00:00,7
11676,23989,853.71,2026-06-12 12:00:00+00:00,2
11677,23990,853.76,2026-07-14 12:00:00+00:00,2
11678,23991,853.81,2026-08-13 12:00:00+00:00,2
11679,23992,853.86,2026-09-12 12:00:00+00:00,7
11680,23993,853.92,2026-09-13 12:00:00+00:00,5
11681,24001,892.14,2026-01-12 12:00:00+00:00,1
11682,24010,892.65,2026-01-12 12:00:00+00:00,5
11683,24002,892.19,2026-02-06 12:00:00+00:00,1
11684,24003,892.25,2026-03-08 12:00:00+00:00,1
11685,24011,892.72,2026-03-13 12:00:00+00:00,1
11686,24004,892.30,2026-04-12 12:00:00+00:00,6
11687,24012,892.78,2026-04-12 12:00:00+00:00,3
11688,24005,892.35,2026-05-08 12:00:00+00:00,1
11689,24006,892.41,2026-06-06 12:00:00+00:00,6
11690,24007,892.47,2026-07-09 12:00:00+00:00,1
11691,24013,892.85,2026-07-11 12:00:00+00:00,1
11692,24008,892.53,2026-08-08 12:00:00+00:00,6
11693,24009,892.59,2026-09-05 12:00:00+00:00,6
11694,24014,892.92,2026-09-09 12:00:00+00:00,3
11695,24019,2469.22,2025-12-28 12:00:00+00:00,4
11696,24020,2469.34,2026-01-22 12:00:00+00:00,6
11697,24021,2469.47,2026-03-03 12:00:00+00:00,2
11698,24022,2469.59,2026-03-23 12:00:00+00:00,1
11699,24023,2469.72,2026-04-19 12:00:00+00:00,7
11700,24024,2469.86,2026-05-24 12:00:00+00:00,7
11701,24025,2469.99,2026-06-25 12:00:00+00:00,7
11702,24026,2470.13,2026-07-23 12:00:00+00:00,2
11703,24027,2470.28,2026-08-27 12:00:00+00:00,1
11704,24037,1689.26,2026-05-03 12:00:00+00:00,6
11705,24038,1689.35,2026-05-30 12:00:00+00:00,6
11706,24039,1689.44,2026-06-28 12:00:00+00:00,4
11707,24040,1689.53,2026-08-04 12:00:00+00:00,4
11708,24041,1689.63,2026-08-21 12:00:00+00:00,3
11709,24061,414.51,2026-05-01 12:00:00+00:00,6
11710,24067,414.58,2026-05-03 12:00:00+00:00,5
11711,24062,414.52,2026-06-01 12:00:00+00:00,2
11712,24063,414.53,2026-07-01 12:00:00+00:00,6
11713,24068,414.60,2026-07-02 12:00:00+00:00,4
11714,24064,414.54,2026-07-29 12:00:00+00:00,4
11715,24069,414.61,2026-08-01 12:00:00+00:00,3
11716,24065,414.56,2026-08-27 12:00:00+00:00,6
11717,24070,414.62,2026-08-31 12:00:00+00:00,3
11718,24066,414.57,2026-09-30 12:00:00+00:00,7
11719,24097,1039.98,2026-01-08 12:00:00+00:00,5
11720,24098,1040.02,2026-02-13 12:00:00+00:00,5
11721,24099,1040.05,2026-03-08 12:00:00+00:00,7
11722,24100,1040.09,2026-04-07 12:00:00+00:00,6
11723,24101,1040.14,2026-05-05 12:00:00+00:00,3
11724,24102,1040.18,2026-06-15 12:00:00+00:00,3
11725,24103,1040.22,2026-07-08 12:00:00+00:00,4
11726,24104,1040.27,2026-08-04 12:00:00+00:00,5
11727,24106,520.18,2026-09-26 12:00:00+00:00,7
11728,24106,520.18,2026-10-23 12:00:00+00:00,4
11729,24133,1846.25,2026-02-07 12:00:00+00:00,2
11730,24134,1846.36,2026-03-20 12:00:00+00:00,7
11731,24135,1846.49,2026-04-17 12:00:00+00:00,2
11732,24136,1846.61,2026-05-10 12:00:00+00:00,3
11733,24137,1846.74,2026-06-07 12:00:00+00:00,4
11734,24138,1846.87,2026-07-13 12:00:00+00:00,1
11735,24139,1847.01,2026-08-07 12:00:00+00:00,3
11736,24141,923.64,2026-09-28 12:00:00+00:00,6
11737,24141,923.65,2026-10-13 12:00:00+00:00,5
11738,24145,2743.61,2026-05-13 12:00:00+00:00,6
11739,24146,2743.75,2026-06-14 12:00:00+00:00,6
11740,24147,2743.89,2026-07-10 12:00:00+00:00,2
11741,24150,2744.33,2026-07-14 12:00:00+00:00,4
11742,24148,2744.04,2026-08-11 12:00:00+00:00,6
11743,24151,2744.49,2026-08-13 12:00:00+00:00,2
11744,24149,2744.18,2026-09-08 12:00:00+00:00,2
11745,24157,1220.66,2026-03-26 12:00:00+00:00,7
11746,24158,1220.70,2026-05-07 12:00:00+00:00,4
11747,24159,1220.75,2026-06-07 12:00:00+00:00,1
11748,24160,1220.79,2026-07-03 12:00:00+00:00,2
11749,24161,1220.84,2026-07-28 12:00:00+00:00,1
11750,24193,1059.75,2026-04-08 12:00:00+00:00,5
11751,24199,1060.18,2026-04-08 12:00:00+00:00,3
11752,24194,1059.81,2026-05-06 12:00:00+00:00,5
11753,24195,1059.88,2026-06-07 12:00:00+00:00,7
11754,24196,1059.95,2026-07-06 12:00:00+00:00,3
11755,24197,1060.03,2026-08-01 12:00:00+00:00,1
11756,24198,1060.10,2026-09-05 12:00:00+00:00,6
11757,24200,1060.26,2026-09-05 12:00:00+00:00,2
11758,24211,519.41,2026-03-10 12:00:00+00:00,2
11759,24218,519.61,2026-03-15 12:00:00+00:00,1
11760,24212,519.44,2026-04-10 12:00:00+00:00,6
11761,24219,519.65,2026-04-14 12:00:00+00:00,3
11762,24213,519.47,2026-05-10 12:00:00+00:00,3
11763,24220,519.68,2026-05-14 12:00:00+00:00,7
11764,24214,519.49,2026-06-11 12:00:00+00:00,7
11765,24221,519.71,2026-06-13 12:00:00+00:00,4
11766,24215,519.52,2026-07-10 12:00:00+00:00,2
11767,24222,519.74,2026-07-13 12:00:00+00:00,1
11768,24216,519.55,2026-08-09 12:00:00+00:00,2
11769,24217,519.58,2026-09-07 12:00:00+00:00,6
11770,24223,519.78,2026-09-11 12:00:00+00:00,3
11771,24229,1538.49,2025-11-29 12:00:00+00:00,6
11772,24240,1539.78,2025-12-02 12:00:00+00:00,2
11773,24230,1538.59,2025-12-28 12:00:00+00:00,3
11774,24231,1538.69,2026-01-28 12:00:00+00:00,3
11775,24232,1538.79,2026-02-28 12:00:00+00:00,7
11776,24241,1539.92,2026-03-02 12:00:00+00:00,6
11777,24233,1538.90,2026-03-30 12:00:00+00:00,4
11778,24234,1539.02,2026-04-27 12:00:00+00:00,4
11779,24242,1540.06,2026-05-01 12:00:00+00:00,4
11780,24235,1539.13,2026-05-29 12:00:00+00:00,5
11781,24243,1540.22,2026-05-31 12:00:00+00:00,7
11782,24236,1539.25,2026-06-28 12:00:00+00:00,3
11783,24244,1540.37,2026-06-30 12:00:00+00:00,5
11784,24237,1539.38,2026-07-30 12:00:00+00:00,1
11785,24245,1540.53,2026-07-30 12:00:00+00:00,7
11786,24238,1539.51,2026-08-24 12:00:00+00:00,5
11787,24246,1540.73,2026-08-29 12:00:00+00:00,6
11788,24239,1539.64,2026-09-24 12:00:00+00:00,2
11789,24247,1805.13,2025-11-21 12:00:00+00:00,4
11790,24258,1806.30,2025-11-26 12:00:00+00:00,5
11791,24248,1805.22,2025-12-23 12:00:00+00:00,2
11792,24259,1806.43,2025-12-26 12:00:00+00:00,1
11793,24249,1805.32,2026-01-21 12:00:00+00:00,1
11794,24260,1806.56,2026-01-25 12:00:00+00:00,7
11795,24250,1805.41,2026-02-24 12:00:00+00:00,7
11796,24251,1805.51,2026-03-26 12:00:00+00:00,5
11797,24261,1806.69,2026-03-26 12:00:00+00:00,3
11798,24252,1805.62,2026-04-20 12:00:00+00:00,7
11799,24262,1806.83,2026-04-25 12:00:00+00:00,6
11800,24253,1805.72,2026-05-20 12:00:00+00:00,3
11801,24254,1805.83,2026-06-23 12:00:00+00:00,4
11802,24263,1806.97,2026-06-24 12:00:00+00:00,6
11803,24255,1805.94,2026-07-20 12:00:00+00:00,6
11804,24264,1807.11,2026-07-24 12:00:00+00:00,5
11805,24256,1806.06,2026-08-22 12:00:00+00:00,7
11806,24265,1807.26,2026-08-23 12:00:00+00:00,6
11807,24257,1806.18,2026-09-18 12:00:00+00:00,5
11808,24266,1807.42,2026-09-22 12:00:00+00:00,1
11809,24271,2046.84,2026-01-15 12:00:00+00:00,4
11810,24272,2046.94,2026-02-15 12:00:00+00:00,5
11811,24280,2047.85,2026-02-17 12:00:00+00:00,7
11812,24273,2047.04,2026-03-18 12:00:00+00:00,3
11813,24281,2047.98,2026-03-19 12:00:00+00:00,6
11814,24274,2047.15,2026-04-13 12:00:00+00:00,3
11815,24282,2048.11,2026-04-18 12:00:00+00:00,5
11816,24275,2047.26,2026-05-17 12:00:00+00:00,5
11817,24283,2048.24,2026-05-18 12:00:00+00:00,5
11818,24276,2047.37,2026-06-15 12:00:00+00:00,3
11819,24284,2048.38,2026-06-17 12:00:00+00:00,7
11820,24277,2047.48,2026-07-13 12:00:00+00:00,5
11821,24285,2048.52,2026-07-17 12:00:00+00:00,5
11822,24278,2047.60,2026-08-13 12:00:00+00:00,2
11823,24279,2047.72,2026-09-14 12:00:00+00:00,3
11824,24286,2048.67,2026-09-15 12:00:00+00:00,7
11825,24295,3049.65,2026-07-11 12:00:00+00:00,1
11826,24298,3050.35,2026-07-14 12:00:00+00:00,6
11827,24296,3049.88,2026-08-10 12:00:00+00:00,2
11828,24297,3050.11,2026-09-11 12:00:00+00:00,2
11829,24307,1888.91,2026-04-26 12:00:00+00:00,4
11830,24308,1888.98,2026-05-26 12:00:00+00:00,4
11831,24313,1889.38,2026-05-29 12:00:00+00:00,1
11832,24309,1889.06,2026-06-25 12:00:00+00:00,3
11833,24314,1889.46,2026-06-28 12:00:00+00:00,1
11834,24310,1889.14,2026-07-26 12:00:00+00:00,3
11835,24315,1889.54,2026-07-28 12:00:00+00:00,1
11836,24311,1889.22,2026-08-27 12:00:00+00:00,6
11837,24316,1889.63,2026-08-27 12:00:00+00:00,2
11838,24312,1889.30,2026-09-23 12:00:00+00:00,3
11839,24325,3238.45,2025-12-19 12:00:00+00:00,3
11840,24326,3238.65,2026-01-16 12:00:00+00:00,3
11841,24335,3240.68,2026-01-19 12:00:00+00:00,4
11842,24327,3238.85,2026-02-13 12:00:00+00:00,3
11843,24336,3241.00,2026-02-18 12:00:00+00:00,5
11844,24328,3239.06,2026-03-16 12:00:00+00:00,3
11845,24329,3239.28,2026-04-17 12:00:00+00:00,6
11846,24330,3239.50,2026-05-19 12:00:00+00:00,6
11847,24331,3239.73,2026-06-14 12:00:00+00:00,4
11848,24332,3239.96,2026-07-18 12:00:00+00:00,6
11849,24333,3240.19,2026-08-17 12:00:00+00:00,2
11850,24334,3240.43,2026-09-14 12:00:00+00:00,7
11851,24337,280.61,2026-06-12 12:00:00+00:00,3
11852,24338,280.63,2026-07-10 12:00:00+00:00,3
11853,24339,280.64,2026-08-04 12:00:00+00:00,5
11854,24340,280.65,2026-09-05 12:00:00+00:00,6
11855,24355,1275.12,2026-03-31 12:00:00+00:00,1
11856,24362,1275.49,2026-03-31 12:00:00+00:00,5
11857,24356,1275.17,2026-04-29 12:00:00+00:00,7
11858,24363,1275.55,2026-04-30 12:00:00+00:00,2
11859,24357,1275.22,2026-05-30 12:00:00+00:00,1
11860,24358,1275.27,2026-06-24 12:00:00+00:00,3
11861,24359,1275.33,2026-07-25 12:00:00+00:00,5
11862,24364,1275.60,2026-07-29 12:00:00+00:00,4
11863,24360,1275.38,2026-08-23 12:00:00+00:00,2
11864,24361,1275.43,2026-09-25 12:00:00+00:00,2
11865,24373,762.71,2026-08-19 12:00:00+00:00,6
11866,24374,762.73,2026-09-04 12:00:00+00:00,4
11867,24409,942.16,2025-11-17 12:00:00+00:00,2
11868,24420,942.89,2025-11-19 12:00:00+00:00,4
11869,24410,942.21,2025-12-18 12:00:00+00:00,2
11870,24411,942.27,2026-01-17 12:00:00+00:00,7
11871,24412,942.33,2026-02-12 12:00:00+00:00,2
11872,24413,942.39,2026-03-14 12:00:00+00:00,5
11873,24414,942.45,2026-04-13 12:00:00+00:00,2
11874,24415,942.51,2026-05-14 12:00:00+00:00,1
11875,24416,942.58,2026-06-15 12:00:00+00:00,6
11876,24417,942.64,2026-07-15 12:00:00+00:00,2
11877,24418,942.71,2026-08-13 12:00:00+00:00,3
11878,24419,942.78,2026-09-13 12:00:00+00:00,5
11879,24421,1100.36,2026-04-08 12:00:00+00:00,5
11880,24427,1100.61,2026-04-11 12:00:00+00:00,1
11881,24422,1100.40,2026-05-10 12:00:00+00:00,5
11882,24428,1100.66,2026-05-11 12:00:00+00:00,5
11883,24423,1100.44,2026-06-05 12:00:00+00:00,1
11884,24424,1100.48,2026-07-07 12:00:00+00:00,5
11885,24429,1100.70,2026-07-10 12:00:00+00:00,6
11886,24425,1100.52,2026-08-08 12:00:00+00:00,5
11887,24430,1100.75,2026-08-09 12:00:00+00:00,3
11888,24426,1100.57,2026-09-06 12:00:00+00:00,2
11889,24431,1100.80,2026-09-08 12:00:00+00:00,2
11890,24457,1023.20,2026-01-16 12:00:00+00:00,2
11891,24466,1023.57,2026-01-17 12:00:00+00:00,2
11892,24458,1023.24,2026-02-13 12:00:00+00:00,5
11893,24459,1023.28,2026-03-13 12:00:00+00:00,5
11894,24467,1023.62,2026-03-18 12:00:00+00:00,6
11895,24460,1023.31,2026-04-13 12:00:00+00:00,5
11896,24461,1023.35,2026-05-12 12:00:00+00:00,4
11897,24468,1023.67,2026-05-17 12:00:00+00:00,2
11898,24462,1023.40,2026-06-12 12:00:00+00:00,7
11899,24469,1023.71,2026-06-16 12:00:00+00:00,3
11900,24463,1023.44,2026-07-14 12:00:00+00:00,2
11901,24470,1023.76,2026-07-16 12:00:00+00:00,2
11902,24464,1023.48,2026-08-12 12:00:00+00:00,1
11903,24465,1023.53,2026-09-11 12:00:00+00:00,2
11904,24493,1399.78,2026-04-16 12:00:00+00:00,5
11905,24494,1399.85,2026-05-28 12:00:00+00:00,2
11906,24495,1399.91,2026-06-12 12:00:00+00:00,2
11907,24496,1399.97,2026-07-23 12:00:00+00:00,4
11908,24517,1863.92,2025-12-24 12:00:00+00:00,4
11909,24518,1864.00,2026-01-23 12:00:00+00:00,5
11910,24519,1864.09,2026-02-22 12:00:00+00:00,3
11911,24527,1864.78,2026-02-27 12:00:00+00:00,6
11912,24520,1864.17,2026-03-25 12:00:00+00:00,5
11913,24528,1864.88,2026-03-29 12:00:00+00:00,6
11914,24521,1864.25,2026-04-26 12:00:00+00:00,3
11915,24522,1864.34,2026-05-25 12:00:00+00:00,2
11916,24523,1864.42,2026-06-26 12:00:00+00:00,3
11917,24529,1864.97,2026-06-27 12:00:00+00:00,2
11918,24524,1864.51,2026-07-25 12:00:00+00:00,1
11919,24530,1865.07,2026-07-27 12:00:00+00:00,5
11920,24525,1864.60,2026-08-24 12:00:00+00:00,4
11921,24531,1865.17,2026-08-26 12:00:00+00:00,6
11922,24526,1864.69,2026-09-21 12:00:00+00:00,4
11923,24535,1133.73,2026-04-15 12:00:00+00:00,1
11924,24541,1134.10,2026-04-20 12:00:00+00:00,4
11925,24536,1133.79,2026-05-19 12:00:00+00:00,5
11926,24542,1134.16,2026-05-20 12:00:00+00:00,1
11927,24537,1133.85,2026-06-19 12:00:00+00:00,6
11928,24538,1133.91,2026-07-15 12:00:00+00:00,7
11929,24543,1134.23,2026-07-19 12:00:00+00:00,4
11930,24539,1133.97,2026-08-13 12:00:00+00:00,1
11931,24544,1134.30,2026-08-18 12:00:00+00:00,3
11932,24540,1134.03,2026-09-16 12:00:00+00:00,5
11933,24553,2728.36,2025-12-14 12:00:00+00:00,3
11934,24554,2728.52,2026-01-12 12:00:00+00:00,4
11935,24563,2730.13,2026-01-15 12:00:00+00:00,3
11936,24555,2728.68,2026-02-13 12:00:00+00:00,7
11937,24556,2728.85,2026-03-14 12:00:00+00:00,5
11938,24564,2730.32,2026-03-16 12:00:00+00:00,7
11939,24557,2729.02,2026-04-10 12:00:00+00:00,6
11940,24558,2729.20,2026-05-10 12:00:00+00:00,5
11941,24559,2729.38,2026-06-13 12:00:00+00:00,6
11942,24560,2729.56,2026-07-09 12:00:00+00:00,7
11943,24561,2729.75,2026-08-08 12:00:00+00:00,4
11944,24562,2729.94,2026-09-11 12:00:00+00:00,2
11945,24565,252.19,2025-12-13 12:00:00+00:00,5
11946,24575,252.33,2025-12-13 12:00:00+00:00,4
11947,24566,252.20,2026-01-09 12:00:00+00:00,2
11948,24567,252.22,2026-02-09 12:00:00+00:00,4
11949,24568,252.23,2026-03-11 12:00:00+00:00,6
11950,24569,252.24,2026-04-09 12:00:00+00:00,4
11951,24576,252.35,2026-04-12 12:00:00+00:00,3
11952,24570,252.26,2026-05-09 12:00:00+00:00,7
11953,24577,252.36,2026-05-12 12:00:00+00:00,4
11954,24571,252.27,2026-06-10 12:00:00+00:00,2
11955,24578,252.38,2026-06-11 12:00:00+00:00,5
11956,24572,252.29,2026-07-09 12:00:00+00:00,2
11957,24579,252.40,2026-07-11 12:00:00+00:00,1
11958,24573,252.30,2026-08-05 12:00:00+00:00,3
11959,24580,252.42,2026-08-10 12:00:00+00:00,4
11960,24574,252.32,2026-09-06 12:00:00+00:00,1
11961,24583,863.34,2025-12-31 12:00:00+00:00,4
11962,24593,863.81,2026-01-02 12:00:00+00:00,1
11963,24584,863.39,2026-01-31 12:00:00+00:00,7
11964,24594,863.87,2026-02-01 12:00:00+00:00,6
11965,24585,863.43,2026-02-28 12:00:00+00:00,7
11966,24595,863.92,2026-03-03 12:00:00+00:00,3
11967,24586,863.47,2026-03-29 12:00:00+00:00,6
11968,24596,863.97,2026-04-02 12:00:00+00:00,1
11969,24587,863.52,2026-05-01 12:00:00+00:00,6
11970,24597,864.03,2026-05-02 12:00:00+00:00,4
11971,24588,863.57,2026-05-29 12:00:00+00:00,1
11972,24598,864.09,2026-06-01 12:00:00+00:00,1
11973,24589,863.61,2026-06-30 12:00:00+00:00,5
11974,24590,863.66,2026-07-26 12:00:00+00:00,6
11975,24599,864.14,2026-07-31 12:00:00+00:00,6
11976,24591,863.71,2026-08-29 12:00:00+00:00,6
11977,24592,863.76,2026-09-26 12:00:00+00:00,1
11978,24600,864.24,2026-09-29 12:00:00+00:00,6
11979,24601,659.17,2026-03-07 12:00:00+00:00,5
11980,24608,659.32,2026-03-11 12:00:00+00:00,5
11981,24602,659.19,2026-04-08 12:00:00+00:00,6
11982,24609,659.35,2026-04-10 12:00:00+00:00,5
11983,24603,659.21,2026-05-10 12:00:00+00:00,1
11984,24610,659.37,2026-05-10 12:00:00+00:00,2
11985,24604,659.23,2026-06-08 12:00:00+00:00,5
11986,24611,659.39,2026-06-09 12:00:00+00:00,6
11987,24605,659.25,2026-07-04 12:00:00+00:00,3
11988,24612,659.42,2026-07-09 12:00:00+00:00,2
11989,24606,659.28,2026-08-03 12:00:00+00:00,2
11990,24607,659.30,2026-09-07 12:00:00+00:00,6
11991,24637,3306.53,2026-03-12 12:00:00+00:00,7
11992,24644,3307.95,2026-03-15 12:00:00+00:00,7
11993,24638,3306.72,2026-04-13 12:00:00+00:00,6
11994,24645,3308.17,2026-04-14 12:00:00+00:00,6
11995,24639,3306.91,2026-05-14 12:00:00+00:00,4
11996,24646,3308.40,2026-05-14 12:00:00+00:00,2
11997,24640,3307.11,2026-06-12 12:00:00+00:00,3
11998,24647,3308.63,2026-06-13 12:00:00+00:00,5
11999,24641,3307.31,2026-07-13 12:00:00+00:00,3
12000,24648,3308.94,2026-07-13 12:00:00+00:00,1
12001,24642,3307.52,2026-08-11 12:00:00+00:00,4
12002,24643,3307.73,2026-09-08 12:00:00+00:00,4
12003,24649,1682.59,2026-07-22 12:00:00+00:00,5
12004,24652,1682.85,2026-07-24 12:00:00+00:00,4
12005,24650,1682.68,2026-08-23 12:00:00+00:00,5
12006,24653,1682.94,2026-08-23 12:00:00+00:00,1
12007,24651,1682.76,2026-09-21 12:00:00+00:00,3
12008,24673,1328.37,2026-04-01 12:00:00+00:00,5
12009,24674,1328.42,2026-04-30 12:00:00+00:00,1
12010,24680,1328.76,2026-05-03 12:00:00+00:00,7
12011,24675,1328.47,2026-05-31 12:00:00+00:00,5
12012,24681,1328.82,2026-06-02 12:00:00+00:00,1
12013,24676,1328.53,2026-06-28 12:00:00+00:00,6
12014,24682,1328.88,2026-07-02 12:00:00+00:00,2
12015,24677,1328.59,2026-07-28 12:00:00+00:00,7
12016,24683,1328.95,2026-08-01 12:00:00+00:00,6
12017,24678,1328.64,2026-08-30 12:00:00+00:00,3
12018,24684,1329.01,2026-08-31 12:00:00+00:00,3
12019,24679,1328.70,2026-09-25 12:00:00+00:00,7
12020,24685,1329.07,2026-09-30 12:00:00+00:00,3
12021,24697,692.95,2026-05-21 12:00:00+00:00,5
12022,24698,693.01,2026-06-17 12:00:00+00:00,3
12023,24702,693.24,2026-06-20 12:00:00+00:00,7
12024,24699,693.06,2026-07-16 12:00:00+00:00,2
12025,24700,693.12,2026-08-14 12:00:00+00:00,3
12026,24701,693.18,2026-09-16 12:00:00+00:00,1
12027,24703,693.31,2026-09-18 12:00:00+00:00,5
12028,24709,683.77,2026-03-13 12:00:00+00:00,4
12029,24716,684.03,2026-03-14 12:00:00+00:00,6
12030,24710,683.80,2026-04-08 12:00:00+00:00,3
12031,24711,683.84,2026-05-11 12:00:00+00:00,7
12032,24712,683.87,2026-06-11 12:00:00+00:00,1
12033,24713,683.91,2026-07-11 12:00:00+00:00,2
12034,24717,684.07,2026-07-12 12:00:00+00:00,2
12035,24714,683.95,2026-08-10 12:00:00+00:00,7
12036,24718,684.11,2026-08-11 12:00:00+00:00,6
12037,24715,683.99,2026-09-10 12:00:00+00:00,6
12038,24727,2160.66,2026-05-18 12:00:00+00:00,3
12039,24728,2160.82,2026-06-17 12:00:00+00:00,2
12040,24732,2161.54,2026-06-17 12:00:00+00:00,6
12041,24729,2160.99,2026-07-12 12:00:00+00:00,1
12042,24733,2161.74,2026-07-17 12:00:00+00:00,2
12043,24730,2161.17,2026-08-12 12:00:00+00:00,7
12044,24734,2161.94,2026-08-16 12:00:00+00:00,2
12045,24731,2161.35,2026-09-10 12:00:00+00:00,2
12046,24739,1024.02,2025-11-26 12:00:00+00:00,3
12047,24740,1024.07,2025-12-24 12:00:00+00:00,4
12048,24750,1024.66,2025-12-29 12:00:00+00:00,1
12049,24741,1024.12,2026-01-27 12:00:00+00:00,4
12050,24742,1024.18,2026-02-22 12:00:00+00:00,6
12051,24743,1024.23,2026-03-27 12:00:00+00:00,1
12052,24751,1024.73,2026-03-29 12:00:00+00:00,4
12053,24744,1024.29,2026-04-27 12:00:00+00:00,7
12054,24752,1024.80,2026-04-28 12:00:00+00:00,1
12055,24745,1024.35,2026-05-27 12:00:00+00:00,6
12056,24746,1024.41,2026-06-24 12:00:00+00:00,7
12057,24753,1024.87,2026-06-27 12:00:00+00:00,1
12058,24747,1024.47,2026-07-25 12:00:00+00:00,4
12059,24754,1024.95,2026-07-27 12:00:00+00:00,7
12060,24748,1024.53,2026-08-25 12:00:00+00:00,6
12061,24749,1024.59,2026-09-20 12:00:00+00:00,2
12062,24763,2235.05,2025-11-17 12:00:00+00:00,3
12063,24764,2235.22,2025-12-19 12:00:00+00:00,7
12064,24774,2237.30,2025-12-22 12:00:00+00:00,4
12065,24765,2235.39,2026-01-21 12:00:00+00:00,4
12066,24766,2235.58,2026-02-20 12:00:00+00:00,4
12067,24767,2235.76,2026-03-18 12:00:00+00:00,7
12068,24768,2235.95,2026-04-19 12:00:00+00:00,2
12069,24769,2236.15,2026-05-17 12:00:00+00:00,2
12070,24770,2236.36,2026-06-19 12:00:00+00:00,2
12071,24771,2236.57,2026-07-17 12:00:00+00:00,1
12072,24772,2236.79,2026-08-14 12:00:00+00:00,1
12073,24773,2237.01,2026-09-16 12:00:00+00:00,2
12074,24775,542.98,2026-03-11 12:00:00+00:00,1
12075,24782,543.10,2026-03-15 12:00:00+00:00,3
12076,24776,542.99,2026-04-09 12:00:00+00:00,3
12077,24783,543.12,2026-04-14 12:00:00+00:00,2
12078,24777,543.01,2026-05-14 12:00:00+00:00,3
12079,24784,543.14,2026-05-14 12:00:00+00:00,2
12080,24778,543.03,2026-06-13 12:00:00+00:00,3
12081,24779,543.05,2026-07-08 12:00:00+00:00,4
12082,24785,543.16,2026-07-13 12:00:00+00:00,3
12083,24780,543.07,2026-08-07 12:00:00+00:00,2
12084,24786,543.18,2026-08-12 12:00:00+00:00,5
12085,24781,543.08,2026-09-06 12:00:00+00:00,5
12086,24787,543.20,2026-09-11 12:00:00+00:00,4
12087,24811,902.79,2026-03-29 12:00:00+00:00,1
12088,24818,903.14,2026-04-01 12:00:00+00:00,4
12089,24812,902.84,2026-04-29 12:00:00+00:00,4
12090,24819,903.20,2026-05-01 12:00:00+00:00,6
12091,24813,902.89,2026-05-31 12:00:00+00:00,3
12092,24820,903.25,2026-05-31 12:00:00+00:00,4
12093,24814,902.94,2026-06-27 12:00:00+00:00,4
12094,24815,902.99,2026-07-29 12:00:00+00:00,5
12095,24821,903.31,2026-07-30 12:00:00+00:00,4
12096,24816,903.04,2026-08-24 12:00:00+00:00,4
12097,24822,903.37,2026-08-29 12:00:00+00:00,1
12098,24817,903.09,2026-09-25 12:00:00+00:00,2
12099,24829,1004.87,2026-01-02 12:00:00+00:00,6
12100,24830,1004.91,2026-01-27 12:00:00+00:00,5
12101,24831,1004.95,2026-02-27 12:00:00+00:00,4
12102,24839,1005.29,2026-03-03 12:00:00+00:00,7
12103,24832,1004.98,2026-03-31 12:00:00+00:00,5
12104,24840,1005.34,2026-04-02 12:00:00+00:00,6
12105,24833,1005.02,2026-05-02 12:00:00+00:00,5
12106,24841,1005.39,2026-05-02 12:00:00+00:00,7
12107,24834,1005.07,2026-05-30 12:00:00+00:00,5
12108,24835,1005.11,2026-06-26 12:00:00+00:00,7
12109,24842,1005.44,2026-07-01 12:00:00+00:00,5
12110,24836,1005.15,2026-07-29 12:00:00+00:00,4
12111,24843,1005.50,2026-07-31 12:00:00+00:00,1
12112,24837,1005.20,2026-08-29 12:00:00+00:00,7
12113,24838,1005.24,2026-09-29 12:00:00+00:00,1
12114,24844,1005.55,2026-09-29 12:00:00+00:00,1
12115,24865,1256.30,2026-02-11 12:00:00+00:00,4
12116,24873,1256.76,2026-02-15 12:00:00+00:00,2
12117,24866,1256.35,2026-03-16 12:00:00+00:00,3
12118,24867,1256.41,2026-04-12 12:00:00+00:00,2
12119,24874,1256.83,2026-04-16 12:00:00+00:00,5
12120,24868,1256.46,2026-05-14 12:00:00+00:00,4
12121,24869,1256.52,2026-06-11 12:00:00+00:00,7
12122,24870,1256.58,2026-07-13 12:00:00+00:00,3
12123,24875,1256.89,2026-07-15 12:00:00+00:00,5
12124,24871,1256.64,2026-08-09 12:00:00+00:00,5
12125,24872,1256.70,2026-09-08 12:00:00+00:00,3
12126,24876,1256.96,2026-09-13 12:00:00+00:00,4
12127,24883,363.94,2025-11-17 12:00:00+00:00,6
12128,24894,364.10,2025-11-19 12:00:00+00:00,1
12129,24884,363.95,2025-12-15 12:00:00+00:00,2
12130,24895,364.11,2025-12-19 12:00:00+00:00,1
12131,24885,363.96,2026-01-14 12:00:00+00:00,2
12132,24886,363.98,2026-02-15 12:00:00+00:00,4
12133,24896,364.13,2026-02-17 12:00:00+00:00,6
12134,24887,363.99,2026-03-18 12:00:00+00:00,1
12135,24897,364.15,2026-03-19 12:00:00+00:00,3
12136,24888,364.00,2026-04-18 12:00:00+00:00,6
12137,24898,364.16,2026-04-18 12:00:00+00:00,7
12138,24889,364.02,2026-05-18 12:00:00+00:00,2
12139,24899,364.18,2026-05-18 12:00:00+00:00,3
12140,24890,364.03,2026-06-16 12:00:00+00:00,4
12141,24891,364.05,2026-07-17 12:00:00+00:00,6
12142,24900,364.20,2026-07-17 12:00:00+00:00,1
12143,24892,364.06,2026-08-11 12:00:00+00:00,6
12144,24893,364.08,2026-09-15 12:00:00+00:00,6
12145,24919,1251.51,2026-03-22 12:00:00+00:00,4
12146,24926,1252.06,2026-03-22 12:00:00+00:00,7
12147,24920,1251.59,2026-04-18 12:00:00+00:00,4
12148,24927,1252.14,2026-04-21 12:00:00+00:00,7
12149,24921,1251.66,2026-05-18 12:00:00+00:00,3
12150,24928,1252.23,2026-05-21 12:00:00+00:00,4
12151,24922,1251.74,2026-06-17 12:00:00+00:00,3
12152,24923,1251.81,2026-07-15 12:00:00+00:00,6
12153,24929,1252.32,2026-07-20 12:00:00+00:00,4
12154,24924,1251.89,2026-08-14 12:00:00+00:00,2
12155,24930,1252.39,2026-08-19 12:00:00+00:00,1
12156,24925,1251.97,2026-09-17 12:00:00+00:00,3
12157,24931,819.87,2026-04-05 12:00:00+00:00,7
12158,24932,819.90,2026-05-08 12:00:00+00:00,2
12159,24937,820.04,2026-05-10 12:00:00+00:00,2
12160,24933,819.92,2026-06-07 12:00:00+00:00,2
12161,24934,819.95,2026-07-06 12:00:00+00:00,7
12162,24938,820.07,2026-07-09 12:00:00+00:00,2
12163,24935,819.98,2026-08-05 12:00:00+00:00,2
12164,24939,820.10,2026-08-08 12:00:00+00:00,5
12165,24936,820.01,2026-09-04 12:00:00+00:00,1
12166,24967,534.35,2025-12-17 12:00:00+00:00,4
12167,24977,534.74,2025-12-22 12:00:00+00:00,1
12168,24968,534.39,2026-01-21 12:00:00+00:00,3
12169,24978,534.71,2026-01-21 12:00:00+00:00,3
12170,24969,534.42,2026-02-17 12:00:00+00:00,3
12171,24970,534.46,2026-03-19 12:00:00+00:00,5
12172,24971,534.50,2026-04-18 12:00:00+00:00,3
12173,24972,534.53,2026-05-21 12:00:00+00:00,7
12174,24973,534.57,2026-06-20 12:00:00+00:00,7
12175,24974,534.61,2026-07-19 12:00:00+00:00,4
12176,24975,534.65,2026-08-19 12:00:00+00:00,2
12177,24976,534.69,2026-09-18 12:00:00+00:00,5
12178,24979,1202.22,2026-06-15 12:00:00+00:00,1
12179,24980,1202.28,2026-07-10 12:00:00+00:00,2
12180,24981,1202.35,2026-08-10 12:00:00+00:00,6
12181,24983,1202.50,2026-08-14 12:00:00+00:00,3
12182,24982,1202.42,2026-09-09 12:00:00+00:00,7
12183,24984,1202.57,2026-09-13 12:00:00+00:00,5
12184,24997,1652.69,2026-07-17 12:00:00+00:00,4
12185,24998,1652.81,2026-08-18 12:00:00+00:00,2
12186,25000,1653.04,2026-08-20 12:00:00+00:00,3
12187,24999,1652.92,2026-09-14 12:00:00+00:00,6
12188,25001,1653.17,2026-09-19 12:00:00+00:00,2
12189,25009,3731.10,2025-12-22 12:00:00+00:00,5
12190,25010,3731.40,2026-01-21 12:00:00+00:00,1
12191,25011,3731.70,2026-02-23 12:00:00+00:00,3
12192,25019,3734.50,2026-02-24 12:00:00+00:00,1
12193,25012,3732.01,2026-03-25 12:00:00+00:00,4
12194,25013,3732.33,2026-04-20 12:00:00+00:00,3
12195,25014,3732.66,2026-05-20 12:00:00+00:00,7
12196,25020,3734.89,2026-05-25 12:00:00+00:00,7
12197,25015,3733.01,2026-06-20 12:00:00+00:00,7
12198,25016,3733.36,2026-07-20 12:00:00+00:00,4
12199,25017,3733.73,2026-08-20 12:00:00+00:00,7
12200,25018,3734.11,2026-09-21 12:00:00+00:00,5
12201,25021,2011.20,2026-05-07 12:00:00+00:00,3
12202,25026,2011.79,2026-05-11 12:00:00+00:00,1
12203,25022,2011.31,2026-06-08 12:00:00+00:00,3
12204,25027,2011.92,2026-06-10 12:00:00+00:00,3
12205,25023,2011.42,2026-07-10 12:00:00+00:00,4
12206,25024,2011.54,2026-08-09 12:00:00+00:00,2
12207,25028,2012.05,2026-08-09 12:00:00+00:00,2
12208,25025,2011.66,2026-09-03 12:00:00+00:00,5
12209,25039,408.06,2025-12-10 12:00:00+00:00,3
12210,25040,408.08,2026-01-10 12:00:00+00:00,5
12211,25041,408.10,2026-02-10 12:00:00+00:00,6
12212,25042,408.11,2026-03-12 12:00:00+00:00,6
12213,25043,408.13,2026-04-12 12:00:00+00:00,6
12214,25049,408.26,2026-04-12 12:00:00+00:00,6
12215,25044,408.15,2026-05-09 12:00:00+00:00,7
12216,25045,408.18,2026-06-10 12:00:00+00:00,2
12217,25050,408.29,2026-06-11 12:00:00+00:00,5
12218,25046,408.20,2026-07-06 12:00:00+00:00,7
12219,25047,408.22,2026-08-08 12:00:00+00:00,2
12220,25048,408.24,2026-09-05 12:00:00+00:00,7
12221,25051,408.31,2026-09-09 12:00:00+00:00,4
12222,25063,2516.40,2026-06-22 12:00:00+00:00,3
12223,25067,2516.91,2026-06-27 12:00:00+00:00,5
12224,25064,2516.52,2026-07-26 12:00:00+00:00,1
12225,25065,2516.65,2026-08-25 12:00:00+00:00,4
12226,25068,2517.04,2026-08-26 12:00:00+00:00,2
12227,25066,2516.78,2026-09-21 12:00:00+00:00,6
12228,25069,2517.18,2026-09-25 12:00:00+00:00,4
12229,25081,321.48,2026-01-21 12:00:00+00:00,7
12230,25082,321.50,2026-02-20 12:00:00+00:00,2
12231,25090,321.65,2026-02-20 12:00:00+00:00,7
12232,25083,321.52,2026-03-19 12:00:00+00:00,2
12233,25084,321.54,2026-04-18 12:00:00+00:00,6
12234,25091,321.67,2026-04-21 12:00:00+00:00,3
12235,25085,321.55,2026-05-21 12:00:00+00:00,2
12236,25092,321.69,2026-05-21 12:00:00+00:00,2
12237,25086,321.57,2026-06-20 12:00:00+00:00,4
12238,25087,321.59,2026-07-19 12:00:00+00:00,5
12239,25093,321.71,2026-07-20 12:00:00+00:00,5
12240,25088,321.61,2026-08-17 12:00:00+00:00,2
12241,25089,321.63,2026-09-14 12:00:00+00:00,4
12242,25094,321.74,2026-09-18 12:00:00+00:00,2
12243,25099,1467.15,2026-06-11 12:00:00+00:00,4
12244,25103,1467.47,2026-06-13 12:00:00+00:00,2
12245,25100,1467.23,2026-07-08 12:00:00+00:00,4
12246,25101,1467.30,2026-08-09 12:00:00+00:00,5
12247,25102,1467.38,2026-09-09 12:00:00+00:00,3
12248,25104,1467.55,2026-09-11 12:00:00+00:00,5
12249,25123,1568.83,2025-12-10 12:00:00+00:00,1
12250,25133,1569.48,2025-12-12 12:00:00+00:00,3
12251,25124,1568.89,2026-01-09 12:00:00+00:00,5
12252,25134,1569.56,2026-01-11 12:00:00+00:00,4
12253,25125,1568.94,2026-02-10 12:00:00+00:00,6
12254,25135,1569.63,2026-02-10 12:00:00+00:00,2
12255,25126,1569.01,2026-03-11 12:00:00+00:00,2
12256,25136,1569.71,2026-03-12 12:00:00+00:00,7
12257,25127,1569.07,2026-04-08 12:00:00+00:00,4
12258,25137,1569.80,2026-04-11 12:00:00+00:00,1
12259,25128,1569.13,2026-05-07 12:00:00+00:00,3
12260,25138,1569.88,2026-05-11 12:00:00+00:00,7
12261,25129,1569.20,2026-06-07 12:00:00+00:00,3
12262,25139,1569.97,2026-06-10 12:00:00+00:00,4
12263,25130,1569.26,2026-07-07 12:00:00+00:00,1
12264,25140,1570.06,2026-07-10 12:00:00+00:00,7
12265,25131,1569.33,2026-08-04 12:00:00+00:00,3
12266,25132,1569.41,2026-09-08 12:00:00+00:00,3
12267,25141,1570.15,2026-09-08 12:00:00+00:00,1
12268,25159,725.80,2026-05-15 12:00:00+00:00,5
12269,25160,725.84,2026-06-15 12:00:00+00:00,5
12270,25164,725.99,2026-06-15 12:00:00+00:00,4
12271,25161,725.87,2026-07-10 12:00:00+00:00,7
12272,25162,725.91,2026-08-11 12:00:00+00:00,4
12273,25165,726.04,2026-08-14 12:00:00+00:00,4
12274,25163,725.95,2026-09-12 12:00:00+00:00,7
12275,25166,726.08,2026-09-13 12:00:00+00:00,5
12276,25183,2366.41,2026-05-20 12:00:00+00:00,1
12277,25184,2366.56,2026-06-16 12:00:00+00:00,5
12278,25185,2366.72,2026-07-21 12:00:00+00:00,6
12279,25186,2366.88,2026-08-16 12:00:00+00:00,1
12280,25188,2367.22,2026-08-20 12:00:00+00:00,1
12281,25187,2367.05,2026-09-15 12:00:00+00:00,2
12282,25189,2367.40,2026-09-19 12:00:00+00:00,1
12283,25201,343.44,2026-06-17 12:00:00+00:00,5
12284,25202,343.47,2026-07-18 12:00:00+00:00,1
12285,25203,343.50,2026-08-13 12:00:00+00:00,4
12286,25205,343.55,2026-08-17 12:00:00+00:00,5
12287,25204,343.52,2026-09-15 12:00:00+00:00,1
12288,25213,1300.15,2025-11-13 12:00:00+00:00,1
12289,25224,1300.98,2025-11-17 12:00:00+00:00,6
12290,25214,1300.21,2025-12-15 12:00:00+00:00,5
12291,25215,1300.28,2026-01-14 12:00:00+00:00,4
12292,25216,1300.35,2026-02-11 12:00:00+00:00,1
12293,25225,1301.06,2026-02-15 12:00:00+00:00,3
12294,25217,1300.42,2026-03-13 12:00:00+00:00,5
12295,25226,1301.16,2026-03-17 12:00:00+00:00,1
12296,25218,1300.49,2026-04-16 12:00:00+00:00,3
12297,25227,1301.25,2026-04-16 12:00:00+00:00,6
12298,25219,1300.57,2026-05-11 12:00:00+00:00,1
12299,25228,1301.35,2026-05-16 12:00:00+00:00,1
12300,25220,1300.64,2026-06-10 12:00:00+00:00,1
12301,25221,1300.72,2026-07-13 12:00:00+00:00,1
12302,25229,1301.44,2026-07-15 12:00:00+00:00,4
12303,25222,1300.81,2026-08-09 12:00:00+00:00,5
12304,25230,1301.55,2026-08-14 12:00:00+00:00,3
12305,25223,1300.89,2026-09-08 12:00:00+00:00,6
12306,25237,2042.31,2026-02-05 12:00:00+00:00,7
12307,25245,2043.25,2026-02-09 12:00:00+00:00,2
12308,25238,2042.41,2026-03-07 12:00:00+00:00,1
12309,25246,2043.38,2026-03-11 12:00:00+00:00,4
12310,25239,2042.52,2026-04-10 12:00:00+00:00,7
12311,25247,2043.52,2026-04-10 12:00:00+00:00,6
12312,25240,2042.63,2026-05-09 12:00:00+00:00,5
12313,25241,2042.75,2026-06-07 12:00:00+00:00,6
12314,25242,2042.87,2026-07-09 12:00:00+00:00,7
12315,25248,2043.67,2026-07-09 12:00:00+00:00,1
12316,25243,2042.99,2026-08-08 12:00:00+00:00,4
12317,25249,2043.81,2026-08-08 12:00:00+00:00,1
12318,25244,2043.12,2026-09-03 12:00:00+00:00,6
12319,25250,2043.97,2026-09-07 12:00:00+00:00,7
12320,25261,1642.19,2026-06-10 12:00:00+00:00,7
12321,25262,1642.26,2026-07-13 12:00:00+00:00,7
12322,25265,1642.45,2026-07-15 12:00:00+00:00,1
12323,25263,1642.32,2026-08-14 12:00:00+00:00,1
12324,25264,1642.39,2026-09-09 12:00:00+00:00,4
12325,25285,1907.81,2026-02-28 12:00:00+00:00,1
12326,25293,1908.74,2026-03-04 12:00:00+00:00,5
12327,25286,1907.91,2026-04-01 12:00:00+00:00,5
12328,25294,1908.87,2026-04-03 12:00:00+00:00,7
12329,25287,1908.02,2026-04-29 12:00:00+00:00,2
12330,25295,1909.01,2026-05-03 12:00:00+00:00,3
12331,25288,1908.14,2026-05-28 12:00:00+00:00,1
12332,25289,1908.25,2026-07-01 12:00:00+00:00,5
12333,25290,1908.37,2026-07-28 12:00:00+00:00,6
12334,25296,1909.14,2026-08-01 12:00:00+00:00,2
12335,25291,1908.49,2026-08-28 12:00:00+00:00,3
12336,25292,1908.61,2026-09-30 12:00:00+00:00,2
12337,25303,630.60,2026-01-25 12:00:00+00:00,2
12338,25312,630.96,2026-01-25 12:00:00+00:00,4
12339,25304,630.63,2026-02-19 12:00:00+00:00,2
12340,25305,630.67,2026-03-21 12:00:00+00:00,3
12341,25313,631.01,2026-03-26 12:00:00+00:00,2
12342,25306,630.71,2026-04-21 12:00:00+00:00,1
12343,25307,630.75,2026-05-22 12:00:00+00:00,1
12344,25314,631.11,2026-05-25 12:00:00+00:00,1
12345,25308,630.79,2026-06-21 12:00:00+00:00,4
12346,25309,630.83,2026-07-24 12:00:00+00:00,2
12347,25310,630.88,2026-08-22 12:00:00+00:00,4
12348,25311,630.92,2026-09-22 12:00:00+00:00,4
12349,25315,2104.01,2026-04-01 12:00:00+00:00,2
12350,25321,2104.58,2026-04-05 12:00:00+00:00,7
12351,25316,2104.10,2026-04-30 12:00:00+00:00,3
12352,25322,2104.68,2026-05-05 12:00:00+00:00,4
12353,25317,2104.19,2026-06-04 12:00:00+00:00,5
12354,25318,2104.29,2026-07-03 12:00:00+00:00,2
12355,25319,2104.38,2026-08-03 12:00:00+00:00,6
12356,25323,2104.78,2026-08-03 12:00:00+00:00,7
12357,25320,2104.48,2026-09-02 12:00:00+00:00,5
12358,25324,2104.88,2026-09-02 12:00:00+00:00,7
12359,25327,454.44,2026-04-09 12:00:00+00:00,7
12360,25333,454.68,2026-04-12 12:00:00+00:00,1
12361,25328,454.48,2026-05-09 12:00:00+00:00,2
12362,25334,454.72,2026-05-12 12:00:00+00:00,7
12363,25329,454.51,2026-06-06 12:00:00+00:00,7
12364,25330,454.55,2026-07-09 12:00:00+00:00,3
12365,25335,454.77,2026-07-11 12:00:00+00:00,7
12366,25331,454.59,2026-08-06 12:00:00+00:00,7
12367,25336,454.81,2026-08-10 12:00:00+00:00,4
12368,25332,454.63,2026-09-09 12:00:00+00:00,6
12369,25337,454.86,2026-09-09 12:00:00+00:00,5
12370,25339,1574.52,2026-05-24 12:00:00+00:00,7
12371,25340,1574.59,2026-06-29 12:00:00+00:00,3
12372,25341,1574.67,2026-08-03 12:00:00+00:00,4
12373,25343,787.42,2026-09-12 12:00:00+00:00,2
12374,25343,787.42,2026-10-26 12:00:00+00:00,2
12375,25363,583.20,2026-01-31 12:00:00+00:00,6
12376,25364,583.22,2026-03-02 12:00:00+00:00,1
12377,25371,583.39,2026-03-05 12:00:00+00:00,2
12378,25365,583.24,2026-03-31 12:00:00+00:00,4
12379,25372,583.41,2026-04-04 12:00:00+00:00,1
12380,25366,583.26,2026-05-03 12:00:00+00:00,1
12381,25373,583.44,2026-05-04 12:00:00+00:00,1
12382,25367,583.29,2026-06-03 12:00:00+00:00,5
12383,25374,583.47,2026-06-03 12:00:00+00:00,7
12384,25368,583.31,2026-07-03 12:00:00+00:00,1
12385,25375,583.50,2026-07-03 12:00:00+00:00,7
12386,25369,583.33,2026-07-28 12:00:00+00:00,2
12387,25376,583.53,2026-08-02 12:00:00+00:00,2
12388,25370,583.36,2026-08-31 12:00:00+00:00,2
12389,25377,583.56,2026-09-01 12:00:00+00:00,5
12390,25399,1860.02,2026-02-22 12:00:00+00:00,4
12391,25407,1860.82,2026-02-23 12:00:00+00:00,6
12392,25400,1860.11,2026-03-25 12:00:00+00:00,6
12393,25408,1860.94,2026-03-25 12:00:00+00:00,6
12394,25401,1860.20,2026-04-19 12:00:00+00:00,1
12395,25409,1861.05,2026-04-24 12:00:00+00:00,6
12396,25402,1860.30,2026-05-23 12:00:00+00:00,7
12397,25403,1860.40,2026-06-20 12:00:00+00:00,2
12398,25410,1861.17,2026-06-23 12:00:00+00:00,5
12399,25404,1860.50,2026-07-23 12:00:00+00:00,2
12400,25405,1860.60,2026-08-21 12:00:00+00:00,7
12401,25411,1861.30,2026-08-22 12:00:00+00:00,4
12402,25406,1860.71,2026-09-21 12:00:00+00:00,3
12403,25423,1481.66,2026-01-14 12:00:00+00:00,7
12404,25424,1481.76,2026-02-12 12:00:00+00:00,3
12405,25425,1481.86,2026-03-16 12:00:00+00:00,4
12406,25432,1482.62,2026-03-17 12:00:00+00:00,6
12407,25426,1481.96,2026-04-14 12:00:00+00:00,7
12408,25433,1482.74,2026-04-16 12:00:00+00:00,1
12409,25427,1482.06,2026-05-15 12:00:00+00:00,2
12410,25434,1482.82,2026-05-16 12:00:00+00:00,6
12411,25428,1482.17,2026-06-12 12:00:00+00:00,1
12412,25429,1482.28,2026-07-11 12:00:00+00:00,7
12413,25430,1482.39,2026-08-09 12:00:00+00:00,4
12414,25431,1482.50,2026-09-09 12:00:00+00:00,2
12415,25435,1438.61,2026-04-17 12:00:00+00:00,1
12416,25441,1438.95,2026-04-19 12:00:00+00:00,1
12417,25436,1438.67,2026-05-18 12:00:00+00:00,5
12418,25442,1439.01,2026-05-19 12:00:00+00:00,2
12419,25437,1438.72,2026-06-18 12:00:00+00:00,5
12420,25438,1438.77,2026-07-15 12:00:00+00:00,6
12421,25443,1439.08,2026-07-18 12:00:00+00:00,7
12422,25439,1438.83,2026-08-17 12:00:00+00:00,5
12423,25440,1438.89,2026-09-12 12:00:00+00:00,4
12424,25471,2699.23,2026-07-02 12:00:00+00:00,7
12425,25472,2699.44,2026-08-01 12:00:00+00:00,2
12426,25474,2699.88,2026-08-04 12:00:00+00:00,3
12427,25473,2699.66,2026-08-30 12:00:00+00:00,5
12428,25483,723.36,2026-07-19 12:00:00+00:00,6
12429,25485,723.41,2026-10-01 12:00:00+00:00,5
12430,25507,1906.78,2026-04-05 12:00:00+00:00,7
12431,25513,1907.44,2026-04-05 12:00:00+00:00,3
12432,25508,1906.88,2026-05-05 12:00:00+00:00,5
12433,25514,1907.56,2026-05-05 12:00:00+00:00,7
12434,25509,1906.98,2026-05-31 12:00:00+00:00,3
12435,25515,1907.69,2026-06-04 12:00:00+00:00,3
12436,25510,1907.09,2026-07-03 12:00:00+00:00,1
12437,25516,1907.82,2026-07-04 12:00:00+00:00,2
12438,25511,1907.20,2026-08-01 12:00:00+00:00,3
12439,25517,1907.96,2026-08-03 12:00:00+00:00,7
12440,25512,1907.32,2026-08-31 12:00:00+00:00,4
12441,25531,2417.17,2026-04-10 12:00:00+00:00,4
12442,25537,2418.16,2026-04-10 12:00:00+00:00,6
12443,25532,2417.32,2026-05-08 12:00:00+00:00,2
12444,25538,2418.34,2026-05-10 12:00:00+00:00,5
12445,25533,2417.48,2026-06-08 12:00:00+00:00,5
12446,25534,2417.64,2026-07-06 12:00:00+00:00,4
12447,25539,2418.53,2026-07-09 12:00:00+00:00,3
12448,25535,2417.81,2026-08-04 12:00:00+00:00,3
12449,25540,2418.73,2026-08-08 12:00:00+00:00,5
12450,25536,2417.98,2026-09-07 12:00:00+00:00,7
12451,25541,2418.93,2026-09-07 12:00:00+00:00,6
12452,25549,986.32,2026-03-25 12:00:00+00:00,1
12453,25550,986.39,2026-04-24 12:00:00+00:00,7
12454,25556,986.82,2026-04-25 12:00:00+00:00,1
12455,25551,986.45,2026-05-23 12:00:00+00:00,3
12456,25552,986.52,2026-06-20 12:00:00+00:00,7
12457,25553,986.59,2026-07-22 12:00:00+00:00,6
12458,25557,986.90,2026-07-24 12:00:00+00:00,5
12459,25554,986.66,2026-08-20 12:00:00+00:00,4
12460,25555,986.74,2026-09-19 12:00:00+00:00,1
12461,25558,986.98,2026-09-22 12:00:00+00:00,7
12462,25567,1847.39,2025-11-16 12:00:00+00:00,2
12463,25578,1848.57,2025-11-21 12:00:00+00:00,5
12464,25568,1847.48,2025-12-17 12:00:00+00:00,3
12465,25569,1847.58,2026-01-20 12:00:00+00:00,3
12466,25579,1848.69,2026-01-20 12:00:00+00:00,3
12467,25570,1847.67,2026-02-19 12:00:00+00:00,2
12468,25580,1848.82,2026-02-19 12:00:00+00:00,3
12469,25571,1847.78,2026-03-18 12:00:00+00:00,6
12470,25581,1848.96,2026-03-21 12:00:00+00:00,7
12471,25572,1847.88,2026-04-20 12:00:00+00:00,2
12472,25582,1849.09,2026-04-20 12:00:00+00:00,1
12473,25573,1847.99,2026-05-17 12:00:00+00:00,1
12474,25574,1848.10,2026-06-18 12:00:00+00:00,7
12475,25575,1848.21,2026-07-16 12:00:00+00:00,7
12476,25583,1849.24,2026-07-19 12:00:00+00:00,5
12477,25576,1848.33,2026-08-17 12:00:00+00:00,5
12478,25584,1849.38,2026-08-18 12:00:00+00:00,6
12479,25577,1848.45,2026-09-15 12:00:00+00:00,5
12480,25585,1849.53,2026-09-17 12:00:00+00:00,7
12481,25591,982.95,2026-05-10 12:00:00+00:00,7
12482,25592,983.01,2026-06-09 12:00:00+00:00,5
12483,25593,983.07,2026-07-12 12:00:00+00:00,1
12484,25594,983.13,2026-08-10 12:00:00+00:00,1
12485,25595,983.19,2026-09-10 12:00:00+00:00,1
12486,25596,983.26,2026-09-12 12:00:00+00:00,2
12487,25609,2131.56,2025-12-03 12:00:00+00:00,3
12488,25610,2131.67,2025-12-28 12:00:00+00:00,4
12489,25620,2132.87,2026-01-02 12:00:00+00:00,4
12490,25611,2131.78,2026-02-01 12:00:00+00:00,1
12491,25621,2133.01,2026-02-01 12:00:00+00:00,7
12492,25612,2131.89,2026-02-28 12:00:00+00:00,2
12493,25622,2133.14,2026-03-03 12:00:00+00:00,6
12494,25613,2132.00,2026-03-31 12:00:00+00:00,2
12495,25623,2133.28,2026-04-02 12:00:00+00:00,4
12496,25614,2132.12,2026-05-02 12:00:00+00:00,3
12497,25624,2133.43,2026-05-02 12:00:00+00:00,1
12498,25615,2132.24,2026-06-01 12:00:00+00:00,1
12499,25616,2132.36,2026-06-28 12:00:00+00:00,2
12500,25625,2133.57,2026-07-01 12:00:00+00:00,4
12501,25617,2132.48,2026-07-29 12:00:00+00:00,2
12502,25626,2133.77,2026-07-31 12:00:00+00:00,2
12503,25618,2132.61,2026-08-27 12:00:00+00:00,3
12504,25619,2132.74,2026-09-27 12:00:00+00:00,7
12505,25627,3692.59,2026-04-12 12:00:00+00:00,4
12506,25633,3694.18,2026-04-16 12:00:00+00:00,3
12507,25628,3692.84,2026-05-15 12:00:00+00:00,2
12508,25634,3694.47,2026-05-16 12:00:00+00:00,7
12509,25629,3693.09,2026-06-11 12:00:00+00:00,3
12510,25635,3694.76,2026-06-15 12:00:00+00:00,5
12511,25630,3693.36,2026-07-14 12:00:00+00:00,5
12512,25631,3693.62,2026-08-11 12:00:00+00:00,5
12513,25636,3695.07,2026-08-14 12:00:00+00:00,1
12514,25632,3693.90,2026-09-09 12:00:00+00:00,2
12515,25637,3695.38,2026-09-13 12:00:00+00:00,7
12516,25639,815.65,2026-01-11 12:00:00+00:00,6
12517,25648,816.08,2026-01-14 12:00:00+00:00,6
12518,25640,815.69,2026-02-10 12:00:00+00:00,1
12519,25641,815.74,2026-03-11 12:00:00+00:00,6
12520,25649,816.13,2026-03-15 12:00:00+00:00,2
12521,25642,815.78,2026-04-09 12:00:00+00:00,6
12522,25643,815.83,2026-05-14 12:00:00+00:00,6
12523,25644,815.88,2026-06-09 12:00:00+00:00,2
12524,25645,815.92,2026-07-08 12:00:00+00:00,3
12525,25646,815.97,2026-08-07 12:00:00+00:00,6
12526,25647,816.03,2026-09-08 12:00:00+00:00,7
12527,25650,816.19,2026-09-11 12:00:00+00:00,6
12528,25663,665.43,2026-06-30 12:00:00+00:00,2
12529,25666,665.50,2026-07-04 12:00:00+00:00,5
12530,25664,665.45,2026-08-02 12:00:00+00:00,2
12531,25667,665.53,2026-08-03 12:00:00+00:00,4
12532,25665,665.48,2026-08-30 12:00:00+00:00,2
12533,25668,665.56,2026-09-02 12:00:00+00:00,4
12534,25687,3418.34,2026-02-12 12:00:00+00:00,2
12535,25688,3418.59,2026-03-11 12:00:00+00:00,1
12536,25695,3420.61,2026-03-16 12:00:00+00:00,1
12537,25689,3418.86,2026-04-13 12:00:00+00:00,6
12538,25696,3420.94,2026-04-15 12:00:00+00:00,3
12539,25690,3419.13,2026-05-11 12:00:00+00:00,4
12540,25697,3421.27,2026-05-15 12:00:00+00:00,1
12541,25691,3419.41,2026-06-11 12:00:00+00:00,1
12542,25692,3419.70,2026-07-11 12:00:00+00:00,2
12543,25693,3419.99,2026-08-12 12:00:00+00:00,1
12544,25698,3421.61,2026-08-13 12:00:00+00:00,3
12545,25694,3420.30,2026-09-07 12:00:00+00:00,6
12546,25699,2402.78,2025-11-23 12:00:00+00:00,4
12547,25700,2402.91,2025-12-26 12:00:00+00:00,7
12548,25710,2404.45,2025-12-28 12:00:00+00:00,4
12549,25701,2403.05,2026-01-22 12:00:00+00:00,5
12550,25702,2403.19,2026-02-26 12:00:00+00:00,1
12551,25711,2404.63,2026-02-26 12:00:00+00:00,4
12552,25703,2403.33,2026-03-24 12:00:00+00:00,2
12553,25712,2404.81,2026-03-28 12:00:00+00:00,5
12554,25704,2403.48,2026-04-24 12:00:00+00:00,1
12555,25713,2404.99,2026-04-27 12:00:00+00:00,2
12556,25705,2403.63,2026-05-25 12:00:00+00:00,6
12557,25706,2403.79,2026-06-21 12:00:00+00:00,3
12558,25707,2403.95,2026-07-26 12:00:00+00:00,3
12559,25714,2405.18,2026-07-26 12:00:00+00:00,1
12560,25708,2404.11,2026-08-21 12:00:00+00:00,6
12561,25709,2404.28,2026-09-23 12:00:00+00:00,7
12562,25715,2405.38,2026-09-24 12:00:00+00:00,5
12563,25717,1098.65,2026-08-01 12:00:00+00:00,3
12564,25719,1098.78,2026-08-04 12:00:00+00:00,4
12565,25718,1098.71,2026-09-02 12:00:00+00:00,3
12566,25720,1098.86,2026-09-03 12:00:00+00:00,3
12567,25729,258.36,2026-01-21 12:00:00+00:00,3
12568,25730,258.37,2026-02-21 12:00:00+00:00,4
12569,25731,258.38,2026-03-24 12:00:00+00:00,5
12570,25738,258.45,2026-03-25 12:00:00+00:00,7
12571,25732,258.39,2026-04-20 12:00:00+00:00,5
12572,25739,258.46,2026-04-24 12:00:00+00:00,7
12573,25733,258.40,2026-05-23 12:00:00+00:00,6
12574,25734,258.41,2026-06-19 12:00:00+00:00,6
12575,25740,258.47,2026-06-23 12:00:00+00:00,7
12576,25735,258.42,2026-07-20 12:00:00+00:00,1
12577,25736,258.43,2026-08-22 12:00:00+00:00,6
12578,25741,258.48,2026-08-22 12:00:00+00:00,3
12579,25737,258.44,2026-09-21 12:00:00+00:00,5
12580,25742,258.49,2026-09-21 12:00:00+00:00,2
12581,25765,1776.52,2026-01-30 12:00:00+00:00,2
12582,25766,1776.61,2026-03-03 12:00:00+00:00,1
12583,25767,1776.70,2026-04-01 12:00:00+00:00,5
12584,25773,1777.29,2026-04-04 12:00:00+00:00,1
12585,25768,1776.79,2026-05-04 12:00:00+00:00,6
12586,25774,1777.40,2026-05-04 12:00:00+00:00,3
12587,25769,1776.89,2026-05-31 12:00:00+00:00,4
12588,25770,1776.98,2026-07-01 12:00:00+00:00,7
12589,25775,1777.51,2026-07-03 12:00:00+00:00,1
12590,25771,1777.08,2026-07-30 12:00:00+00:00,1
12591,25772,1777.18,2026-08-27 12:00:00+00:00,5
12592,25776,1777.62,2026-09-01 12:00:00+00:00,6
12593,25789,2170.61,2026-05-15 12:00:00+00:00,2
12594,25794,2171.52,2026-05-17 12:00:00+00:00,3
12595,25790,2170.78,2026-06-13 12:00:00+00:00,2
12596,25791,2170.95,2026-07-13 12:00:00+00:00,3
12597,25795,2171.72,2026-07-16 12:00:00+00:00,3
12598,25792,2171.14,2026-08-14 12:00:00+00:00,2
12599,25796,2171.93,2026-08-15 12:00:00+00:00,1
12600,25793,2171.32,2026-09-10 12:00:00+00:00,1
12601,25797,2172.14,2026-09-14 12:00:00+00:00,6
12602,25801,549.58,2026-01-19 12:00:00+00:00,4
12603,25810,549.92,2026-01-21 12:00:00+00:00,2
12604,25802,549.61,2026-02-17 12:00:00+00:00,4
12605,25811,549.96,2026-02-20 12:00:00+00:00,2
12606,25803,549.65,2026-03-20 12:00:00+00:00,1
12607,25804,549.68,2026-04-16 12:00:00+00:00,6
12608,25805,549.72,2026-05-20 12:00:00+00:00,2
12609,25806,549.76,2026-06-19 12:00:00+00:00,4
12610,25812,549.96,2026-06-20 12:00:00+00:00,6
12611,25807,549.80,2026-07-20 12:00:00+00:00,1
12612,25808,549.84,2026-08-15 12:00:00+00:00,3
12613,25809,549.88,2026-09-14 12:00:00+00:00,3
12614,25813,818.80,2026-01-29 12:00:00+00:00,1
12615,25814,818.83,2026-02-26 12:00:00+00:00,5
12616,25815,818.86,2026-03-27 12:00:00+00:00,2
12617,25816,818.89,2026-04-26 12:00:00+00:00,7
12618,25817,818.93,2026-05-28 12:00:00+00:00,4
12619,25818,818.96,2026-06-19 12:00:00+00:00,4
12620,25819,818.99,2026-07-19 12:00:00+00:00,1
12621,25821,409.53,2026-09-08 12:00:00+00:00,5
12622,25821,409.53,2026-10-09 12:00:00+00:00,5
12623,25849,369.08,2026-07-03 12:00:00+00:00,6
12624,25852,369.14,2026-07-03 12:00:00+00:00,1
12625,25850,369.10,2026-08-01 12:00:00+00:00,2
12626,25851,369.12,2026-08-29 12:00:00+00:00,4
12627,25853,369.16,2026-09-01 12:00:00+00:00,2
12628,25873,956.26,2026-07-20 12:00:00+00:00,4
12629,25874,956.32,2026-08-24 12:00:00+00:00,7
12630,25891,509.18,2026-07-22 12:00:00+00:00,2
12631,25894,509.27,2026-07-22 12:00:00+00:00,5
12632,25892,509.21,2026-08-17 12:00:00+00:00,7
12633,25895,509.30,2026-08-21 12:00:00+00:00,3
12634,25893,509.24,2026-09-20 12:00:00+00:00,7
12635,25896,509.34,2026-09-20 12:00:00+00:00,6
12636,25909,1462.91,2026-03-24 12:00:00+00:00,5
12637,25910,1462.96,2026-04-21 12:00:00+00:00,4
12638,25911,1463.01,2026-06-02 12:00:00+00:00,3
12639,25912,1463.06,2026-07-02 12:00:00+00:00,6
12640,25913,1463.11,2026-07-25 12:00:00+00:00,1
12641,25945,1773.09,2026-04-01 12:00:00+00:00,1
12642,25946,1773.20,2026-05-01 12:00:00+00:00,4
12643,25947,1773.32,2026-05-30 12:00:00+00:00,6
12644,25948,1773.43,2026-06-30 12:00:00+00:00,2
12645,25952,1773.94,2026-06-30 12:00:00+00:00,5
12646,25949,1773.56,2026-07-29 12:00:00+00:00,2
12647,25953,1774.08,2026-07-30 12:00:00+00:00,4
12648,25950,1773.68,2026-08-27 12:00:00+00:00,6
12649,25954,1774.22,2026-08-29 12:00:00+00:00,1
12650,25951,1773.81,2026-09-28 12:00:00+00:00,5
12651,25963,716.81,2026-02-25 12:00:00+00:00,5
12652,25964,716.84,2026-03-22 12:00:00+00:00,5
12653,25965,716.88,2026-04-21 12:00:00+00:00,5
12654,25971,717.10,2026-04-26 12:00:00+00:00,6
12655,25966,716.91,2026-05-23 12:00:00+00:00,1
12656,25967,716.95,2026-06-24 12:00:00+00:00,6
12657,25968,716.98,2026-07-23 12:00:00+00:00,1
12658,25972,717.14,2026-07-25 12:00:00+00:00,3
12659,25969,717.02,2026-08-21 12:00:00+00:00,5
12660,25970,717.06,2026-09-23 12:00:00+00:00,4
12661,25973,717.18,2026-09-23 12:00:00+00:00,1
12662,25987,1348.17,2026-01-25 12:00:00+00:00,3
12663,25996,1348.66,2026-01-25 12:00:00+00:00,6
12664,25988,1348.22,2026-02-24 12:00:00+00:00,5
12665,25997,1348.72,2026-02-24 12:00:00+00:00,5
12666,25989,1348.27,2026-03-25 12:00:00+00:00,1
12667,25998,1348.78,2026-03-26 12:00:00+00:00,7
12668,25990,1348.32,2026-04-23 12:00:00+00:00,5
12669,25999,1348.84,2026-04-25 12:00:00+00:00,7
12670,25991,1348.38,2026-05-21 12:00:00+00:00,3
12671,26000,1348.91,2026-05-25 12:00:00+00:00,7
12672,25992,1348.43,2026-06-21 12:00:00+00:00,2
12673,26001,1348.98,2026-06-24 12:00:00+00:00,7
12674,25993,1348.48,2026-07-22 12:00:00+00:00,3
12675,25994,1348.54,2026-08-20 12:00:00+00:00,2
12676,26002,1349.05,2026-08-23 12:00:00+00:00,7
12677,25995,1348.60,2026-09-20 12:00:00+00:00,2
12678,26023,1645.25,2026-06-30 12:00:00+00:00,3
12679,26024,1645.33,2026-08-01 12:00:00+00:00,3
12680,26025,1645.41,2026-08-31 12:00:00+00:00,6
12681,26047,424.41,2026-04-20 12:00:00+00:00,4
12682,26053,424.61,2026-04-25 12:00:00+00:00,2
12683,26048,424.44,2026-05-23 12:00:00+00:00,2
12684,26054,424.65,2026-05-25 12:00:00+00:00,5
12685,26049,424.47,2026-06-21 12:00:00+00:00,7
12686,26055,424.69,2026-06-24 12:00:00+00:00,4
12687,26050,424.51,2026-07-21 12:00:00+00:00,3
12688,26056,424.73,2026-07-24 12:00:00+00:00,2
12689,26051,424.54,2026-08-18 12:00:00+00:00,2
12690,26052,424.58,2026-09-19 12:00:00+00:00,3
12691,26057,424.77,2026-09-22 12:00:00+00:00,4
12692,26059,1050.21,2026-06-07 12:00:00+00:00,2
12693,26060,1050.27,2026-07-07 12:00:00+00:00,5
12694,26061,1050.33,2026-08-04 12:00:00+00:00,7
12695,26077,2298.04,2026-06-15 12:00:00+00:00,4
12696,26081,2298.50,2026-06-15 12:00:00+00:00,7
12697,26078,2298.15,2026-07-15 12:00:00+00:00,4
12698,26079,2298.26,2026-08-11 12:00:00+00:00,6
12699,26080,2298.38,2026-09-10 12:00:00+00:00,2
12700,26095,1267.52,2026-02-20 12:00:00+00:00,7
12701,26103,1268.07,2026-02-22 12:00:00+00:00,1
12702,26096,1267.58,2026-03-21 12:00:00+00:00,5
12703,26104,1268.15,2026-03-24 12:00:00+00:00,5
12704,26097,1267.64,2026-04-23 12:00:00+00:00,1
12705,26098,1267.71,2026-05-23 12:00:00+00:00,6
12706,26099,1267.78,2026-06-20 12:00:00+00:00,2
12707,26100,1267.85,2026-07-19 12:00:00+00:00,6
12708,26105,1268.23,2026-07-22 12:00:00+00:00,3
12709,26101,1267.92,2026-08-18 12:00:00+00:00,2
12710,26102,1268.00,2026-09-16 12:00:00+00:00,7
12711,26119,1556.29,2025-12-24 12:00:00+00:00,2
12712,26129,1557.24,2025-12-24 12:00:00+00:00,2
12713,26120,1556.37,2026-01-19 12:00:00+00:00,4
12714,26121,1556.46,2026-02-19 12:00:00+00:00,4
12715,26130,1557.36,2026-02-22 12:00:00+00:00,2
12716,26122,1556.54,2026-03-20 12:00:00+00:00,7
12717,26131,1557.48,2026-03-24 12:00:00+00:00,6
12718,26123,1556.63,2026-04-23 12:00:00+00:00,6
12719,26132,1557.60,2026-04-23 12:00:00+00:00,6
12720,26124,1556.73,2026-05-21 12:00:00+00:00,1
12721,26125,1556.82,2026-06-20 12:00:00+00:00,3
12722,26133,1557.72,2026-06-22 12:00:00+00:00,3
12723,26126,1556.92,2026-07-20 12:00:00+00:00,4
12724,26127,1557.03,2026-08-17 12:00:00+00:00,6
12725,26128,1557.13,2026-09-16 12:00:00+00:00,4
12726,26134,1557.85,2026-09-20 12:00:00+00:00,7
12727,26143,803.25,2026-05-27 12:00:00+00:00,5
12728,26148,803.38,2026-05-31 12:00:00+00:00,1
12729,26144,803.28,2026-06-30 12:00:00+00:00,6
12730,26145,803.30,2026-07-26 12:00:00+00:00,5
12731,26146,803.33,2026-08-25 12:00:00+00:00,1
12732,26147,803.36,2026-09-24 12:00:00+00:00,3
12733,26179,1333.28,2026-02-01 12:00:00+00:00,6
12734,26180,1333.34,2026-03-11 12:00:00+00:00,5
12735,26181,1333.40,2026-04-07 12:00:00+00:00,7
12736,26182,1333.46,2026-05-17 12:00:00+00:00,4
12737,26183,1333.52,2026-06-09 12:00:00+00:00,2
12738,26184,1333.59,2026-07-13 12:00:00+00:00,3
12739,26185,1333.66,2026-08-15 12:00:00+00:00,7
12740,26186,1333.72,2026-09-02 12:00:00+00:00,2
12741,26203,445.53,2025-12-03 12:00:00+00:00,1
12742,26213,445.72,2025-12-07 12:00:00+00:00,3
12743,26204,445.55,2026-01-01 12:00:00+00:00,5
12744,26214,445.74,2026-01-06 12:00:00+00:00,3
12745,26205,445.57,2026-02-03 12:00:00+00:00,6
12746,26215,445.76,2026-02-05 12:00:00+00:00,3
12747,26206,445.58,2026-03-03 12:00:00+00:00,7
12748,26207,445.60,2026-04-01 12:00:00+00:00,2
12749,26208,445.62,2026-05-05 12:00:00+00:00,7
12750,26209,445.64,2026-06-03 12:00:00+00:00,7
12751,26210,445.66,2026-07-02 12:00:00+00:00,1
12752,26216,445.78,2026-07-05 12:00:00+00:00,5
12753,26211,445.68,2026-08-04 12:00:00+00:00,7
12754,26217,445.81,2026-08-04 12:00:00+00:00,3
12755,26212,445.70,2026-08-29 12:00:00+00:00,3
12756,26218,445.83,2026-09-03 12:00:00+00:00,3
12757,26221,1079.23,2026-03-13 12:00:00+00:00,3
12758,26228,1079.65,2026-03-18 12:00:00+00:00,5
12759,26222,1079.29,2026-04-16 12:00:00+00:00,5
12760,26229,1079.71,2026-04-17 12:00:00+00:00,1
12761,26223,1079.35,2026-05-13 12:00:00+00:00,5
12762,26224,1079.40,2026-06-13 12:00:00+00:00,5
12763,26225,1079.46,2026-07-12 12:00:00+00:00,4
12764,26226,1079.52,2026-08-12 12:00:00+00:00,3
12765,26230,1079.77,2026-08-15 12:00:00+00:00,6
12766,26227,1079.58,2026-09-10 12:00:00+00:00,2
12767,26231,1079.84,2026-09-14 12:00:00+00:00,5
12768,26239,1991.99,2025-12-09 12:00:00+00:00,6
12769,26240,1992.10,2026-01-09 12:00:00+00:00,5
12770,26241,1992.21,2026-02-08 12:00:00+00:00,6
12771,26242,1992.32,2026-03-08 12:00:00+00:00,2
12772,26249,1993.17,2026-03-11 12:00:00+00:00,1
12773,26243,1992.43,2026-04-10 12:00:00+00:00,2
12774,26250,1993.31,2026-04-10 12:00:00+00:00,6
12775,26244,1992.55,2026-05-08 12:00:00+00:00,6
12776,26251,1993.44,2026-05-10 12:00:00+00:00,2
12777,26245,1992.67,2026-06-08 12:00:00+00:00,4
12778,26252,1993.58,2026-06-09 12:00:00+00:00,1
12779,26246,1992.79,2026-07-05 12:00:00+00:00,2
12780,26253,1993.73,2026-07-09 12:00:00+00:00,4
12781,26247,1992.91,2026-08-03 12:00:00+00:00,5
12782,26248,1993.04,2026-09-06 12:00:00+00:00,1
12783,26257,626.87,2025-12-19 12:00:00+00:00,6
12784,26258,626.91,2026-01-19 12:00:00+00:00,6
12785,26259,626.94,2026-03-02 12:00:00+00:00,5
12786,26260,626.98,2026-03-30 12:00:00+00:00,5
12787,26261,627.02,2026-04-29 12:00:00+00:00,5
12788,26262,627.06,2026-05-26 12:00:00+00:00,3
12789,26263,627.11,2026-06-28 12:00:00+00:00,6
12790,26264,627.15,2026-07-29 12:00:00+00:00,2
12791,26265,627.20,2026-08-25 12:00:00+00:00,5
12792,26275,259.56,2026-02-14 12:00:00+00:00,5
12793,26283,259.67,2026-02-18 12:00:00+00:00,2
12794,26276,259.57,2026-03-15 12:00:00+00:00,6
12795,26284,259.69,2026-03-20 12:00:00+00:00,1
12796,26277,259.58,2026-04-17 12:00:00+00:00,6
12797,26278,259.60,2026-05-19 12:00:00+00:00,4
12798,26285,259.70,2026-05-19 12:00:00+00:00,5
12799,26279,259.61,2026-06-15 12:00:00+00:00,6
12800,26286,259.72,2026-06-18 12:00:00+00:00,5
12801,26280,259.62,2026-07-16 12:00:00+00:00,6
12802,26287,259.74,2026-07-18 12:00:00+00:00,3
12803,26281,259.64,2026-08-15 12:00:00+00:00,3
12804,26288,259.75,2026-08-17 12:00:00+00:00,1
12805,26282,259.65,2026-09-12 12:00:00+00:00,3
12806,26299,1801.72,2025-12-19 12:00:00+00:00,4
12807,26300,1801.81,2026-01-19 12:00:00+00:00,7
12808,26309,1802.83,2026-01-22 12:00:00+00:00,1
12809,26301,1801.91,2026-02-20 12:00:00+00:00,3
12810,26310,1802.96,2026-02-21 12:00:00+00:00,6
12811,26302,1802.01,2026-03-22 12:00:00+00:00,5
12812,26311,1803.09,2026-03-23 12:00:00+00:00,7
12813,26303,1802.12,2026-04-19 12:00:00+00:00,4
12814,26312,1803.24,2026-04-22 12:00:00+00:00,7
12815,26304,1802.23,2026-05-17 12:00:00+00:00,3
12816,26313,1803.38,2026-05-22 12:00:00+00:00,1
12817,26305,1802.34,2026-06-20 12:00:00+00:00,7
12818,26306,1802.45,2026-07-19 12:00:00+00:00,6
12819,26307,1802.57,2026-08-19 12:00:00+00:00,7
12820,26308,1802.70,2026-09-16 12:00:00+00:00,1
12821,26323,1115.72,2026-07-02 12:00:00+00:00,1
12822,26324,1115.78,2026-07-31 12:00:00+00:00,2
12823,26326,1115.88,2026-10-15 12:00:00+00:00,7
12824,26335,2866.89,2026-01-23 12:00:00+00:00,2
12825,26336,2867.09,2026-02-22 12:00:00+00:00,3
12826,26337,2867.30,2026-04-01 12:00:00+00:00,7
12827,26338,2867.52,2026-04-26 12:00:00+00:00,1
12828,26339,2867.75,2026-05-26 12:00:00+00:00,6
12829,26340,2867.98,2026-06-30 12:00:00+00:00,7
12830,26341,2868.21,2026-08-01 12:00:00+00:00,3
12831,26342,2868.46,2026-08-21 12:00:00+00:00,2
12832,26347,3029.09,2025-12-31 12:00:00+00:00,3
12833,26356,3030.97,2026-01-05 12:00:00+00:00,6
12834,26348,3029.28,2026-02-01 12:00:00+00:00,6
12835,26357,3031.21,2026-02-04 12:00:00+00:00,7
12836,26349,3029.48,2026-03-06 12:00:00+00:00,5
12837,26358,3031.42,2026-03-06 12:00:00+00:00,4
12838,26350,3029.68,2026-04-05 12:00:00+00:00,3
12839,26351,3029.88,2026-04-30 12:00:00+00:00,7
12840,26352,3030.09,2026-06-03 12:00:00+00:00,2
12841,26353,3030.30,2026-06-29 12:00:00+00:00,2
12842,26354,3030.52,2026-07-30 12:00:00+00:00,4
12843,26355,3030.74,2026-08-28 12:00:00+00:00,4
12844,26359,1113.59,2026-06-11 12:00:00+00:00,7
12845,26363,1113.79,2026-06-12 12:00:00+00:00,4
12846,26360,1113.64,2026-07-08 12:00:00+00:00,1
12847,26364,1113.84,2026-07-12 12:00:00+00:00,6
12848,26361,1113.69,2026-08-08 12:00:00+00:00,3
12849,26365,1113.89,2026-08-11 12:00:00+00:00,2
12850,26362,1113.74,2026-09-10 12:00:00+00:00,6
12851,26371,1175.69,2026-05-16 12:00:00+00:00,6
12852,26372,1175.74,2026-06-13 12:00:00+00:00,3
12853,26373,1175.80,2026-07-13 12:00:00+00:00,2
12854,26374,1175.85,2026-08-20 12:00:00+00:00,5
12855,26389,725.60,2026-07-01 12:00:00+00:00,6
12856,26390,725.62,2026-08-01 12:00:00+00:00,7
12857,26392,725.68,2026-08-03 12:00:00+00:00,5
12858,26391,725.65,2026-09-01 12:00:00+00:00,5
12859,26425,1172.51,2026-07-22 12:00:00+00:00,2
12860,26426,1172.57,2026-08-19 12:00:00+00:00,2
12861,26428,1172.70,2026-08-23 12:00:00+00:00,1
12862,26427,1172.63,2026-09-20 12:00:00+00:00,7
12863,26429,1172.76,2026-09-22 12:00:00+00:00,1
12864,26449,271.51,2025-12-28 12:00:00+00:00,7
12865,26450,271.52,2026-01-28 12:00:00+00:00,5
12866,26459,271.66,2026-02-01 12:00:00+00:00,7
12867,26451,271.54,2026-02-26 12:00:00+00:00,7
12868,26460,271.67,2026-03-03 12:00:00+00:00,7
12869,26452,271.55,2026-03-29 12:00:00+00:00,3
12870,26461,271.69,2026-04-02 12:00:00+00:00,2
12871,26453,271.57,2026-05-01 12:00:00+00:00,5
12872,26462,271.71,2026-05-02 12:00:00+00:00,6
12873,26454,271.58,2026-05-31 12:00:00+00:00,5
12874,26455,271.59,2026-06-26 12:00:00+00:00,6
12875,26463,271.73,2026-07-01 12:00:00+00:00,2
12876,26456,271.61,2026-07-27 12:00:00+00:00,1
12877,26464,271.74,2026-07-31 12:00:00+00:00,4
12878,26457,271.62,2026-08-29 12:00:00+00:00,1
12879,26465,271.76,2026-08-30 12:00:00+00:00,4
12880,26458,271.64,2026-09-26 12:00:00+00:00,5
12881,26466,271.78,2026-09-29 12:00:00+00:00,4
12882,26473,661.17,2025-12-16 12:00:00+00:00,5
12883,26483,661.61,2025-12-17 12:00:00+00:00,4
12884,26474,661.21,2026-01-14 12:00:00+00:00,4
12885,26475,661.25,2026-02-15 12:00:00+00:00,3
12886,26484,661.66,2026-02-15 12:00:00+00:00,5
12887,26476,661.29,2026-03-13 12:00:00+00:00,6
12888,26477,661.33,2026-04-16 12:00:00+00:00,4
12889,26485,661.71,2026-04-16 12:00:00+00:00,1
12890,26478,661.38,2026-05-15 12:00:00+00:00,4
12891,26486,661.76,2026-05-16 12:00:00+00:00,4
12892,26479,661.42,2026-06-11 12:00:00+00:00,3
12893,26487,661.82,2026-06-15 12:00:00+00:00,7
12894,26480,661.47,2026-07-10 12:00:00+00:00,5
12895,26481,661.51,2026-08-13 12:00:00+00:00,5
12896,26488,661.87,2026-08-14 12:00:00+00:00,1
12897,26482,661.56,2026-09-12 12:00:00+00:00,7
12898,26489,661.93,2026-09-13 12:00:00+00:00,7
12899,26491,625.71,2026-05-05 12:00:00+00:00,6
12900,26492,625.73,2026-06-07 12:00:00+00:00,1
12901,26493,625.76,2026-07-05 12:00:00+00:00,7
12902,26494,625.79,2026-08-04 12:00:00+00:00,7
12903,26495,625.82,2026-09-02 12:00:00+00:00,3
12904,26496,625.85,2026-09-05 12:00:00+00:00,1
12905,26515,2470.47,2026-01-07 12:00:00+00:00,5
12906,26524,2472.07,2026-01-11 12:00:00+00:00,7
12907,26516,2470.62,2026-02-06 12:00:00+00:00,4
12908,26525,2472.28,2026-02-10 12:00:00+00:00,5
12909,26517,2470.78,2026-03-07 12:00:00+00:00,1
12910,26526,2472.50,2026-03-12 12:00:00+00:00,3
12911,26518,2470.95,2026-04-10 12:00:00+00:00,1
12912,26527,2472.72,2026-04-11 12:00:00+00:00,7
12913,26519,2471.12,2026-05-07 12:00:00+00:00,7
12914,26528,2472.95,2026-05-11 12:00:00+00:00,3
12915,26520,2471.30,2026-06-09 12:00:00+00:00,5
12916,26521,2471.49,2026-07-08 12:00:00+00:00,6
12917,26529,2473.18,2026-07-10 12:00:00+00:00,7
12918,26522,2471.68,2026-08-09 12:00:00+00:00,2
12919,26523,2471.87,2026-09-07 12:00:00+00:00,7
12920,26530,2473.43,2026-09-08 12:00:00+00:00,2
12921,26533,170.64,2025-11-17 12:00:00+00:00,7
12922,26544,170.75,2025-11-18 12:00:00+00:00,2
12923,26534,170.65,2025-12-15 12:00:00+00:00,3
12924,26535,170.66,2026-01-13 12:00:00+00:00,1
12925,26545,170.76,2026-01-17 12:00:00+00:00,2
12926,26536,170.67,2026-02-16 12:00:00+00:00,1
12927,26537,170.68,2026-03-14 12:00:00+00:00,2
12928,26546,170.77,2026-03-18 12:00:00+00:00,7
12929,26538,170.69,2026-04-12 12:00:00+00:00,2
12930,26539,170.70,2026-05-12 12:00:00+00:00,5
12931,26540,170.71,2026-06-14 12:00:00+00:00,5
12932,26547,170.79,2026-06-16 12:00:00+00:00,7
12933,26541,170.72,2026-07-11 12:00:00+00:00,5
12934,26548,170.80,2026-07-16 12:00:00+00:00,2
12935,26542,170.73,2026-08-13 12:00:00+00:00,5
12936,26549,170.81,2026-08-15 12:00:00+00:00,6
12937,26543,170.74,2026-09-13 12:00:00+00:00,1
12938,26557,1848.66,2026-06-29 12:00:00+00:00,4
12939,26561,1849.02,2026-07-02 12:00:00+00:00,5
12940,26558,1848.75,2026-07-28 12:00:00+00:00,5
12941,26562,1849.12,2026-08-01 12:00:00+00:00,6
12942,26559,1848.84,2026-08-27 12:00:00+00:00,4
12943,26560,1848.93,2026-09-27 12:00:00+00:00,7
12944,26563,1849.22,2026-09-30 12:00:00+00:00,6
12945,26581,1999.03,2025-11-27 12:00:00+00:00,2
12946,26582,1999.13,2025-12-26 12:00:00+00:00,7
12947,26592,2000.24,2025-12-28 12:00:00+00:00,3
12948,26583,1999.23,2026-01-25 12:00:00+00:00,3
12949,26584,1999.33,2026-02-23 12:00:00+00:00,4
12950,26585,1999.43,2026-03-28 12:00:00+00:00,3
12951,26593,2000.37,2026-03-28 12:00:00+00:00,1
12952,26586,1999.54,2026-04-26 12:00:00+00:00,2
12953,26587,1999.65,2026-05-27 12:00:00+00:00,6
12954,26594,2000.50,2026-05-27 12:00:00+00:00,6
12955,26588,1999.76,2026-06-21 12:00:00+00:00,4
12956,26595,2000.64,2026-06-26 12:00:00+00:00,7
12957,26589,1999.88,2026-07-23 12:00:00+00:00,6
12958,26590,2000.00,2026-08-23 12:00:00+00:00,6
12959,26591,2000.12,2026-09-20 12:00:00+00:00,4
12960,26596,2000.77,2026-09-24 12:00:00+00:00,7
12961,26605,159.05,2025-11-02 12:00:00+00:00,5
12962,26616,159.13,2025-11-07 12:00:00+00:00,2
12963,26606,159.06,2025-12-05 12:00:00+00:00,3
12964,26607,159.07,2026-01-02 12:00:00+00:00,4
12965,26608,159.07,2026-02-02 12:00:00+00:00,3
12966,26617,159.13,2026-02-05 12:00:00+00:00,6
12967,26609,159.08,2026-03-06 12:00:00+00:00,3
12968,26618,159.14,2026-03-07 12:00:00+00:00,6
12969,26610,159.08,2026-04-03 12:00:00+00:00,6
12970,26619,159.15,2026-04-06 12:00:00+00:00,6
12971,26611,159.09,2026-05-01 12:00:00+00:00,5
12972,26620,159.16,2026-05-06 12:00:00+00:00,6
12973,26612,159.10,2026-06-02 12:00:00+00:00,7
12974,26621,159.17,2026-06-05 12:00:00+00:00,5
12975,26613,159.10,2026-07-02 12:00:00+00:00,2
12976,26622,159.17,2026-07-05 12:00:00+00:00,4
12977,26614,159.11,2026-07-31 12:00:00+00:00,6
12978,26623,159.18,2026-08-04 12:00:00+00:00,4
12979,26615,159.12,2026-09-01 12:00:00+00:00,6
12980,26641,1352.83,2026-06-14 12:00:00+00:00,7
12981,26642,1352.90,2026-07-11 12:00:00+00:00,4
12982,26643,1352.98,2026-08-10 12:00:00+00:00,6
12983,26644,1353.05,2026-09-12 12:00:00+00:00,1
12984,26645,1353.13,2026-09-12 12:00:00+00:00,7
12985,26665,1162.03,2026-01-17 12:00:00+00:00,7
12986,26674,1162.41,2026-01-21 12:00:00+00:00,4
12987,26666,1162.07,2026-02-17 12:00:00+00:00,3
12988,26675,1162.46,2026-02-20 12:00:00+00:00,6
12989,26667,1162.11,2026-03-20 12:00:00+00:00,1
12990,26676,1162.50,2026-03-22 12:00:00+00:00,5
12991,26668,1162.15,2026-04-19 12:00:00+00:00,1
12992,26669,1162.19,2026-05-19 12:00:00+00:00,1
12993,26670,1162.23,2026-06-17 12:00:00+00:00,2
12994,26671,1162.27,2026-07-17 12:00:00+00:00,6
12995,26672,1162.32,2026-08-14 12:00:00+00:00,1
12996,26677,1162.55,2026-08-19 12:00:00+00:00,4
12997,26673,1162.36,2026-09-13 12:00:00+00:00,1
12998,26701,889.43,2026-03-01 12:00:00+00:00,4
12999,26708,889.87,2026-03-05 12:00:00+00:00,2
13000,26702,889.49,2026-04-02 12:00:00+00:00,1
13001,26709,889.94,2026-04-04 12:00:00+00:00,7
13002,26703,889.55,2026-05-02 12:00:00+00:00,3
13003,26710,890.01,2026-05-04 12:00:00+00:00,7
13004,26704,889.61,2026-06-01 12:00:00+00:00,2
13005,26711,890.09,2026-06-03 12:00:00+00:00,5
13006,26705,889.67,2026-07-03 12:00:00+00:00,7
13007,26706,889.74,2026-07-28 12:00:00+00:00,3
13008,26712,890.17,2026-08-02 12:00:00+00:00,3
13009,26707,889.80,2026-09-01 12:00:00+00:00,7
13010,26713,890.25,2026-09-01 12:00:00+00:00,6
13011,26719,259.85,2026-04-11 12:00:00+00:00,4
13012,26725,259.92,2026-04-12 12:00:00+00:00,1
13013,26720,259.86,2026-05-12 12:00:00+00:00,7
13014,26726,259.94,2026-05-12 12:00:00+00:00,5
13015,26721,259.87,2026-06-06 12:00:00+00:00,5
13016,26722,259.89,2026-07-06 12:00:00+00:00,3
13017,26727,259.95,2026-07-11 12:00:00+00:00,1
13018,26723,259.90,2026-08-05 12:00:00+00:00,4
13019,26724,259.91,2026-09-08 12:00:00+00:00,6
13020,26743,718.83,2026-07-27 12:00:00+00:00,3
13021,26744,718.87,2026-08-25 12:00:00+00:00,7
13022,26746,718.95,2026-08-26 12:00:00+00:00,5
13023,26745,718.91,2026-09-25 12:00:00+00:00,5
13024,26747,718.99,2026-09-25 12:00:00+00:00,4
13025,26761,429.07,2026-03-24 12:00:00+00:00,7
13026,26768,429.19,2026-03-28 12:00:00+00:00,6
13027,26762,429.08,2026-04-25 12:00:00+00:00,6
13028,26769,429.21,2026-04-27 12:00:00+00:00,1
13029,26763,429.10,2026-05-27 12:00:00+00:00,5
13030,26764,429.12,2026-06-22 12:00:00+00:00,7
13031,26770,429.22,2026-06-26 12:00:00+00:00,4
13032,26765,429.13,2026-07-24 12:00:00+00:00,6
13033,26771,429.24,2026-07-26 12:00:00+00:00,1
13034,26766,429.15,2026-08-23 12:00:00+00:00,7
13035,26772,429.26,2026-08-25 12:00:00+00:00,2
13036,26767,429.17,2026-09-20 12:00:00+00:00,6
13037,26773,429.29,2026-09-24 12:00:00+00:00,6
13038,26797,2817.87,2025-11-08 12:00:00+00:00,7
13039,26798,2818.03,2025-12-06 12:00:00+00:00,7
13040,26808,2819.95,2025-12-09 12:00:00+00:00,5
13041,26799,2818.20,2026-01-05 12:00:00+00:00,2
13042,26800,2818.37,2026-02-05 12:00:00+00:00,6
13043,26801,2818.54,2026-03-06 12:00:00+00:00,5
13044,26802,2818.72,2026-04-04 12:00:00+00:00,1
13045,26803,2818.90,2026-05-03 12:00:00+00:00,7
13046,26804,2819.09,2026-06-02 12:00:00+00:00,1
13047,26805,2819.28,2026-07-03 12:00:00+00:00,6
13048,26806,2819.47,2026-08-02 12:00:00+00:00,6
13049,26807,2819.67,2026-09-05 12:00:00+00:00,3
13050,26809,509.97,2026-06-19 12:00:00+00:00,5
13051,26813,510.04,2026-06-22 12:00:00+00:00,6
13052,26810,509.99,2026-07-20 12:00:00+00:00,2
13053,26814,510.06,2026-07-22 12:00:00+00:00,6
13054,26811,510.00,2026-08-16 12:00:00+00:00,7
13055,26812,510.02,2026-09-16 12:00:00+00:00,6
13056,26845,389.17,2026-06-04 12:00:00+00:00,3
13057,26849,389.25,2026-06-08 12:00:00+00:00,4
13058,26846,389.19,2026-07-05 12:00:00+00:00,1
13059,26850,389.27,2026-07-08 12:00:00+00:00,3
13060,26847,389.21,2026-08-05 12:00:00+00:00,5
13061,26851,389.30,2026-08-07 12:00:00+00:00,5
13062,26848,389.23,2026-09-01 12:00:00+00:00,7
13063,26869,598.51,2026-01-14 12:00:00+00:00,4
13064,26878,598.74,2026-01-19 12:00:00+00:00,3
13065,26870,598.54,2026-02-14 12:00:00+00:00,5
13066,26871,598.56,2026-03-16 12:00:00+00:00,7
13067,26879,598.77,2026-03-20 12:00:00+00:00,2
13068,26872,598.59,2026-04-14 12:00:00+00:00,6
13069,26873,598.61,2026-05-17 12:00:00+00:00,3
13070,26874,598.64,2026-06-17 12:00:00+00:00,4
13071,26880,598.80,2026-06-18 12:00:00+00:00,4
13072,26875,598.66,2026-07-13 12:00:00+00:00,7
13073,26876,598.69,2026-08-12 12:00:00+00:00,6
13074,26877,598.72,2026-09-16 12:00:00+00:00,6
13075,26881,598.83,2026-09-16 12:00:00+00:00,7
13076,26893,1214.89,2026-05-29 12:00:00+00:00,3
13077,26894,1214.94,2026-06-30 12:00:00+00:00,4
13078,26898,1215.19,2026-06-30 12:00:00+00:00,2
13079,26895,1215.00,2026-07-30 12:00:00+00:00,5
13080,26899,1215.26,2026-07-30 12:00:00+00:00,4
13081,26896,1215.07,2026-08-27 12:00:00+00:00,4
13082,26897,1215.13,2026-09-25 12:00:00+00:00,6
13083,26900,1215.33,2026-09-28 12:00:00+00:00,6
13084,26917,1741.38,2026-01-08 12:00:00+00:00,1
13085,26918,1741.47,2026-02-05 12:00:00+00:00,5
13086,26919,1741.57,2026-03-10 12:00:00+00:00,2
13087,26920,1741.67,2026-04-09 12:00:00+00:00,5
13088,26921,1741.77,2026-05-04 12:00:00+00:00,6
13089,26926,1742.34,2026-05-09 12:00:00+00:00,3
13090,26922,1741.88,2026-06-08 12:00:00+00:00,5
13091,26927,1742.46,2026-06-08 12:00:00+00:00,4
13092,26923,1741.99,2026-07-07 12:00:00+00:00,6
13093,26928,1742.59,2026-07-08 12:00:00+00:00,2
13094,26924,1742.10,2026-08-03 12:00:00+00:00,6
13095,26925,1742.21,2026-09-03 12:00:00+00:00,2
13096,26929,1742.72,2026-09-06 12:00:00+00:00,3
13097,26941,2720.83,2026-02-19 12:00:00+00:00,7
13098,26942,2721.03,2026-03-18 12:00:00+00:00,6
13099,26949,2722.56,2026-03-21 12:00:00+00:00,4
13100,26943,2721.23,2026-04-18 12:00:00+00:00,4
13101,26950,2722.81,2026-04-20 12:00:00+00:00,3
13102,26944,2721.44,2026-05-17 12:00:00+00:00,3
13103,26945,2721.65,2026-06-16 12:00:00+00:00,4
13104,26951,2723.06,2026-06-19 12:00:00+00:00,6
13105,26946,2721.87,2026-07-17 12:00:00+00:00,4
13106,26952,2723.27,2026-07-19 12:00:00+00:00,7
13107,26947,2722.09,2026-08-16 12:00:00+00:00,5
13108,26948,2722.33,2026-09-16 12:00:00+00:00,7
13109,26953,356.43,2026-04-11 12:00:00+00:00,1
13110,26959,356.50,2026-04-11 12:00:00+00:00,4
13111,26954,356.44,2026-05-09 12:00:00+00:00,1
13112,26960,356.52,2026-05-11 12:00:00+00:00,6
13113,26955,356.45,2026-06-06 12:00:00+00:00,2
13114,26961,356.53,2026-06-10 12:00:00+00:00,5
13115,26956,356.46,2026-07-05 12:00:00+00:00,7
13116,26957,356.48,2026-08-05 12:00:00+00:00,1
13117,26962,356.55,2026-08-09 12:00:00+00:00,2
13118,26958,356.49,2026-09-05 12:00:00+00:00,4
13119,26963,356.56,2026-09-08 12:00:00+00:00,6
13120,26989,1392.33,2025-11-27 12:00:00+00:00,4
13121,26990,1392.37,2025-12-27 12:00:00+00:00,5
13122,26991,1392.42,2026-01-27 12:00:00+00:00,4
13123,27000,1392.84,2026-01-30 12:00:00+00:00,3
13124,26992,1392.46,2026-02-27 12:00:00+00:00,3
13125,27001,1392.89,2026-03-01 12:00:00+00:00,7
13126,26993,1392.51,2026-03-29 12:00:00+00:00,5
13127,27002,1392.94,2026-03-31 12:00:00+00:00,1
13128,26994,1392.55,2026-04-26 12:00:00+00:00,1
13129,27003,1392.99,2026-04-30 12:00:00+00:00,3
13130,26995,1392.60,2026-05-27 12:00:00+00:00,2
13131,27004,1393.04,2026-05-30 12:00:00+00:00,7
13132,26996,1392.64,2026-06-24 12:00:00+00:00,3
13133,26997,1392.69,2026-07-25 12:00:00+00:00,6
13134,26998,1392.74,2026-08-27 12:00:00+00:00,1
13135,26999,1392.79,2026-09-25 12:00:00+00:00,2
13136,27005,1393.09,2026-09-27 12:00:00+00:00,7
13137,27025,1616.43,2026-06-01 12:00:00+00:00,3
13138,27026,1616.51,2026-06-28 12:00:00+00:00,4
13139,27027,1616.60,2026-07-29 12:00:00+00:00,7
13140,27028,1616.69,2026-08-26 12:00:00+00:00,4
13141,27030,1616.88,2026-08-31 12:00:00+00:00,6
13142,27029,1616.78,2026-09-26 12:00:00+00:00,2
13143,27049,1631.12,2025-11-26 12:00:00+00:00,2
13144,27060,1632.50,2025-11-26 12:00:00+00:00,2
13145,27050,1631.22,2025-12-23 12:00:00+00:00,3
13146,27061,1632.65,2025-12-26 12:00:00+00:00,3
13147,27051,1631.33,2026-01-21 12:00:00+00:00,6
13148,27052,1631.44,2026-02-20 12:00:00+00:00,2
13149,27053,1631.56,2026-03-24 12:00:00+00:00,5
13150,27054,1631.68,2026-04-20 12:00:00+00:00,6
13151,27055,1631.81,2026-05-24 12:00:00+00:00,6
13152,27062,1632.81,2026-05-25 12:00:00+00:00,7
13153,27056,1631.94,2026-06-24 12:00:00+00:00,5
13154,27063,1632.97,2026-06-24 12:00:00+00:00,3
13155,27057,1632.07,2026-07-20 12:00:00+00:00,7
13156,27058,1632.21,2026-08-19 12:00:00+00:00,4
13157,27059,1632.35,2026-09-21 12:00:00+00:00,7
13158,27067,2501.50,2026-05-26 12:00:00+00:00,7
13159,27072,2502.29,2026-05-26 12:00:00+00:00,6
13160,27068,2501.65,2026-06-20 12:00:00+00:00,4
13161,27073,2502.46,2026-06-25 12:00:00+00:00,2
13162,27069,2501.80,2026-07-20 12:00:00+00:00,7
13163,27070,2501.96,2026-08-20 12:00:00+00:00,7
13164,27074,2502.64,2026-08-24 12:00:00+00:00,2
13165,27071,2502.12,2026-09-19 12:00:00+00:00,6
13166,27075,2502.82,2026-09-23 12:00:00+00:00,1
13167,27085,256.57,2026-02-17 12:00:00+00:00,2
13168,27086,256.59,2026-03-22 12:00:00+00:00,7
13169,27093,256.71,2026-03-23 12:00:00+00:00,4
13170,27087,256.60,2026-04-20 12:00:00+00:00,3
13171,27094,256.73,2026-04-22 12:00:00+00:00,1
13172,27088,256.62,2026-05-21 12:00:00+00:00,5
13173,27089,256.64,2026-06-19 12:00:00+00:00,3
13174,27090,256.65,2026-07-18 12:00:00+00:00,7
13175,27091,256.67,2026-08-18 12:00:00+00:00,5
13176,27092,256.69,2026-09-18 12:00:00+00:00,6
13177,27095,256.75,2026-09-19 12:00:00+00:00,6
13178,27103,1394.90,2026-04-06 12:00:00+00:00,1
13179,27104,1394.95,2026-05-08 12:00:00+00:00,2
13180,27109,1395.21,2026-05-09 12:00:00+00:00,2
13181,27105,1395.00,2026-06-04 12:00:00+00:00,4
13182,27110,1395.26,2026-06-08 12:00:00+00:00,1
13183,27106,1395.05,2026-07-03 12:00:00+00:00,2
13184,27111,1395.32,2026-07-08 12:00:00+00:00,4
13185,27107,1395.10,2026-08-02 12:00:00+00:00,1
13186,27112,1395.37,2026-08-07 12:00:00+00:00,2
13187,27108,1395.15,2026-09-05 12:00:00+00:00,5
13188,27113,1395.43,2026-09-06 12:00:00+00:00,7
13189,27139,841.55,2026-07-06 12:00:00+00:00,1
13190,27142,841.71,2026-07-08 12:00:00+00:00,5
13191,27140,841.60,2026-08-06 12:00:00+00:00,2
13192,27141,841.65,2026-09-02 12:00:00+00:00,1
13193,27143,841.76,2026-09-06 12:00:00+00:00,2
13194,27157,777.15,2026-03-21 12:00:00+00:00,5
13195,27164,777.52,2026-03-22 12:00:00+00:00,5
13196,27158,777.20,2026-04-16 12:00:00+00:00,2
13197,27165,777.58,2026-04-21 12:00:00+00:00,5
13198,27159,777.25,2026-05-21 12:00:00+00:00,7
13199,27160,777.30,2026-06-17 12:00:00+00:00,7
13200,27161,777.35,2026-07-17 12:00:00+00:00,4
13201,27166,777.64,2026-07-20 12:00:00+00:00,5
13202,27162,777.41,2026-08-18 12:00:00+00:00,6
13203,27167,777.70,2026-08-19 12:00:00+00:00,5
13204,27163,777.46,2026-09-16 12:00:00+00:00,2
13205,27175,2706.05,2026-06-04 12:00:00+00:00,2
13206,27179,2706.86,2026-06-06 12:00:00+00:00,1
13207,27176,2706.24,2026-07-01 12:00:00+00:00,6
13208,27180,2707.08,2026-07-06 12:00:00+00:00,6
13209,27177,2706.44,2026-08-03 12:00:00+00:00,5
13210,27178,2706.65,2026-08-31 12:00:00+00:00,2
13211,27181,2707.30,2026-09-04 12:00:00+00:00,1
13212,27187,3300.94,2026-04-08 12:00:00+00:00,5
13213,27188,3301.19,2026-05-09 12:00:00+00:00,1
13214,27193,3302.52,2026-05-12 12:00:00+00:00,6
13215,27189,3301.44,2026-06-06 12:00:00+00:00,2
13216,27190,3301.70,2026-07-10 12:00:00+00:00,5
13217,27194,3302.82,2026-07-11 12:00:00+00:00,7
13218,27191,3301.97,2026-08-09 12:00:00+00:00,1
13219,27195,3303.12,2026-08-10 12:00:00+00:00,2
13220,27192,3302.24,2026-09-06 12:00:00+00:00,1
13221,27199,799.16,2026-05-17 12:00:00+00:00,6
13222,27204,799.42,2026-05-19 12:00:00+00:00,3
13223,27200,799.21,2026-06-16 12:00:00+00:00,2
13224,27201,799.26,2026-07-14 12:00:00+00:00,6
13225,27202,799.31,2026-08-13 12:00:00+00:00,4
13226,27203,799.36,2026-09-11 12:00:00+00:00,3
13227,27205,799.47,2026-09-16 12:00:00+00:00,1
13228,27217,1023.83,2026-01-04 12:00:00+00:00,4
13229,27226,1024.37,2026-01-08 12:00:00+00:00,7
13230,27218,1023.88,2026-02-07 12:00:00+00:00,1
13231,27219,1023.94,2026-03-06 12:00:00+00:00,2
13232,27227,1024.44,2026-03-09 12:00:00+00:00,7
13233,27220,1023.99,2026-04-07 12:00:00+00:00,4
13234,27228,1024.51,2026-04-08 12:00:00+00:00,4
13235,27221,1024.05,2026-05-03 12:00:00+00:00,2
13236,27222,1024.11,2026-06-02 12:00:00+00:00,4
13237,27229,1024.58,2026-06-07 12:00:00+00:00,5
13238,27223,1024.17,2026-07-06 12:00:00+00:00,6
13239,27230,1024.66,2026-07-07 12:00:00+00:00,4
13240,27224,1024.24,2026-08-03 12:00:00+00:00,2
13241,27231,1024.74,2026-08-06 12:00:00+00:00,6
13242,27225,1024.30,2026-09-03 12:00:00+00:00,5
13243,27241,2637.60,2026-02-26 12:00:00+00:00,2
13244,27249,2638.89,2026-03-03 12:00:00+00:00,3
13245,27242,2637.75,2026-04-02 12:00:00+00:00,5
13246,27243,2637.90,2026-04-28 12:00:00+00:00,1
13247,27244,2638.06,2026-05-28 12:00:00+00:00,5
13248,27250,2639.07,2026-06-01 12:00:00+00:00,3
13249,27245,2638.21,2026-07-01 12:00:00+00:00,3
13250,27251,2639.25,2026-07-01 12:00:00+00:00,5
13251,27246,2638.38,2026-07-26 12:00:00+00:00,3
13252,27247,2638.54,2026-08-28 12:00:00+00:00,6
13253,27248,2638.71,2026-09-24 12:00:00+00:00,5
13254,27259,1628.52,2026-08-04 12:00:00+00:00,1
13255,27261,1628.79,2026-08-06 12:00:00+00:00,7
13256,27260,1628.65,2026-09-05 12:00:00+00:00,2
13257,27262,1628.92,2026-09-05 12:00:00+00:00,5
13258,27271,2486.14,2025-12-15 12:00:00+00:00,4
13259,27272,2486.30,2026-01-09 12:00:00+00:00,6
13260,27273,2486.46,2026-02-18 12:00:00+00:00,3
13261,27274,2486.63,2026-03-16 12:00:00+00:00,3
13262,27275,2486.80,2026-04-13 12:00:00+00:00,6
13263,27276,2486.97,2026-05-20 12:00:00+00:00,6
13264,27277,2487.15,2026-06-14 12:00:00+00:00,5
13265,27278,2487.34,2026-07-22 12:00:00+00:00,5
13266,27279,2487.53,2026-08-16 12:00:00+00:00,3
13267,27283,297.58,2026-05-23 12:00:00+00:00,5
13268,27288,297.66,2026-05-24 12:00:00+00:00,3
13269,27284,297.60,2026-06-22 12:00:00+00:00,6
13270,27285,297.61,2026-07-18 12:00:00+00:00,1
13271,27289,297.67,2026-07-23 12:00:00+00:00,1
13272,27286,297.63,2026-08-21 12:00:00+00:00,6
13273,27287,297.64,2026-09-21 12:00:00+00:00,6
13274,27301,941.18,2026-01-02 12:00:00+00:00,1
13275,27310,941.64,2026-01-04 12:00:00+00:00,1
13276,27302,941.23,2026-01-30 12:00:00+00:00,1
13277,27303,941.28,2026-02-28 12:00:00+00:00,6
13278,27304,941.33,2026-04-01 12:00:00+00:00,6
13279,27311,941.70,2026-04-04 12:00:00+00:00,5
13280,27305,941.38,2026-05-04 12:00:00+00:00,7
13281,27306,941.43,2026-05-30 12:00:00+00:00,4
13282,27307,941.48,2026-06-30 12:00:00+00:00,2
13283,27312,941.76,2026-07-03 12:00:00+00:00,4
13284,27308,941.53,2026-07-29 12:00:00+00:00,6
13285,27313,941.82,2026-08-02 12:00:00+00:00,2
13286,27309,941.59,2026-08-30 12:00:00+00:00,6
13287,27325,554.18,2025-12-31 12:00:00+00:00,6
13288,27335,554.41,2026-01-02 12:00:00+00:00,4
13289,27326,554.20,2026-01-28 12:00:00+00:00,1
13290,27327,554.22,2026-02-28 12:00:00+00:00,4
13291,27328,554.24,2026-03-29 12:00:00+00:00,7
13292,27329,554.26,2026-04-29 12:00:00+00:00,7
13293,27336,554.43,2026-05-02 12:00:00+00:00,4
13294,27330,554.29,2026-05-28 12:00:00+00:00,4
13295,27331,554.31,2026-07-01 12:00:00+00:00,6
13296,27337,554.46,2026-07-01 12:00:00+00:00,5
13297,27332,554.33,2026-07-28 12:00:00+00:00,4
13298,27338,554.49,2026-07-31 12:00:00+00:00,4
13299,27333,554.36,2026-08-25 12:00:00+00:00,5
13300,27339,554.51,2026-08-30 12:00:00+00:00,1
13301,27334,554.38,2026-09-27 12:00:00+00:00,2
13302,27340,554.54,2026-09-29 12:00:00+00:00,7
13303,27361,650.23,2026-03-28 12:00:00+00:00,2
13304,27362,650.25,2026-04-23 12:00:00+00:00,1
13305,27363,650.28,2026-05-15 12:00:00+00:00,1
13306,27364,650.31,2026-06-18 12:00:00+00:00,1
13307,27365,650.34,2026-07-12 12:00:00+00:00,2
13308,27366,650.37,2026-08-20 12:00:00+00:00,1
13309,27373,290.50,2026-02-27 12:00:00+00:00,2
13310,27374,290.51,2026-03-25 12:00:00+00:00,4
13311,27375,290.53,2026-04-26 12:00:00+00:00,1
13312,27376,290.54,2026-05-28 12:00:00+00:00,3
13313,27377,290.56,2026-06-28 12:00:00+00:00,3
13314,27378,290.57,2026-07-26 12:00:00+00:00,2
13315,27380,145.30,2026-09-07 12:00:00+00:00,1
13316,27380,145.31,2026-09-28 12:00:00+00:00,1
13317,27385,2189.53,2026-02-01 12:00:00+00:00,5
13318,27386,2189.62,2026-03-03 12:00:00+00:00,7
13319,27387,2189.72,2026-03-31 12:00:00+00:00,5
13320,27393,2190.32,2026-04-04 12:00:00+00:00,6
13321,27388,2189.81,2026-04-29 12:00:00+00:00,3
13322,27394,2190.43,2026-05-04 12:00:00+00:00,2
13323,27389,2189.91,2026-05-31 12:00:00+00:00,6
13324,27395,2190.54,2026-06-03 12:00:00+00:00,4
13325,27390,2190.01,2026-07-03 12:00:00+00:00,4
13326,27396,2190.65,2026-07-03 12:00:00+00:00,4
13327,27391,2190.11,2026-07-31 12:00:00+00:00,1
13328,27397,2190.76,2026-08-02 12:00:00+00:00,7
13329,27392,2190.22,2026-08-29 12:00:00+00:00,7
13330,27398,2190.87,2026-09-01 12:00:00+00:00,1
13331,27403,732.56,2025-11-15 12:00:00+00:00,4
13332,27414,732.85,2025-11-20 12:00:00+00:00,6
13333,27404,732.58,2025-12-18 12:00:00+00:00,6
13334,27405,732.61,2026-01-18 12:00:00+00:00,1
13335,27406,732.63,2026-02-14 12:00:00+00:00,3
13336,27415,732.88,2026-02-18 12:00:00+00:00,2
13337,27407,732.66,2026-03-20 12:00:00+00:00,1
13338,27408,732.68,2026-04-14 12:00:00+00:00,7
13339,27409,732.71,2026-05-19 12:00:00+00:00,1
13340,27416,732.91,2026-05-19 12:00:00+00:00,6
13341,27410,732.74,2026-06-15 12:00:00+00:00,2
13342,27411,732.77,2026-07-14 12:00:00+00:00,6
13343,27417,732.94,2026-07-18 12:00:00+00:00,2
13344,27412,732.79,2026-08-13 12:00:00+00:00,5
13345,27418,732.98,2026-08-17 12:00:00+00:00,1
13346,27413,732.82,2026-09-11 12:00:00+00:00,1
13347,27439,1936.81,2025-11-20 12:00:00+00:00,2
13348,27450,1938.39,2025-11-25 12:00:00+00:00,6
13349,27440,1936.94,2025-12-24 12:00:00+00:00,2
13350,27451,1938.56,2025-12-25 12:00:00+00:00,6
13351,27441,1937.06,2026-01-23 12:00:00+00:00,4
13352,27452,1938.73,2026-01-24 12:00:00+00:00,6
13353,27442,1937.19,2026-02-22 12:00:00+00:00,7
13354,27453,1938.92,2026-02-23 12:00:00+00:00,4
13355,27443,1937.32,2026-03-23 12:00:00+00:00,3
13356,27444,1937.46,2026-04-24 12:00:00+00:00,7
13357,27454,1939.10,2026-04-24 12:00:00+00:00,4
13358,27445,1937.60,2026-05-19 12:00:00+00:00,7
13359,27455,1939.30,2026-05-24 12:00:00+00:00,3
13360,27446,1937.75,2026-06-23 12:00:00+00:00,6
13361,27447,1937.90,2026-07-22 12:00:00+00:00,2
13362,27448,1938.06,2026-08-20 12:00:00+00:00,1
13363,27449,1938.22,2026-09-20 12:00:00+00:00,7
13364,27456,1939.39,2026-09-21 12:00:00+00:00,1
13365,27457,741.06,2026-03-23 12:00:00+00:00,1
13366,27464,741.43,2026-03-25 12:00:00+00:00,2
13367,27458,741.11,2026-04-20 12:00:00+00:00,4
13368,27465,741.49,2026-04-24 12:00:00+00:00,5
13369,27459,741.16,2026-05-19 12:00:00+00:00,1
13370,27466,741.55,2026-05-24 12:00:00+00:00,7
13371,27460,741.21,2026-06-18 12:00:00+00:00,5
13372,27461,741.26,2026-07-21 12:00:00+00:00,2
13373,27467,741.62,2026-07-23 12:00:00+00:00,5
13374,27462,741.31,2026-08-17 12:00:00+00:00,1
13375,27468,741.68,2026-08-22 12:00:00+00:00,4
13376,27463,741.37,2026-09-19 12:00:00+00:00,3
13377,27469,741.75,2026-09-21 12:00:00+00:00,3
13378,27475,828.90,2025-12-28 12:00:00+00:00,3
13379,27476,828.93,2026-01-24 12:00:00+00:00,7
13380,27485,829.24,2026-01-28 12:00:00+00:00,7
13381,27477,828.96,2026-02-25 12:00:00+00:00,6
13382,27478,828.99,2026-03-24 12:00:00+00:00,4
13383,27486,829.28,2026-03-29 12:00:00+00:00,5
13384,27479,829.02,2026-04-24 12:00:00+00:00,6
13385,27487,829.32,2026-04-28 12:00:00+00:00,7
13386,27480,829.06,2026-05-25 12:00:00+00:00,7
13387,27488,829.37,2026-05-28 12:00:00+00:00,4
13388,27481,829.09,2026-06-26 12:00:00+00:00,6
13389,27489,829.41,2026-06-27 12:00:00+00:00,4
13390,27482,829.13,2026-07-25 12:00:00+00:00,3
13391,27490,829.46,2026-07-27 12:00:00+00:00,5
13392,27483,829.16,2026-08-25 12:00:00+00:00,3
13393,27484,829.20,2026-09-23 12:00:00+00:00,2
13394,27511,678.02,2026-07-23 12:00:00+00:00,6
13395,27512,678.05,2026-08-21 12:00:00+00:00,2
13396,27514,678.10,2026-08-22 12:00:00+00:00,5
13397,27513,678.07,2026-09-19 12:00:00+00:00,3
13398,27515,678.12,2026-09-21 12:00:00+00:00,4
13399,27547,2701.56,2026-01-18 12:00:00+00:00,3
13400,27556,2702.69,2026-01-22 12:00:00+00:00,5
13401,27548,2701.68,2026-02-18 12:00:00+00:00,5
13402,27549,2701.80,2026-03-18 12:00:00+00:00,7
13403,27550,2701.92,2026-04-18 12:00:00+00:00,6
13404,27557,2702.82,2026-04-22 12:00:00+00:00,1
13405,27551,2702.04,2026-05-21 12:00:00+00:00,5
13406,27558,2702.92,2026-05-22 12:00:00+00:00,2
13407,27552,2702.17,2026-06-16 12:00:00+00:00,6
13408,27553,2702.30,2026-07-18 12:00:00+00:00,2
13409,27554,2702.42,2026-08-20 12:00:00+00:00,7
13410,27555,2702.56,2026-09-14 12:00:00+00:00,1
13411,27559,657.22,2026-02-21 12:00:00+00:00,6
13412,27567,657.69,2026-02-26 12:00:00+00:00,3
13413,27560,657.27,2026-03-23 12:00:00+00:00,2
13414,27568,657.76,2026-03-28 12:00:00+00:00,6
13415,27561,657.32,2026-04-23 12:00:00+00:00,3
13416,27569,657.83,2026-04-27 12:00:00+00:00,7
13417,27562,657.38,2026-05-25 12:00:00+00:00,1
13418,27570,657.84,2026-05-27 12:00:00+00:00,7
13419,27563,657.44,2026-06-25 12:00:00+00:00,1
13420,27564,657.50,2026-07-26 12:00:00+00:00,1
13421,27565,657.56,2026-08-25 12:00:00+00:00,5
13422,27566,657.62,2026-09-23 12:00:00+00:00,5
13423,27571,868.36,2026-03-03 12:00:00+00:00,5
13424,27579,868.77,2026-03-04 12:00:00+00:00,3
13425,27572,868.41,2026-04-03 12:00:00+00:00,2
13426,27580,868.83,2026-04-03 12:00:00+00:00,1
13427,27573,868.45,2026-05-01 12:00:00+00:00,4
13428,27574,868.50,2026-05-31 12:00:00+00:00,5
13429,27575,868.55,2026-07-02 12:00:00+00:00,1
13430,27581,868.89,2026-07-02 12:00:00+00:00,3
13431,27576,868.61,2026-08-01 12:00:00+00:00,4
13432,27582,868.96,2026-08-01 12:00:00+00:00,4
13433,27577,868.66,2026-08-29 12:00:00+00:00,2
13434,27578,868.72,2026-09-26 12:00:00+00:00,6
13435,27583,869.02,2026-09-30 12:00:00+00:00,3
13436,27595,1074.65,2026-06-11 12:00:00+00:00,6
13437,27596,1074.68,2026-07-14 12:00:00+00:00,2
13438,27597,1074.72,2026-08-10 12:00:00+00:00,2
13439,27598,1074.76,2026-09-10 12:00:00+00:00,7
13440,27631,1508.10,2026-05-31 12:00:00+00:00,6
13441,27635,1508.33,2026-06-04 12:00:00+00:00,6
13442,27632,1508.15,2026-07-04 12:00:00+00:00,5
13443,27636,1508.39,2026-07-04 12:00:00+00:00,2
13444,27633,1508.21,2026-07-29 12:00:00+00:00,4
13445,27637,1508.45,2026-08-03 12:00:00+00:00,2
13446,27634,1508.27,2026-08-28 12:00:00+00:00,2
13447,27638,1508.51,2026-09-02 12:00:00+00:00,6
13448,27667,1015.80,2025-12-16 12:00:00+00:00,6
13449,27677,1016.56,2025-12-16 12:00:00+00:00,6
13450,27668,1015.87,2026-01-13 12:00:00+00:00,7
13451,27678,1016.61,2026-01-15 12:00:00+00:00,5
13452,27669,1015.93,2026-02-14 12:00:00+00:00,4
13453,27670,1016.01,2026-03-11 12:00:00+00:00,6
13454,27671,1016.08,2026-04-10 12:00:00+00:00,5
13455,27672,1016.15,2026-05-11 12:00:00+00:00,5
13456,27673,1016.23,2026-06-14 12:00:00+00:00,1
13457,27674,1016.31,2026-07-10 12:00:00+00:00,4
13458,27675,1016.39,2026-08-10 12:00:00+00:00,2
13459,27676,1016.47,2026-09-10 12:00:00+00:00,2
13460,27679,2459.15,2026-07-03 12:00:00+00:00,6
13461,27680,2459.30,2026-08-02 12:00:00+00:00,4
13462,27682,2459.59,2026-08-03 12:00:00+00:00,2
13463,27681,2459.44,2026-08-28 12:00:00+00:00,1
13464,27683,2459.74,2026-09-02 12:00:00+00:00,6
13465,27691,1102.45,2026-05-24 12:00:00+00:00,3
13466,27696,1102.71,2026-05-24 12:00:00+00:00,1
13467,27692,1102.50,2026-06-18 12:00:00+00:00,5
13468,27697,1102.77,2026-06-23 12:00:00+00:00,7
13469,27693,1102.55,2026-07-18 12:00:00+00:00,5
13470,27698,1102.83,2026-07-23 12:00:00+00:00,6
13471,27694,1102.60,2026-08-21 12:00:00+00:00,1
13472,27695,1102.66,2026-09-20 12:00:00+00:00,7
13473,27709,1068.73,2026-03-25 12:00:00+00:00,5
13474,27710,1068.77,2026-04-26 12:00:00+00:00,5
13475,27711,1068.81,2026-05-24 12:00:00+00:00,7
13476,27716,1069.01,2026-05-26 12:00:00+00:00,1
13477,27712,1068.85,2026-06-22 12:00:00+00:00,6
13478,27713,1068.89,2026-07-24 12:00:00+00:00,7
13479,27717,1069.05,2026-07-25 12:00:00+00:00,1
13480,27714,1068.93,2026-08-24 12:00:00+00:00,7
13481,27715,1068.97,2026-09-20 12:00:00+00:00,4
13482,27718,1069.10,2026-09-23 12:00:00+00:00,6
13483,27733,1010.83,2026-01-17 12:00:00+00:00,6
13484,27734,1010.89,2026-02-17 12:00:00+00:00,6
13485,27742,1011.39,2026-02-18 12:00:00+00:00,5
13486,27735,1010.95,2026-03-15 12:00:00+00:00,7
13487,27736,1011.01,2026-04-19 12:00:00+00:00,1
13488,27737,1011.07,2026-05-14 12:00:00+00:00,3
13489,27743,1011.46,2026-05-19 12:00:00+00:00,6
13490,27738,1011.13,2026-06-17 12:00:00+00:00,3
13491,27744,1011.48,2026-06-18 12:00:00+00:00,4
13492,27739,1011.19,2026-07-14 12:00:00+00:00,7
13493,27740,1011.26,2026-08-14 12:00:00+00:00,7
13494,27741,1011.32,2026-09-13 12:00:00+00:00,7
13495,27745,487.40,2026-01-19 12:00:00+00:00,4
13496,27746,487.44,2026-02-19 12:00:00+00:00,3
13497,27747,487.47,2026-03-19 12:00:00+00:00,2
13498,27754,487.75,2026-03-24 12:00:00+00:00,5
13499,27748,487.51,2026-04-20 12:00:00+00:00,6
13500,27755,487.79,2026-04-23 12:00:00+00:00,5
13501,27749,487.55,2026-05-21 12:00:00+00:00,1
13502,27756,487.84,2026-05-23 12:00:00+00:00,5
13503,27750,487.58,2026-06-17 12:00:00+00:00,2
13504,27751,487.62,2026-07-19 12:00:00+00:00,6
13505,27752,487.66,2026-08-17 12:00:00+00:00,7
13506,27753,487.70,2026-09-19 12:00:00+00:00,2
13507,27757,1393.62,2026-06-09 12:00:00+00:00,6
13508,27761,1393.93,2026-06-11 12:00:00+00:00,1
13509,27758,1393.69,2026-07-08 12:00:00+00:00,2
13510,27759,1393.77,2026-08-07 12:00:00+00:00,4
13511,27760,1393.85,2026-09-09 12:00:00+00:00,6
13512,27775,1479.12,2026-02-08 12:00:00+00:00,2
13513,27783,1479.59,2026-02-12 12:00:00+00:00,5
13514,27776,1479.17,2026-03-12 12:00:00+00:00,1
13515,27784,1479.66,2026-03-14 12:00:00+00:00,1
13516,27777,1479.23,2026-04-10 12:00:00+00:00,1
13517,27785,1479.72,2026-04-13 12:00:00+00:00,1
13518,27778,1479.28,2026-05-10 12:00:00+00:00,4
13519,27779,1479.34,2026-06-12 12:00:00+00:00,4
13520,27786,1479.79,2026-06-12 12:00:00+00:00,4
13521,27780,1479.40,2026-07-10 12:00:00+00:00,5
13522,27781,1479.46,2026-08-08 12:00:00+00:00,6
13523,27787,1479.86,2026-08-11 12:00:00+00:00,4
13524,27782,1479.53,2026-09-08 12:00:00+00:00,4
13525,27811,2068.82,2025-12-29 12:00:00+00:00,6
13526,27812,2068.93,2026-01-29 12:00:00+00:00,4
13527,27813,2069.04,2026-03-01 12:00:00+00:00,5
13528,27821,2070.10,2026-03-03 12:00:00+00:00,7
13529,27814,2069.16,2026-03-28 12:00:00+00:00,2
13530,27815,2069.28,2026-04-27 12:00:00+00:00,4
13531,27822,2070.25,2026-05-02 12:00:00+00:00,2
13532,27816,2069.41,2026-05-31 12:00:00+00:00,5
13533,27823,2070.41,2026-06-01 12:00:00+00:00,2
13534,27817,2069.54,2026-06-30 12:00:00+00:00,5
13535,27824,2070.57,2026-07-01 12:00:00+00:00,4
13536,27818,2069.67,2026-07-26 12:00:00+00:00,2
13537,27825,2070.74,2026-07-31 12:00:00+00:00,6
13538,27819,2069.81,2026-08-29 12:00:00+00:00,1
13539,27820,2069.95,2026-09-27 12:00:00+00:00,6
13540,27826,2070.91,2026-09-29 12:00:00+00:00,2
13541,27835,2578.50,2026-03-03 12:00:00+00:00,7
13542,27842,2579.43,2026-03-08 12:00:00+00:00,6
13543,27836,2578.63,2026-04-02 12:00:00+00:00,5
13544,27843,2579.58,2026-04-07 12:00:00+00:00,5
13545,27837,2578.76,2026-05-04 12:00:00+00:00,2
13546,27844,2579.72,2026-05-07 12:00:00+00:00,7
13547,27838,2578.89,2026-06-03 12:00:00+00:00,4
13548,27845,2579.87,2026-06-06 12:00:00+00:00,3
13549,27839,2579.02,2026-07-05 12:00:00+00:00,2
13550,27846,2580.03,2026-07-06 12:00:00+00:00,4
13551,27840,2579.16,2026-08-03 12:00:00+00:00,7
13552,27847,2580.18,2026-08-05 12:00:00+00:00,4
13553,27841,2579.29,2026-09-04 12:00:00+00:00,5
13554,27848,2580.34,2026-09-04 12:00:00+00:00,7
13555,27853,168.02,2025-12-14 12:00:00+00:00,7
13556,27854,168.03,2026-01-17 12:00:00+00:00,3
13557,27863,168.11,2026-01-17 12:00:00+00:00,5
13558,27855,168.04,2026-02-16 12:00:00+00:00,6
13559,27864,168.12,2026-02-16 12:00:00+00:00,6
13560,27856,168.04,2026-03-13 12:00:00+00:00,1
13561,27865,168.13,2026-03-18 12:00:00+00:00,1
13562,27857,168.05,2026-04-17 12:00:00+00:00,7
13563,27858,168.06,2026-05-15 12:00:00+00:00,4
13564,27866,168.14,2026-05-17 12:00:00+00:00,6
13565,27859,168.07,2026-06-13 12:00:00+00:00,3
13566,27867,168.15,2026-06-16 12:00:00+00:00,2
13567,27860,168.08,2026-07-12 12:00:00+00:00,5
13568,27868,168.17,2026-07-16 12:00:00+00:00,7
13569,27861,168.09,2026-08-15 12:00:00+00:00,2
13570,27862,168.10,2026-09-10 12:00:00+00:00,1
13571,27877,1509.84,2026-02-28 12:00:00+00:00,2
13572,27885,1510.60,2026-02-28 12:00:00+00:00,3
13573,27878,1509.93,2026-03-29 12:00:00+00:00,1
13574,27879,1510.02,2026-04-25 12:00:00+00:00,1
13575,27880,1510.11,2026-05-26 12:00:00+00:00,2
13576,27886,1510.71,2026-05-29 12:00:00+00:00,3
13577,27881,1510.20,2026-06-25 12:00:00+00:00,7
13578,27887,1510.82,2026-06-28 12:00:00+00:00,5
13579,27882,1510.30,2026-07-27 12:00:00+00:00,3
13580,27888,1510.93,2026-07-28 12:00:00+00:00,1
13581,27883,1510.40,2026-08-23 12:00:00+00:00,5
13582,27884,1510.50,2026-09-22 12:00:00+00:00,2
13583,27895,1773.85,2026-02-28 12:00:00+00:00,4
13584,27896,1773.94,2026-03-30 12:00:00+00:00,2
13585,27897,1774.02,2026-04-28 12:00:00+00:00,1
13586,27903,1774.56,2026-04-29 12:00:00+00:00,4
13587,27898,1774.11,2026-05-26 12:00:00+00:00,6
13588,27899,1774.19,2026-06-24 12:00:00+00:00,4
13589,27900,1774.28,2026-07-23 12:00:00+00:00,3
13590,27904,1774.66,2026-07-28 12:00:00+00:00,5
13591,27901,1774.37,2026-08-24 12:00:00+00:00,2
13592,27905,1774.76,2026-08-27 12:00:00+00:00,6
13593,27902,1774.47,2026-09-24 12:00:00+00:00,7
13594,27919,1369.99,2026-07-17 12:00:00+00:00,5
13595,27920,1370.06,2026-08-24 12:00:00+00:00,7
13596,27943,2151.81,2026-07-23 12:00:00+00:00,2
13597,27944,2151.92,2026-08-22 12:00:00+00:00,6
13598,27946,2152.15,2026-08-26 12:00:00+00:00,5
13599,27945,2152.03,2026-09-21 12:00:00+00:00,1
13600,27947,2152.26,2026-09-25 12:00:00+00:00,5
13601,27967,1332.79,2026-05-02 12:00:00+00:00,1
13602,27968,1332.84,2026-06-12 12:00:00+00:00,6
13603,27969,1332.89,2026-07-06 12:00:00+00:00,1
13604,27970,1332.94,2026-08-12 12:00:00+00:00,7
13605,27971,1332.99,2026-09-10 12:00:00+00:00,2
13606,28003,1180.92,2026-06-01 12:00:00+00:00,1
13607,28007,1181.26,2026-06-06 12:00:00+00:00,3
13608,28004,1181.00,2026-07-02 12:00:00+00:00,4
13609,28008,1181.36,2026-07-06 12:00:00+00:00,2
13610,28005,1181.08,2026-08-05 12:00:00+00:00,3
13611,28006,1181.17,2026-09-03 12:00:00+00:00,2
13612,28009,1181.45,2026-09-04 12:00:00+00:00,5
13613,28015,2051.48,2025-11-21 12:00:00+00:00,3
13614,28016,2051.64,2025-12-21 12:00:00+00:00,7
13615,28026,2053.44,2025-12-25 12:00:00+00:00,1
13616,28017,2051.80,2026-01-20 12:00:00+00:00,5
13617,28018,2051.96,2026-02-21 12:00:00+00:00,4
13618,28019,2052.13,2026-03-20 12:00:00+00:00,6
13619,28020,2052.30,2026-04-24 12:00:00+00:00,2
13620,28021,2052.48,2026-05-21 12:00:00+00:00,4
13621,28022,2052.67,2026-06-18 12:00:00+00:00,3
13622,28023,2052.86,2026-07-20 12:00:00+00:00,3
13623,28024,2053.05,2026-08-20 12:00:00+00:00,3
13624,28025,2053.26,2026-09-16 12:00:00+00:00,3
13625,28027,1417.60,2026-07-12 12:00:00+00:00,1
13626,28030,1417.80,2026-07-13 12:00:00+00:00,6
13627,28028,1417.67,2026-08-08 12:00:00+00:00,1
13628,28031,1417.86,2026-08-12 12:00:00+00:00,6
13629,28029,1417.73,2026-09-08 12:00:00+00:00,3
13630,28032,1417.93,2026-09-11 12:00:00+00:00,5
13631,28051,1426.08,2025-12-12 12:00:00+00:00,6
13632,28052,1426.20,2026-01-13 12:00:00+00:00,7
13633,28061,1427.39,2026-01-16 12:00:00+00:00,1
13634,28053,1426.31,2026-02-11 12:00:00+00:00,3
13635,28062,1427.54,2026-02-15 12:00:00+00:00,4
13636,28054,1426.43,2026-03-16 12:00:00+00:00,5
13637,28055,1426.56,2026-04-11 12:00:00+00:00,6
13638,28056,1426.68,2026-05-11 12:00:00+00:00,4
13639,28057,1426.82,2026-06-13 12:00:00+00:00,7
13640,28058,1426.95,2026-07-10 12:00:00+00:00,2
13641,28059,1427.09,2026-08-12 12:00:00+00:00,6
13642,28060,1427.24,2026-09-11 12:00:00+00:00,7
13643,28063,1615.50,2026-04-16 12:00:00+00:00,4
13644,28069,1616.04,2026-04-18 12:00:00+00:00,6
13645,28064,1615.58,2026-05-14 12:00:00+00:00,3
13646,28070,1616.14,2026-05-18 12:00:00+00:00,6
13647,28065,1615.67,2026-06-17 12:00:00+00:00,2
13648,28071,1616.24,2026-06-17 12:00:00+00:00,7
13649,28066,1615.75,2026-07-16 12:00:00+00:00,4
13650,28067,1615.85,2026-08-13 12:00:00+00:00,3
13651,28072,1616.35,2026-08-16 12:00:00+00:00,4
13652,28068,1615.94,2026-09-11 12:00:00+00:00,2
13653,28087,1277.21,2026-07-20 12:00:00+00:00,1
13654,28090,1277.37,2026-07-20 12:00:00+00:00,4
13655,28088,1277.26,2026-08-15 12:00:00+00:00,5
13656,28089,1277.32,2026-09-15 12:00:00+00:00,3
13657,28091,1277.42,2026-09-18 12:00:00+00:00,7
13658,28105,786.07,2026-01-18 12:00:00+00:00,7
13659,28106,786.11,2026-02-18 12:00:00+00:00,2
13660,28107,786.15,2026-03-16 12:00:00+00:00,1
13661,28108,786.19,2026-04-18 12:00:00+00:00,3
13662,28109,786.23,2026-05-14 12:00:00+00:00,1
13663,28114,786.45,2026-05-19 12:00:00+00:00,1
13664,28110,786.27,2026-06-14 12:00:00+00:00,4
13665,28115,786.49,2026-06-18 12:00:00+00:00,7
13666,28111,786.31,2026-07-16 12:00:00+00:00,3
13667,28112,786.36,2026-08-15 12:00:00+00:00,2
13668,28116,786.54,2026-08-17 12:00:00+00:00,6
13669,28113,786.40,2026-09-14 12:00:00+00:00,2
13670,28129,762.08,2026-01-21 12:00:00+00:00,5
13671,28138,762.59,2026-01-25 12:00:00+00:00,3
13672,28130,762.13,2026-02-24 12:00:00+00:00,2
13673,28131,762.18,2026-03-22 12:00:00+00:00,4
13674,28132,762.24,2026-04-20 12:00:00+00:00,4
13675,28139,762.66,2026-04-25 12:00:00+00:00,2
13676,28133,762.29,2026-05-22 12:00:00+00:00,1
13677,28140,762.65,2026-05-25 12:00:00+00:00,7
13678,28134,762.35,2026-06-19 12:00:00+00:00,7
13679,28135,762.41,2026-07-24 12:00:00+00:00,1
13680,28136,762.47,2026-08-21 12:00:00+00:00,6
13681,28137,762.53,2026-09-19 12:00:00+00:00,7
13682,28141,1038.71,2026-01-15 12:00:00+00:00,5
13683,28142,1038.74,2026-02-15 12:00:00+00:00,1
13684,28150,1039.01,2026-02-19 12:00:00+00:00,3
13685,28143,1038.77,2026-03-18 12:00:00+00:00,4
13686,28151,1039.05,2026-03-21 12:00:00+00:00,2
13687,28144,1038.81,2026-04-16 12:00:00+00:00,7
13688,28152,1039.09,2026-04-20 12:00:00+00:00,4
13689,28145,1038.84,2026-05-20 12:00:00+00:00,5
13690,28153,1039.13,2026-05-20 12:00:00+00:00,6
13691,28146,1038.87,2026-06-17 12:00:00+00:00,1
13692,28154,1039.16,2026-06-19 12:00:00+00:00,6
13693,28147,1038.91,2026-07-14 12:00:00+00:00,3
13694,28155,1039.20,2026-07-19 12:00:00+00:00,1
13695,28148,1038.94,2026-08-13 12:00:00+00:00,2
13696,28156,1039.24,2026-08-18 12:00:00+00:00,7
13697,28149,1038.98,2026-09-17 12:00:00+00:00,1
13698,28157,1039.28,2026-09-17 12:00:00+00:00,5
13699,28177,628.26,2026-01-23 12:00:00+00:00,1
13700,28178,628.29,2026-02-22 12:00:00+00:00,3
13701,28179,628.32,2026-03-23 12:00:00+00:00,6
13702,28186,628.53,2026-03-24 12:00:00+00:00,1
13703,28180,628.35,2026-04-20 12:00:00+00:00,6
13704,28187,628.56,2026-04-23 12:00:00+00:00,5
13705,28181,628.38,2026-05-19 12:00:00+00:00,6
13706,28188,628.59,2026-05-23 12:00:00+00:00,7
13707,28182,628.40,2026-06-19 12:00:00+00:00,2
13708,28183,628.43,2026-07-22 12:00:00+00:00,6
13709,28184,628.46,2026-08-16 12:00:00+00:00,7
13710,28185,628.50,2026-09-19 12:00:00+00:00,2
13711,28189,628.63,2026-09-20 12:00:00+00:00,6
13712,28201,2449.71,2025-12-25 12:00:00+00:00,5
13713,28211,2451.43,2025-12-27 12:00:00+00:00,6
13714,28202,2449.86,2026-01-24 12:00:00+00:00,1
13715,28203,2450.02,2026-02-21 12:00:00+00:00,7
13716,28212,2451.63,2026-02-25 12:00:00+00:00,6
13717,28204,2450.18,2026-03-27 12:00:00+00:00,1
13718,28213,2451.84,2026-03-27 12:00:00+00:00,3
13719,28205,2450.34,2026-04-23 12:00:00+00:00,4
13720,28206,2450.51,2026-05-26 12:00:00+00:00,7
13721,28207,2450.68,2026-06-20 12:00:00+00:00,6
13722,28214,2452.05,2026-06-25 12:00:00+00:00,1
13723,28208,2450.86,2026-07-21 12:00:00+00:00,2
13724,28215,2452.27,2026-07-25 12:00:00+00:00,3
13725,28209,2451.05,2026-08-24 12:00:00+00:00,7
13726,28216,2452.50,2026-08-24 12:00:00+00:00,5
13727,28210,2451.24,2026-09-19 12:00:00+00:00,4
13728,28219,2138.65,2026-04-04 12:00:00+00:00,5
13729,28225,2139.46,2026-04-04 12:00:00+00:00,7
13730,28220,2138.78,2026-04-29 12:00:00+00:00,6
13731,28221,2138.91,2026-06-01 12:00:00+00:00,2
13732,28222,2139.04,2026-07-02 12:00:00+00:00,1
13733,28226,2139.60,2026-07-03 12:00:00+00:00,3
13734,28223,2139.17,2026-07-31 12:00:00+00:00,7
13735,28227,2139.75,2026-08-02 12:00:00+00:00,1
13736,28224,2139.31,2026-08-27 12:00:00+00:00,3
13737,28237,3528.16,2026-06-09 12:00:00+00:00,1
13738,28238,3528.41,2026-07-12 12:00:00+00:00,4
13739,28239,3528.66,2026-08-12 12:00:00+00:00,6
13740,28240,3528.92,2026-09-06 12:00:00+00:00,4
13741,28249,1639.26,2026-07-06 12:00:00+00:00,6
13742,28252,1639.62,2026-07-08 12:00:00+00:00,4
13743,28250,1639.37,2026-08-02 12:00:00+00:00,5
13744,28251,1639.49,2026-09-03 12:00:00+00:00,7
13745,28253,1639.75,2026-09-06 12:00:00+00:00,7
13746,28261,944.52,2026-07-23 12:00:00+00:00,5
13747,28264,944.74,2026-07-27 12:00:00+00:00,4
13748,28262,944.59,2026-08-25 12:00:00+00:00,4
13749,28263,944.67,2026-09-25 12:00:00+00:00,2
13750,28265,944.82,2026-09-25 12:00:00+00:00,2
13751,28273,1917.60,2026-01-17 12:00:00+00:00,3
13752,28274,1917.69,2026-02-18 12:00:00+00:00,2
13753,28282,1918.53,2026-02-18 12:00:00+00:00,2
13754,28275,1917.79,2026-03-16 12:00:00+00:00,1
13755,28276,1917.89,2026-04-17 12:00:00+00:00,6
13756,28283,1918.64,2026-04-19 12:00:00+00:00,1
13757,28277,1917.99,2026-05-16 12:00:00+00:00,2
13758,28284,1918.76,2026-05-19 12:00:00+00:00,2
13759,28278,1918.09,2026-06-17 12:00:00+00:00,5
13760,28279,1918.20,2026-07-16 12:00:00+00:00,7
13761,28280,1918.30,2026-08-16 12:00:00+00:00,1
13762,28285,1918.89,2026-08-17 12:00:00+00:00,2
13763,28281,1918.41,2026-09-16 12:00:00+00:00,1
13764,28297,1966.64,2026-01-11 12:00:00+00:00,4
13765,28306,1967.87,2026-01-16 12:00:00+00:00,6
13766,28298,1966.76,2026-02-10 12:00:00+00:00,1
13767,28307,1968.02,2026-02-15 12:00:00+00:00,6
13768,28299,1966.88,2026-03-13 12:00:00+00:00,2
13769,28300,1967.01,2026-04-11 12:00:00+00:00,6
13770,28301,1967.14,2026-05-12 12:00:00+00:00,5
13771,28302,1967.28,2026-06-13 12:00:00+00:00,4
13772,28303,1967.42,2026-07-13 12:00:00+00:00,3
13773,28308,1968.19,2026-07-15 12:00:00+00:00,6
13774,28304,1967.56,2026-08-09 12:00:00+00:00,4
13775,28309,1968.35,2026-08-14 12:00:00+00:00,5
13776,28305,1967.71,2026-09-13 12:00:00+00:00,4
13777,28310,1968.53,2026-09-13 12:00:00+00:00,1
13778,28315,1121.98,2026-06-16 12:00:00+00:00,1
13779,28316,1122.03,2026-07-06 12:00:00+00:00,3
13780,28317,1122.09,2026-08-16 12:00:00+00:00,6
13781,28318,1122.14,2026-09-16 12:00:00+00:00,2
13782,28327,613.85,2025-12-19 12:00:00+00:00,2
13783,28328,613.89,2026-01-17 12:00:00+00:00,3
13784,28337,614.32,2026-01-20 12:00:00+00:00,3
13785,28329,613.93,2026-02-14 12:00:00+00:00,2
13786,28330,613.98,2026-03-19 12:00:00+00:00,2
13787,28338,614.37,2026-03-21 12:00:00+00:00,4
13788,28331,614.02,2026-04-17 12:00:00+00:00,6
13789,28332,614.06,2026-05-17 12:00:00+00:00,4
13790,28339,614.43,2026-05-20 12:00:00+00:00,7
13791,28333,614.11,2026-06-15 12:00:00+00:00,1
13792,28334,614.16,2026-07-15 12:00:00+00:00,7
13793,28340,614.49,2026-07-19 12:00:00+00:00,3
13794,28335,614.21,2026-08-16 12:00:00+00:00,4
13795,28336,614.26,2026-09-15 12:00:00+00:00,3
13796,28341,614.55,2026-09-17 12:00:00+00:00,1
13797,28345,1850.27,2026-01-13 12:00:00+00:00,4
13798,28354,1851.14,2026-01-18 12:00:00+00:00,1
13799,28346,1850.36,2026-02-17 12:00:00+00:00,4
13800,28355,1851.25,2026-02-17 12:00:00+00:00,1
13801,28347,1850.45,2026-03-14 12:00:00+00:00,3
13802,28356,1851.36,2026-03-19 12:00:00+00:00,2
13803,28348,1850.54,2026-04-16 12:00:00+00:00,2
13804,28349,1850.64,2026-05-17 12:00:00+00:00,4
13805,28357,1851.47,2026-05-18 12:00:00+00:00,1
13806,28350,1850.73,2026-06-13 12:00:00+00:00,5
13807,28358,1851.59,2026-06-17 12:00:00+00:00,2
13808,28351,1850.83,2026-07-16 12:00:00+00:00,7
13809,28352,1850.93,2026-08-15 12:00:00+00:00,1
13810,28353,1851.03,2026-09-14 12:00:00+00:00,3
13811,28359,1851.70,2026-09-15 12:00:00+00:00,3
13812,28369,2594.69,2025-10-31 12:00:00+00:00,2
13813,28370,2594.85,2025-11-30 12:00:00+00:00,5
13814,28371,2595.02,2026-01-03 12:00:00+00:00,1
13815,28372,2595.18,2026-01-29 12:00:00+00:00,1
13816,28373,2595.36,2026-03-01 12:00:00+00:00,2
13817,28374,2595.54,2026-04-02 12:00:00+00:00,3
13818,28381,2596.94,2026-04-03 12:00:00+00:00,6
13819,28375,2595.72,2026-05-03 12:00:00+00:00,3
13820,28376,2595.91,2026-05-29 12:00:00+00:00,3
13821,28382,2597.17,2026-06-02 12:00:00+00:00,7
13822,28377,2596.11,2026-06-30 12:00:00+00:00,5
13823,28383,2597.40,2026-07-02 12:00:00+00:00,1
13824,28378,2596.31,2026-07-29 12:00:00+00:00,3
13825,28384,2597.64,2026-08-01 12:00:00+00:00,6
13826,28379,2596.51,2026-08-26 12:00:00+00:00,3
13827,28385,2597.89,2026-08-31 12:00:00+00:00,7
13828,28380,2596.73,2026-09-29 12:00:00+00:00,7
13829,28386,2598.24,2026-09-30 12:00:00+00:00,7
13830,28387,1179.81,2025-11-07 12:00:00+00:00,1
13831,28388,1179.87,2025-12-08 12:00:00+00:00,4
13832,28398,1180.54,2025-12-11 12:00:00+00:00,1
13833,28389,1179.93,2026-01-07 12:00:00+00:00,2
13834,28399,1180.62,2026-01-10 12:00:00+00:00,6
13835,28390,1179.99,2026-02-07 12:00:00+00:00,6
13836,28400,1180.70,2026-02-09 12:00:00+00:00,6
13837,28391,1180.06,2026-03-07 12:00:00+00:00,7
13838,28401,1180.78,2026-03-11 12:00:00+00:00,7
13839,28392,1180.12,2026-04-10 12:00:00+00:00,5
13840,28402,1180.86,2026-04-10 12:00:00+00:00,2
13841,28393,1180.19,2026-05-05 12:00:00+00:00,5
13842,28394,1180.26,2026-06-04 12:00:00+00:00,3
13843,28403,1180.94,2026-06-09 12:00:00+00:00,4
13844,28395,1180.33,2026-07-07 12:00:00+00:00,7
13845,28404,1180.93,2026-07-09 12:00:00+00:00,6
13846,28396,1180.40,2026-08-08 12:00:00+00:00,3
13847,28397,1180.47,2026-09-06 12:00:00+00:00,7
13848,28405,749.59,2026-04-20 12:00:00+00:00,4
13849,28406,749.65,2026-05-26 12:00:00+00:00,5
13850,28407,749.71,2026-06-22 12:00:00+00:00,1
13851,28408,749.77,2026-07-18 12:00:00+00:00,7
13852,28417,679.88,2025-11-30 12:00:00+00:00,2
13853,28418,679.93,2025-12-27 12:00:00+00:00,4
13854,28419,679.99,2026-01-28 12:00:00+00:00,3
13855,28420,680.05,2026-02-25 12:00:00+00:00,7
13856,28428,680.59,2026-02-28 12:00:00+00:00,3
13857,28421,680.10,2026-03-26 12:00:00+00:00,7
13858,28422,680.17,2026-04-27 12:00:00+00:00,5
13859,28423,680.23,2026-05-28 12:00:00+00:00,4
13860,28424,680.29,2026-06-27 12:00:00+00:00,2
13861,28425,680.36,2026-07-28 12:00:00+00:00,2
13862,28426,680.43,2026-08-23 12:00:00+00:00,1
13863,28427,680.50,2026-09-23 12:00:00+00:00,7
13864,28429,2729.22,2026-02-17 12:00:00+00:00,7
13865,28430,2729.41,2026-03-19 12:00:00+00:00,6
13866,28437,2730.91,2026-03-22 12:00:00+00:00,7
13867,28431,2729.61,2026-04-21 12:00:00+00:00,4
13868,28438,2731.14,2026-04-21 12:00:00+00:00,4
13869,28432,2729.81,2026-05-16 12:00:00+00:00,7
13870,28439,2731.39,2026-05-21 12:00:00+00:00,2
13871,28433,2730.02,2026-06-19 12:00:00+00:00,7
13872,28440,2731.66,2026-06-20 12:00:00+00:00,3
13873,28434,2730.23,2026-07-19 12:00:00+00:00,4
13874,28435,2730.45,2026-08-16 12:00:00+00:00,7
13875,28436,2730.68,2026-09-17 12:00:00+00:00,7
13876,28441,635.16,2026-05-14 12:00:00+00:00,3
13877,28446,635.30,2026-05-16 12:00:00+00:00,1
13878,28442,635.19,2026-06-11 12:00:00+00:00,2
13879,28447,635.33,2026-06-15 12:00:00+00:00,7
13880,28443,635.22,2026-07-15 12:00:00+00:00,1
13881,28448,635.36,2026-07-15 12:00:00+00:00,3
13882,28444,635.24,2026-08-12 12:00:00+00:00,7
13883,28449,635.39,2026-08-14 12:00:00+00:00,4
13884,28445,635.27,2026-09-08 12:00:00+00:00,2
13885,28450,635.42,2026-09-13 12:00:00+00:00,6
13886,28465,1433.42,2026-07-18 12:00:00+00:00,5
13887,28468,1433.64,2026-07-19 12:00:00+00:00,6
13888,28466,1433.49,2026-08-16 12:00:00+00:00,3
13889,28467,1433.57,2026-09-14 12:00:00+00:00,1
13890,28483,923.09,2026-05-23 12:00:00+00:00,1
13891,28484,923.14,2026-06-23 12:00:00+00:00,4
13892,28488,923.35,2026-06-23 12:00:00+00:00,5
13893,28485,923.19,2026-07-21 12:00:00+00:00,6
13894,28489,923.41,2026-07-23 12:00:00+00:00,4
13895,28486,923.24,2026-08-19 12:00:00+00:00,7
13896,28487,923.30,2026-09-21 12:00:00+00:00,2
13897,28490,923.47,2026-09-21 12:00:00+00:00,7
13898,28507,1833.11,2026-03-02 12:00:00+00:00,5
13899,28514,1833.83,2026-03-05 12:00:00+00:00,2
13900,28508,1833.21,2026-04-04 12:00:00+00:00,1
13901,28515,1833.94,2026-04-04 12:00:00+00:00,3
13902,28509,1833.31,2026-05-02 12:00:00+00:00,6
13903,28510,1833.41,2026-06-01 12:00:00+00:00,7
13904,28516,1834.06,2026-06-03 12:00:00+00:00,5
13905,28511,1833.51,2026-06-28 12:00:00+00:00,4
13906,28517,1834.17,2026-07-03 12:00:00+00:00,2
13907,28512,1833.62,2026-07-29 12:00:00+00:00,2
13908,28513,1833.72,2026-08-29 12:00:00+00:00,7
13909,28518,1834.34,2026-09-01 12:00:00+00:00,1
13910,28519,757.16,2026-04-15 12:00:00+00:00,1
13911,28525,757.40,2026-04-19 12:00:00+00:00,3
13912,28520,757.20,2026-05-18 12:00:00+00:00,4
13913,28521,757.24,2026-06-18 12:00:00+00:00,2
13914,28526,757.45,2026-06-18 12:00:00+00:00,7
13915,28522,757.28,2026-07-14 12:00:00+00:00,7
13916,28523,757.32,2026-08-13 12:00:00+00:00,6
13917,28524,757.36,2026-09-13 12:00:00+00:00,7
13918,28527,757.49,2026-09-16 12:00:00+00:00,4
13919,28537,2580.21,2026-05-27 12:00:00+00:00,4
13920,28538,2580.35,2026-06-26 12:00:00+00:00,7
13921,28542,2580.93,2026-06-29 12:00:00+00:00,7
13922,28539,2580.49,2026-07-25 12:00:00+00:00,6
13923,28540,2580.64,2026-08-23 12:00:00+00:00,1
13924,28541,2580.78,2026-09-22 12:00:00+00:00,5
13925,28543,2581.08,2026-09-27 12:00:00+00:00,3
13926,28549,1154.30,2026-07-07 12:00:00+00:00,3
13927,28550,1154.35,2026-08-08 12:00:00+00:00,5
13928,28551,1154.40,2026-09-08 12:00:00+00:00,4
13929,28573,1086.41,2025-12-11 12:00:00+00:00,4
13930,28574,1086.47,2026-01-11 12:00:00+00:00,6
13931,28575,1086.53,2026-01-31 12:00:00+00:00,4
13932,28576,1086.59,2026-02-26 12:00:00+00:00,2
13933,28577,1086.65,2026-04-10 12:00:00+00:00,3
13934,28578,1086.71,2026-05-10 12:00:00+00:00,4
13935,28579,1086.78,2026-06-05 12:00:00+00:00,6
13936,28580,1086.85,2026-07-09 12:00:00+00:00,7
13937,28581,1086.92,2026-08-08 12:00:00+00:00,3
13938,28582,1086.99,2026-09-04 12:00:00+00:00,1
13939,28597,2002.16,2025-12-02 12:00:00+00:00,1
13940,28607,2003.68,2025-12-05 12:00:00+00:00,3
13941,28598,2002.29,2026-01-02 12:00:00+00:00,1
13942,28599,2002.42,2026-02-01 12:00:00+00:00,6
13943,28608,2003.87,2026-02-03 12:00:00+00:00,7
13944,28600,2002.56,2026-03-03 12:00:00+00:00,5
13945,28601,2002.71,2026-04-02 12:00:00+00:00,7
13946,28609,2004.06,2026-04-04 12:00:00+00:00,4
13947,28602,2002.86,2026-04-30 12:00:00+00:00,4
13948,28610,2004.25,2026-05-04 12:00:00+00:00,5
13949,28603,2003.01,2026-05-31 12:00:00+00:00,6
13950,28611,2004.45,2026-06-03 12:00:00+00:00,7
13951,28604,2003.17,2026-06-28 12:00:00+00:00,7
13952,28612,2004.66,2026-07-03 12:00:00+00:00,7
13953,28605,2003.34,2026-07-29 12:00:00+00:00,7
13954,28606,2003.51,2026-08-29 12:00:00+00:00,5
13955,28613,2004.88,2026-09-01 12:00:00+00:00,4
13956,28615,1717.40,2026-03-06 12:00:00+00:00,4
13957,28616,1717.49,2026-04-03 12:00:00+00:00,2
13958,28617,1717.57,2026-05-05 12:00:00+00:00,5
13959,28622,1718.01,2026-05-08 12:00:00+00:00,4
13960,28618,1717.65,2026-06-07 12:00:00+00:00,5
13961,28619,1717.74,2026-07-04 12:00:00+00:00,1
13962,28623,1718.10,2026-07-07 12:00:00+00:00,7
13963,28620,1717.83,2026-08-02 12:00:00+00:00,3
13964,28621,1717.92,2026-09-03 12:00:00+00:00,4
13965,28624,1718.19,2026-09-05 12:00:00+00:00,7
13966,28627,413.79,2025-11-06 12:00:00+00:00,5
13967,28638,413.98,2025-11-07 12:00:00+00:00,7
13968,28628,413.80,2025-12-07 12:00:00+00:00,2
13969,28639,413.99,2025-12-07 12:00:00+00:00,1
13970,28629,413.82,2026-01-02 12:00:00+00:00,7
13971,28630,413.83,2026-02-03 12:00:00+00:00,3
13972,28640,414.01,2026-02-05 12:00:00+00:00,1
13973,28631,413.85,2026-03-04 12:00:00+00:00,3
13974,28641,414.03,2026-03-07 12:00:00+00:00,4
13975,28632,413.87,2026-04-03 12:00:00+00:00,5
13976,28633,413.89,2026-05-01 12:00:00+00:00,5
13977,28642,414.05,2026-05-06 12:00:00+00:00,1
13978,28634,413.90,2026-06-01 12:00:00+00:00,3
13979,28635,413.92,2026-07-05 12:00:00+00:00,6
13980,28643,414.07,2026-07-05 12:00:00+00:00,6
13981,28636,413.94,2026-08-02 12:00:00+00:00,5
13982,28644,414.09,2026-08-04 12:00:00+00:00,6
13983,28637,413.96,2026-08-31 12:00:00+00:00,6
13984,28645,414.11,2026-09-03 12:00:00+00:00,3
13985,28651,396.83,2025-12-11 12:00:00+00:00,2
13986,28652,396.84,2026-01-14 12:00:00+00:00,1
13987,28653,396.85,2026-02-11 12:00:00+00:00,1
13988,28661,396.96,2026-02-14 12:00:00+00:00,6
13989,28654,396.87,2026-03-14 12:00:00+00:00,5
13990,28662,396.97,2026-03-16 12:00:00+00:00,4
13991,28655,396.88,2026-04-12 12:00:00+00:00,2
13992,28656,396.89,2026-05-14 12:00:00+00:00,3
13993,28657,396.90,2026-06-14 12:00:00+00:00,6
13994,28658,396.92,2026-07-12 12:00:00+00:00,5
13995,28659,396.93,2026-08-11 12:00:00+00:00,7
13996,28663,396.99,2026-08-13 12:00:00+00:00,2
13997,28660,396.94,2026-09-09 12:00:00+00:00,5
13998,28664,397.00,2026-09-12 12:00:00+00:00,5
13999,28687,1375.55,2025-11-28 12:00:00+00:00,1
14000,28688,1375.63,2025-12-24 12:00:00+00:00,2
14001,28698,1376.49,2025-12-29 12:00:00+00:00,1
14002,28689,1375.71,2026-01-23 12:00:00+00:00,7
14003,28690,1375.80,2026-02-24 12:00:00+00:00,2
14004,28691,1375.88,2026-03-24 12:00:00+00:00,2
14005,28692,1375.97,2026-04-27 12:00:00+00:00,7
14006,28693,1376.06,2026-05-23 12:00:00+00:00,2
14007,28694,1376.15,2026-06-26 12:00:00+00:00,6
14008,28695,1376.24,2026-07-23 12:00:00+00:00,2
14009,28696,1376.34,2026-08-23 12:00:00+00:00,1
14010,28697,1376.43,2026-09-24 12:00:00+00:00,4
14011,28699,718.52,2025-12-31 12:00:00+00:00,3
14012,28708,718.80,2026-01-05 12:00:00+00:00,2
14013,28700,718.55,2026-02-02 12:00:00+00:00,6
14014,28709,718.84,2026-02-04 12:00:00+00:00,6
14015,28701,718.58,2026-03-04 12:00:00+00:00,6
14016,28710,718.87,2026-03-06 12:00:00+00:00,4
14017,28702,718.61,2026-03-31 12:00:00+00:00,2
14018,28711,718.91,2026-04-05 12:00:00+00:00,3
14019,28703,718.64,2026-05-04 12:00:00+00:00,2
14020,28712,718.95,2026-05-05 12:00:00+00:00,4
14021,28704,718.67,2026-06-03 12:00:00+00:00,6
14022,28713,718.99,2026-06-04 12:00:00+00:00,6
14023,28705,718.70,2026-06-29 12:00:00+00:00,6
14024,28714,719.02,2026-07-04 12:00:00+00:00,5
14025,28706,718.74,2026-08-01 12:00:00+00:00,5
14026,28715,719.06,2026-08-03 12:00:00+00:00,3
14027,28707,718.77,2026-09-02 12:00:00+00:00,1
14028,28716,719.10,2026-09-02 12:00:00+00:00,7
14029,28723,534.79,2026-02-18 12:00:00+00:00,7
14030,28724,534.82,2026-03-22 12:00:00+00:00,7
14031,28725,534.86,2026-04-20 12:00:00+00:00,1
14032,28726,534.89,2026-05-20 12:00:00+00:00,3
14033,28731,535.08,2026-05-23 12:00:00+00:00,1
14034,28727,534.93,2026-06-19 12:00:00+00:00,2
14035,28732,535.12,2026-06-22 12:00:00+00:00,3
14036,28728,534.96,2026-07-19 12:00:00+00:00,5
14037,28733,535.16,2026-07-22 12:00:00+00:00,5
14038,28729,535.00,2026-08-16 12:00:00+00:00,2
14039,28730,535.04,2026-09-19 12:00:00+00:00,1
14040,28734,535.28,2026-09-20 12:00:00+00:00,1
14041,28735,1358.87,2025-12-05 12:00:00+00:00,6
14042,28736,1358.93,2026-01-03 12:00:00+00:00,4
14043,28745,1359.55,2026-01-08 12:00:00+00:00,5
14044,28737,1358.99,2026-02-05 12:00:00+00:00,4
14045,28738,1359.06,2026-03-08 12:00:00+00:00,2
14046,28746,1359.62,2026-03-09 12:00:00+00:00,5
14047,28739,1359.12,2026-04-05 12:00:00+00:00,6
14048,28747,1359.70,2026-04-08 12:00:00+00:00,2
14049,28740,1359.19,2026-05-03 12:00:00+00:00,3
14050,28741,1359.26,2026-06-06 12:00:00+00:00,1
14051,28748,1359.77,2026-06-07 12:00:00+00:00,2
14052,28742,1359.33,2026-07-07 12:00:00+00:00,4
14053,28743,1359.40,2026-08-06 12:00:00+00:00,2
14054,28749,1359.85,2026-08-06 12:00:00+00:00,6
14055,28744,1359.47,2026-08-31 12:00:00+00:00,5
14056,28750,1359.93,2026-09-05 12:00:00+00:00,5
14057,28753,2332.08,2026-04-25 12:00:00+00:00,1
14058,28759,2333.20,2026-04-25 12:00:00+00:00,4
14059,28754,2332.25,2026-05-25 12:00:00+00:00,4
14060,28760,2333.41,2026-05-25 12:00:00+00:00,1
14061,28755,2332.43,2026-06-23 12:00:00+00:00,6
14062,28761,2333.63,2026-06-24 12:00:00+00:00,4
14063,28756,2332.62,2026-07-21 12:00:00+00:00,3
14064,28762,2333.85,2026-07-24 12:00:00+00:00,2
14065,28757,2332.81,2026-08-20 12:00:00+00:00,6
14066,28758,2333.00,2026-09-21 12:00:00+00:00,6
14067,28763,2334.08,2026-09-22 12:00:00+00:00,3
14068,28765,808.14,2026-07-24 12:00:00+00:00,2
14069,28766,808.19,2026-08-21 12:00:00+00:00,1
14070,28767,808.24,2026-09-22 12:00:00+00:00,5
14071,28768,808.29,2026-09-22 12:00:00+00:00,6
14072,28783,2580.15,2026-04-15 12:00:00+00:00,1
14073,28784,2580.28,2026-05-17 12:00:00+00:00,5
14074,28789,2580.96,2026-05-19 12:00:00+00:00,2
14075,28785,2580.41,2026-06-14 12:00:00+00:00,7
14076,28786,2580.55,2026-07-16 12:00:00+00:00,1
14077,28790,2581.11,2026-07-18 12:00:00+00:00,3
14078,28787,2580.68,2026-08-15 12:00:00+00:00,2
14079,28788,2580.82,2026-09-12 12:00:00+00:00,7
14080,28791,2581.25,2026-09-16 12:00:00+00:00,7
14081,28795,1901.05,2026-03-31 12:00:00+00:00,4
14082,28801,1901.78,2026-04-04 12:00:00+00:00,2
14083,28796,1901.17,2026-05-02 12:00:00+00:00,6
14084,28802,1901.91,2026-05-04 12:00:00+00:00,6
14085,28797,1901.28,2026-06-02 12:00:00+00:00,3
14086,28803,1902.04,2026-06-03 12:00:00+00:00,4
14087,28798,1901.40,2026-07-02 12:00:00+00:00,6
14088,28804,1902.18,2026-07-03 12:00:00+00:00,1
14089,28799,1901.53,2026-08-02 12:00:00+00:00,5
14090,28800,1901.65,2026-08-30 12:00:00+00:00,4
14091,28807,546.31,2026-07-25 12:00:00+00:00,6
14092,28810,546.38,2026-07-28 12:00:00+00:00,3
14093,28808,546.33,2026-08-26 12:00:00+00:00,3
14094,28809,546.36,2026-09-26 12:00:00+00:00,1
14095,28831,2840.23,2025-12-13 12:00:00+00:00,2
14096,28832,2840.39,2026-01-09 12:00:00+00:00,3
14097,28841,2841.99,2026-01-12 12:00:00+00:00,1
14098,28833,2840.55,2026-02-06 12:00:00+00:00,7
14099,28834,2840.72,2026-03-10 12:00:00+00:00,6
14100,28835,2840.89,2026-04-11 12:00:00+00:00,7
14101,28842,2842.23,2026-04-12 12:00:00+00:00,7
14102,28836,2841.06,2026-05-10 12:00:00+00:00,1
14103,28837,2841.24,2026-06-06 12:00:00+00:00,3
14104,28838,2841.42,2026-07-11 12:00:00+00:00,5
14105,28839,2841.61,2026-08-09 12:00:00+00:00,4
14106,28840,2841.79,2026-09-07 12:00:00+00:00,4
14107,28843,2434.85,2026-04-26 12:00:00+00:00,6
14108,28849,2435.61,2026-05-01 12:00:00+00:00,2
14109,28844,2434.97,2026-05-27 12:00:00+00:00,5
14110,28845,2435.09,2026-06-28 12:00:00+00:00,6
14111,28846,2435.22,2026-07-27 12:00:00+00:00,5
14112,28847,2435.35,2026-08-28 12:00:00+00:00,4
14113,28850,2435.75,2026-08-29 12:00:00+00:00,7
14114,28848,2435.48,2026-09-25 12:00:00+00:00,4
14115,28851,2435.89,2026-09-28 12:00:00+00:00,4
14116,28855,238.36,2026-01-30 12:00:00+00:00,6
14117,28864,238.44,2026-01-30 12:00:00+00:00,5
14118,28856,238.37,2026-02-28 12:00:00+00:00,2
14119,28865,238.45,2026-03-01 12:00:00+00:00,2
14120,28857,238.38,2026-03-30 12:00:00+00:00,2
14121,28866,238.46,2026-03-31 12:00:00+00:00,1
14122,28858,238.38,2026-04-30 12:00:00+00:00,3
14123,28867,238.47,2026-04-30 12:00:00+00:00,5
14124,28859,238.39,2026-05-29 12:00:00+00:00,4
14125,28860,238.40,2026-06-27 12:00:00+00:00,5
14126,28861,238.41,2026-07-27 12:00:00+00:00,3
14127,28862,238.42,2026-08-24 12:00:00+00:00,5
14128,28868,238.49,2026-08-28 12:00:00+00:00,6
14129,28863,238.43,2026-09-25 12:00:00+00:00,1
14130,28869,238.50,2026-09-27 12:00:00+00:00,2
14131,28891,1157.47,2026-04-29 12:00:00+00:00,6
14132,28897,1157.92,2026-05-03 12:00:00+00:00,4
14133,28892,1157.54,2026-05-31 12:00:00+00:00,7
14134,28893,1157.61,2026-06-30 12:00:00+00:00,1
14135,28898,1158.01,2026-07-02 12:00:00+00:00,3
14136,28894,1157.69,2026-07-30 12:00:00+00:00,7
14137,28899,1158.09,2026-08-01 12:00:00+00:00,5
14138,28895,1157.76,2026-08-30 12:00:00+00:00,2
14139,28900,1158.18,2026-08-31 12:00:00+00:00,6
14140,28896,1157.84,2026-09-25 12:00:00+00:00,7
14141,28909,886.53,2026-05-05 12:00:00+00:00,1
14142,28910,886.57,2026-06-04 12:00:00+00:00,4
14143,28911,886.61,2026-07-02 12:00:00+00:00,7
14144,28912,886.66,2026-08-03 12:00:00+00:00,6
14145,28914,886.75,2026-08-06 12:00:00+00:00,3
14146,28913,886.70,2026-09-05 12:00:00+00:00,3
14147,28915,886.80,2026-09-05 12:00:00+00:00,2
14148,28927,351.51,2026-01-25 12:00:00+00:00,6
14149,28936,351.63,2026-01-30 12:00:00+00:00,4
14150,28928,351.52,2026-03-01 12:00:00+00:00,6
14151,28937,351.64,2026-03-01 12:00:00+00:00,1
14152,28929,351.53,2026-03-29 12:00:00+00:00,7
14153,28938,351.66,2026-03-31 12:00:00+00:00,1
14154,28930,351.55,2026-04-26 12:00:00+00:00,7
14155,28931,351.56,2026-05-28 12:00:00+00:00,5
14156,28939,351.67,2026-05-30 12:00:00+00:00,4
14157,28932,351.57,2026-06-24 12:00:00+00:00,4
14158,28933,351.58,2026-07-26 12:00:00+00:00,5
14159,28940,351.69,2026-07-29 12:00:00+00:00,5
14160,28934,351.60,2026-08-23 12:00:00+00:00,5
14161,28935,351.61,2026-09-25 12:00:00+00:00,6
14162,28941,351.70,2026-09-27 12:00:00+00:00,4
14163,28963,2664.16,2026-03-28 12:00:00+00:00,4
14164,28964,2664.32,2026-04-27 12:00:00+00:00,7
14165,28970,2665.37,2026-04-27 12:00:00+00:00,7
14166,28965,2664.49,2026-05-26 12:00:00+00:00,1
14167,28966,2664.66,2026-06-25 12:00:00+00:00,1
14168,28971,2665.55,2026-06-26 12:00:00+00:00,7
14169,28967,2664.83,2026-07-24 12:00:00+00:00,1
14170,28968,2665.00,2026-08-25 12:00:00+00:00,7
14171,28972,2665.75,2026-08-25 12:00:00+00:00,1
14172,28969,2665.18,2026-09-24 12:00:00+00:00,1
14173,28973,2665.94,2026-09-24 12:00:00+00:00,6
14174,28975,573.07,2026-03-12 12:00:00+00:00,2
14175,28982,573.26,2026-03-17 12:00:00+00:00,3
14176,28976,573.10,2026-04-13 12:00:00+00:00,4
14177,28977,573.12,2026-05-12 12:00:00+00:00,1
14178,28983,573.29,2026-05-16 12:00:00+00:00,2
14179,28978,573.15,2026-06-12 12:00:00+00:00,2
14180,28979,573.18,2026-07-11 12:00:00+00:00,6
14181,28984,573.32,2026-07-15 12:00:00+00:00,2
14182,28980,573.21,2026-08-14 12:00:00+00:00,3
14183,28985,573.35,2026-08-14 12:00:00+00:00,7
14184,28981,573.24,2026-09-11 12:00:00+00:00,3
14185,28993,2069.03,2025-11-21 12:00:00+00:00,4
14186,29004,2070.33,2025-11-24 12:00:00+00:00,7
14187,28994,2069.13,2025-12-19 12:00:00+00:00,7
14188,29005,2070.47,2025-12-24 12:00:00+00:00,3
14189,28995,2069.24,2026-01-22 12:00:00+00:00,3
14190,28996,2069.35,2026-02-19 12:00:00+00:00,6
14191,28997,2069.47,2026-03-23 12:00:00+00:00,5
14192,29006,2070.60,2026-03-24 12:00:00+00:00,2
14193,28998,2069.58,2026-04-23 12:00:00+00:00,5
14194,28999,2069.70,2026-05-19 12:00:00+00:00,1
14195,29007,2070.74,2026-05-23 12:00:00+00:00,5
14196,29000,2069.82,2026-06-17 12:00:00+00:00,3
14197,29008,2070.89,2026-06-22 12:00:00+00:00,5
14198,29001,2069.94,2026-07-21 12:00:00+00:00,2
14199,29009,2071.03,2026-07-22 12:00:00+00:00,4
14200,29002,2070.07,2026-08-21 12:00:00+00:00,1
14201,29003,2070.20,2026-09-15 12:00:00+00:00,1
14202,29011,1579.34,2025-11-14 12:00:00+00:00,1
14203,29012,1579.42,2025-12-16 12:00:00+00:00,4
14204,29013,1579.50,2026-01-14 12:00:00+00:00,7
14205,29014,1579.59,2026-02-17 12:00:00+00:00,3
14206,29022,1580.37,2026-02-17 12:00:00+00:00,2
14207,29015,1579.67,2026-03-18 12:00:00+00:00,2
14208,29023,1580.48,2026-03-19 12:00:00+00:00,3
14209,29016,1579.76,2026-04-16 12:00:00+00:00,7
14210,29017,1579.86,2026-05-14 12:00:00+00:00,6
14211,29024,1580.59,2026-05-18 12:00:00+00:00,6
14212,29018,1579.95,2026-06-17 12:00:00+00:00,4
14213,29025,1580.71,2026-06-17 12:00:00+00:00,7
14214,29019,1580.05,2026-07-17 12:00:00+00:00,3
14215,29026,1580.83,2026-07-17 12:00:00+00:00,7
14216,29020,1580.16,2026-08-13 12:00:00+00:00,7
14217,29027,1580.96,2026-08-16 12:00:00+00:00,7
14218,29021,1580.26,2026-09-13 12:00:00+00:00,7
14219,29028,1581.09,2026-09-15 12:00:00+00:00,1
14220,29035,759.37,2026-05-08 12:00:00+00:00,3
14221,29040,759.66,2026-05-12 12:00:00+00:00,7
14222,29036,759.43,2026-06-06 12:00:00+00:00,3
14223,29041,759.72,2026-06-11 12:00:00+00:00,7
14224,29037,759.48,2026-07-09 12:00:00+00:00,4
14225,29042,759.79,2026-07-11 12:00:00+00:00,2
14226,29038,759.54,2026-08-06 12:00:00+00:00,7
14227,29043,759.85,2026-08-10 12:00:00+00:00,4
14228,29039,759.60,2026-09-09 12:00:00+00:00,6
14229,29044,759.92,2026-09-09 12:00:00+00:00,5
14230,29047,203.44,2026-03-10 12:00:00+00:00,5
14231,29054,203.50,2026-03-11 12:00:00+00:00,7
14232,29048,203.45,2026-04-09 12:00:00+00:00,1
14233,29049,203.45,2026-05-05 12:00:00+00:00,1
14234,29050,203.46,2026-06-08 12:00:00+00:00,5
14235,29055,203.51,2026-06-09 12:00:00+00:00,6
14236,29051,203.47,2026-07-08 12:00:00+00:00,1
14237,29052,203.48,2026-08-04 12:00:00+00:00,2
14238,29056,203.52,2026-08-08 12:00:00+00:00,3
14239,29053,203.49,2026-09-05 12:00:00+00:00,4
14240,29057,203.53,2026-09-07 12:00:00+00:00,1
14241,29065,1665.30,2025-11-01 12:00:00+00:00,7
14242,29076,1666.82,2025-11-06 12:00:00+00:00,5
14243,29066,1665.42,2025-12-06 12:00:00+00:00,2
14244,29067,1665.54,2026-01-02 12:00:00+00:00,3
14245,29068,1665.66,2026-02-01 12:00:00+00:00,2
14246,29069,1665.78,2026-03-03 12:00:00+00:00,3
14247,29070,1665.91,2026-04-03 12:00:00+00:00,6
14248,29071,1666.04,2026-05-03 12:00:00+00:00,7
14249,29072,1666.17,2026-05-31 12:00:00+00:00,7
14250,29073,1666.31,2026-07-02 12:00:00+00:00,3
14251,29074,1666.45,2026-08-02 12:00:00+00:00,4
14252,29075,1666.60,2026-08-30 12:00:00+00:00,4
14253,29077,444.53,2026-06-23 12:00:00+00:00,3
14254,29081,444.59,2026-06-26 12:00:00+00:00,4
14255,29078,444.55,2026-07-25 12:00:00+00:00,2
14256,29079,444.56,2026-08-21 12:00:00+00:00,4
14257,29080,444.58,2026-09-23 12:00:00+00:00,1
14258,29113,254.80,2026-05-01 12:00:00+00:00,2
14259,29114,254.81,2026-06-07 12:00:00+00:00,3
14260,29115,254.82,2026-07-11 12:00:00+00:00,6
14261,29116,254.83,2026-07-26 12:00:00+00:00,2
14262,29118,254.84,2026-10-23 12:00:00+00:00,6
14263,29149,1557.94,2026-03-21 12:00:00+00:00,4
14264,29156,1558.37,2026-03-21 12:00:00+00:00,6
14265,29150,1558.00,2026-04-15 12:00:00+00:00,6
14266,29151,1558.06,2026-05-20 12:00:00+00:00,7
14267,29152,1558.12,2026-06-15 12:00:00+00:00,3
14268,29157,1558.44,2026-06-19 12:00:00+00:00,2
14269,29153,1558.18,2026-07-19 12:00:00+00:00,1
14270,29158,1558.52,2026-07-19 12:00:00+00:00,7
14271,29154,1558.24,2026-08-17 12:00:00+00:00,7
14272,29155,1558.31,2026-09-17 12:00:00+00:00,6
14273,29159,1558.59,2026-09-17 12:00:00+00:00,1
14274,29185,2190.90,2026-01-11 12:00:00+00:00,1
14275,29186,2191.02,2026-02-09 12:00:00+00:00,3
14276,29187,2191.14,2026-02-27 12:00:00+00:00,3
14277,29188,2191.26,2026-04-11 12:00:00+00:00,4
14278,29189,2191.39,2026-05-05 12:00:00+00:00,7
14279,29190,2191.52,2026-06-07 12:00:00+00:00,7
14280,29191,2191.65,2026-07-01 12:00:00+00:00,6
14281,29192,2191.79,2026-08-04 12:00:00+00:00,7
14282,29193,2191.93,2026-09-04 12:00:00+00:00,2
14283,29203,2585.71,2026-01-02 12:00:00+00:00,4
14284,29212,2587.35,2026-01-04 12:00:00+00:00,4
14285,29204,2585.88,2026-01-30 12:00:00+00:00,4
14286,29205,2586.04,2026-02-28 12:00:00+00:00,1
14287,29213,2587.55,2026-03-05 12:00:00+00:00,3
14288,29206,2586.22,2026-04-01 12:00:00+00:00,7
14289,29214,2587.73,2026-04-04 12:00:00+00:00,7
14290,29207,2586.39,2026-04-30 12:00:00+00:00,6
14291,29208,2586.58,2026-05-31 12:00:00+00:00,2
14292,29209,2586.76,2026-06-30 12:00:00+00:00,7
14293,29210,2586.95,2026-08-01 12:00:00+00:00,1
14294,29211,2587.15,2026-08-29 12:00:00+00:00,2
14295,29215,407.27,2026-04-16 12:00:00+00:00,2
14296,29216,407.28,2026-05-16 12:00:00+00:00,1
14297,29221,407.36,2026-05-19 12:00:00+00:00,6
14298,29217,407.29,2026-06-17 12:00:00+00:00,4
14299,29218,407.31,2026-07-15 12:00:00+00:00,4
14300,29219,407.32,2026-08-15 12:00:00+00:00,5
14301,29222,407.37,2026-08-17 12:00:00+00:00,2
14302,29220,407.34,2026-09-15 12:00:00+00:00,5
14303,29223,407.39,2026-09-16 12:00:00+00:00,1
14304,29251,1610.10,2026-03-22 12:00:00+00:00,1
14305,29258,1610.99,2026-03-25 12:00:00+00:00,5
14306,29252,1610.22,2026-04-21 12:00:00+00:00,5
14307,29253,1610.34,2026-05-20 12:00:00+00:00,6
14308,29259,1611.14,2026-05-24 12:00:00+00:00,7
14309,29254,1610.46,2026-06-20 12:00:00+00:00,3
14310,29260,1611.28,2026-06-23 12:00:00+00:00,5
14311,29255,1610.59,2026-07-20 12:00:00+00:00,4
14312,29261,1611.43,2026-07-23 12:00:00+00:00,2
14313,29256,1610.72,2026-08-21 12:00:00+00:00,5
14314,29262,1611.57,2026-08-22 12:00:00+00:00,4
14315,29257,1610.85,2026-09-17 12:00:00+00:00,4
14316,29263,3531.49,2026-04-28 12:00:00+00:00,2
14317,29264,3531.76,2026-05-28 12:00:00+00:00,5
14318,29269,3533.20,2026-06-01 12:00:00+00:00,3
14319,29265,3532.03,2026-07-01 12:00:00+00:00,5
14320,29270,3533.52,2026-07-01 12:00:00+00:00,7
14321,29266,3532.31,2026-07-26 12:00:00+00:00,7
14322,29271,3533.84,2026-07-31 12:00:00+00:00,3
14323,29267,3532.60,2026-08-29 12:00:00+00:00,7
14324,29268,3532.90,2026-09-26 12:00:00+00:00,1
14325,29272,3534.18,2026-09-29 12:00:00+00:00,6
14326,29275,1252.40,2026-06-09 12:00:00+00:00,7
14327,29279,1252.64,2026-06-09 12:00:00+00:00,7
14328,29276,1252.45,2026-07-04 12:00:00+00:00,4
14329,29277,1252.51,2026-08-06 12:00:00+00:00,1
14330,29280,1252.70,2026-08-08 12:00:00+00:00,4
14331,29278,1252.58,2026-09-05 12:00:00+00:00,3
14332,29281,1252.77,2026-09-07 12:00:00+00:00,1
14333,29293,3620.94,2026-02-10 12:00:00+00:00,3
14334,29294,3621.20,2026-03-08 12:00:00+00:00,5
14335,29295,3621.47,2026-04-07 12:00:00+00:00,7
14336,29301,3623.27,2026-04-11 12:00:00+00:00,3
14337,29296,3621.75,2026-05-09 12:00:00+00:00,3
14338,29302,3623.60,2026-05-11 12:00:00+00:00,3
14339,29297,3622.04,2026-06-10 12:00:00+00:00,6
14340,29298,3622.33,2026-07-09 12:00:00+00:00,3
14341,29303,3623.94,2026-07-10 12:00:00+00:00,5
14342,29299,3622.63,2026-08-04 12:00:00+00:00,4
14343,29304,3624.21,2026-08-09 12:00:00+00:00,6
14344,29300,3622.95,2026-09-04 12:00:00+00:00,3
14345,29305,928.10,2026-07-27 12:00:00+00:00,2
14346,29308,928.27,2026-07-28 12:00:00+00:00,2
14347,29306,928.16,2026-08-23 12:00:00+00:00,3
14348,29309,928.33,2026-08-27 12:00:00+00:00,7
14349,29307,928.21,2026-09-23 12:00:00+00:00,5
14350,29310,928.39,2026-09-26 12:00:00+00:00,7
14351,29317,289.71,2026-06-04 12:00:00+00:00,1
14352,29318,289.73,2026-07-02 12:00:00+00:00,3
14353,29321,289.78,2026-07-07 12:00:00+00:00,1
14354,29319,289.74,2026-08-06 12:00:00+00:00,7
14355,29322,289.79,2026-08-06 12:00:00+00:00,1
14356,29320,289.76,2026-08-31 12:00:00+00:00,5
14357,29323,289.81,2026-09-05 12:00:00+00:00,2
14358,29341,1118.44,2026-01-13 12:00:00+00:00,2
14359,29342,1118.47,2026-02-10 12:00:00+00:00,5
14360,29350,1118.79,2026-02-13 12:00:00+00:00,2
14361,29343,1118.51,2026-03-10 12:00:00+00:00,2
14362,29351,1118.83,2026-03-15 12:00:00+00:00,2
14363,29344,1118.55,2026-04-09 12:00:00+00:00,4
14364,29352,1118.87,2026-04-14 12:00:00+00:00,2
14365,29345,1118.59,2026-05-09 12:00:00+00:00,5
14366,29346,1118.63,2026-06-08 12:00:00+00:00,4
14367,29347,1118.67,2026-07-10 12:00:00+00:00,4
14368,29348,1118.71,2026-08-07 12:00:00+00:00,1
14369,29349,1118.75,2026-09-09 12:00:00+00:00,1
14370,29377,264.67,2026-05-04 12:00:00+00:00,5
14371,29378,264.68,2026-06-02 12:00:00+00:00,7
14372,29379,264.69,2026-07-01 12:00:00+00:00,5
14373,29380,264.69,2026-08-02 12:00:00+00:00,7
14374,29381,264.70,2026-08-27 12:00:00+00:00,7
14375,29382,264.71,2026-09-01 12:00:00+00:00,4
14376,29413,3503.04,2026-04-09 12:00:00+00:00,5
14377,29414,3503.25,2026-05-05 12:00:00+00:00,5
14378,29419,3504.39,2026-05-10 12:00:00+00:00,2
14379,29415,3503.47,2026-06-08 12:00:00+00:00,7
14380,29420,3504.63,2026-06-09 12:00:00+00:00,5
14381,29416,3503.69,2026-07-09 12:00:00+00:00,1
14382,29417,3503.92,2026-08-08 12:00:00+00:00,1
14383,29421,3504.88,2026-08-08 12:00:00+00:00,2
14384,29418,3504.15,2026-09-04 12:00:00+00:00,6
14385,29422,3505.14,2026-09-07 12:00:00+00:00,7
14386,29425,588.40,2026-03-29 12:00:00+00:00,6
14387,29432,588.57,2026-03-30 12:00:00+00:00,3
14388,29426,588.42,2026-04-24 12:00:00+00:00,7
14389,29433,588.59,2026-04-29 12:00:00+00:00,3
14390,29427,588.45,2026-05-28 12:00:00+00:00,1
14391,29428,588.47,2026-06-26 12:00:00+00:00,2
14392,29429,588.49,2026-07-28 12:00:00+00:00,4
14393,29434,588.62,2026-07-28 12:00:00+00:00,3
14394,29430,588.52,2026-08-23 12:00:00+00:00,1
14395,29435,588.64,2026-08-27 12:00:00+00:00,3
14396,29431,588.54,2026-09-25 12:00:00+00:00,2
14397,29436,588.67,2026-09-26 12:00:00+00:00,2
14398,29449,1732.50,2026-04-23 12:00:00+00:00,3
14399,29455,1732.99,2026-04-24 12:00:00+00:00,7
14400,29450,1732.58,2026-05-19 12:00:00+00:00,6
14401,29451,1732.66,2026-06-20 12:00:00+00:00,4
14402,29452,1732.74,2026-07-20 12:00:00+00:00,6
14403,29453,1732.82,2026-08-17 12:00:00+00:00,2
14404,29456,1733.08,2026-08-22 12:00:00+00:00,6
14405,29454,1732.90,2026-09-21 12:00:00+00:00,2
14406,29467,1471.13,2026-05-02 12:00:00+00:00,6
14407,29473,1471.60,2026-05-02 12:00:00+00:00,3
14408,29468,1471.21,2026-05-30 12:00:00+00:00,3
14409,29474,1471.68,2026-06-01 12:00:00+00:00,6
14410,29469,1471.28,2026-06-29 12:00:00+00:00,3
14411,29470,1471.36,2026-07-29 12:00:00+00:00,6
14412,29471,1471.44,2026-08-29 12:00:00+00:00,5
14413,29472,1471.52,2026-09-27 12:00:00+00:00,4
14414,29475,1471.76,2026-09-29 12:00:00+00:00,5
14415,29479,1123.95,2026-04-20 12:00:00+00:00,5
14416,29480,1123.99,2026-05-23 12:00:00+00:00,2
14417,29481,1124.03,2026-06-30 12:00:00+00:00,5
14418,29482,1124.08,2026-07-21 12:00:00+00:00,4
14419,29484,1124.17,2026-10-01 12:00:00+00:00,1
14420,29515,1336.49,2026-04-09 12:00:00+00:00,2
14421,29516,1336.54,2026-05-11 12:00:00+00:00,3
14422,29521,1336.79,2026-05-12 12:00:00+00:00,5
14423,29517,1336.59,2026-06-08 12:00:00+00:00,2
14424,29522,1336.84,2026-06-11 12:00:00+00:00,1
14425,29518,1336.63,2026-07-08 12:00:00+00:00,7
14426,29519,1336.68,2026-08-10 12:00:00+00:00,6
14427,29523,1336.89,2026-08-10 12:00:00+00:00,3
14428,29520,1336.73,2026-09-06 12:00:00+00:00,6
14429,29551,549.31,2026-06-16 12:00:00+00:00,3
14430,29555,549.40,2026-06-19 12:00:00+00:00,4
14431,29552,549.33,2026-07-14 12:00:00+00:00,2
14432,29553,549.35,2026-08-14 12:00:00+00:00,6
14433,29556,549.42,2026-08-18 12:00:00+00:00,2
14434,29554,549.38,2026-09-15 12:00:00+00:00,3
14435,29557,549.45,2026-09-17 12:00:00+00:00,3
14436,29575,519.03,2026-06-16 12:00:00+00:00,6
14437,29576,519.06,2026-07-24 12:00:00+00:00,1
14438,29578,519.12,2026-09-24 12:00:00+00:00,1
14439,29599,1796.45,2026-04-15 12:00:00+00:00,6
14440,29600,1796.56,2026-05-14 12:00:00+00:00,7
14441,29605,1797.16,2026-05-18 12:00:00+00:00,7
14442,29601,1796.67,2026-06-14 12:00:00+00:00,3
14443,29602,1796.79,2026-07-17 12:00:00+00:00,2
14444,29603,1796.91,2026-08-15 12:00:00+00:00,6
14445,29606,1797.29,2026-08-16 12:00:00+00:00,5
14446,29604,1797.03,2026-09-12 12:00:00+00:00,1
14447,29607,1797.43,2026-09-15 12:00:00+00:00,3
14448,29617,600.00,2026-05-19 12:00:00+00:00,4
14449,29622,600.18,2026-05-19 12:00:00+00:00,5
14450,29618,600.04,2026-06-14 12:00:00+00:00,4
14451,29623,600.22,2026-06-18 12:00:00+00:00,2
14452,29619,600.07,2026-07-14 12:00:00+00:00,7
14453,29624,600.25,2026-07-18 12:00:00+00:00,4
14454,29620,600.11,2026-08-17 12:00:00+00:00,3
14455,29621,600.14,2026-09-15 12:00:00+00:00,2
14456,29625,600.29,2026-09-16 12:00:00+00:00,6
14457,29635,1748.45,2026-05-12 12:00:00+00:00,7
14458,29636,1748.55,2026-06-09 12:00:00+00:00,5
14459,29637,1748.66,2026-07-12 12:00:00+00:00,2
14460,29638,1748.77,2026-08-18 12:00:00+00:00,6
14461,29653,1226.60,2026-02-19 12:00:00+00:00,4
14462,29661,1227.28,2026-02-20 12:00:00+00:00,1
14463,29654,1226.67,2026-03-22 12:00:00+00:00,7
14464,29655,1226.75,2026-04-18 12:00:00+00:00,4
14465,29662,1227.38,2026-04-21 12:00:00+00:00,6
14466,29656,1226.83,2026-05-18 12:00:00+00:00,7
14467,29657,1226.92,2026-06-15 12:00:00+00:00,1
14468,29663,1227.49,2026-06-20 12:00:00+00:00,6
14469,29658,1227.01,2026-07-17 12:00:00+00:00,2
14470,29659,1227.10,2026-08-18 12:00:00+00:00,4
14471,29660,1227.19,2026-09-14 12:00:00+00:00,5
14472,29671,1822.10,2026-08-04 12:00:00+00:00,1
14473,29673,1822.32,2026-08-05 12:00:00+00:00,4
14474,29672,1822.21,2026-09-04 12:00:00+00:00,7
14475,29689,1706.99,2026-05-19 12:00:00+00:00,4
14476,29694,1707.35,2026-05-24 12:00:00+00:00,6
14477,29690,1707.06,2026-06-23 12:00:00+00:00,3
14478,29691,1707.13,2026-07-22 12:00:00+00:00,5
14479,29692,1707.20,2026-08-21 12:00:00+00:00,5
14480,29695,1707.42,2026-08-22 12:00:00+00:00,4
14481,29693,1707.27,2026-09-20 12:00:00+00:00,6
14482,29701,465.03,2026-03-25 12:00:00+00:00,6
14483,29702,465.06,2026-04-21 12:00:00+00:00,6
14484,29703,465.09,2026-05-26 12:00:00+00:00,4
14485,29708,465.24,2026-05-26 12:00:00+00:00,4
14486,29704,465.12,2026-06-22 12:00:00+00:00,2
14487,29709,465.28,2026-06-25 12:00:00+00:00,5
14488,29705,465.15,2026-07-22 12:00:00+00:00,6
14489,29710,465.31,2026-07-25 12:00:00+00:00,6
14490,29706,465.18,2026-08-22 12:00:00+00:00,1
14491,29707,465.21,2026-09-19 12:00:00+00:00,7
14492,29711,465.35,2026-09-23 12:00:00+00:00,7
14493,29719,1983.63,2026-08-01 12:00:00+00:00,1
14494,29720,1983.71,2026-08-30 12:00:00+00:00,3
14495,29743,3219.04,2026-03-23 12:00:00+00:00,4
14496,29750,3220.76,2026-03-24 12:00:00+00:00,7
14497,29744,3219.27,2026-04-20 12:00:00+00:00,7
14498,29745,3219.50,2026-05-19 12:00:00+00:00,1
14499,29751,3221.04,2026-05-23 12:00:00+00:00,1
14500,29746,3219.74,2026-06-18 12:00:00+00:00,3
14501,29747,3219.99,2026-07-18 12:00:00+00:00,4
14502,29752,3221.32,2026-07-22 12:00:00+00:00,5
14503,29748,3220.24,2026-08-20 12:00:00+00:00,4
14504,29753,3221.61,2026-08-21 12:00:00+00:00,3
14505,29749,3220.50,2026-09-19 12:00:00+00:00,5
14506,29755,2086.30,2025-11-11 12:00:00+00:00,4
14507,29766,2087.66,2025-11-13 12:00:00+00:00,7
14508,29756,2086.41,2025-12-08 12:00:00+00:00,4
14509,29757,2086.52,2026-01-08 12:00:00+00:00,1
14510,29758,2086.63,2026-02-10 12:00:00+00:00,4
14511,29759,2086.74,2026-03-13 12:00:00+00:00,5
14512,29760,2086.86,2026-04-10 12:00:00+00:00,6
14513,29761,2086.98,2026-05-07 12:00:00+00:00,2
14514,29762,2087.10,2026-06-11 12:00:00+00:00,1
14515,29763,2087.22,2026-07-10 12:00:00+00:00,5
14516,29764,2087.35,2026-08-10 12:00:00+00:00,1
14517,29765,2087.48,2026-09-08 12:00:00+00:00,5
14518,29767,988.72,2026-01-21 12:00:00+00:00,6
14519,29776,989.38,2026-01-22 12:00:00+00:00,2
14520,29768,988.79,2026-02-17 12:00:00+00:00,2
14521,29777,989.47,2026-02-21 12:00:00+00:00,6
14522,29769,988.85,2026-03-20 12:00:00+00:00,3
14523,29778,989.56,2026-03-23 12:00:00+00:00,4
14524,29770,988.92,2026-04-21 12:00:00+00:00,7
14525,29771,988.99,2026-05-18 12:00:00+00:00,6
14526,29772,989.06,2026-06-16 12:00:00+00:00,4
14527,29779,989.65,2026-06-21 12:00:00+00:00,5
14528,29773,989.14,2026-07-20 12:00:00+00:00,3
14529,29774,989.22,2026-08-19 12:00:00+00:00,5
14530,29780,989.75,2026-08-20 12:00:00+00:00,3
14531,29775,989.30,2026-09-14 12:00:00+00:00,3
14532,29785,3050.29,2026-01-18 12:00:00+00:00,6
14533,29786,3050.41,2026-02-19 12:00:00+00:00,6
14534,29794,3051.50,2026-02-21 12:00:00+00:00,6
14535,29787,3050.54,2026-03-23 12:00:00+00:00,6
14536,29795,3051.64,2026-03-23 12:00:00+00:00,7
14537,29788,3050.67,2026-04-21 12:00:00+00:00,3
14538,29789,3050.81,2026-05-22 12:00:00+00:00,6
14539,29796,3051.78,2026-05-22 12:00:00+00:00,3
14540,29790,3050.94,2026-06-19 12:00:00+00:00,3
14541,29791,3051.08,2026-07-19 12:00:00+00:00,5
14542,29792,3051.21,2026-08-18 12:00:00+00:00,3
14543,29793,3051.35,2026-09-14 12:00:00+00:00,1
14544,29797,3128.84,2025-12-11 12:00:00+00:00,1
14545,29798,3129.08,2026-01-10 12:00:00+00:00,3
14546,29799,3129.32,2026-02-05 12:00:00+00:00,7
14547,29807,3131.52,2026-02-09 12:00:00+00:00,2
14548,29800,3129.56,2026-03-07 12:00:00+00:00,6
14549,29808,3131.88,2026-03-11 12:00:00+00:00,5
14550,29801,3129.82,2026-04-08 12:00:00+00:00,2
14551,29802,3130.08,2026-05-08 12:00:00+00:00,3
14552,29803,3130.35,2026-06-07 12:00:00+00:00,2
14553,29804,3130.63,2026-07-05 12:00:00+00:00,7
14554,29805,3130.92,2026-08-04 12:00:00+00:00,3
14555,29806,3131.22,2026-09-06 12:00:00+00:00,4
14556,29809,825.62,2026-05-17 12:00:00+00:00,2
14557,29814,825.84,2026-05-22 12:00:00+00:00,7
14558,29810,825.66,2026-06-19 12:00:00+00:00,7
14559,29815,825.89,2026-06-21 12:00:00+00:00,5
14560,29811,825.70,2026-07-21 12:00:00+00:00,1
14561,29812,825.75,2026-08-19 12:00:00+00:00,1
14562,29816,825.93,2026-08-20 12:00:00+00:00,7
14563,29813,825.79,2026-09-19 12:00:00+00:00,4
14564,29817,825.98,2026-09-19 12:00:00+00:00,1
14565,29833,1898.41,2026-02-15 12:00:00+00:00,6
14566,29841,1899.26,2026-02-19 12:00:00+00:00,6
14567,29834,1898.50,2026-03-20 12:00:00+00:00,3
14568,29842,1899.38,2026-03-21 12:00:00+00:00,4
14569,29835,1898.60,2026-04-20 12:00:00+00:00,5
14570,29843,1899.51,2026-04-20 12:00:00+00:00,6
14571,29836,1898.70,2026-05-18 12:00:00+00:00,1
14572,29837,1898.81,2026-06-15 12:00:00+00:00,4
14573,29838,1898.92,2026-07-18 12:00:00+00:00,3
14574,29844,1899.64,2026-07-19 12:00:00+00:00,3
14575,29839,1899.03,2026-08-15 12:00:00+00:00,7
14576,29845,1899.77,2026-08-18 12:00:00+00:00,1
14577,29840,1899.14,2026-09-16 12:00:00+00:00,5
14578,29846,1899.91,2026-09-17 12:00:00+00:00,3
14579,29857,470.45,2025-11-04 12:00:00+00:00,7
14580,29858,470.48,2025-12-04 12:00:00+00:00,2
14581,29868,470.82,2025-12-05 12:00:00+00:00,2
14582,29859,470.51,2026-01-01 12:00:00+00:00,6
14583,29869,470.86,2026-01-04 12:00:00+00:00,5
14584,29860,470.54,2026-01-29 12:00:00+00:00,6
14585,29861,470.57,2026-03-02 12:00:00+00:00,4
14586,29862,470.61,2026-04-02 12:00:00+00:00,6
14587,29870,470.91,2026-04-04 12:00:00+00:00,6
14588,29863,470.64,2026-05-02 12:00:00+00:00,4
14589,29864,470.67,2026-06-02 12:00:00+00:00,6
14590,29871,470.95,2026-06-03 12:00:00+00:00,6
14591,29865,470.71,2026-07-02 12:00:00+00:00,7
14592,29872,470.99,2026-07-03 12:00:00+00:00,2
14593,29866,470.75,2026-08-02 12:00:00+00:00,5
14594,29873,471.04,2026-08-02 12:00:00+00:00,1
14595,29867,470.78,2026-09-01 12:00:00+00:00,3
14596,29874,470.96,2026-09-01 12:00:00+00:00,5
14597,29875,682.04,2026-08-02 12:00:00+00:00,1
14598,29877,682.12,2026-08-02 12:00:00+00:00,2
14599,29876,682.08,2026-08-31 12:00:00+00:00,3
14600,29878,682.17,2026-09-01 12:00:00+00:00,5
14601,29893,2317.01,2025-12-18 12:00:00+00:00,7
14602,29903,2319.16,2025-12-23 12:00:00+00:00,7
14603,29894,2317.20,2026-01-17 12:00:00+00:00,4
14604,29904,2319.45,2026-01-22 12:00:00+00:00,7
14605,29895,2317.39,2026-02-19 12:00:00+00:00,4
14606,29896,2317.58,2026-03-18 12:00:00+00:00,7
14607,29897,2317.79,2026-04-21 12:00:00+00:00,1
14608,29898,2318.00,2026-05-21 12:00:00+00:00,2
14609,29899,2318.21,2026-06-16 12:00:00+00:00,6
14610,29900,2318.44,2026-07-16 12:00:00+00:00,5
14611,29901,2318.67,2026-08-15 12:00:00+00:00,1
14612,29902,2318.91,2026-09-19 12:00:00+00:00,3
14613,29905,701.52,2026-06-03 12:00:00+00:00,7
14614,29909,701.64,2026-06-08 12:00:00+00:00,5
14615,29906,701.55,2026-07-04 12:00:00+00:00,3
14616,29907,701.58,2026-08-04 12:00:00+00:00,2
14617,29910,701.67,2026-08-07 12:00:00+00:00,5
14618,29908,701.61,2026-09-02 12:00:00+00:00,2
14619,29911,701.70,2026-09-06 12:00:00+00:00,1
14620,29923,1487.76,2026-06-21 12:00:00+00:00,1
14621,29927,1487.98,2026-06-21 12:00:00+00:00,1
14622,29924,1487.81,2026-07-17 12:00:00+00:00,7
14623,29928,1488.04,2026-07-21 12:00:00+00:00,7
14624,29925,1487.86,2026-08-18 12:00:00+00:00,3
14625,29929,1488.10,2026-08-20 12:00:00+00:00,1
14626,29926,1487.92,2026-09-19 12:00:00+00:00,6
14627,29930,1488.17,2026-09-19 12:00:00+00:00,4
14628,29959,252.89,2026-07-22 12:00:00+00:00,4
14629,29960,252.90,2026-08-20 12:00:00+00:00,2
14630,29961,252.91,2026-09-16 12:00:00+00:00,1
14631,29977,2062.18,2026-07-24 12:00:00+00:00,3
14632,29978,2062.29,2026-08-23 12:00:00+00:00,5
14633,29980,2062.51,2026-08-23 12:00:00+00:00,3
14634,29979,2062.40,2026-09-20 12:00:00+00:00,3
14635,29981,2062.62,2026-09-22 12:00:00+00:00,5
14636,30001,1047.72,2026-02-21 12:00:00+00:00,3
14637,30009,1048.07,2026-02-24 12:00:00+00:00,5
14638,30002,1047.76,2026-03-21 12:00:00+00:00,2
14639,30010,1048.12,2026-03-26 12:00:00+00:00,2
14640,30003,1047.81,2026-04-20 12:00:00+00:00,2
14641,30004,1047.85,2026-05-21 12:00:00+00:00,6
14642,30011,1048.16,2026-05-25 12:00:00+00:00,6
14643,30005,1047.89,2026-06-19 12:00:00+00:00,1
14644,30006,1047.94,2026-07-24 12:00:00+00:00,7
14645,30012,1048.21,2026-07-24 12:00:00+00:00,4
14646,30007,1047.98,2026-08-19 12:00:00+00:00,4
14647,30008,1048.02,2026-09-17 12:00:00+00:00,4
14648,30019,3164.37,2026-02-05 12:00:00+00:00,2
14649,30020,3164.54,2026-03-07 12:00:00+00:00,4
14650,30021,3164.71,2026-04-06 12:00:00+00:00,2
14651,30027,3165.80,2026-04-09 12:00:00+00:00,5
14652,30022,3164.88,2026-05-07 12:00:00+00:00,7
14653,30028,3165.99,2026-05-09 12:00:00+00:00,3
14654,30023,3165.06,2026-06-06 12:00:00+00:00,5
14655,30029,3166.19,2026-06-08 12:00:00+00:00,3
14656,30024,3165.24,2026-07-07 12:00:00+00:00,6
14657,30030,3166.44,2026-07-08 12:00:00+00:00,5
14658,30025,3165.42,2026-08-02 12:00:00+00:00,5
14659,30026,3165.61,2026-09-04 12:00:00+00:00,7
14660,30031,606.85,2025-12-14 12:00:00+00:00,2
14661,30041,607.06,2025-12-19 12:00:00+00:00,5
14662,30032,606.87,2026-01-16 12:00:00+00:00,1
14663,30042,607.08,2026-01-18 12:00:00+00:00,6
14664,30033,606.89,2026-02-16 12:00:00+00:00,7
14665,30043,607.11,2026-02-17 12:00:00+00:00,6
14666,30034,606.91,2026-03-15 12:00:00+00:00,6
14667,30044,607.13,2026-03-19 12:00:00+00:00,4
14668,30035,606.93,2026-04-16 12:00:00+00:00,3
14669,30036,606.95,2026-05-18 12:00:00+00:00,4
14670,30037,606.97,2026-06-17 12:00:00+00:00,3
14671,30045,607.15,2026-06-17 12:00:00+00:00,3
14672,30038,607.00,2026-07-16 12:00:00+00:00,3
14673,30046,607.18,2026-07-17 12:00:00+00:00,3
14674,30039,607.02,2026-08-11 12:00:00+00:00,3
14675,30047,607.20,2026-08-16 12:00:00+00:00,5
14676,30040,607.04,2026-09-15 12:00:00+00:00,3
14677,30067,1551.12,2025-11-30 12:00:00+00:00,3
14678,30068,1551.20,2025-12-29 12:00:00+00:00,1
14679,30078,1552.21,2025-12-30 12:00:00+00:00,5
14680,30069,1551.29,2026-01-25 12:00:00+00:00,5
14681,30070,1551.39,2026-02-27 12:00:00+00:00,5
14682,30079,1552.33,2026-02-28 12:00:00+00:00,5
14683,30071,1551.48,2026-03-27 12:00:00+00:00,1
14684,30072,1551.58,2026-04-26 12:00:00+00:00,4
14685,30080,1552.45,2026-04-29 12:00:00+00:00,4
14686,30073,1551.68,2026-05-24 12:00:00+00:00,4
14687,30074,1551.78,2026-06-23 12:00:00+00:00,3
14688,30081,1552.57,2026-06-28 12:00:00+00:00,5
14689,30075,1551.88,2026-07-28 12:00:00+00:00,3
14690,30082,1552.69,2026-07-28 12:00:00+00:00,2
14691,30076,1551.99,2026-08-25 12:00:00+00:00,6
14692,30083,1552.82,2026-08-27 12:00:00+00:00,1
14693,30077,1552.10,2026-09-25 12:00:00+00:00,1
14694,30085,2056.68,2025-12-27 12:00:00+00:00,3
14695,30086,2056.77,2026-01-23 12:00:00+00:00,1
14696,30095,2057.65,2026-01-26 12:00:00+00:00,4
14697,30087,2056.86,2026-02-21 12:00:00+00:00,2
14698,30088,2056.95,2026-03-25 12:00:00+00:00,7
14699,30089,2057.05,2026-04-23 12:00:00+00:00,6
14700,30096,2057.76,2026-04-26 12:00:00+00:00,5
14701,30090,2057.14,2026-05-23 12:00:00+00:00,5
14702,30097,2057.87,2026-05-26 12:00:00+00:00,4
14703,30091,2057.24,2026-06-25 12:00:00+00:00,1
14704,30098,2057.98,2026-06-25 12:00:00+00:00,1
14705,30092,2057.34,2026-07-24 12:00:00+00:00,7
14706,30093,2057.44,2026-08-21 12:00:00+00:00,4
14707,30094,2057.55,2026-09-23 12:00:00+00:00,6
14708,30109,240.21,2025-12-14 12:00:00+00:00,4
14709,30110,240.22,2026-01-09 12:00:00+00:00,4
14710,30111,240.23,2026-02-09 12:00:00+00:00,5
14711,30119,240.31,2026-02-12 12:00:00+00:00,1
14712,30112,240.24,2026-03-14 12:00:00+00:00,1
14713,30113,240.25,2026-04-13 12:00:00+00:00,6
14714,30114,240.26,2026-05-10 12:00:00+00:00,7
14715,30120,240.32,2026-05-13 12:00:00+00:00,4
14716,30115,240.27,2026-06-08 12:00:00+00:00,7
14717,30121,240.33,2026-06-12 12:00:00+00:00,6
14718,30116,240.28,2026-07-08 12:00:00+00:00,7
14719,30117,240.29,2026-08-08 12:00:00+00:00,2
14720,30118,240.30,2026-09-09 12:00:00+00:00,5
14721,30133,1277.73,2026-03-03 12:00:00+00:00,4
14722,30141,1278.56,2026-03-03 12:00:00+00:00,1
14723,30134,1277.83,2026-04-01 12:00:00+00:00,4
14724,30142,1278.68,2026-04-02 12:00:00+00:00,6
14725,30135,1277.92,2026-04-27 12:00:00+00:00,5
14726,30143,1278.80,2026-05-02 12:00:00+00:00,3
14727,30136,1278.02,2026-05-28 12:00:00+00:00,3
14728,30137,1278.12,2026-06-28 12:00:00+00:00,3
14729,30138,1278.23,2026-07-29 12:00:00+00:00,7
14730,30144,1278.91,2026-07-31 12:00:00+00:00,3
14731,30139,1278.34,2026-08-29 12:00:00+00:00,1
14732,30140,1278.45,2026-09-29 12:00:00+00:00,3
14733,30145,919.52,2026-05-17 12:00:00+00:00,1
14734,30150,919.70,2026-05-19 12:00:00+00:00,2
14735,30146,919.55,2026-06-17 12:00:00+00:00,6
14736,30151,919.73,2026-06-18 12:00:00+00:00,1
14737,30147,919.59,2026-07-14 12:00:00+00:00,6
14738,30152,919.77,2026-07-18 12:00:00+00:00,7
14739,30148,919.62,2026-08-13 12:00:00+00:00,1
14740,30149,919.66,2026-09-13 12:00:00+00:00,4
14741,30153,919.82,2026-09-16 12:00:00+00:00,4
14742,30181,325.92,2026-06-21 12:00:00+00:00,6
14743,30185,325.96,2026-06-23 12:00:00+00:00,7
14744,30182,325.93,2026-07-23 12:00:00+00:00,3
14745,30186,325.97,2026-07-23 12:00:00+00:00,6
14746,30183,325.94,2026-08-21 12:00:00+00:00,1
14747,30184,325.95,2026-09-21 12:00:00+00:00,6
14748,30187,325.99,2026-09-21 12:00:00+00:00,5
14749,30217,1289.54,2026-07-29 12:00:00+00:00,3
14750,30218,1289.64,2026-08-28 12:00:00+00:00,5
14751,30220,1289.86,2026-08-31 12:00:00+00:00,5
14752,30219,1289.75,2026-09-26 12:00:00+00:00,4
14753,30229,343.92,2025-12-15 12:00:00+00:00,5
14754,30239,344.21,2025-12-17 12:00:00+00:00,5
14755,30230,343.94,2026-01-12 12:00:00+00:00,6
14756,30240,344.19,2026-01-16 12:00:00+00:00,4
14757,30231,343.97,2026-02-11 12:00:00+00:00,7
14758,30232,344.00,2026-03-14 12:00:00+00:00,5
14759,30233,344.02,2026-04-12 12:00:00+00:00,2
14760,30234,344.05,2026-05-14 12:00:00+00:00,2
14761,30235,344.08,2026-06-13 12:00:00+00:00,4
14762,30236,344.11,2026-07-11 12:00:00+00:00,3
14763,30237,344.14,2026-08-14 12:00:00+00:00,5
14764,30238,344.18,2026-09-13 12:00:00+00:00,4
14765,30241,1037.43,2026-05-16 12:00:00+00:00,1
14766,30246,1037.68,2026-05-20 12:00:00+00:00,5
14767,30242,1037.48,2026-06-15 12:00:00+00:00,7
14768,30243,1037.53,2026-07-15 12:00:00+00:00,1
14769,30244,1037.58,2026-08-18 12:00:00+00:00,6
14770,30247,1037.73,2026-08-18 12:00:00+00:00,7
14771,30245,1037.63,2026-09-15 12:00:00+00:00,7
14772,30248,1037.78,2026-09-17 12:00:00+00:00,5
14773,30253,3529.71,2026-02-02 12:00:00+00:00,2
14774,30261,3531.62,2026-02-06 12:00:00+00:00,1
14775,30254,3529.93,2026-03-05 12:00:00+00:00,2
14776,30255,3530.15,2026-04-03 12:00:00+00:00,5
14777,30262,3531.89,2026-04-07 12:00:00+00:00,6
14778,30256,3530.38,2026-05-02 12:00:00+00:00,4
14779,30263,3532.16,2026-05-07 12:00:00+00:00,4
14780,30257,3530.62,2026-06-06 12:00:00+00:00,2
14781,30258,3530.86,2026-07-01 12:00:00+00:00,7
14782,30259,3531.11,2026-08-05 12:00:00+00:00,2
14783,30264,3532.42,2026-08-05 12:00:00+00:00,5
14784,30260,3531.36,2026-09-04 12:00:00+00:00,1
14785,30265,271.58,2026-03-10 12:00:00+00:00,4
14786,30272,271.67,2026-03-13 12:00:00+00:00,7
14787,30266,271.59,2026-04-07 12:00:00+00:00,3
14788,30267,271.60,2026-05-09 12:00:00+00:00,1
14789,30273,271.69,2026-05-12 12:00:00+00:00,1
14790,30268,271.62,2026-06-06 12:00:00+00:00,3
14791,30274,271.70,2026-06-11 12:00:00+00:00,3
14792,30269,271.63,2026-07-08 12:00:00+00:00,5
14793,30270,271.64,2026-08-06 12:00:00+00:00,4
14794,30275,271.72,2026-08-10 12:00:00+00:00,5
14795,30271,271.66,2026-09-08 12:00:00+00:00,4
14796,30283,740.47,2026-07-07 12:00:00+00:00,3
14797,30284,740.51,2026-08-07 12:00:00+00:00,1
14798,30285,740.55,2026-09-01 12:00:00+00:00,6
14799,30301,3463.79,2026-02-27 12:00:00+00:00,4
14800,30309,3466.17,2026-03-04 12:00:00+00:00,5
14801,30302,3464.06,2026-03-29 12:00:00+00:00,4
14802,30310,3466.52,2026-04-03 12:00:00+00:00,1
14803,30303,3464.33,2026-05-02 12:00:00+00:00,6
14804,30311,3466.87,2026-05-03 12:00:00+00:00,5
14805,30304,3464.61,2026-05-30 12:00:00+00:00,4
14806,30312,3467.20,2026-06-02 12:00:00+00:00,7
14807,30305,3464.91,2026-06-27 12:00:00+00:00,1
14808,30306,3465.21,2026-07-29 12:00:00+00:00,6
14809,30307,3465.52,2026-08-30 12:00:00+00:00,7
14810,30308,3465.84,2026-09-28 12:00:00+00:00,5
14811,30313,1924.76,2026-05-02 12:00:00+00:00,7
14812,30314,1924.84,2026-05-21 12:00:00+00:00,3
14813,30315,1924.92,2026-06-26 12:00:00+00:00,7
14814,30316,1925.01,2026-07-18 12:00:00+00:00,3
14815,30318,1925.18,2026-09-29 12:00:00+00:00,7
14816,30337,143.31,2025-12-29 12:00:00+00:00,4
14817,30338,143.31,2026-01-18 12:00:00+00:00,1
14818,30339,143.32,2026-02-19 12:00:00+00:00,7
14819,30340,143.33,2026-03-29 12:00:00+00:00,1
14820,30341,143.33,2026-04-27 12:00:00+00:00,5
14821,30342,143.34,2026-05-24 12:00:00+00:00,7
14822,30343,143.34,2026-06-27 12:00:00+00:00,2
14823,30344,143.35,2026-07-31 12:00:00+00:00,1
14824,30373,1185.23,2026-04-22 12:00:00+00:00,7
14825,30379,1185.71,2026-04-25 12:00:00+00:00,6
14826,30374,1185.31,2026-05-21 12:00:00+00:00,7
14827,30375,1185.38,2026-06-24 12:00:00+00:00,5
14828,30380,1185.80,2026-06-24 12:00:00+00:00,1
14829,30376,1185.46,2026-07-20 12:00:00+00:00,3
14830,30381,1185.89,2026-07-24 12:00:00+00:00,4
14831,30377,1185.54,2026-08-22 12:00:00+00:00,4
14832,30382,1185.99,2026-08-23 12:00:00+00:00,5
14833,30378,1185.63,2026-09-20 12:00:00+00:00,6
14834,30391,1445.90,2025-12-14 12:00:00+00:00,4
14835,30401,1446.82,2025-12-16 12:00:00+00:00,2
14836,30392,1445.98,2026-01-12 12:00:00+00:00,3
14837,30402,1446.99,2026-01-15 12:00:00+00:00,5
14838,30393,1446.06,2026-02-10 12:00:00+00:00,6
14839,30394,1446.15,2026-03-16 12:00:00+00:00,6
14840,30395,1446.24,2026-04-11 12:00:00+00:00,5
14841,30396,1446.33,2026-05-13 12:00:00+00:00,5
14842,30397,1446.43,2026-06-13 12:00:00+00:00,2
14843,30398,1446.52,2026-07-10 12:00:00+00:00,1
14844,30399,1446.62,2026-08-08 12:00:00+00:00,1
14845,30400,1446.72,2026-09-12 12:00:00+00:00,1
14846,30403,1304.85,2026-01-23 12:00:00+00:00,6
14847,30404,1304.90,2026-02-20 12:00:00+00:00,3
14848,30405,1304.94,2026-03-22 12:00:00+00:00,4
14849,30412,1305.31,2026-03-24 12:00:00+00:00,4
14850,30406,1304.99,2026-04-23 12:00:00+00:00,6
14851,30413,1305.37,2026-04-23 12:00:00+00:00,6
14852,30407,1305.04,2026-05-23 12:00:00+00:00,4
14853,30414,1305.43,2026-05-23 12:00:00+00:00,1
14854,30408,1305.09,2026-06-21 12:00:00+00:00,5
14855,30415,1305.49,2026-06-22 12:00:00+00:00,7
14856,30409,1305.15,2026-07-20 12:00:00+00:00,7
14857,30410,1305.20,2026-08-21 12:00:00+00:00,2
14858,30411,1305.26,2026-09-15 12:00:00+00:00,1
14859,30416,1305.55,2026-09-20 12:00:00+00:00,5
14860,30439,3236.91,2026-03-09 12:00:00+00:00,3
14861,30446,3238.40,2026-03-13 12:00:00+00:00,5
14862,30440,3237.11,2026-04-11 12:00:00+00:00,7
14863,30447,3238.63,2026-04-12 12:00:00+00:00,5
14864,30441,3237.31,2026-05-11 12:00:00+00:00,5
14865,30448,3238.87,2026-05-12 12:00:00+00:00,4
14866,30442,3237.52,2026-06-07 12:00:00+00:00,5
14867,30449,3239.11,2026-06-11 12:00:00+00:00,4
14868,30443,3237.73,2026-07-06 12:00:00+00:00,6
14869,30450,3239.41,2026-07-11 12:00:00+00:00,6
14870,30444,3237.95,2026-08-06 12:00:00+00:00,5
14871,30445,3238.17,2026-09-07 12:00:00+00:00,5
14872,30451,1070.78,2025-12-26 12:00:00+00:00,7
14873,30461,1071.22,2025-12-28 12:00:00+00:00,3
14874,30452,1070.82,2026-01-23 12:00:00+00:00,4
14875,30462,1071.26,2026-01-27 12:00:00+00:00,3
14876,30453,1070.86,2026-02-24 12:00:00+00:00,5
14877,30463,1071.31,2026-02-26 12:00:00+00:00,2
14878,30454,1070.90,2026-03-26 12:00:00+00:00,4
14879,30455,1070.94,2026-04-26 12:00:00+00:00,7
14880,30464,1071.36,2026-04-27 12:00:00+00:00,1
14881,30456,1070.99,2026-05-27 12:00:00+00:00,4
14882,30457,1071.03,2026-06-22 12:00:00+00:00,3
14883,30458,1071.08,2026-07-22 12:00:00+00:00,1
14884,30459,1071.12,2026-08-25 12:00:00+00:00,7
14885,30465,1071.41,2026-08-25 12:00:00+00:00,2
14886,30460,1071.17,2026-09-23 12:00:00+00:00,1
14887,30469,1974.06,2026-05-07 12:00:00+00:00,7
14888,30470,1974.17,2026-06-15 12:00:00+00:00,7
14889,30471,1974.27,2026-07-05 12:00:00+00:00,1
14890,30472,1974.38,2026-08-19 12:00:00+00:00,7
14891,30493,320.45,2026-06-05 12:00:00+00:00,6
14892,30497,320.55,2026-06-10 12:00:00+00:00,3
14893,30494,320.47,2026-07-06 12:00:00+00:00,5
14894,30495,320.50,2026-08-06 12:00:00+00:00,5
14895,30498,320.57,2026-08-09 12:00:00+00:00,3
14896,30496,320.52,2026-09-03 12:00:00+00:00,6
14897,30505,445.74,2026-01-16 12:00:00+00:00,7
14898,30514,446.05,2026-01-17 12:00:00+00:00,3
14899,30506,445.77,2026-02-11 12:00:00+00:00,4
14900,30507,445.81,2026-03-16 12:00:00+00:00,6
14901,30508,445.84,2026-04-15 12:00:00+00:00,7
14902,30515,446.09,2026-04-17 12:00:00+00:00,2
14903,30509,445.87,2026-05-14 12:00:00+00:00,2
14904,30516,446.16,2026-05-17 12:00:00+00:00,3
14905,30510,445.90,2026-06-13 12:00:00+00:00,2
14906,30511,445.94,2026-07-12 12:00:00+00:00,1
14907,30512,445.97,2026-08-10 12:00:00+00:00,2
14908,30513,446.01,2026-09-09 12:00:00+00:00,3
14909,30517,558.75,2025-12-30 12:00:00+00:00,5
14910,30527,559.07,2026-01-03 12:00:00+00:00,3
14911,30518,558.78,2026-01-28 12:00:00+00:00,2
14912,30519,558.81,2026-03-02 12:00:00+00:00,1
14913,30520,558.83,2026-03-30 12:00:00+00:00,7
14914,30528,559.10,2026-04-03 12:00:00+00:00,6
14915,30521,558.87,2026-05-03 12:00:00+00:00,2
14916,30522,558.90,2026-05-30 12:00:00+00:00,1
14917,30529,559.14,2026-06-02 12:00:00+00:00,2
14918,30523,558.93,2026-06-29 12:00:00+00:00,2
14919,30524,558.96,2026-07-30 12:00:00+00:00,7
14920,30525,559.00,2026-08-27 12:00:00+00:00,5
14921,30530,559.18,2026-08-31 12:00:00+00:00,3
14922,30526,559.03,2026-09-26 12:00:00+00:00,2
14923,30541,410.85,2026-04-19 12:00:00+00:00,1
14924,30547,410.96,2026-04-20 12:00:00+00:00,7
14925,30542,410.87,2026-05-19 12:00:00+00:00,7
14926,30548,410.98,2026-05-20 12:00:00+00:00,5
14927,30543,410.89,2026-06-14 12:00:00+00:00,4
14928,30549,411.00,2026-06-19 12:00:00+00:00,2
14929,30544,410.90,2026-07-16 12:00:00+00:00,6
14930,30545,410.92,2026-08-14 12:00:00+00:00,4
14931,30546,410.94,2026-09-17 12:00:00+00:00,1
14932,30565,179.47,2026-03-10 12:00:00+00:00,4
14933,30572,179.54,2026-03-10 12:00:00+00:00,4
14934,30566,179.48,2026-04-06 12:00:00+00:00,1
14935,30567,179.49,2026-05-05 12:00:00+00:00,4
14936,30573,179.55,2026-05-09 12:00:00+00:00,6
14937,30568,179.50,2026-06-04 12:00:00+00:00,3
14938,30569,179.51,2026-07-04 12:00:00+00:00,2
14939,30574,179.57,2026-07-08 12:00:00+00:00,5
14940,30570,179.52,2026-08-03 12:00:00+00:00,5
14941,30575,179.58,2026-08-07 12:00:00+00:00,6
14942,30571,179.53,2026-09-03 12:00:00+00:00,2
14943,30589,335.20,2026-02-01 12:00:00+00:00,4
14944,30597,335.38,2026-02-05 12:00:00+00:00,4
14945,30590,335.22,2026-03-06 12:00:00+00:00,1
14946,30591,335.24,2026-04-02 12:00:00+00:00,6
14947,30592,335.26,2026-05-05 12:00:00+00:00,7
14948,30598,335.40,2026-05-06 12:00:00+00:00,7
14949,30593,335.28,2026-06-04 12:00:00+00:00,3
14950,30599,335.42,2026-06-05 12:00:00+00:00,5
14951,30594,335.31,2026-07-02 12:00:00+00:00,4
14952,30600,335.45,2026-07-05 12:00:00+00:00,6
14953,30595,335.33,2026-08-03 12:00:00+00:00,7
14954,30596,335.35,2026-08-29 12:00:00+00:00,1
14955,30601,335.48,2026-09-03 12:00:00+00:00,6
14956,30607,834.58,2026-02-11 12:00:00+00:00,2
14957,30615,834.85,2026-02-14 12:00:00+00:00,5
14958,30608,834.61,2026-03-15 12:00:00+00:00,4
14959,30616,834.88,2026-03-16 12:00:00+00:00,7
14960,30609,834.64,2026-04-11 12:00:00+00:00,3
14961,30617,834.92,2026-04-15 12:00:00+00:00,7
14962,30610,834.68,2026-05-12 12:00:00+00:00,2
14963,30611,834.71,2026-06-10 12:00:00+00:00,2
14964,30618,834.96,2026-06-14 12:00:00+00:00,4
14965,30612,834.74,2026-07-11 12:00:00+00:00,4
14966,30619,835.00,2026-07-14 12:00:00+00:00,1
14967,30613,834.78,2026-08-12 12:00:00+00:00,1
14968,30614,834.81,2026-09-08 12:00:00+00:00,2
14969,30620,835.03,2026-09-12 12:00:00+00:00,5
14970,30625,936.22,2026-07-09 12:00:00+00:00,6
14971,30626,936.25,2026-08-08 12:00:00+00:00,6
14972,30627,936.28,2026-09-03 12:00:00+00:00,5
14973,30661,1389.49,2026-01-29 12:00:00+00:00,1
14974,30670,1390.00,2026-01-29 12:00:00+00:00,4
14975,30662,1389.54,2026-02-25 12:00:00+00:00,2
14976,30663,1389.59,2026-03-27 12:00:00+00:00,2
14977,30664,1389.65,2026-04-27 12:00:00+00:00,6
14978,30671,1390.07,2026-04-29 12:00:00+00:00,5
14979,30665,1389.70,2026-05-26 12:00:00+00:00,4
14980,30672,1390.13,2026-05-29 12:00:00+00:00,7
14981,30666,1389.76,2026-06-25 12:00:00+00:00,6
14982,30667,1389.82,2026-07-23 12:00:00+00:00,6
14983,30668,1389.88,2026-08-26 12:00:00+00:00,6
14984,30669,1389.94,2026-09-21 12:00:00+00:00,7
14985,30697,2264.84,2026-06-12 12:00:00+00:00,3
14986,30701,2265.44,2026-06-16 12:00:00+00:00,3
14987,30698,2264.99,2026-07-14 12:00:00+00:00,5
14988,30702,2265.60,2026-07-16 12:00:00+00:00,7
14989,30699,2265.13,2026-08-14 12:00:00+00:00,7
14990,30700,2265.28,2026-09-10 12:00:00+00:00,5
14991,30715,1590.74,2025-11-14 12:00:00+00:00,4
14992,30726,1591.61,2025-11-17 12:00:00+00:00,6
14993,30716,1590.81,2025-12-16 12:00:00+00:00,2
14994,30727,1591.69,2025-12-17 12:00:00+00:00,2
14995,30717,1590.88,2026-01-13 12:00:00+00:00,5
14996,30718,1590.96,2026-02-11 12:00:00+00:00,2
14997,30728,1591.78,2026-02-15 12:00:00+00:00,7
14998,30719,1591.03,2026-03-15 12:00:00+00:00,7
14999,30729,1591.88,2026-03-17 12:00:00+00:00,3
15000,30720,1591.11,2026-04-11 12:00:00+00:00,6
15001,30730,1591.97,2026-04-16 12:00:00+00:00,7
15002,30721,1591.19,2026-05-15 12:00:00+00:00,1
15003,30722,1591.27,2026-06-10 12:00:00+00:00,3
15004,30723,1591.35,2026-07-12 12:00:00+00:00,1
15005,30724,1591.43,2026-08-11 12:00:00+00:00,1
15006,30731,1592.07,2026-08-14 12:00:00+00:00,7
15007,30725,1591.52,2026-09-09 12:00:00+00:00,2
15008,30739,932.72,2025-11-16 12:00:00+00:00,7
15009,30750,933.14,2025-11-20 12:00:00+00:00,1
15010,30740,932.75,2025-12-20 12:00:00+00:00,6
15011,30741,932.79,2026-01-17 12:00:00+00:00,6
15012,30742,932.82,2026-02-17 12:00:00+00:00,1
15013,30751,933.19,2026-02-18 12:00:00+00:00,6
15014,30743,932.86,2026-03-16 12:00:00+00:00,5
15015,30752,933.24,2026-03-20 12:00:00+00:00,5
15016,30744,932.90,2026-04-14 12:00:00+00:00,3
15017,30753,933.28,2026-04-19 12:00:00+00:00,4
15018,30745,932.94,2026-05-19 12:00:00+00:00,1
15019,30754,933.33,2026-05-19 12:00:00+00:00,4
15020,30746,932.98,2026-06-17 12:00:00+00:00,5
15021,30747,933.02,2026-07-15 12:00:00+00:00,3
15022,30755,933.38,2026-07-18 12:00:00+00:00,2
15023,30748,933.06,2026-08-15 12:00:00+00:00,3
15024,30756,933.43,2026-08-17 12:00:00+00:00,3
15025,30749,933.10,2026-09-13 12:00:00+00:00,5
15026,30757,933.49,2026-09-16 12:00:00+00:00,2
15027,30775,1617.49,2026-07-01 12:00:00+00:00,4
15028,30778,1617.75,2026-07-05 12:00:00+00:00,3
15029,30776,1617.57,2026-08-02 12:00:00+00:00,5
15030,30779,1617.84,2026-08-04 12:00:00+00:00,5
15031,30777,1617.66,2026-08-30 12:00:00+00:00,5
15032,30780,1617.94,2026-09-03 12:00:00+00:00,7
15033,30799,826.04,2026-02-01 12:00:00+00:00,5
15034,30807,826.62,2026-02-05 12:00:00+00:00,6
15035,30800,826.10,2026-03-02 12:00:00+00:00,6
15036,30808,826.71,2026-03-07 12:00:00+00:00,1
15037,30801,826.17,2026-04-06 12:00:00+00:00,1
15038,30809,826.79,2026-04-06 12:00:00+00:00,4
15039,30802,826.24,2026-05-06 12:00:00+00:00,4
15040,30810,826.91,2026-05-06 12:00:00+00:00,7
15041,30803,826.31,2026-06-04 12:00:00+00:00,1
15042,30804,826.39,2026-07-02 12:00:00+00:00,7
15043,30805,826.46,2026-07-31 12:00:00+00:00,6
15044,30806,826.54,2026-08-31 12:00:00+00:00,6
15045,30811,946.60,2026-04-10 12:00:00+00:00,5
15046,30812,946.65,2026-05-12 12:00:00+00:00,3
15047,30817,946.92,2026-05-12 12:00:00+00:00,5
15048,30813,946.70,2026-06-11 12:00:00+00:00,3
15049,30818,946.97,2026-06-11 12:00:00+00:00,3
15050,30814,946.75,2026-07-10 12:00:00+00:00,6
15051,30819,947.03,2026-07-11 12:00:00+00:00,7
15052,30815,946.80,2026-08-06 12:00:00+00:00,5
15053,30820,947.10,2026-08-10 12:00:00+00:00,4
15054,30816,946.86,2026-09-07 12:00:00+00:00,7
15055,30835,1092.14,2026-06-10 12:00:00+00:00,2
15056,30839,1092.46,2026-06-15 12:00:00+00:00,6
15057,30836,1092.22,2026-07-10 12:00:00+00:00,1
15058,30840,1092.55,2026-07-15 12:00:00+00:00,3
15059,30837,1092.30,2026-08-14 12:00:00+00:00,2
15060,30838,1092.38,2026-09-10 12:00:00+00:00,6
15061,30841,1092.64,2026-09-13 12:00:00+00:00,1
15062,30847,792.27,2026-08-03 12:00:00+00:00,1
15063,30849,792.35,2026-08-07 12:00:00+00:00,4
15064,30848,792.31,2026-09-05 12:00:00+00:00,1
15065,30850,792.40,2026-09-06 12:00:00+00:00,5
15066,30859,1533.87,2026-03-18 12:00:00+00:00,1
15067,30860,1533.94,2026-04-19 12:00:00+00:00,2
15068,30866,1534.40,2026-04-19 12:00:00+00:00,2
15069,30861,1534.01,2026-05-14 12:00:00+00:00,7
15070,30867,1534.48,2026-05-19 12:00:00+00:00,5
15071,30862,1534.09,2026-06-13 12:00:00+00:00,6
15072,30868,1534.57,2026-06-18 12:00:00+00:00,3
15073,30863,1534.17,2026-07-14 12:00:00+00:00,3
15074,30869,1534.65,2026-07-18 12:00:00+00:00,4
15075,30864,1534.24,2026-08-13 12:00:00+00:00,6
15076,30870,1534.80,2026-08-17 12:00:00+00:00,5
15077,30865,1534.32,2026-09-12 12:00:00+00:00,1
15078,30871,494.25,2026-07-08 12:00:00+00:00,1
15079,30873,494.31,2026-09-29 12:00:00+00:00,1
15080,30874,494.34,2026-10-28 12:00:00+00:00,1
15081,30889,2738.88,2026-03-02 12:00:00+00:00,4
15082,30896,2739.98,2026-03-07 12:00:00+00:00,6
15083,30890,2739.03,2026-04-02 12:00:00+00:00,4
15084,30891,2739.18,2026-05-06 12:00:00+00:00,1
15085,30892,2739.33,2026-06-01 12:00:00+00:00,4
15086,30897,2740.15,2026-06-05 12:00:00+00:00,1
15087,30893,2739.49,2026-07-02 12:00:00+00:00,7
15088,30898,2740.32,2026-07-05 12:00:00+00:00,7
15089,30894,2739.65,2026-08-02 12:00:00+00:00,4
15090,30899,2740.50,2026-08-04 12:00:00+00:00,1
15091,30895,2739.81,2026-09-03 12:00:00+00:00,1
15092,30900,2740.69,2026-09-03 12:00:00+00:00,6
15093,30901,432.82,2026-05-26 12:00:00+00:00,6
15094,30906,432.90,2026-05-26 12:00:00+00:00,6
15095,30902,432.84,2026-06-25 12:00:00+00:00,5
15096,30907,432.92,2026-06-25 12:00:00+00:00,7
15097,30903,432.85,2026-07-21 12:00:00+00:00,6
15098,30904,432.87,2026-08-24 12:00:00+00:00,3
15099,30905,432.88,2026-09-21 12:00:00+00:00,1
15100,30937,879.49,2026-01-03 12:00:00+00:00,5
15101,30946,879.90,2026-01-07 12:00:00+00:00,2
15102,30938,879.53,2026-02-05 12:00:00+00:00,3
15103,30947,879.95,2026-02-06 12:00:00+00:00,2
15104,30939,879.57,2026-03-06 12:00:00+00:00,3
15105,30940,879.62,2026-04-02 12:00:00+00:00,2
15106,30948,880.01,2026-04-07 12:00:00+00:00,7
15107,30941,879.66,2026-05-04 12:00:00+00:00,2
15108,30942,879.71,2026-06-04 12:00:00+00:00,7
15109,30949,880.06,2026-06-06 12:00:00+00:00,2
15110,30943,879.75,2026-07-04 12:00:00+00:00,2
15111,30944,879.80,2026-08-02 12:00:00+00:00,4
15112,30950,880.12,2026-08-05 12:00:00+00:00,2
15113,30945,879.85,2026-09-02 12:00:00+00:00,2
15114,30951,880.17,2026-09-04 12:00:00+00:00,5
15115,30961,1068.50,2026-03-03 12:00:00+00:00,5
15116,30969,1069.02,2026-03-04 12:00:00+00:00,2
15117,30962,1068.56,2026-03-31 12:00:00+00:00,1
15118,30970,1069.09,2026-04-03 12:00:00+00:00,6
15119,30963,1068.62,2026-04-30 12:00:00+00:00,4
15120,30971,1069.16,2026-05-03 12:00:00+00:00,6
15121,30964,1068.68,2026-05-30 12:00:00+00:00,3
15122,30965,1068.74,2026-06-29 12:00:00+00:00,2
15123,30972,1069.24,2026-07-02 12:00:00+00:00,6
15124,30966,1068.81,2026-07-30 12:00:00+00:00,7
15125,30967,1068.88,2026-08-27 12:00:00+00:00,1
15126,30973,1069.31,2026-08-31 12:00:00+00:00,5
15127,30968,1068.94,2026-09-25 12:00:00+00:00,7
15128,30979,1951.99,2026-06-21 12:00:00+00:00,3
15129,30980,1952.07,2026-07-20 12:00:00+00:00,7
15130,30983,1952.31,2026-07-21 12:00:00+00:00,7
15131,30981,1952.15,2026-08-17 12:00:00+00:00,1
15132,30984,1952.40,2026-08-20 12:00:00+00:00,4
15133,30982,1952.23,2026-09-15 12:00:00+00:00,5
15134,30985,1952.49,2026-09-19 12:00:00+00:00,5
15135,30997,1878.12,2026-06-12 12:00:00+00:00,7
15136,31001,1878.48,2026-06-12 12:00:00+00:00,2
15137,30998,1878.21,2026-07-08 12:00:00+00:00,4
15138,30999,1878.30,2026-08-10 12:00:00+00:00,2
15139,31000,1878.39,2026-09-08 12:00:00+00:00,3
15140,31002,1878.57,2026-09-10 12:00:00+00:00,2
15141,31021,342.29,2026-01-09 12:00:00+00:00,2
15142,31022,342.30,2026-02-09 12:00:00+00:00,7
15143,31030,342.38,2026-02-13 12:00:00+00:00,2
15144,31023,342.31,2026-03-15 12:00:00+00:00,2
15145,31031,342.40,2026-03-15 12:00:00+00:00,3
15146,31024,342.32,2026-04-12 12:00:00+00:00,1
15147,31032,342.41,2026-04-14 12:00:00+00:00,2
15148,31025,342.33,2026-05-09 12:00:00+00:00,5
15149,31033,342.42,2026-05-14 12:00:00+00:00,2
15150,31026,342.34,2026-06-08 12:00:00+00:00,7
15151,31027,342.35,2026-07-13 12:00:00+00:00,3
15152,31034,342.43,2026-07-13 12:00:00+00:00,1
15153,31028,342.36,2026-08-11 12:00:00+00:00,2
15154,31029,342.37,2026-09-10 12:00:00+00:00,4
15155,31035,342.45,2026-09-11 12:00:00+00:00,1
15156,31057,1594.24,2026-01-17 12:00:00+00:00,1
15157,31066,1594.79,2026-01-20 12:00:00+00:00,6
15158,31058,1594.30,2026-02-15 12:00:00+00:00,5
15159,31067,1594.86,2026-02-19 12:00:00+00:00,5
15160,31059,1594.35,2026-03-17 12:00:00+00:00,5
15161,31060,1594.41,2026-04-15 12:00:00+00:00,1
15162,31068,1594.93,2026-04-20 12:00:00+00:00,2
15163,31061,1594.47,2026-05-15 12:00:00+00:00,4
15164,31069,1595.01,2026-05-20 12:00:00+00:00,1
15165,31062,1594.53,2026-06-19 12:00:00+00:00,7
15166,31070,1595.08,2026-06-19 12:00:00+00:00,1
15167,31063,1594.60,2026-07-17 12:00:00+00:00,6
15168,31071,1595.15,2026-07-19 12:00:00+00:00,1
15169,31064,1594.66,2026-08-13 12:00:00+00:00,1
15170,31065,1594.73,2026-09-14 12:00:00+00:00,2
15171,31093,348.74,2026-01-25 12:00:00+00:00,1
15172,31102,348.98,2026-01-25 12:00:00+00:00,4
15173,31094,348.77,2026-02-19 12:00:00+00:00,3
15174,31103,349.01,2026-02-24 12:00:00+00:00,2
15175,31095,348.79,2026-03-22 12:00:00+00:00,1
15176,31104,349.03,2026-03-26 12:00:00+00:00,2
15177,31096,348.82,2026-04-22 12:00:00+00:00,4
15178,31097,348.84,2026-05-24 12:00:00+00:00,7
15179,31098,348.87,2026-06-24 12:00:00+00:00,2
15180,31099,348.89,2026-07-20 12:00:00+00:00,1
15181,31100,348.92,2026-08-20 12:00:00+00:00,6
15182,31101,348.95,2026-09-19 12:00:00+00:00,1
15183,31105,500.90,2025-12-01 12:00:00+00:00,1
15184,31116,501.34,2025-12-03 12:00:00+00:00,7
15185,31106,500.93,2026-01-02 12:00:00+00:00,5
15186,31107,500.97,2026-01-29 12:00:00+00:00,5
15187,31108,501.01,2026-02-27 12:00:00+00:00,3
15188,31109,501.05,2026-03-29 12:00:00+00:00,6
15189,31110,501.09,2026-05-01 12:00:00+00:00,3
15190,31111,501.13,2026-05-27 12:00:00+00:00,5
15191,31112,501.17,2026-06-26 12:00:00+00:00,2
15192,31113,501.22,2026-07-31 12:00:00+00:00,7
15193,31114,501.26,2026-08-30 12:00:00+00:00,4
15194,31115,501.31,2026-09-26 12:00:00+00:00,5
15195,31117,188.98,2026-02-01 12:00:00+00:00,2
15196,31118,188.99,2026-02-28 12:00:00+00:00,1
15197,31126,189.07,2026-03-03 12:00:00+00:00,1
15198,31119,189.00,2026-03-31 12:00:00+00:00,1
15199,31127,189.08,2026-04-02 12:00:00+00:00,6
15200,31120,189.01,2026-05-01 12:00:00+00:00,7
15201,31128,189.10,2026-05-02 12:00:00+00:00,7
15202,31121,189.02,2026-05-30 12:00:00+00:00,3
15203,31122,189.03,2026-06-28 12:00:00+00:00,4
15204,31129,189.11,2026-07-01 12:00:00+00:00,6
15205,31123,189.04,2026-07-31 12:00:00+00:00,1
15206,31130,189.12,2026-07-31 12:00:00+00:00,4
15207,31124,189.05,2026-08-30 12:00:00+00:00,2
15208,31125,189.06,2026-09-26 12:00:00+00:00,4
15209,31141,648.59,2025-11-22 12:00:00+00:00,1
15210,31152,649.05,2025-11-22 12:00:00+00:00,4
15211,31142,648.63,2025-12-19 12:00:00+00:00,5
15212,31143,648.67,2026-01-19 12:00:00+00:00,1
15213,31144,648.72,2026-02-20 12:00:00+00:00,2
15214,31145,648.76,2026-03-18 12:00:00+00:00,1
15215,31146,648.81,2026-04-16 12:00:00+00:00,7
15216,31147,648.86,2026-05-17 12:00:00+00:00,5
15217,31148,648.90,2026-06-19 12:00:00+00:00,5
15218,31149,648.95,2026-07-16 12:00:00+00:00,3
15219,31150,649.00,2026-08-19 12:00:00+00:00,6
15220,31151,649.06,2026-09-18 12:00:00+00:00,1
15221,31153,1775.95,2025-11-28 12:00:00+00:00,1
15222,31164,1777.63,2025-11-29 12:00:00+00:00,3
15223,31154,1776.07,2025-12-28 12:00:00+00:00,4
15224,31155,1776.20,2026-01-23 12:00:00+00:00,2
15225,31156,1776.34,2026-02-25 12:00:00+00:00,1
15226,31157,1776.48,2026-03-25 12:00:00+00:00,1
15227,31158,1776.62,2026-04-27 12:00:00+00:00,6
15228,31159,1776.77,2026-05-28 12:00:00+00:00,6
15229,31160,1776.92,2026-06-27 12:00:00+00:00,7
15230,31161,1777.07,2026-07-22 12:00:00+00:00,5
15231,31162,1777.23,2026-08-25 12:00:00+00:00,7
15232,31163,1777.40,2026-09-20 12:00:00+00:00,4
15233,31165,2115.48,2026-05-10 12:00:00+00:00,5
15234,31170,2116.17,2026-05-15 12:00:00+00:00,3
15235,31166,2115.61,2026-06-09 12:00:00+00:00,2
15236,31167,2115.75,2026-07-09 12:00:00+00:00,5
15237,31171,2116.32,2026-07-14 12:00:00+00:00,2
15238,31168,2115.88,2026-08-08 12:00:00+00:00,4
15239,31172,2116.47,2026-08-13 12:00:00+00:00,2
15240,31169,2116.02,2026-09-10 12:00:00+00:00,2
15241,31173,2116.63,2026-09-12 12:00:00+00:00,6
15242,31183,1463.18,2026-03-21 12:00:00+00:00,3
15243,31190,1463.78,2026-03-22 12:00:00+00:00,7
15244,31184,1463.26,2026-04-21 12:00:00+00:00,6
15245,31185,1463.34,2026-05-16 12:00:00+00:00,1
15246,31186,1463.42,2026-06-15 12:00:00+00:00,4
15247,31191,1463.87,2026-06-20 12:00:00+00:00,5
15248,31187,1463.50,2026-07-20 12:00:00+00:00,3
15249,31192,1463.97,2026-07-20 12:00:00+00:00,1
15250,31188,1463.59,2026-08-18 12:00:00+00:00,2
15251,31193,1464.08,2026-08-19 12:00:00+00:00,3
15252,31189,1463.68,2026-09-14 12:00:00+00:00,1
15253,31194,1464.18,2026-09-18 12:00:00+00:00,4
15254,31207,1774.61,2026-01-26 12:00:00+00:00,5
15255,31208,1774.72,2026-02-24 12:00:00+00:00,5
15256,31216,1775.70,2026-03-01 12:00:00+00:00,3
15257,31209,1774.83,2026-03-28 12:00:00+00:00,3
15258,31210,1774.94,2026-04-30 12:00:00+00:00,2
15259,31217,1775.84,2026-04-30 12:00:00+00:00,5
15260,31211,1775.06,2026-05-25 12:00:00+00:00,7
15261,31218,1775.98,2026-05-30 12:00:00+00:00,4
15262,31212,1775.18,2026-06-28 12:00:00+00:00,2
15263,31213,1775.31,2026-07-29 12:00:00+00:00,4
15264,31219,1776.13,2026-07-29 12:00:00+00:00,2
15265,31214,1775.43,2026-08-23 12:00:00+00:00,3
15266,31220,1776.28,2026-08-28 12:00:00+00:00,3
15267,31215,1775.56,2026-09-27 12:00:00+00:00,7
15268,31225,2327.39,2026-07-29 12:00:00+00:00,6
15269,31226,2327.50,2026-08-26 12:00:00+00:00,6
15270,31227,2327.60,2026-09-25 12:00:00+00:00,4
15271,31228,2327.71,2026-09-27 12:00:00+00:00,1
15272,31243,486.61,2026-06-03 12:00:00+00:00,3
15273,31244,486.64,2026-07-02 12:00:00+00:00,3
15274,31245,486.66,2026-08-11 12:00:00+00:00,6
15275,31247,486.71,2026-10-27 12:00:00+00:00,6
15276,31261,1598.51,2026-04-12 12:00:00+00:00,1
15277,31267,1598.97,2026-04-12 12:00:00+00:00,4
15278,31262,1598.58,2026-05-09 12:00:00+00:00,3
15279,31263,1598.66,2026-06-11 12:00:00+00:00,5
15280,31268,1599.06,2026-06-11 12:00:00+00:00,2
15281,31264,1598.73,2026-07-10 12:00:00+00:00,2
15282,31269,1599.14,2026-07-11 12:00:00+00:00,5
15283,31265,1598.81,2026-08-06 12:00:00+00:00,2
15284,31266,1598.89,2026-09-09 12:00:00+00:00,7
15285,31270,1599.22,2026-09-09 12:00:00+00:00,1
15286,31273,160.74,2026-04-11 12:00:00+00:00,6
15287,31274,160.75,2026-05-12 12:00:00+00:00,7
15288,31279,160.77,2026-05-14 12:00:00+00:00,1
15289,31275,160.75,2026-06-11 12:00:00+00:00,1
15290,31276,160.76,2026-07-10 12:00:00+00:00,3
15291,31277,160.76,2026-08-07 12:00:00+00:00,7
15292,31280,160.78,2026-08-12 12:00:00+00:00,2
15293,31278,160.77,2026-09-08 12:00:00+00:00,5
15294,31281,160.78,2026-09-11 12:00:00+00:00,4
15295,31309,1959.83,2025-12-26 12:00:00+00:00,6
15296,31310,1959.95,2026-01-24 12:00:00+00:00,4
15297,31319,1961.16,2026-01-26 12:00:00+00:00,2
15298,31311,1960.07,2026-02-20 12:00:00+00:00,4
15299,31312,1960.19,2026-03-27 12:00:00+00:00,7
15300,31320,1961.31,2026-03-27 12:00:00+00:00,7
15301,31313,1960.32,2026-04-24 12:00:00+00:00,7
15302,31321,1961.47,2026-04-26 12:00:00+00:00,7
15303,31314,1960.45,2026-05-21 12:00:00+00:00,5
15304,31322,1961.63,2026-05-26 12:00:00+00:00,2
15305,31315,1960.58,2026-06-22 12:00:00+00:00,1
15306,31323,1961.80,2026-06-25 12:00:00+00:00,5
15307,31316,1960.72,2026-07-23 12:00:00+00:00,6
15308,31324,1961.97,2026-07-25 12:00:00+00:00,5
15309,31317,1960.86,2026-08-19 12:00:00+00:00,2
15310,31325,1962.15,2026-08-24 12:00:00+00:00,2
15311,31318,1961.01,2026-09-19 12:00:00+00:00,3
15312,31327,1157.62,2026-04-13 12:00:00+00:00,1
15313,31328,1157.66,2026-05-13 12:00:00+00:00,3
15314,31329,1157.71,2026-06-02 12:00:00+00:00,4
15315,31330,1157.75,2026-07-05 12:00:00+00:00,2
15316,31331,1157.80,2026-08-07 12:00:00+00:00,1
15317,31333,1157.89,2026-10-19 12:00:00+00:00,4
15318,31363,1805.90,2025-12-16 12:00:00+00:00,5
15319,31364,1805.99,2026-01-14 12:00:00+00:00,4
15320,31373,1806.89,2026-01-16 12:00:00+00:00,6
15321,31365,1806.08,2026-02-15 12:00:00+00:00,1
15322,31374,1807.01,2026-02-15 12:00:00+00:00,6
15323,31366,1806.17,2026-03-16 12:00:00+00:00,4
15324,31367,1806.27,2026-04-14 12:00:00+00:00,1
15325,31368,1806.36,2026-05-12 12:00:00+00:00,2
15326,31375,1807.12,2026-05-16 12:00:00+00:00,1
15327,31369,1806.46,2026-06-15 12:00:00+00:00,1
15328,31376,1807.24,2026-06-15 12:00:00+00:00,7
15329,31370,1806.57,2026-07-10 12:00:00+00:00,4
15330,31377,1807.37,2026-07-15 12:00:00+00:00,3
15331,31371,1806.67,2026-08-09 12:00:00+00:00,3
15332,31378,1807.49,2026-08-14 12:00:00+00:00,2
15333,31372,1806.78,2026-09-10 12:00:00+00:00,7
15334,31379,1807.62,2026-09-13 12:00:00+00:00,1
15335,31387,2517.37,2026-02-27 12:00:00+00:00,3
15336,31388,2517.51,2026-03-30 12:00:00+00:00,1
15337,31395,2518.53,2026-04-02 12:00:00+00:00,4
15338,31389,2517.64,2026-04-29 12:00:00+00:00,1
15339,31396,2518.69,2026-05-02 12:00:00+00:00,5
15340,31390,2517.78,2026-06-01 12:00:00+00:00,6
15341,31397,2518.85,2026-06-01 12:00:00+00:00,7
15342,31391,2517.92,2026-07-01 12:00:00+00:00,2
15343,31398,2519.01,2026-07-01 12:00:00+00:00,6
15344,31392,2518.07,2026-07-26 12:00:00+00:00,2
15345,31399,2519.18,2026-07-31 12:00:00+00:00,2
15346,31393,2518.22,2026-08-27 12:00:00+00:00,5
15347,31394,2518.37,2026-09-25 12:00:00+00:00,2
15348,31405,1326.68,2025-11-26 12:00:00+00:00,5
15349,31406,1326.72,2025-12-29 12:00:00+00:00,7
15350,31416,1327.24,2025-12-29 12:00:00+00:00,5
15351,31407,1326.77,2026-01-26 12:00:00+00:00,3
15352,31417,1327.30,2026-01-28 12:00:00+00:00,1
15353,31408,1326.82,2026-02-22 12:00:00+00:00,3
15354,31418,1327.35,2026-02-27 12:00:00+00:00,5
15355,31409,1326.87,2026-03-26 12:00:00+00:00,3
15356,31419,1327.41,2026-03-29 12:00:00+00:00,2
15357,31410,1326.92,2026-04-23 12:00:00+00:00,2
15358,31420,1327.48,2026-04-28 12:00:00+00:00,2
15359,31411,1326.97,2026-05-27 12:00:00+00:00,5
15360,31421,1327.54,2026-05-28 12:00:00+00:00,3
15361,31412,1327.02,2026-06-24 12:00:00+00:00,3
15362,31422,1327.60,2026-06-27 12:00:00+00:00,6
15363,31413,1327.07,2026-07-23 12:00:00+00:00,4
15364,31423,1327.67,2026-07-27 12:00:00+00:00,1
15365,31414,1327.13,2026-08-26 12:00:00+00:00,2
15366,31424,1327.73,2026-08-26 12:00:00+00:00,2
15367,31415,1327.18,2026-09-20 12:00:00+00:00,6
15368,31425,1327.80,2026-09-25 12:00:00+00:00,7
15369,31441,246.57,2026-04-06 12:00:00+00:00,7
15370,31442,246.58,2026-05-10 12:00:00+00:00,1
15371,31443,246.60,2026-06-08 12:00:00+00:00,4
15372,31444,246.61,2026-07-05 12:00:00+00:00,2
15373,31447,246.65,2026-07-10 12:00:00+00:00,3
15374,31445,246.63,2026-08-06 12:00:00+00:00,6
15375,31446,246.64,2026-09-03 12:00:00+00:00,3
15376,31448,246.67,2026-09-08 12:00:00+00:00,5
15377,31465,2582.26,2026-06-11 12:00:00+00:00,4
15378,31469,2582.94,2026-06-12 12:00:00+00:00,1
15379,31466,2582.42,2026-07-10 12:00:00+00:00,3
15380,31470,2583.13,2026-07-12 12:00:00+00:00,3
15381,31467,2582.59,2026-08-11 12:00:00+00:00,1
15382,31468,2582.76,2026-09-07 12:00:00+00:00,7
15383,31471,2583.32,2026-09-10 12:00:00+00:00,1
15384,31483,1462.30,2026-01-19 12:00:00+00:00,5
15385,31484,1462.35,2026-02-18 12:00:00+00:00,6
15386,31485,1462.41,2026-03-16 12:00:00+00:00,4
15387,31486,1462.47,2026-04-15 12:00:00+00:00,7
15388,31492,1462.82,2026-04-20 12:00:00+00:00,3
15389,31487,1462.52,2026-05-20 12:00:00+00:00,2
15390,31493,1462.88,2026-05-20 12:00:00+00:00,6
15391,31488,1462.58,2026-06-16 12:00:00+00:00,5
15392,31489,1462.64,2026-07-14 12:00:00+00:00,5
15393,31490,1462.70,2026-08-13 12:00:00+00:00,6
15394,31494,1462.94,2026-08-18 12:00:00+00:00,3
15395,31491,1462.76,2026-09-15 12:00:00+00:00,4
15396,31495,1463.00,2026-09-17 12:00:00+00:00,1
15397,31507,653.38,2025-12-29 12:00:00+00:00,1
15398,31508,653.41,2026-01-25 12:00:00+00:00,4
15399,31517,653.69,2026-01-28 12:00:00+00:00,7
15400,31509,653.44,2026-02-25 12:00:00+00:00,5
15401,31510,653.47,2026-03-26 12:00:00+00:00,5
15402,31511,653.50,2026-04-23 12:00:00+00:00,4
15403,31512,653.53,2026-05-23 12:00:00+00:00,4
15404,31513,653.56,2026-06-25 12:00:00+00:00,4
15405,31518,653.72,2026-06-27 12:00:00+00:00,7
15406,31514,653.59,2026-07-22 12:00:00+00:00,4
15407,31515,653.62,2026-08-23 12:00:00+00:00,3
15408,31519,653.76,2026-08-26 12:00:00+00:00,3
15409,31516,653.65,2026-09-22 12:00:00+00:00,5
15410,31520,653.79,2026-09-25 12:00:00+00:00,1
15411,31531,3242.45,2026-07-21 12:00:00+00:00,3
15412,31532,3242.69,2026-08-21 12:00:00+00:00,4
15413,31534,3243.18,2026-08-21 12:00:00+00:00,6
15414,31533,3242.93,2026-09-17 12:00:00+00:00,6
15415,31543,2356.63,2025-12-11 12:00:00+00:00,6
15416,31544,2356.79,2026-01-06 12:00:00+00:00,7
15417,31545,2356.96,2026-02-05 12:00:00+00:00,6
15418,31546,2357.13,2026-03-08 12:00:00+00:00,3
15419,31547,2357.30,2026-04-05 12:00:00+00:00,2
15420,31548,2357.48,2026-05-08 12:00:00+00:00,2
15421,31553,2358.44,2026-05-10 12:00:00+00:00,2
15422,31549,2357.66,2026-06-06 12:00:00+00:00,7
15423,31554,2358.63,2026-06-09 12:00:00+00:00,4
15424,31550,2357.84,2026-07-05 12:00:00+00:00,4
15425,31551,2358.04,2026-08-07 12:00:00+00:00,2
15426,31552,2358.23,2026-09-03 12:00:00+00:00,6
15427,31555,1424.07,2026-03-24 12:00:00+00:00,1
15428,31562,1424.49,2026-03-26 12:00:00+00:00,4
15429,31556,1424.13,2026-04-21 12:00:00+00:00,1
15430,31563,1424.55,2026-04-25 12:00:00+00:00,3
15431,31557,1424.19,2026-05-21 12:00:00+00:00,2
15432,31564,1424.61,2026-05-25 12:00:00+00:00,2
15433,31558,1424.25,2026-06-22 12:00:00+00:00,6
15434,31565,1424.68,2026-06-24 12:00:00+00:00,3
15435,31559,1424.30,2026-07-24 12:00:00+00:00,6
15436,31566,1424.74,2026-07-24 12:00:00+00:00,5
15437,31560,1424.36,2026-08-19 12:00:00+00:00,1
15438,31561,1424.42,2026-09-21 12:00:00+00:00,7
15439,31567,1424.81,2026-09-22 12:00:00+00:00,7
15440,31579,972.86,2026-06-04 12:00:00+00:00,7
15441,31580,972.91,2026-07-03 12:00:00+00:00,2
15442,31583,973.07,2026-07-04 12:00:00+00:00,1
15443,31581,972.97,2026-07-31 12:00:00+00:00,6
15444,31584,973.13,2026-08-03 12:00:00+00:00,7
15445,31582,973.02,2026-08-31 12:00:00+00:00,6
15446,31585,973.19,2026-09-02 12:00:00+00:00,1
15447,31597,358.49,2025-12-22 12:00:00+00:00,5
15448,31598,358.50,2026-01-24 12:00:00+00:00,4
15449,31607,358.64,2026-01-25 12:00:00+00:00,4
15450,31599,358.51,2026-02-19 12:00:00+00:00,7
15451,31608,358.66,2026-02-24 12:00:00+00:00,7
15452,31600,358.53,2026-03-22 12:00:00+00:00,5
15453,31609,358.67,2026-03-26 12:00:00+00:00,7
15454,31601,358.54,2026-04-25 12:00:00+00:00,4
15455,31610,358.69,2026-04-25 12:00:00+00:00,3
15456,31602,358.56,2026-05-22 12:00:00+00:00,7
15457,31611,358.71,2026-05-25 12:00:00+00:00,7
15458,31603,358.58,2026-06-24 12:00:00+00:00,6
15459,31604,358.59,2026-07-21 12:00:00+00:00,3
15460,31612,358.73,2026-07-24 12:00:00+00:00,7
15461,31605,358.61,2026-08-19 12:00:00+00:00,3
15462,31613,358.74,2026-08-23 12:00:00+00:00,1
15463,31606,358.62,2026-09-20 12:00:00+00:00,7
15464,31615,1915.67,2026-06-23 12:00:00+00:00,6
15465,31619,1916.08,2026-06-27 12:00:00+00:00,4
15466,31616,1915.77,2026-07-24 12:00:00+00:00,6
15467,31620,1916.19,2026-07-27 12:00:00+00:00,7
15468,31617,1915.87,2026-08-26 12:00:00+00:00,7
15469,31621,1916.30,2026-08-26 12:00:00+00:00,7
15470,31618,1915.97,2026-09-24 12:00:00+00:00,4
15471,31622,1916.41,2026-09-25 12:00:00+00:00,1
15472,31639,1531.95,2026-02-14 12:00:00+00:00,4
15473,31640,1532.00,2026-03-13 12:00:00+00:00,6
15474,31641,1532.06,2026-04-13 12:00:00+00:00,4
15475,31647,1532.44,2026-04-17 12:00:00+00:00,1
15476,31642,1532.12,2026-05-17 12:00:00+00:00,2
15477,31648,1532.50,2026-05-17 12:00:00+00:00,4
15478,31643,1532.18,2026-06-13 12:00:00+00:00,5
15479,31644,1532.24,2026-07-15 12:00:00+00:00,1
15480,31649,1532.58,2026-07-16 12:00:00+00:00,3
15481,31645,1532.30,2026-08-10 12:00:00+00:00,4
15482,31650,1532.65,2026-08-15 12:00:00+00:00,5
15483,31646,1532.37,2026-09-14 12:00:00+00:00,1
15484,31675,607.49,2026-03-23 12:00:00+00:00,6
15485,31676,607.52,2026-04-22 12:00:00+00:00,5
15486,31682,607.65,2026-04-22 12:00:00+00:00,3
15487,31677,607.54,2026-05-19 12:00:00+00:00,5
15488,31683,607.68,2026-05-22 12:00:00+00:00,7
15489,31678,607.56,2026-06-17 12:00:00+00:00,1
15490,31679,607.58,2026-07-19 12:00:00+00:00,5
15491,31684,607.70,2026-07-21 12:00:00+00:00,5
15492,31680,607.60,2026-08-16 12:00:00+00:00,1
15493,31685,607.73,2026-08-20 12:00:00+00:00,1
15494,31681,607.63,2026-09-19 12:00:00+00:00,6
15495,31686,607.75,2026-09-19 12:00:00+00:00,7
15496,31711,1257.50,2026-05-03 12:00:00+00:00,3
15497,31716,1257.73,2026-05-08 12:00:00+00:00,5
15498,31712,1257.54,2026-06-04 12:00:00+00:00,6
15499,31713,1257.59,2026-07-07 12:00:00+00:00,1
15500,31714,1257.64,2026-08-06 12:00:00+00:00,2
15501,31717,1257.79,2026-08-06 12:00:00+00:00,4
15502,31715,1257.68,2026-09-03 12:00:00+00:00,3
15503,31718,1257.84,2026-09-05 12:00:00+00:00,1
15504,31747,239.67,2026-04-27 12:00:00+00:00,6
15505,31753,239.73,2026-04-27 12:00:00+00:00,3
15506,31748,239.68,2026-05-24 12:00:00+00:00,3
15507,31754,239.74,2026-05-27 12:00:00+00:00,3
15508,31749,239.69,2026-06-24 12:00:00+00:00,3
15509,31750,239.70,2026-07-23 12:00:00+00:00,1
15510,31755,239.75,2026-07-26 12:00:00+00:00,3
15511,31751,239.71,2026-08-21 12:00:00+00:00,1
15512,31752,239.72,2026-09-20 12:00:00+00:00,1
15513,31756,239.76,2026-09-24 12:00:00+00:00,5
15514,31783,2135.04,2026-01-13 12:00:00+00:00,6
15515,31784,2135.17,2026-02-15 12:00:00+00:00,5
15516,31785,2135.31,2026-03-05 12:00:00+00:00,5
15517,31786,2135.45,2026-04-15 12:00:00+00:00,4
15518,31787,2135.59,2026-05-03 12:00:00+00:00,3
15519,31788,2135.74,2026-06-14 12:00:00+00:00,5
15520,31789,2135.89,2026-07-06 12:00:00+00:00,6
15521,31790,2136.04,2026-08-14 12:00:00+00:00,6
15522,31795,814.03,2025-12-09 12:00:00+00:00,3
15523,31796,814.08,2026-01-08 12:00:00+00:00,1
15524,31797,814.12,2026-02-11 12:00:00+00:00,4
15525,31798,814.17,2026-03-14 12:00:00+00:00,1
15526,31799,814.21,2026-04-07 12:00:00+00:00,4
15527,31800,814.26,2026-05-08 12:00:00+00:00,5
15528,31801,814.31,2026-06-21 12:00:00+00:00,3
15529,31802,814.36,2026-07-11 12:00:00+00:00,5
15530,31803,814.41,2026-08-17 12:00:00+00:00,6
15531,31804,814.46,2026-09-11 12:00:00+00:00,7
15532,31813,289.50,2026-04-08 12:00:00+00:00,2
15533,31814,289.51,2026-05-06 12:00:00+00:00,4
15534,31815,289.52,2026-05-31 12:00:00+00:00,1
15535,31816,289.53,2026-07-12 12:00:00+00:00,2
15536,31817,289.54,2026-08-02 12:00:00+00:00,5
15537,31819,289.57,2026-10-28 12:00:00+00:00,2
15538,31837,2257.85,2026-06-20 12:00:00+00:00,2
15539,31841,2258.46,2026-06-21 12:00:00+00:00,2
15540,31838,2258.00,2026-07-17 12:00:00+00:00,3
15541,31839,2258.15,2026-08-15 12:00:00+00:00,4
15542,31842,2258.63,2026-08-20 12:00:00+00:00,3
15543,31840,2258.30,2026-09-19 12:00:00+00:00,6
15544,31855,2080.68,2026-06-26 12:00:00+00:00,1
15545,31856,2080.78,2026-08-02 12:00:00+00:00,5
15546,31858,2081.00,2026-10-16 12:00:00+00:00,6
15547,31879,981.66,2026-02-24 12:00:00+00:00,3
15548,31887,982.08,2026-02-28 12:00:00+00:00,3
15549,31880,981.71,2026-03-29 12:00:00+00:00,4
15550,31881,981.76,2026-04-29 12:00:00+00:00,2
15551,31882,981.81,2026-05-26 12:00:00+00:00,2
15552,31883,981.86,2026-06-28 12:00:00+00:00,2
15553,31888,982.14,2026-06-28 12:00:00+00:00,5
15554,31884,981.91,2026-07-25 12:00:00+00:00,3
15555,31885,981.97,2026-08-26 12:00:00+00:00,1
15556,31889,982.20,2026-08-27 12:00:00+00:00,6
15557,31886,982.02,2026-09-21 12:00:00+00:00,3
15558,31891,943.04,2025-11-26 12:00:00+00:00,3
15559,31892,943.09,2025-12-28 12:00:00+00:00,2
15560,31902,943.67,2025-12-31 12:00:00+00:00,6
15561,31893,943.14,2026-01-30 12:00:00+00:00,6
15562,31903,943.73,2026-01-30 12:00:00+00:00,7
15563,31894,943.19,2026-03-01 12:00:00+00:00,7
15564,31904,943.80,2026-03-01 12:00:00+00:00,1
15565,31895,943.25,2026-03-27 12:00:00+00:00,4
15566,31905,943.87,2026-03-31 12:00:00+00:00,7
15567,31896,943.30,2026-04-30 12:00:00+00:00,4
15568,31897,943.36,2026-05-29 12:00:00+00:00,4
15569,31898,943.42,2026-06-26 12:00:00+00:00,3
15570,31906,943.94,2026-06-29 12:00:00+00:00,7
15571,31899,943.48,2026-07-28 12:00:00+00:00,3
15572,31907,944.01,2026-07-29 12:00:00+00:00,7
15573,31900,943.54,2026-08-27 12:00:00+00:00,5
15574,31908,944.02,2026-08-28 12:00:00+00:00,4
15575,31901,943.60,2026-09-26 12:00:00+00:00,4
15576,31909,2198.37,2026-03-28 12:00:00+00:00,7
15577,31910,2198.47,2026-04-27 12:00:00+00:00,6
15578,31916,2199.15,2026-04-28 12:00:00+00:00,7
15579,31911,2198.58,2026-05-25 12:00:00+00:00,3
15580,31912,2198.69,2026-06-22 12:00:00+00:00,1
15581,31917,2199.27,2026-06-27 12:00:00+00:00,1
15582,31913,2198.80,2026-07-24 12:00:00+00:00,2
15583,31918,2199.39,2026-07-27 12:00:00+00:00,7
15584,31914,2198.91,2026-08-24 12:00:00+00:00,7
15585,31919,2199.52,2026-08-26 12:00:00+00:00,5
15586,31915,2199.03,2026-09-21 12:00:00+00:00,1
15587,31927,1751.28,2026-07-28 12:00:00+00:00,3
15588,31929,1751.47,2026-10-13 12:00:00+00:00,3
15589,31951,3294.43,2026-02-04 12:00:00+00:00,1
15590,31959,3295.95,2026-02-04 12:00:00+00:00,7
15591,31952,3294.60,2026-03-05 12:00:00+00:00,7
15592,31960,3296.15,2026-03-06 12:00:00+00:00,1
15593,31953,3294.78,2026-04-03 12:00:00+00:00,2
15594,31961,3296.36,2026-04-05 12:00:00+00:00,2
15595,31954,3294.97,2026-05-03 12:00:00+00:00,7
15596,31962,3296.53,2026-05-05 12:00:00+00:00,6
15597,31955,3295.16,2026-06-04 12:00:00+00:00,3
15598,31956,3295.35,2026-07-01 12:00:00+00:00,6
15599,31957,3295.54,2026-07-29 12:00:00+00:00,1
15600,31958,3295.74,2026-09-02 12:00:00+00:00,1
15601,31963,2250.98,2026-07-27 12:00:00+00:00,7
15602,31964,2251.12,2026-08-30 12:00:00+00:00,2
15603,31966,2251.41,2026-08-31 12:00:00+00:00,7
15604,31965,2251.26,2026-09-28 12:00:00+00:00,3
15605,31975,3044.88,2026-01-13 12:00:00+00:00,2
15606,31976,3045.08,2026-02-13 12:00:00+00:00,6
15607,31984,3046.87,2026-02-15 12:00:00+00:00,7
15608,31977,3045.29,2026-03-14 12:00:00+00:00,1
15609,31985,3047.12,2026-03-17 12:00:00+00:00,4
15610,31978,3045.50,2026-04-11 12:00:00+00:00,6
15611,31979,3045.71,2026-05-13 12:00:00+00:00,4
15612,31986,3047.42,2026-05-16 12:00:00+00:00,2
15613,31980,3045.93,2026-06-11 12:00:00+00:00,7
15614,31981,3046.16,2026-07-14 12:00:00+00:00,2
15615,31982,3046.39,2026-08-09 12:00:00+00:00,2
15616,31983,3046.63,2026-09-08 12:00:00+00:00,7
15617,31987,497.38,2026-04-23 12:00:00+00:00,1
15618,31993,497.50,2026-04-23 12:00:00+00:00,2
15619,31988,497.40,2026-05-23 12:00:00+00:00,1
15620,31994,497.52,2026-05-23 12:00:00+00:00,1
15621,31989,497.42,2026-06-20 12:00:00+00:00,7
15622,31995,497.55,2026-06-22 12:00:00+00:00,5
15623,31990,497.44,2026-07-22 12:00:00+00:00,6
15624,31996,497.57,2026-07-22 12:00:00+00:00,7
15625,31991,497.46,2026-08-16 12:00:00+00:00,4
15626,31997,497.59,2026-08-21 12:00:00+00:00,6
15627,31992,497.48,2026-09-19 12:00:00+00:00,5
15628,32011,1214.33,2025-11-25 12:00:00+00:00,7
15629,32022,1215.14,2025-11-28 12:00:00+00:00,2
15630,32012,1214.39,2025-12-26 12:00:00+00:00,5
15631,32013,1214.45,2026-01-24 12:00:00+00:00,7
15632,32014,1214.52,2026-02-22 12:00:00+00:00,3
15633,32023,1215.23,2026-02-26 12:00:00+00:00,7
15634,32015,1214.59,2026-03-27 12:00:00+00:00,6
15635,32016,1214.66,2026-04-25 12:00:00+00:00,5
15636,32017,1214.74,2026-05-23 12:00:00+00:00,4
15637,32024,1215.32,2026-05-27 12:00:00+00:00,3
15638,32018,1214.81,2026-06-21 12:00:00+00:00,2
15639,32025,1215.41,2026-06-26 12:00:00+00:00,2
15640,32019,1214.89,2026-07-21 12:00:00+00:00,5
15641,32020,1214.97,2026-08-24 12:00:00+00:00,4
15642,32026,1215.51,2026-08-25 12:00:00+00:00,1
15643,32021,1215.05,2026-09-24 12:00:00+00:00,6
15644,32027,1215.61,2026-09-24 12:00:00+00:00,6
15645,32035,1959.60,2026-04-06 12:00:00+00:00,2
15646,32036,1959.71,2026-05-07 12:00:00+00:00,3
15647,32041,1960.29,2026-05-11 12:00:00+00:00,3
15648,32037,1959.82,2026-06-09 12:00:00+00:00,3
15649,32038,1959.93,2026-07-07 12:00:00+00:00,5
15650,32042,1960.42,2026-07-10 12:00:00+00:00,1
15651,32039,1960.05,2026-08-07 12:00:00+00:00,1
15652,32040,1960.17,2026-09-04 12:00:00+00:00,7
15653,32053,2806.41,2026-05-15 12:00:00+00:00,1
15654,32058,2807.14,2026-05-20 12:00:00+00:00,2
15655,32054,2806.55,2026-06-16 12:00:00+00:00,5
15656,32059,2807.30,2026-06-19 12:00:00+00:00,6
15657,32055,2806.69,2026-07-14 12:00:00+00:00,1
15658,32056,2806.84,2026-08-13 12:00:00+00:00,1
15659,32060,2807.45,2026-08-18 12:00:00+00:00,3
15660,32057,2806.99,2026-09-12 12:00:00+00:00,6
15661,32061,2807.61,2026-09-17 12:00:00+00:00,7
15662,32065,348.20,2025-12-14 12:00:00+00:00,7
15663,32075,348.34,2025-12-18 12:00:00+00:00,5
15664,32066,348.21,2026-01-16 12:00:00+00:00,2
15665,32067,348.22,2026-02-11 12:00:00+00:00,7
15666,32076,348.35,2026-02-16 12:00:00+00:00,4
15667,32068,348.24,2026-03-15 12:00:00+00:00,4
15668,32077,348.37,2026-03-18 12:00:00+00:00,7
15669,32069,348.25,2026-04-16 12:00:00+00:00,3
15670,32078,348.38,2026-04-17 12:00:00+00:00,6
15671,32070,348.26,2026-05-13 12:00:00+00:00,1
15672,32071,348.28,2026-06-15 12:00:00+00:00,5
15673,32079,348.40,2026-06-16 12:00:00+00:00,1
15674,32072,348.29,2026-07-11 12:00:00+00:00,2
15675,32080,348.42,2026-07-16 12:00:00+00:00,7
15676,32073,348.31,2026-08-15 12:00:00+00:00,1
15677,32074,348.32,2026-09-11 12:00:00+00:00,1
15678,32089,317.62,2026-07-14 12:00:00+00:00,6
15679,32092,317.67,2026-07-17 12:00:00+00:00,4
15680,32090,317.64,2026-08-16 12:00:00+00:00,2
15681,32093,317.69,2026-08-16 12:00:00+00:00,6
15682,32091,317.65,2026-09-10 12:00:00+00:00,3
15683,32113,743.48,2026-07-05 12:00:00+00:00,1
15684,32114,743.52,2026-08-06 12:00:00+00:00,2
15685,32116,743.60,2026-08-07 12:00:00+00:00,1
15686,32115,743.56,2026-09-03 12:00:00+00:00,2
15687,32117,743.64,2026-09-06 12:00:00+00:00,2
15688,32137,911.01,2026-04-16 12:00:00+00:00,3
15689,32143,911.47,2026-04-20 12:00:00+00:00,1
15690,32138,911.09,2026-05-17 12:00:00+00:00,2
15691,32144,911.56,2026-05-20 12:00:00+00:00,2
15692,32139,911.16,2026-06-14 12:00:00+00:00,7
15693,32140,911.23,2026-07-15 12:00:00+00:00,6
15694,32145,911.65,2026-07-19 12:00:00+00:00,1
15695,32141,911.31,2026-08-18 12:00:00+00:00,1
15696,32146,911.74,2026-08-18 12:00:00+00:00,1
15697,32142,911.39,2026-09-12 12:00:00+00:00,7
15698,32147,911.83,2026-09-17 12:00:00+00:00,4
15699,32149,1627.57,2026-08-15 12:00:00+00:00,4
15700,32173,2549.00,2025-12-07 12:00:00+00:00,1
15701,32174,2549.20,2026-01-07 12:00:00+00:00,7
15702,32183,2551.23,2026-01-10 12:00:00+00:00,5
15703,32175,2549.40,2026-02-08 12:00:00+00:00,4
15704,32184,2551.44,2026-02-09 12:00:00+00:00,7
15705,32176,2549.60,2026-03-09 12:00:00+00:00,6
15706,32177,2549.81,2026-04-08 12:00:00+00:00,2
15707,32178,2550.03,2026-05-05 12:00:00+00:00,2
15708,32179,2550.26,2026-06-06 12:00:00+00:00,4
15709,32180,2550.49,2026-07-09 12:00:00+00:00,4
15710,32181,2550.73,2026-08-06 12:00:00+00:00,6
15711,32182,2550.98,2026-09-06 12:00:00+00:00,4
15712,32185,2624.89,2026-04-09 12:00:00+00:00,2
15713,32191,2625.65,2026-04-11 12:00:00+00:00,1
15714,32186,2625.01,2026-05-08 12:00:00+00:00,2
15715,32187,2625.14,2026-06-07 12:00:00+00:00,3
15716,32188,2625.26,2026-07-08 12:00:00+00:00,4
15717,32189,2625.39,2026-08-08 12:00:00+00:00,1
15718,32190,2625.52,2026-09-07 12:00:00+00:00,6
15719,32197,1543.95,2025-11-17 12:00:00+00:00,2
15720,32208,1544.69,2025-11-20 12:00:00+00:00,3
15721,32198,1544.02,2025-12-17 12:00:00+00:00,7
15722,32199,1544.08,2026-01-19 12:00:00+00:00,7
15723,32200,1544.15,2026-02-16 12:00:00+00:00,1
15724,32201,1544.22,2026-03-20 12:00:00+00:00,1
15725,32202,1544.29,2026-04-15 12:00:00+00:00,6
15726,32203,1544.36,2026-05-16 12:00:00+00:00,4
15727,32204,1544.43,2026-06-14 12:00:00+00:00,5
15728,32205,1544.51,2026-07-17 12:00:00+00:00,5
15729,32206,1544.58,2026-08-14 12:00:00+00:00,5
15730,32207,1544.65,2026-09-16 12:00:00+00:00,3
15731,32209,1432.51,2026-05-13 12:00:00+00:00,6
15732,32210,1432.61,2026-06-12 12:00:00+00:00,6
15733,32214,1433.07,2026-06-13 12:00:00+00:00,4
15734,32211,1432.72,2026-07-09 12:00:00+00:00,2
15735,32212,1432.83,2026-08-11 12:00:00+00:00,4
15736,32215,1433.19,2026-08-12 12:00:00+00:00,3
15737,32213,1432.95,2026-09-10 12:00:00+00:00,6
15738,32216,1433.31,2026-09-11 12:00:00+00:00,7
15739,32221,2493.45,2026-05-23 12:00:00+00:00,3
15740,32226,2494.20,2026-05-25 12:00:00+00:00,6
15741,32222,2493.59,2026-06-22 12:00:00+00:00,2
15742,32223,2493.74,2026-07-22 12:00:00+00:00,5
15743,32224,2493.89,2026-08-20 12:00:00+00:00,7
15744,32227,2494.36,2026-08-23 12:00:00+00:00,1
15745,32225,2494.04,2026-09-17 12:00:00+00:00,7
15746,32228,2494.52,2026-09-22 12:00:00+00:00,5
15747,32239,1832.96,2025-12-25 12:00:00+00:00,7
15748,32240,1833.05,2026-01-24 12:00:00+00:00,4
15749,32249,1834.09,2026-01-27 12:00:00+00:00,4
15750,32241,1833.16,2026-02-22 12:00:00+00:00,7
15751,32250,1834.23,2026-02-26 12:00:00+00:00,1
15752,32242,1833.26,2026-03-26 12:00:00+00:00,6
15753,32243,1833.37,2026-04-23 12:00:00+00:00,2
15754,32251,1834.37,2026-04-27 12:00:00+00:00,1
15755,32244,1833.48,2026-05-22 12:00:00+00:00,3
15756,32252,1834.51,2026-05-27 12:00:00+00:00,7
15757,32245,1833.59,2026-06-21 12:00:00+00:00,3
15758,32253,1834.66,2026-06-26 12:00:00+00:00,6
15759,32246,1833.71,2026-07-23 12:00:00+00:00,6
15760,32247,1833.83,2026-08-25 12:00:00+00:00,5
15761,32248,1833.96,2026-09-22 12:00:00+00:00,5
15762,32254,1834.82,2026-09-24 12:00:00+00:00,7
15763,32263,361.63,2026-08-03 12:00:00+00:00,7
15764,32265,361.67,2026-08-03 12:00:00+00:00,7
15765,32264,361.65,2026-09-01 12:00:00+00:00,4
15766,32281,875.39,2026-04-18 12:00:00+00:00,1
15767,32282,875.42,2026-05-18 12:00:00+00:00,7
15768,32287,875.58,2026-05-18 12:00:00+00:00,4
15769,32283,875.45,2026-06-13 12:00:00+00:00,7
15770,32288,875.61,2026-06-17 12:00:00+00:00,2
15771,32284,875.48,2026-07-16 12:00:00+00:00,4
15772,32289,875.65,2026-07-17 12:00:00+00:00,7
15773,32285,875.52,2026-08-13 12:00:00+00:00,7
15774,32290,875.68,2026-08-16 12:00:00+00:00,1
15775,32286,875.55,2026-09-12 12:00:00+00:00,7
15776,32291,875.72,2026-09-15 12:00:00+00:00,3
15777,32317,2353.72,2026-07-07 12:00:00+00:00,5
15778,32318,2353.90,2026-07-30 12:00:00+00:00,7
15779,32319,2354.08,2026-08-26 12:00:00+00:00,4
15780,32329,3406.63,2026-03-16 12:00:00+00:00,7
15781,32330,3406.88,2026-04-18 12:00:00+00:00,4
15782,32331,3407.15,2026-05-15 12:00:00+00:00,3
15783,32336,3408.59,2026-05-18 12:00:00+00:00,3
15784,32332,3407.42,2026-06-14 12:00:00+00:00,5
15785,32337,3408.90,2026-06-17 12:00:00+00:00,4
15786,32333,3407.70,2026-07-12 12:00:00+00:00,7
15787,32334,3407.98,2026-08-11 12:00:00+00:00,5
15788,32335,3408.28,2026-09-11 12:00:00+00:00,3
15789,32341,571.19,2026-06-20 12:00:00+00:00,6
15790,32342,571.21,2026-07-17 12:00:00+00:00,2
15791,32345,571.29,2026-07-20 12:00:00+00:00,3
15792,32343,571.24,2026-08-15 12:00:00+00:00,2
15793,32346,571.31,2026-08-19 12:00:00+00:00,7
15794,32344,571.26,2026-09-16 12:00:00+00:00,2
15795,32347,571.34,2026-09-18 12:00:00+00:00,1
15796,32359,2170.54,2026-04-10 12:00:00+00:00,2
15797,32360,2170.68,2026-05-09 12:00:00+00:00,5
15798,32365,2171.43,2026-05-14 12:00:00+00:00,7
15799,32361,2170.82,2026-06-10 12:00:00+00:00,7
15800,32362,2170.96,2026-07-11 12:00:00+00:00,7
15801,32366,2171.59,2026-07-13 12:00:00+00:00,3
15802,32363,2171.11,2026-08-07 12:00:00+00:00,3
15803,32364,2171.27,2026-09-10 12:00:00+00:00,6
15804,32367,2171.76,2026-09-11 12:00:00+00:00,6
15805,32377,2502.26,2026-01-05 12:00:00+00:00,3
15806,32386,2503.77,2026-01-06 12:00:00+00:00,7
15807,32378,2502.41,2026-02-04 12:00:00+00:00,6
15808,32387,2503.96,2026-02-05 12:00:00+00:00,6
15809,32379,2502.56,2026-03-07 12:00:00+00:00,5
15810,32388,2504.16,2026-03-07 12:00:00+00:00,2
15811,32380,2502.72,2026-04-04 12:00:00+00:00,2
15812,32381,2502.88,2026-05-04 12:00:00+00:00,7
15813,32389,2504.36,2026-05-06 12:00:00+00:00,2
15814,32382,2503.05,2026-06-05 12:00:00+00:00,4
15815,32383,2503.22,2026-07-05 12:00:00+00:00,5
15816,32390,2504.57,2026-07-05 12:00:00+00:00,6
15817,32384,2503.40,2026-08-02 12:00:00+00:00,4
15818,32385,2503.58,2026-09-01 12:00:00+00:00,5
15819,32391,2504.79,2026-09-03 12:00:00+00:00,5
15820,32395,2617.83,2026-04-15 12:00:00+00:00,1
15821,32396,2617.99,2026-05-16 12:00:00+00:00,7
15822,32401,2618.89,2026-05-17 12:00:00+00:00,1
15823,32397,2618.16,2026-06-13 12:00:00+00:00,5
15824,32398,2618.34,2026-07-12 12:00:00+00:00,2
15825,32402,2619.09,2026-07-16 12:00:00+00:00,1
15826,32399,2618.52,2026-08-15 12:00:00+00:00,4
15827,32400,2618.70,2026-09-11 12:00:00+00:00,6
15828,32413,3088.36,2026-06-02 12:00:00+00:00,6
15829,32417,3089.12,2026-06-04 12:00:00+00:00,3
15830,32414,3088.55,2026-07-02 12:00:00+00:00,3
15831,32415,3088.73,2026-08-03 12:00:00+00:00,3
15832,32418,3089.32,2026-08-03 12:00:00+00:00,7
15833,32416,3088.93,2026-08-28 12:00:00+00:00,5
15834,32425,1347.60,2026-03-08 12:00:00+00:00,2
15835,32432,1347.98,2026-03-08 12:00:00+00:00,6
15836,32426,1347.65,2026-04-05 12:00:00+00:00,5
15837,32427,1347.70,2026-05-03 12:00:00+00:00,7
15838,32433,1348.03,2026-05-07 12:00:00+00:00,2
15839,32428,1347.76,2026-06-01 12:00:00+00:00,7
15840,32434,1348.09,2026-06-06 12:00:00+00:00,3
15841,32429,1347.81,2026-07-05 12:00:00+00:00,1
15842,32435,1348.15,2026-07-06 12:00:00+00:00,4
15843,32430,1347.86,2026-08-02 12:00:00+00:00,1
15844,32436,1348.21,2026-08-05 12:00:00+00:00,1
15845,32431,1347.92,2026-09-03 12:00:00+00:00,7
15846,32449,1890.66,2026-06-18 12:00:00+00:00,7
15847,32453,1891.07,2026-06-18 12:00:00+00:00,3
15848,32450,1890.76,2026-07-13 12:00:00+00:00,4
15849,32454,1891.18,2026-07-18 12:00:00+00:00,6
15850,32451,1890.86,2026-08-17 12:00:00+00:00,2
15851,32455,1891.30,2026-08-17 12:00:00+00:00,1
15852,32452,1890.96,2026-09-15 12:00:00+00:00,7
15853,32456,1891.41,2026-09-16 12:00:00+00:00,5
15854,32473,1543.49,2026-01-06 12:00:00+00:00,6
15855,32482,1544.01,2026-01-06 12:00:00+00:00,2
15856,32474,1543.54,2026-01-31 12:00:00+00:00,2
15857,32475,1543.60,2026-03-05 12:00:00+00:00,7
15858,32483,1544.08,2026-03-07 12:00:00+00:00,7
15859,32476,1543.65,2026-04-05 12:00:00+00:00,5
15860,32484,1544.14,2026-04-06 12:00:00+00:00,1
15861,32477,1543.71,2026-05-02 12:00:00+00:00,6
15862,32485,1544.21,2026-05-06 12:00:00+00:00,1
15863,32478,1543.77,2026-06-05 12:00:00+00:00,7
15864,32479,1543.83,2026-07-02 12:00:00+00:00,4
15865,32486,1544.28,2026-07-05 12:00:00+00:00,5
15866,32480,1543.89,2026-08-01 12:00:00+00:00,6
15867,32481,1543.95,2026-09-01 12:00:00+00:00,1
15868,32509,461.58,2026-05-06 12:00:00+00:00,4
15869,32514,461.69,2026-05-06 12:00:00+00:00,4
15870,32510,461.60,2026-06-02 12:00:00+00:00,1
15871,32511,461.62,2026-07-01 12:00:00+00:00,4
15872,32512,461.64,2026-08-04 12:00:00+00:00,7
15873,32515,461.71,2026-08-04 12:00:00+00:00,2
15874,32513,461.66,2026-08-31 12:00:00+00:00,4
15875,32516,461.73,2026-09-03 12:00:00+00:00,3
15876,32533,1144.32,2026-06-11 12:00:00+00:00,6
15877,32534,1144.35,2026-07-12 12:00:00+00:00,1
15878,32537,1144.46,2026-07-13 12:00:00+00:00,3
15879,32535,1144.38,2026-08-10 12:00:00+00:00,3
15880,32538,1144.49,2026-08-12 12:00:00+00:00,1
15881,32536,1144.42,2026-09-07 12:00:00+00:00,4
15882,32539,1144.53,2026-09-11 12:00:00+00:00,3
15883,32569,2081.63,2025-12-20 12:00:00+00:00,4
15884,32570,2081.74,2026-01-12 12:00:00+00:00,2
15885,32571,2081.86,2026-02-21 12:00:00+00:00,6
15886,32572,2081.97,2026-03-23 12:00:00+00:00,7
15887,32573,2082.09,2026-04-13 12:00:00+00:00,6
15888,32574,2082.22,2026-05-17 12:00:00+00:00,7
15889,32575,2082.35,2026-06-06 12:00:00+00:00,6
15890,32576,2082.48,2026-07-06 12:00:00+00:00,2
15891,32577,2082.62,2026-08-09 12:00:00+00:00,7
15892,32593,1333.23,2026-03-20 12:00:00+00:00,4
15893,32600,1333.71,2026-03-23 12:00:00+00:00,7
15894,32594,1333.29,2026-04-20 12:00:00+00:00,3
15895,32601,1333.78,2026-04-22 12:00:00+00:00,5
15896,32595,1333.36,2026-05-21 12:00:00+00:00,5
15897,32602,1333.85,2026-05-22 12:00:00+00:00,5
15898,32596,1333.43,2026-06-17 12:00:00+00:00,4
15899,32603,1333.93,2026-06-21 12:00:00+00:00,1
15900,32597,1333.49,2026-07-17 12:00:00+00:00,3
15901,32604,1334.03,2026-07-21 12:00:00+00:00,3
15902,32598,1333.56,2026-08-20 12:00:00+00:00,3
15903,32599,1333.63,2026-09-19 12:00:00+00:00,1
15904,32605,2212.00,2026-07-15 12:00:00+00:00,4
15905,32606,2212.13,2026-08-09 12:00:00+00:00,5
15906,32608,2212.41,2026-08-14 12:00:00+00:00,3
15907,32607,2212.27,2026-09-08 12:00:00+00:00,1
15908,32609,2212.56,2026-09-13 12:00:00+00:00,1
15909,32623,718.54,2026-04-06 12:00:00+00:00,7
15910,32629,718.76,2026-04-09 12:00:00+00:00,2
15911,32624,718.57,2026-05-09 12:00:00+00:00,5
15912,32625,718.61,2026-06-08 12:00:00+00:00,2
15913,32626,718.65,2026-07-06 12:00:00+00:00,1
15914,32627,718.68,2026-08-06 12:00:00+00:00,6
15915,32628,718.72,2026-09-02 12:00:00+00:00,1
15916,32630,718.80,2026-09-06 12:00:00+00:00,4
15917,32641,888.96,2025-11-20 12:00:00+00:00,7
15918,32652,889.28,2025-11-20 12:00:00+00:00,6
15919,32642,888.99,2025-12-20 12:00:00+00:00,7
15920,32643,889.01,2026-01-17 12:00:00+00:00,4
15921,32653,889.31,2026-01-19 12:00:00+00:00,3
15922,32644,889.04,2026-02-16 12:00:00+00:00,4
15923,32654,889.34,2026-02-18 12:00:00+00:00,4
15924,32645,889.07,2026-03-19 12:00:00+00:00,7
15925,32646,889.10,2026-04-14 12:00:00+00:00,4
15926,32647,889.13,2026-05-14 12:00:00+00:00,3
15927,32648,889.16,2026-06-15 12:00:00+00:00,3
15928,32649,889.19,2026-07-15 12:00:00+00:00,6
15929,32655,889.38,2026-07-18 12:00:00+00:00,7
15930,32650,889.22,2026-08-17 12:00:00+00:00,2
15931,32656,889.41,2026-08-17 12:00:00+00:00,3
15932,32651,889.25,2026-09-12 12:00:00+00:00,1
15933,32677,2956.08,2026-04-03 12:00:00+00:00,6
15934,32683,2957.09,2026-04-06 12:00:00+00:00,4
15935,32678,2956.24,2026-05-01 12:00:00+00:00,3
15936,32679,2956.41,2026-05-31 12:00:00+00:00,2
15937,32680,2956.57,2026-07-03 12:00:00+00:00,1
15938,32684,2957.27,2026-07-05 12:00:00+00:00,2
15939,32681,2956.74,2026-08-03 12:00:00+00:00,2
15940,32682,2956.91,2026-09-03 12:00:00+00:00,1
15941,32685,2957.45,2026-09-03 12:00:00+00:00,6
15942,32689,359.28,2026-01-19 12:00:00+00:00,6
15943,32698,359.45,2026-01-21 12:00:00+00:00,5
15944,32690,359.30,2026-02-19 12:00:00+00:00,3
15945,32699,359.47,2026-02-20 12:00:00+00:00,4
15946,32691,359.32,2026-03-22 12:00:00+00:00,7
15947,32700,359.49,2026-03-22 12:00:00+00:00,5
15948,32692,359.33,2026-04-19 12:00:00+00:00,2
15949,32693,359.35,2026-05-17 12:00:00+00:00,4
15950,32694,359.37,2026-06-16 12:00:00+00:00,5
15951,32695,359.39,2026-07-15 12:00:00+00:00,1
15952,32701,359.51,2026-07-20 12:00:00+00:00,5
15953,32696,359.41,2026-08-16 12:00:00+00:00,1
15954,32697,359.43,2026-09-17 12:00:00+00:00,1
15955,32702,359.53,2026-09-18 12:00:00+00:00,2
15956,32713,2940.45,2026-03-17 12:00:00+00:00,2
15957,32720,2942.01,2026-03-19 12:00:00+00:00,5
15958,32714,2940.66,2026-04-18 12:00:00+00:00,7
15959,32715,2940.87,2026-05-17 12:00:00+00:00,5
15960,32716,2941.08,2026-06-13 12:00:00+00:00,3
15961,32717,2941.31,2026-07-12 12:00:00+00:00,6
15962,32718,2941.53,2026-08-13 12:00:00+00:00,7
15963,32721,2942.26,2026-08-16 12:00:00+00:00,3
15964,32719,2941.77,2026-09-13 12:00:00+00:00,5
15965,32722,2942.51,2026-09-15 12:00:00+00:00,1
15966,32725,1333.65,2026-06-21 12:00:00+00:00,5
15967,32729,1333.91,2026-06-22 12:00:00+00:00,5
15968,32726,1333.71,2026-07-19 12:00:00+00:00,1
15969,32730,1333.98,2026-07-22 12:00:00+00:00,5
15970,32727,1333.78,2026-08-20 12:00:00+00:00,5
15971,32731,1334.04,2026-08-21 12:00:00+00:00,2
15972,32728,1333.84,2026-09-16 12:00:00+00:00,4
15973,32743,2553.67,2026-04-16 12:00:00+00:00,2
15974,32744,2553.83,2026-05-19 12:00:00+00:00,3
15975,32745,2553.99,2026-06-19 12:00:00+00:00,1
15976,32746,2554.15,2026-07-17 12:00:00+00:00,5
15977,32747,2554.32,2026-08-05 12:00:00+00:00,7
15978,32749,2554.67,2026-10-28 12:00:00+00:00,1
15979,32755,582.69,2026-07-09 12:00:00+00:00,1
15980,32756,582.71,2026-08-05 12:00:00+00:00,1
15981,32757,582.74,2026-09-03 12:00:00+00:00,6
15982,32758,582.76,2026-09-07 12:00:00+00:00,1
15983,32779,934.61,2026-04-21 12:00:00+00:00,5
15984,32785,934.78,2026-04-22 12:00:00+00:00,7
15985,32780,934.64,2026-05-19 12:00:00+00:00,2
15986,32786,934.81,2026-05-22 12:00:00+00:00,3
15987,32781,934.66,2026-06-19 12:00:00+00:00,3
15988,32787,934.84,2026-06-21 12:00:00+00:00,6
15989,32782,934.69,2026-07-16 12:00:00+00:00,7
15990,32783,934.72,2026-08-20 12:00:00+00:00,2
15991,32788,934.87,2026-08-20 12:00:00+00:00,7
15992,32784,934.75,2026-09-19 12:00:00+00:00,1
15993,32789,934.91,2026-09-19 12:00:00+00:00,3
15994,32815,2107.41,2026-03-19 12:00:00+00:00,3
15995,32816,2107.54,2026-04-15 12:00:00+00:00,7
15996,32822,2108.37,2026-04-18 12:00:00+00:00,7
15997,32817,2107.67,2026-05-17 12:00:00+00:00,6
15998,32823,2108.52,2026-05-18 12:00:00+00:00,3
15999,32818,2107.81,2026-06-16 12:00:00+00:00,4
16000,32819,2107.94,2026-07-16 12:00:00+00:00,6
16001,32824,2108.68,2026-07-17 12:00:00+00:00,4
16002,32820,2108.08,2026-08-12 12:00:00+00:00,2
16003,32821,2108.23,2026-09-12 12:00:00+00:00,2
16004,32825,2108.83,2026-09-15 12:00:00+00:00,2
16005,32827,798.78,2025-11-21 12:00:00+00:00,1
16006,32828,798.83,2025-12-20 12:00:00+00:00,2
16007,32838,799.40,2025-12-22 12:00:00+00:00,7
16008,32829,798.88,2026-01-20 12:00:00+00:00,3
16009,32830,798.93,2026-02-19 12:00:00+00:00,3
16010,32839,799.47,2026-02-20 12:00:00+00:00,5
16011,32831,798.99,2026-03-22 12:00:00+00:00,2
16012,32840,799.54,2026-03-22 12:00:00+00:00,3
16013,32832,799.04,2026-04-21 12:00:00+00:00,6
16014,32833,799.10,2026-05-20 12:00:00+00:00,3
16015,32834,799.15,2026-06-20 12:00:00+00:00,2
16016,32841,799.61,2026-06-20 12:00:00+00:00,7
16017,32835,799.21,2026-07-19 12:00:00+00:00,3
16018,32836,799.27,2026-08-18 12:00:00+00:00,5
16019,32837,799.34,2026-09-14 12:00:00+00:00,5
16020,32842,799.68,2026-09-18 12:00:00+00:00,4
16021,32845,3210.66,2026-03-14 12:00:00+00:00,3
16022,32846,3210.79,2026-04-13 12:00:00+00:00,6
16023,32852,3211.66,2026-04-15 12:00:00+00:00,2
16024,32847,3210.93,2026-05-12 12:00:00+00:00,7
16025,32853,3211.81,2026-05-15 12:00:00+00:00,7
16026,32848,3211.08,2026-06-13 12:00:00+00:00,3
16027,32854,3211.97,2026-06-14 12:00:00+00:00,7
16028,32849,3211.22,2026-07-12 12:00:00+00:00,5
16029,32855,3212.12,2026-07-14 12:00:00+00:00,6
16030,32850,3211.36,2026-08-08 12:00:00+00:00,2
16031,32856,3212.25,2026-08-13 12:00:00+00:00,7
16032,32851,3211.51,2026-09-08 12:00:00+00:00,2
16033,32857,695.71,2026-02-07 12:00:00+00:00,4
16034,32858,695.74,2026-03-08 12:00:00+00:00,7
16035,32865,695.97,2026-03-13 12:00:00+00:00,4
16036,32859,695.78,2026-04-10 12:00:00+00:00,3
16037,32866,696.01,2026-04-12 12:00:00+00:00,2
16038,32860,695.81,2026-05-09 12:00:00+00:00,7
16039,32861,695.84,2026-06-11 12:00:00+00:00,3
16040,32867,696.05,2026-06-11 12:00:00+00:00,1
16041,32862,695.87,2026-07-11 12:00:00+00:00,6
16042,32868,696.10,2026-07-11 12:00:00+00:00,7
16043,32863,695.91,2026-08-09 12:00:00+00:00,5
16044,32864,695.94,2026-09-09 12:00:00+00:00,3
16045,32869,728.50,2026-03-13 12:00:00+00:00,3
16046,32870,728.56,2026-04-14 12:00:00+00:00,1
16047,32876,728.94,2026-04-16 12:00:00+00:00,4
16048,32871,728.62,2026-05-11 12:00:00+00:00,7
16049,32877,729.01,2026-05-16 12:00:00+00:00,1
16050,32872,728.68,2026-06-12 12:00:00+00:00,5
16051,32878,729.09,2026-06-15 12:00:00+00:00,2
16052,32873,728.74,2026-07-13 12:00:00+00:00,1
16053,32874,728.80,2026-08-12 12:00:00+00:00,4
16054,32879,729.16,2026-08-14 12:00:00+00:00,5
16055,32875,728.87,2026-09-08 12:00:00+00:00,7
16056,32880,729.25,2026-09-13 12:00:00+00:00,7
16057,32881,468.19,2026-04-11 12:00:00+00:00,6
16058,32887,468.35,2026-04-12 12:00:00+00:00,5
16059,32882,468.22,2026-05-12 12:00:00+00:00,2
16060,32888,468.38,2026-05-12 12:00:00+00:00,6
16061,32883,468.24,2026-06-11 12:00:00+00:00,4
16062,32889,468.41,2026-06-11 12:00:00+00:00,1
16063,32884,468.27,2026-07-11 12:00:00+00:00,6
16064,32890,468.44,2026-07-11 12:00:00+00:00,7
16065,32885,468.29,2026-08-10 12:00:00+00:00,3
16066,32891,468.48,2026-08-10 12:00:00+00:00,6
16067,32886,468.32,2026-09-09 12:00:00+00:00,4
16068,32892,468.51,2026-09-09 12:00:00+00:00,6
16069,32905,1797.14,2026-03-05 12:00:00+00:00,3
16070,32912,1797.70,2026-03-07 12:00:00+00:00,4
16071,32906,1797.22,2026-04-06 12:00:00+00:00,5
16072,32913,1797.78,2026-04-06 12:00:00+00:00,7
16073,32907,1797.30,2026-05-01 12:00:00+00:00,5
16074,32908,1797.37,2026-06-02 12:00:00+00:00,2
16075,32914,1797.87,2026-06-05 12:00:00+00:00,6
16076,32909,1797.45,2026-07-01 12:00:00+00:00,3
16077,32915,1797.95,2026-07-05 12:00:00+00:00,3
16078,32910,1797.53,2026-08-04 12:00:00+00:00,1
16079,32916,1798.11,2026-08-04 12:00:00+00:00,4
16080,32911,1797.62,2026-08-30 12:00:00+00:00,7
16081,32917,1843.43,2026-07-16 12:00:00+00:00,5
16082,32920,1843.82,2026-07-16 12:00:00+00:00,7
16083,32918,1843.55,2026-08-10 12:00:00+00:00,5
16084,32919,1843.68,2026-09-12 12:00:00+00:00,1
16085,32929,107.28,2026-01-13 12:00:00+00:00,4
16086,32938,107.31,2026-01-14 12:00:00+00:00,5
16087,32930,107.28,2026-02-09 12:00:00+00:00,1
16088,32931,107.29,2026-03-11 12:00:00+00:00,3
16089,32932,107.29,2026-04-12 12:00:00+00:00,2
16090,32939,107.32,2026-04-14 12:00:00+00:00,5
16091,32933,107.29,2026-05-11 12:00:00+00:00,4
16092,32934,107.30,2026-06-11 12:00:00+00:00,5
16093,32940,107.32,2026-06-13 12:00:00+00:00,4
16094,32935,107.30,2026-07-13 12:00:00+00:00,7
16095,32936,107.30,2026-08-11 12:00:00+00:00,6
16096,32941,107.32,2026-08-12 12:00:00+00:00,1
16097,32937,107.31,2026-09-09 12:00:00+00:00,4
16098,32965,1486.11,2026-05-22 12:00:00+00:00,3
16099,32970,1486.52,2026-05-26 12:00:00+00:00,4
16100,32966,1486.19,2026-06-22 12:00:00+00:00,3
16101,32971,1486.60,2026-06-25 12:00:00+00:00,1
16102,32967,1486.27,2026-07-25 12:00:00+00:00,3
16103,32972,1486.69,2026-07-25 12:00:00+00:00,5
16104,32968,1486.35,2026-08-23 12:00:00+00:00,2
16105,32973,1486.78,2026-08-24 12:00:00+00:00,5
16106,32969,1486.43,2026-09-19 12:00:00+00:00,2
16107,32977,2410.60,2026-06-12 12:00:00+00:00,7
16108,32981,2411.24,2026-06-13 12:00:00+00:00,5
16109,32978,2410.76,2026-07-09 12:00:00+00:00,3
16110,32982,2411.42,2026-07-13 12:00:00+00:00,4
16111,32979,2410.91,2026-08-09 12:00:00+00:00,6
16112,32983,2411.59,2026-08-12 12:00:00+00:00,2
16113,32980,2411.08,2026-09-08 12:00:00+00:00,7
16114,32995,1379.39,2026-06-05 12:00:00+00:00,4
16115,32996,1379.47,2026-07-09 12:00:00+00:00,1
16116,32999,1379.71,2026-07-09 12:00:00+00:00,2
16117,32997,1379.54,2026-08-03 12:00:00+00:00,3
16118,32998,1379.63,2026-09-02 12:00:00+00:00,6
16119,33013,1507.64,2026-04-21 12:00:00+00:00,1
16120,33014,1507.74,2026-05-19 12:00:00+00:00,3
16121,33015,1507.84,2026-06-25 12:00:00+00:00,6
16122,33016,1507.94,2026-07-30 12:00:00+00:00,2
16123,33031,296.35,2026-02-10 12:00:00+00:00,3
16124,33039,296.44,2026-02-13 12:00:00+00:00,2
16125,33032,296.36,2026-03-10 12:00:00+00:00,1
16126,33033,296.37,2026-04-12 12:00:00+00:00,7
16127,33034,296.38,2026-05-09 12:00:00+00:00,5
16128,33040,296.45,2026-05-14 12:00:00+00:00,5
16129,33035,296.39,2026-06-08 12:00:00+00:00,2
16130,33041,296.46,2026-06-13 12:00:00+00:00,3
16131,33036,296.40,2026-07-09 12:00:00+00:00,2
16132,33042,296.47,2026-07-13 12:00:00+00:00,1
16133,33037,296.41,2026-08-08 12:00:00+00:00,4
16134,33038,296.43,2026-09-08 12:00:00+00:00,1
16135,33043,296.49,2026-09-11 12:00:00+00:00,5
16136,33067,1871.98,2026-05-28 12:00:00+00:00,7
16137,33072,1872.76,2026-06-02 12:00:00+00:00,6
16138,33068,1872.13,2026-06-29 12:00:00+00:00,1
16139,33073,1872.94,2026-07-02 12:00:00+00:00,7
16140,33069,1872.28,2026-07-30 12:00:00+00:00,6
16141,33070,1872.44,2026-08-26 12:00:00+00:00,6
16142,33071,1872.60,2026-09-29 12:00:00+00:00,2
16143,33079,1916.43,2026-03-21 12:00:00+00:00,3
16144,33086,1917.44,2026-03-23 12:00:00+00:00,1
16145,33080,1916.56,2026-04-21 12:00:00+00:00,3
16146,33087,1917.61,2026-04-22 12:00:00+00:00,3
16147,33081,1916.70,2026-05-20 12:00:00+00:00,3
16148,33082,1916.84,2026-06-21 12:00:00+00:00,4
16149,33083,1916.98,2026-07-17 12:00:00+00:00,2
16150,33088,1917.77,2026-07-21 12:00:00+00:00,5
16151,33084,1917.13,2026-08-19 12:00:00+00:00,7
16152,33085,1917.29,2026-09-17 12:00:00+00:00,6
16153,33091,648.60,2026-05-13 12:00:00+00:00,7
16154,33096,648.77,2026-05-17 12:00:00+00:00,2
16155,33092,648.63,2026-06-16 12:00:00+00:00,7
16156,33093,648.66,2026-07-11 12:00:00+00:00,6
16157,33097,648.81,2026-07-16 12:00:00+00:00,1
16158,33094,648.70,2026-08-14 12:00:00+00:00,4
16159,33098,648.85,2026-08-15 12:00:00+00:00,6
16160,33095,648.74,2026-09-09 12:00:00+00:00,4
16161,33099,648.90,2026-09-14 12:00:00+00:00,4
16162,33115,1241.49,2026-03-10 12:00:00+00:00,3
16163,33122,1241.97,2026-03-10 12:00:00+00:00,3
16164,33116,1241.55,2026-04-04 12:00:00+00:00,7
16165,33117,1241.62,2026-05-07 12:00:00+00:00,3
16166,33123,1242.05,2026-05-09 12:00:00+00:00,6
16167,33118,1241.69,2026-06-06 12:00:00+00:00,3
16168,33124,1242.13,2026-06-08 12:00:00+00:00,1
16169,33119,1241.76,2026-07-08 12:00:00+00:00,6
16170,33125,1242.21,2026-07-08 12:00:00+00:00,5
16171,33120,1241.83,2026-08-04 12:00:00+00:00,6
16172,33126,1242.29,2026-08-07 12:00:00+00:00,1
16173,33121,1241.90,2026-09-02 12:00:00+00:00,3
16174,33127,1242.37,2026-09-06 12:00:00+00:00,7
16175,33133,1729.95,2026-03-24 12:00:00+00:00,4
16176,33140,1730.65,2026-03-24 12:00:00+00:00,2
16177,33134,1730.04,2026-04-19 12:00:00+00:00,2
16178,33135,1730.13,2026-05-22 12:00:00+00:00,4
16179,33141,1730.77,2026-05-23 12:00:00+00:00,2
16180,33136,1730.23,2026-06-17 12:00:00+00:00,3
16181,33142,1730.89,2026-06-22 12:00:00+00:00,4
16182,33137,1730.33,2026-07-17 12:00:00+00:00,2
16183,33138,1730.44,2026-08-20 12:00:00+00:00,5
16184,33143,1731.01,2026-08-21 12:00:00+00:00,7
16185,33139,1730.54,2026-09-16 12:00:00+00:00,7
16186,33157,464.58,2025-12-12 12:00:00+00:00,4
16187,33158,464.60,2026-01-11 12:00:00+00:00,5
16188,33167,464.87,2026-01-12 12:00:00+00:00,4
16189,33159,464.63,2026-02-09 12:00:00+00:00,5
16190,33168,464.90,2026-02-11 12:00:00+00:00,1
16191,33160,464.65,2026-03-11 12:00:00+00:00,7
16192,33169,464.93,2026-03-13 12:00:00+00:00,7
16193,33161,464.68,2026-04-10 12:00:00+00:00,2
16194,33170,464.97,2026-04-12 12:00:00+00:00,2
16195,33162,464.71,2026-05-10 12:00:00+00:00,7
16196,33163,464.74,2026-06-08 12:00:00+00:00,2
16197,33164,464.77,2026-07-11 12:00:00+00:00,1
16198,33171,465.01,2026-07-11 12:00:00+00:00,5
16199,33165,464.80,2026-08-06 12:00:00+00:00,6
16200,33172,465.05,2026-08-10 12:00:00+00:00,2
16201,33166,464.83,2026-09-08 12:00:00+00:00,2
16202,33173,465.09,2026-09-09 12:00:00+00:00,4
16203,33181,2278.11,2025-12-13 12:00:00+00:00,3
16204,33191,2279.27,2025-12-18 12:00:00+00:00,6
16205,33182,2278.21,2026-01-13 12:00:00+00:00,7
16206,33192,2279.40,2026-01-17 12:00:00+00:00,3
16207,33183,2278.32,2026-02-13 12:00:00+00:00,1
16208,33184,2278.43,2026-03-18 12:00:00+00:00,2
16209,33193,2279.53,2026-03-18 12:00:00+00:00,7
16210,33185,2278.55,2026-04-12 12:00:00+00:00,2
16211,33186,2278.66,2026-05-13 12:00:00+00:00,6
16212,33194,2279.66,2026-05-17 12:00:00+00:00,2
16213,33187,2278.78,2026-06-14 12:00:00+00:00,2
16214,33188,2278.90,2026-07-15 12:00:00+00:00,4
16215,33195,2279.80,2026-07-16 12:00:00+00:00,5
16216,33189,2279.02,2026-08-14 12:00:00+00:00,4
16217,33196,2279.93,2026-08-15 12:00:00+00:00,6
16218,33190,2279.14,2026-09-11 12:00:00+00:00,5
16219,33199,3340.41,2026-06-29 12:00:00+00:00,4
16220,33203,3341.10,2026-07-02 12:00:00+00:00,7
16221,33200,3340.57,2026-07-28 12:00:00+00:00,5
16222,33204,3341.28,2026-08-01 12:00:00+00:00,6
16223,33201,3340.74,2026-08-27 12:00:00+00:00,5
16224,33202,3340.92,2026-09-29 12:00:00+00:00,4
16225,33205,3341.46,2026-09-30 12:00:00+00:00,2
16226,33211,1617.52,2025-11-17 12:00:00+00:00,1
16227,33222,1618.73,2025-11-20 12:00:00+00:00,6
16228,33212,1617.62,2025-12-17 12:00:00+00:00,3
16229,33213,1617.72,2026-01-15 12:00:00+00:00,1
16230,33214,1617.82,2026-02-13 12:00:00+00:00,4
16231,33215,1617.93,2026-03-17 12:00:00+00:00,5
16232,33216,1618.03,2026-04-14 12:00:00+00:00,4
16233,33217,1618.14,2026-05-19 12:00:00+00:00,3
16234,33218,1618.26,2026-06-18 12:00:00+00:00,5
16235,33219,1618.37,2026-07-13 12:00:00+00:00,2
16236,33220,1618.49,2026-08-14 12:00:00+00:00,7
16237,33221,1618.61,2026-09-13 12:00:00+00:00,3
16238,33223,994.78,2026-04-18 12:00:00+00:00,4
16239,33229,995.19,2026-04-21 12:00:00+00:00,4
16240,33224,994.84,2026-05-19 12:00:00+00:00,4
16241,33230,995.26,2026-05-21 12:00:00+00:00,1
16242,33225,994.91,2026-06-16 12:00:00+00:00,3
16243,33231,995.34,2026-06-20 12:00:00+00:00,6
16244,33226,994.97,2026-07-20 12:00:00+00:00,3
16245,33232,995.42,2026-07-20 12:00:00+00:00,3
16246,33227,995.04,2026-08-19 12:00:00+00:00,5
16247,33228,995.11,2026-09-17 12:00:00+00:00,5
16248,33233,995.51,2026-09-18 12:00:00+00:00,2
16249,33241,1798.99,2026-01-19 12:00:00+00:00,7
16250,33242,1799.09,2026-02-06 12:00:00+00:00,7
16251,33243,1799.18,2026-03-15 12:00:00+00:00,3
16252,33244,1799.28,2026-04-10 12:00:00+00:00,7
16253,33245,1799.38,2026-05-08 12:00:00+00:00,6
16254,33246,1799.48,2026-06-08 12:00:00+00:00,6
16255,33247,1799.59,2026-07-05 12:00:00+00:00,5
16256,33248,1799.70,2026-08-17 12:00:00+00:00,3
16257,33250,899.96,2026-09-28 12:00:00+00:00,2
16258,33250,899.97,2026-10-27 12:00:00+00:00,3
16259,33265,394.14,2026-02-13 12:00:00+00:00,5
16260,33273,394.27,2026-02-14 12:00:00+00:00,3
16261,33266,394.16,2026-03-14 12:00:00+00:00,7
16262,33274,394.29,2026-03-16 12:00:00+00:00,3
16263,33267,394.17,2026-04-15 12:00:00+00:00,6
16264,33275,394.31,2026-04-15 12:00:00+00:00,5
16265,33268,394.19,2026-05-14 12:00:00+00:00,6
16266,33276,394.33,2026-05-15 12:00:00+00:00,6
16267,33269,394.20,2026-06-10 12:00:00+00:00,4
16268,33270,394.22,2026-07-13 12:00:00+00:00,4
16269,33277,394.35,2026-07-14 12:00:00+00:00,7
16270,33271,394.23,2026-08-08 12:00:00+00:00,6
16271,33278,394.37,2026-08-13 12:00:00+00:00,1
16272,33272,394.25,2026-09-12 12:00:00+00:00,7
16273,33301,1837.58,2025-12-17 12:00:00+00:00,2
16274,33302,1837.67,2026-01-13 12:00:00+00:00,6
16275,33311,1838.66,2026-01-18 12:00:00+00:00,1
16276,33303,1837.77,2026-02-17 12:00:00+00:00,7
16277,33312,1838.78,2026-02-17 12:00:00+00:00,5
16278,33304,1837.88,2026-03-19 12:00:00+00:00,4
16279,33313,1838.91,2026-03-19 12:00:00+00:00,3
16280,33305,1837.98,2026-04-17 12:00:00+00:00,4
16281,33306,1838.09,2026-05-18 12:00:00+00:00,4
16282,33307,1838.20,2026-06-16 12:00:00+00:00,2
16283,33308,1838.31,2026-07-13 12:00:00+00:00,7
16284,33314,1839.03,2026-07-17 12:00:00+00:00,5
16285,33309,1838.42,2026-08-12 12:00:00+00:00,4
16286,33310,1838.54,2026-09-13 12:00:00+00:00,7
16287,33319,3687.77,2026-02-16 12:00:00+00:00,6
16288,33320,3688.01,2026-03-16 12:00:00+00:00,1
16289,33327,3689.90,2026-03-18 12:00:00+00:00,6
16290,33321,3688.26,2026-04-15 12:00:00+00:00,7
16291,33328,3690.20,2026-04-17 12:00:00+00:00,4
16292,33322,3688.52,2026-05-13 12:00:00+00:00,2
16293,33323,3688.78,2026-06-12 12:00:00+00:00,7
16294,33329,3690.50,2026-06-16 12:00:00+00:00,7
16295,33324,3689.05,2026-07-14 12:00:00+00:00,5
16296,33330,3690.79,2026-07-16 12:00:00+00:00,1
16297,33325,3689.33,2026-08-10 12:00:00+00:00,4
16298,33326,3689.61,2026-09-13 12:00:00+00:00,1
16299,33331,436.78,2025-12-08 12:00:00+00:00,5
16300,33341,437.07,2025-12-13 12:00:00+00:00,4
16301,33332,436.81,2026-01-07 12:00:00+00:00,6
16302,33342,437.10,2026-01-12 12:00:00+00:00,5
16303,33333,436.83,2026-02-10 12:00:00+00:00,2
16304,33343,437.13,2026-02-11 12:00:00+00:00,5
16305,33334,436.86,2026-03-12 12:00:00+00:00,3
16306,33335,436.89,2026-04-10 12:00:00+00:00,4
16307,33336,436.91,2026-05-10 12:00:00+00:00,4
16308,33344,437.17,2026-05-12 12:00:00+00:00,2
16309,33337,436.94,2026-06-06 12:00:00+00:00,4
16310,33345,437.20,2026-06-11 12:00:00+00:00,3
16311,33338,436.97,2026-07-07 12:00:00+00:00,4
16312,33346,437.24,2026-07-11 12:00:00+00:00,7
16313,33339,437.00,2026-08-05 12:00:00+00:00,2
16314,33340,437.03,2026-09-05 12:00:00+00:00,6
16315,33349,2446.69,2026-04-13 12:00:00+00:00,3
16316,33355,2447.51,2026-04-16 12:00:00+00:00,1
16317,33350,2446.82,2026-05-13 12:00:00+00:00,3
16318,33356,2447.65,2026-05-16 12:00:00+00:00,3
16319,33351,2446.95,2026-06-15 12:00:00+00:00,2
16320,33357,2447.80,2026-06-15 12:00:00+00:00,3
16321,33352,2447.09,2026-07-15 12:00:00+00:00,4
16322,33358,2447.95,2026-07-15 12:00:00+00:00,6
16323,33353,2447.22,2026-08-11 12:00:00+00:00,3
16324,33354,2447.36,2026-09-09 12:00:00+00:00,5
16325,33359,2448.11,2026-09-13 12:00:00+00:00,7
16326,33367,2517.52,2025-11-17 12:00:00+00:00,2
16327,33378,2519.54,2025-11-20 12:00:00+00:00,3
16328,33368,2517.67,2025-12-20 12:00:00+00:00,4
16329,33379,2519.76,2025-12-20 12:00:00+00:00,2
16330,33369,2517.84,2026-01-15 12:00:00+00:00,7
16331,33370,2518.00,2026-02-14 12:00:00+00:00,1
16332,33380,2519.99,2026-02-18 12:00:00+00:00,3
16333,33371,2518.18,2026-03-17 12:00:00+00:00,6
16334,33372,2518.35,2026-04-18 12:00:00+00:00,2
16335,33381,2520.22,2026-04-19 12:00:00+00:00,2
16336,33373,2518.54,2026-05-19 12:00:00+00:00,2
16337,33382,2520.46,2026-05-19 12:00:00+00:00,7
16338,33374,2518.73,2026-06-13 12:00:00+00:00,7
16339,33383,2520.71,2026-06-18 12:00:00+00:00,2
16340,33375,2518.92,2026-07-14 12:00:00+00:00,7
16341,33376,2519.12,2026-08-12 12:00:00+00:00,6
16342,33384,2521.11,2026-08-17 12:00:00+00:00,3
16343,33377,2519.33,2026-09-12 12:00:00+00:00,7
16344,33385,2149.01,2025-12-28 12:00:00+00:00,3
16345,33395,2150.62,2025-12-29 12:00:00+00:00,7
16346,33386,2149.15,2026-01-25 12:00:00+00:00,4
16347,33396,2150.83,2026-01-28 12:00:00+00:00,4
16348,33387,2149.30,2026-02-25 12:00:00+00:00,4
16349,33388,2149.45,2026-03-24 12:00:00+00:00,2
16350,33389,2149.61,2026-04-27 12:00:00+00:00,1
16351,33390,2149.76,2026-05-23 12:00:00+00:00,7
16352,33391,2149.93,2026-06-23 12:00:00+00:00,7
16353,33392,2150.09,2026-07-23 12:00:00+00:00,6
16354,33393,2150.26,2026-08-23 12:00:00+00:00,4
16355,33394,2150.44,2026-09-24 12:00:00+00:00,2
16356,33397,1211.63,2025-11-16 12:00:00+00:00,3
16357,33408,1212.80,2025-11-19 12:00:00+00:00,7
16358,33398,1211.73,2025-12-15 12:00:00+00:00,2
16359,33399,1211.83,2026-01-15 12:00:00+00:00,4
16360,33400,1211.93,2026-02-17 12:00:00+00:00,5
16361,33401,1212.03,2026-03-19 12:00:00+00:00,5
16362,33402,1212.14,2026-04-14 12:00:00+00:00,7
16363,33403,1212.26,2026-05-18 12:00:00+00:00,3
16364,33404,1212.37,2026-06-14 12:00:00+00:00,2
16365,33405,1212.49,2026-07-17 12:00:00+00:00,6
16366,33406,1212.62,2026-08-15 12:00:00+00:00,7
16367,33407,1212.75,2026-09-14 12:00:00+00:00,2
16368,33409,936.29,2026-04-17 12:00:00+00:00,1
16369,33410,936.33,2026-05-13 12:00:00+00:00,1
16370,33411,936.37,2026-06-15 12:00:00+00:00,3
16371,33415,936.54,2026-06-17 12:00:00+00:00,2
16372,33412,936.41,2026-07-12 12:00:00+00:00,2
16373,33416,936.59,2026-07-17 12:00:00+00:00,5
16374,33413,936.46,2026-08-15 12:00:00+00:00,3
16375,33414,936.50,2026-09-14 12:00:00+00:00,6
16376,33417,936.63,2026-09-15 12:00:00+00:00,3
16377,33433,2822.80,2026-04-07 12:00:00+00:00,7
16378,33439,2824.11,2026-04-07 12:00:00+00:00,3
16379,33434,2823.00,2026-05-04 12:00:00+00:00,1
16380,33440,2824.35,2026-05-07 12:00:00+00:00,6
16381,33435,2823.21,2026-06-05 12:00:00+00:00,2
16382,33436,2823.43,2026-07-04 12:00:00+00:00,1
16383,33441,2824.60,2026-07-06 12:00:00+00:00,4
16384,33437,2823.65,2026-08-04 12:00:00+00:00,5
16385,33442,2824.86,2026-08-05 12:00:00+00:00,2
16386,33438,2823.88,2026-08-30 12:00:00+00:00,5
16387,33445,1194.17,2026-03-22 12:00:00+00:00,2
16388,33446,1194.23,2026-04-23 12:00:00+00:00,5
16389,33447,1194.29,2026-05-18 12:00:00+00:00,3
16390,33448,1194.35,2026-06-13 12:00:00+00:00,7
16391,33449,1194.41,2026-07-21 12:00:00+00:00,4
16392,33469,1195.24,2026-04-08 12:00:00+00:00,6
16393,33475,1195.63,2026-04-08 12:00:00+00:00,2
16394,33470,1195.30,2026-05-05 12:00:00+00:00,3
16395,33476,1195.71,2026-05-08 12:00:00+00:00,7
16396,33471,1195.36,2026-06-05 12:00:00+00:00,2
16397,33477,1195.78,2026-06-07 12:00:00+00:00,3
16398,33472,1195.43,2026-07-04 12:00:00+00:00,1
16399,33478,1195.86,2026-07-07 12:00:00+00:00,4
16400,33473,1195.49,2026-08-03 12:00:00+00:00,2
16401,33479,1195.94,2026-08-06 12:00:00+00:00,4
16402,33474,1195.56,2026-09-05 12:00:00+00:00,2
16403,33493,2262.12,2026-06-04 12:00:00+00:00,7
16404,33497,2262.68,2026-06-04 12:00:00+00:00,1
16405,33494,2262.25,2026-06-29 12:00:00+00:00,1
16406,33498,2262.84,2026-07-04 12:00:00+00:00,6
16407,33495,2262.39,2026-08-03 12:00:00+00:00,6
16408,33499,2262.99,2026-08-03 12:00:00+00:00,7
16409,33496,2262.54,2026-08-31 12:00:00+00:00,7
16410,33500,2263.15,2026-09-02 12:00:00+00:00,7
16411,33511,1268.12,2026-01-10 12:00:00+00:00,5
16412,33512,1268.17,2026-02-07 12:00:00+00:00,2
16413,33520,1268.69,2026-02-10 12:00:00+00:00,2
16414,33513,1268.23,2026-03-12 12:00:00+00:00,5
16415,33521,1268.76,2026-03-12 12:00:00+00:00,2
16416,33514,1268.30,2026-04-11 12:00:00+00:00,6
16417,33515,1268.36,2026-05-10 12:00:00+00:00,1
16418,33522,1268.84,2026-05-11 12:00:00+00:00,2
16419,33516,1268.42,2026-06-09 12:00:00+00:00,6
16420,33523,1268.91,2026-06-10 12:00:00+00:00,1
16421,33517,1268.49,2026-07-08 12:00:00+00:00,6
16422,33518,1268.55,2026-08-04 12:00:00+00:00,2
16423,33519,1268.62,2026-09-04 12:00:00+00:00,5
16424,33524,1268.99,2026-09-08 12:00:00+00:00,3
16425,33535,707.31,2026-07-30 12:00:00+00:00,6
16426,33536,707.35,2026-08-30 12:00:00+00:00,1
16427,33537,707.39,2026-09-25 12:00:00+00:00,4
16428,33538,707.43,2026-09-29 12:00:00+00:00,2
16429,33553,3056.78,2026-07-28 12:00:00+00:00,5
16430,33554,3056.91,2026-08-27 12:00:00+00:00,2
16431,33556,3057.17,2026-08-28 12:00:00+00:00,7
16432,33555,3057.04,2026-09-24 12:00:00+00:00,6
16433,33565,1613.63,2026-01-31 12:00:00+00:00,6
16434,33566,1613.70,2026-02-27 12:00:00+00:00,1
16435,33574,1614.31,2026-03-02 12:00:00+00:00,7
16436,33567,1613.77,2026-03-29 12:00:00+00:00,7
16437,33568,1613.84,2026-05-01 12:00:00+00:00,5
16438,33569,1613.92,2026-05-29 12:00:00+00:00,3
16439,33575,1614.40,2026-05-31 12:00:00+00:00,2
16440,33570,1613.99,2026-06-27 12:00:00+00:00,4
16441,33571,1614.07,2026-07-30 12:00:00+00:00,7
16442,33576,1614.48,2026-07-30 12:00:00+00:00,6
16443,33572,1614.15,2026-08-29 12:00:00+00:00,7
16444,33577,1614.57,2026-08-29 12:00:00+00:00,2
16445,33573,1614.23,2026-09-28 12:00:00+00:00,1
16446,33578,1614.66,2026-09-28 12:00:00+00:00,2
16447,33589,775.86,2026-07-05 12:00:00+00:00,6
16448,33592,776.03,2026-07-09 12:00:00+00:00,3
16449,33590,775.92,2026-08-07 12:00:00+00:00,1
16450,33591,775.98,2026-09-05 12:00:00+00:00,5
16451,33601,1291.84,2026-04-16 12:00:00+00:00,7
16452,33602,1291.90,2026-05-20 12:00:00+00:00,6
16453,33603,1291.95,2026-06-17 12:00:00+00:00,4
16454,33607,1292.18,2026-06-20 12:00:00+00:00,4
16455,33604,1292.01,2026-07-19 12:00:00+00:00,5
16456,33608,1292.24,2026-07-20 12:00:00+00:00,5
16457,33605,1292.06,2026-08-16 12:00:00+00:00,2
16458,33609,1292.30,2026-08-19 12:00:00+00:00,6
16459,33606,1292.12,2026-09-16 12:00:00+00:00,3
16460,33610,1292.37,2026-09-18 12:00:00+00:00,2
16461,33625,1263.76,2026-06-17 12:00:00+00:00,7
16462,33626,1263.81,2026-07-15 12:00:00+00:00,5
16463,33629,1263.95,2026-07-18 12:00:00+00:00,2
16464,33627,1263.85,2026-08-15 12:00:00+00:00,4
16465,33630,1264.00,2026-08-17 12:00:00+00:00,7
16466,33628,1263.90,2026-09-11 12:00:00+00:00,4
16467,33631,1264.05,2026-09-16 12:00:00+00:00,6
16468,33661,1305.81,2025-11-07 12:00:00+00:00,2
16469,33672,1306.58,2025-11-12 12:00:00+00:00,3
16470,33662,1305.87,2025-12-11 12:00:00+00:00,6
16471,33673,1306.66,2025-12-12 12:00:00+00:00,4
16472,33663,1305.94,2026-01-07 12:00:00+00:00,5
16473,33674,1306.74,2026-01-11 12:00:00+00:00,2
16474,33664,1306.00,2026-02-10 12:00:00+00:00,3
16475,33675,1306.82,2026-02-10 12:00:00+00:00,5
16476,33665,1306.07,2026-03-12 12:00:00+00:00,5
16477,33676,1306.91,2026-03-12 12:00:00+00:00,6
16478,33666,1306.14,2026-04-08 12:00:00+00:00,4
16479,33677,1306.99,2026-04-11 12:00:00+00:00,3
16480,33667,1306.21,2026-05-07 12:00:00+00:00,1
16481,33678,1307.02,2026-05-11 12:00:00+00:00,3
16482,33668,1306.28,2026-06-07 12:00:00+00:00,7
16483,33669,1306.35,2026-07-09 12:00:00+00:00,5
16484,33670,1306.43,2026-08-04 12:00:00+00:00,7
16485,33671,1306.50,2026-09-03 12:00:00+00:00,6
16486,33679,2560.01,2025-11-10 12:00:00+00:00,7
16487,33690,2562.28,2025-11-15 12:00:00+00:00,5
16488,33680,2560.19,2025-12-13 12:00:00+00:00,5
16489,33681,2560.37,2026-01-11 12:00:00+00:00,6
16490,33682,2560.56,2026-02-11 12:00:00+00:00,7
16491,33683,2560.75,2026-03-15 12:00:00+00:00,6
16492,33684,2560.95,2026-04-12 12:00:00+00:00,6
16493,33685,2561.15,2026-05-13 12:00:00+00:00,3
16494,33686,2561.36,2026-06-13 12:00:00+00:00,1
16495,33687,2561.58,2026-07-08 12:00:00+00:00,5
16496,33688,2561.80,2026-08-10 12:00:00+00:00,7
16497,33689,2562.03,2026-09-09 12:00:00+00:00,7
16498,33691,1012.85,2025-11-13 12:00:00+00:00,3
16499,33702,1013.33,2025-11-18 12:00:00+00:00,1
16500,33692,1012.89,2025-12-13 12:00:00+00:00,3
16501,33703,1013.38,2025-12-18 12:00:00+00:00,2
16502,33693,1012.93,2026-01-16 12:00:00+00:00,4
16503,33694,1012.97,2026-02-16 12:00:00+00:00,1
16504,33704,1013.43,2026-02-16 12:00:00+00:00,6
16505,33695,1013.02,2026-03-16 12:00:00+00:00,4
16506,33705,1013.48,2026-03-18 12:00:00+00:00,3
16507,33696,1013.06,2026-04-15 12:00:00+00:00,4
16508,33706,1013.53,2026-04-17 12:00:00+00:00,5
16509,33697,1013.10,2026-05-17 12:00:00+00:00,3
16510,33707,1013.58,2026-05-17 12:00:00+00:00,6
16511,33698,1013.15,2026-06-14 12:00:00+00:00,2
16512,33699,1013.19,2026-07-16 12:00:00+00:00,4
16513,33708,1013.72,2026-07-16 12:00:00+00:00,1
16514,33700,1013.24,2026-08-15 12:00:00+00:00,3
16515,33701,1013.29,2026-09-13 12:00:00+00:00,7
16516,33709,1561.13,2025-12-25 12:00:00+00:00,4
16517,33710,1561.21,2026-01-21 12:00:00+00:00,6
16518,33719,1562.07,2026-01-24 12:00:00+00:00,5
16519,33711,1561.30,2026-02-19 12:00:00+00:00,6
16520,33720,1562.18,2026-02-23 12:00:00+00:00,5
16521,33712,1561.39,2026-03-25 12:00:00+00:00,4
16522,33713,1561.48,2026-04-23 12:00:00+00:00,1
16523,33721,1562.29,2026-04-24 12:00:00+00:00,3
16524,33714,1561.57,2026-05-23 12:00:00+00:00,7
16525,33715,1561.67,2026-06-23 12:00:00+00:00,6
16526,33722,1562.40,2026-06-23 12:00:00+00:00,4
16527,33716,1561.77,2026-07-23 12:00:00+00:00,6
16528,33723,1562.51,2026-07-23 12:00:00+00:00,6
16529,33717,1561.87,2026-08-20 12:00:00+00:00,6
16530,33724,1562.63,2026-08-22 12:00:00+00:00,3
16531,33718,1561.97,2026-09-21 12:00:00+00:00,2
16532,33725,1562.75,2026-09-21 12:00:00+00:00,5
16533,33727,621.53,2026-05-27 12:00:00+00:00,6
16534,33728,621.55,2026-06-25 12:00:00+00:00,5
16535,33729,621.57,2026-08-02 12:00:00+00:00,1
16536,33730,621.59,2026-08-29 12:00:00+00:00,7
16537,33763,893.00,2026-02-24 12:00:00+00:00,2
16538,33764,893.03,2026-03-23 12:00:00+00:00,2
16539,33771,893.27,2026-03-26 12:00:00+00:00,7
16540,33765,893.07,2026-04-23 12:00:00+00:00,5
16541,33772,893.31,2026-04-25 12:00:00+00:00,4
16542,33766,893.10,2026-05-20 12:00:00+00:00,2
16543,33773,893.35,2026-05-25 12:00:00+00:00,1
16544,33767,893.13,2026-06-20 12:00:00+00:00,6
16545,33774,893.39,2026-06-24 12:00:00+00:00,6
16546,33768,893.17,2026-07-21 12:00:00+00:00,6
16547,33775,893.43,2026-07-24 12:00:00+00:00,3
16548,33769,893.20,2026-08-23 12:00:00+00:00,4
16549,33770,893.24,2026-09-20 12:00:00+00:00,2
16550,33799,1328.86,2026-02-16 12:00:00+00:00,2
16551,33807,1329.20,2026-02-20 12:00:00+00:00,3
16552,33800,1328.90,2026-03-18 12:00:00+00:00,2
16553,33808,1329.25,2026-03-22 12:00:00+00:00,2
16554,33801,1328.94,2026-04-20 12:00:00+00:00,5
16555,33809,1329.30,2026-04-21 12:00:00+00:00,7
16556,33802,1328.98,2026-05-18 12:00:00+00:00,4
16557,33810,1329.35,2026-05-21 12:00:00+00:00,3
16558,33803,1329.03,2026-06-17 12:00:00+00:00,6
16559,33811,1329.39,2026-06-20 12:00:00+00:00,1
16560,33804,1329.07,2026-07-16 12:00:00+00:00,4
16561,33812,1329.44,2026-07-20 12:00:00+00:00,2
16562,33805,1329.11,2026-08-16 12:00:00+00:00,3
16563,33806,1329.16,2026-09-18 12:00:00+00:00,3
16564,33813,1329.49,2026-09-18 12:00:00+00:00,6
16565,33835,2988.71,2026-02-08 12:00:00+00:00,5
16566,33843,2990.03,2026-02-08 12:00:00+00:00,1
16567,33836,2988.87,2026-03-06 12:00:00+00:00,1
16568,33844,2990.21,2026-03-10 12:00:00+00:00,3
16569,33837,2989.02,2026-04-05 12:00:00+00:00,6
16570,33845,2990.40,2026-04-09 12:00:00+00:00,7
16571,33838,2989.19,2026-05-08 12:00:00+00:00,3
16572,33846,2990.57,2026-05-09 12:00:00+00:00,1
16573,33839,2989.35,2026-06-07 12:00:00+00:00,3
16574,33840,2989.52,2026-07-05 12:00:00+00:00,2
16575,33841,2989.69,2026-08-06 12:00:00+00:00,7
16576,33842,2989.86,2026-09-06 12:00:00+00:00,2
16577,33847,1308.28,2025-12-12 12:00:00+00:00,3
16578,33848,1308.39,2026-01-13 12:00:00+00:00,7
16579,33849,1308.49,2026-02-12 12:00:00+00:00,1
16580,33857,1309.48,2026-02-14 12:00:00+00:00,2
16581,33850,1308.60,2026-03-14 12:00:00+00:00,5
16582,33851,1308.71,2026-04-13 12:00:00+00:00,7
16583,33852,1308.83,2026-05-12 12:00:00+00:00,6
16584,33858,1309.59,2026-05-15 12:00:00+00:00,4
16585,33853,1308.95,2026-06-09 12:00:00+00:00,6
16586,33854,1309.08,2026-07-13 12:00:00+00:00,6
16587,33855,1309.21,2026-08-09 12:00:00+00:00,3
16588,33856,1309.34,2026-09-12 12:00:00+00:00,1
16589,33859,1620.36,2026-06-15 12:00:00+00:00,6
16590,33860,1620.44,2026-07-16 12:00:00+00:00,4
16591,33861,1620.52,2026-08-14 12:00:00+00:00,6
16592,33862,1620.60,2026-09-13 12:00:00+00:00,4
16593,33877,181.74,2026-03-13 12:00:00+00:00,1
16594,33884,181.78,2026-03-18 12:00:00+00:00,3
16595,33878,181.74,2026-04-15 12:00:00+00:00,3
16596,33885,181.79,2026-04-17 12:00:00+00:00,7
16597,33879,181.75,2026-05-14 12:00:00+00:00,5
16598,33886,181.80,2026-05-17 12:00:00+00:00,5
16599,33880,181.76,2026-06-12 12:00:00+00:00,5
16600,33881,181.76,2026-07-14 12:00:00+00:00,6
16601,33882,181.77,2026-08-13 12:00:00+00:00,3
16602,33883,181.78,2026-09-10 12:00:00+00:00,3
16603,33887,181.81,2026-09-14 12:00:00+00:00,7
16604,33913,824.67,2026-04-18 12:00:00+00:00,4
16605,33914,824.70,2026-05-19 12:00:00+00:00,3
16606,33915,824.74,2026-06-24 12:00:00+00:00,1
16607,33916,824.78,2026-07-22 12:00:00+00:00,4
16608,33937,2583.53,2026-04-28 12:00:00+00:00,2
16609,33938,2583.73,2026-05-26 12:00:00+00:00,2
16610,33943,2584.85,2026-05-31 12:00:00+00:00,3
16611,33939,2583.94,2026-06-28 12:00:00+00:00,3
16612,33944,2585.09,2026-06-30 12:00:00+00:00,5
16613,33940,2584.15,2026-07-25 12:00:00+00:00,5
16614,33941,2584.38,2026-08-26 12:00:00+00:00,2
16615,33945,2585.35,2026-08-29 12:00:00+00:00,7
16616,33942,2584.61,2026-09-24 12:00:00+00:00,5
16617,33946,2585.61,2026-09-28 12:00:00+00:00,4
16618,33949,149.03,2026-06-07 12:00:00+00:00,7
16619,33953,149.05,2026-06-07 12:00:00+00:00,1
16620,33950,149.04,2026-07-06 12:00:00+00:00,1
16621,33951,149.04,2026-08-04 12:00:00+00:00,7
16622,33952,149.05,2026-09-02 12:00:00+00:00,2
16623,33954,149.06,2026-09-05 12:00:00+00:00,6
16624,33973,3306.38,2026-07-30 12:00:00+00:00,1
16625,33976,3306.98,2026-07-30 12:00:00+00:00,3
16626,33974,3306.57,2026-08-27 12:00:00+00:00,1
16627,33977,3307.19,2026-08-29 12:00:00+00:00,6
16628,33975,3306.77,2026-09-28 12:00:00+00:00,4
16629,33978,3307.40,2026-09-28 12:00:00+00:00,2
16630,33985,1984.25,2025-11-11 12:00:00+00:00,3
16631,33996,1985.90,2025-11-12 12:00:00+00:00,2
16632,33986,1984.37,2025-12-09 12:00:00+00:00,1
16633,33997,1986.08,2025-12-12 12:00:00+00:00,3
16634,33987,1984.51,2026-01-11 12:00:00+00:00,2
16635,33998,1986.26,2026-01-11 12:00:00+00:00,3
16636,33988,1984.64,2026-02-06 12:00:00+00:00,7
16637,33999,1986.46,2026-02-10 12:00:00+00:00,3
16638,33989,1984.78,2026-03-10 12:00:00+00:00,2
16639,34000,1986.65,2026-03-12 12:00:00+00:00,3
16640,33990,1984.92,2026-04-06 12:00:00+00:00,7
16641,34001,1986.86,2026-04-11 12:00:00+00:00,2
16642,33991,1985.07,2026-05-07 12:00:00+00:00,7
16643,34002,1987.01,2026-05-11 12:00:00+00:00,1
16644,33992,1985.23,2026-06-08 12:00:00+00:00,5
16645,33993,1985.39,2026-07-05 12:00:00+00:00,7
16646,33994,1985.55,2026-08-07 12:00:00+00:00,4
16647,33995,1985.72,2026-09-04 12:00:00+00:00,2
16648,34003,477.09,2026-05-26 12:00:00+00:00,1
16649,34008,477.18,2026-05-26 12:00:00+00:00,4
16650,34004,477.10,2026-06-22 12:00:00+00:00,5
16651,34005,477.12,2026-07-25 12:00:00+00:00,1
16652,34009,477.20,2026-07-25 12:00:00+00:00,5
16653,34006,477.14,2026-08-21 12:00:00+00:00,7
16654,34007,477.16,2026-09-20 12:00:00+00:00,6
16655,34010,477.22,2026-09-23 12:00:00+00:00,3
16656,34039,656.07,2026-07-15 12:00:00+00:00,4
16657,34042,656.17,2026-07-19 12:00:00+00:00,7
16658,34040,656.10,2026-08-15 12:00:00+00:00,7
16659,34043,656.21,2026-08-18 12:00:00+00:00,4
16660,34041,656.14,2026-09-16 12:00:00+00:00,7
16661,34044,656.24,2026-09-17 12:00:00+00:00,7
16662,34051,2673.10,2026-05-03 12:00:00+00:00,4
16663,34056,2673.95,2026-05-08 12:00:00+00:00,2
16664,34052,2673.26,2026-06-07 12:00:00+00:00,2
16665,34057,2674.13,2026-06-07 12:00:00+00:00,2
16666,34053,2673.43,2026-07-05 12:00:00+00:00,7
16667,34054,2673.60,2026-08-04 12:00:00+00:00,6
16668,34058,2674.32,2026-08-06 12:00:00+00:00,3
16669,34055,2673.77,2026-09-05 12:00:00+00:00,3
16670,34059,2674.51,2026-09-05 12:00:00+00:00,2
16671,34063,3548.88,2026-01-21 12:00:00+00:00,4
16672,34072,3550.93,2026-01-23 12:00:00+00:00,2
16673,34064,3549.09,2026-02-20 12:00:00+00:00,1
16674,34073,3551.18,2026-02-22 12:00:00+00:00,3
16675,34065,3549.30,2026-03-21 12:00:00+00:00,7
16676,34066,3549.52,2026-04-20 12:00:00+00:00,3
16677,34067,3549.74,2026-05-23 12:00:00+00:00,4
16678,34074,3551.41,2026-05-23 12:00:00+00:00,6
16679,34068,3549.97,2026-06-20 12:00:00+00:00,5
16680,34069,3550.20,2026-07-17 12:00:00+00:00,5
16681,34070,3550.44,2026-08-21 12:00:00+00:00,2
16682,34071,3550.68,2026-09-18 12:00:00+00:00,2
16683,34093,1927.56,2026-05-10 12:00:00+00:00,7
16684,34098,1928.00,2026-05-14 12:00:00+00:00,2
16685,34094,1927.65,2026-06-13 12:00:00+00:00,6
16686,34095,1927.73,2026-07-11 12:00:00+00:00,7
16687,34099,1928.09,2026-07-13 12:00:00+00:00,7
16688,34096,1927.82,2026-08-10 12:00:00+00:00,4
16689,34100,1928.19,2026-08-12 12:00:00+00:00,5
16690,34097,1927.91,2026-09-11 12:00:00+00:00,6
16691,34101,1928.28,2026-09-11 12:00:00+00:00,2
16692,34117,1593.63,2025-12-20 12:00:00+00:00,7
16693,34127,1594.76,2025-12-22 12:00:00+00:00,3
16694,34118,1593.73,2026-01-16 12:00:00+00:00,4
16695,34128,1594.90,2026-01-21 12:00:00+00:00,1
16696,34119,1593.83,2026-02-17 12:00:00+00:00,1
16697,34120,1593.93,2026-03-17 12:00:00+00:00,2
16698,34129,1595.03,2026-03-22 12:00:00+00:00,6
16699,34121,1594.04,2026-04-19 12:00:00+00:00,3
16700,34130,1595.17,2026-04-21 12:00:00+00:00,3
16701,34122,1594.15,2026-05-17 12:00:00+00:00,7
16702,34123,1594.27,2026-06-18 12:00:00+00:00,1
16703,34131,1595.32,2026-06-20 12:00:00+00:00,1
16704,34124,1594.39,2026-07-15 12:00:00+00:00,3
16705,34132,1595.47,2026-07-20 12:00:00+00:00,3
16706,34125,1594.51,2026-08-18 12:00:00+00:00,5
16707,34126,1594.63,2026-09-15 12:00:00+00:00,3
16708,34133,1595.62,2026-09-18 12:00:00+00:00,6
16709,34135,401.32,2026-06-06 12:00:00+00:00,4
16710,34139,401.38,2026-06-09 12:00:00+00:00,4
16711,34136,401.34,2026-07-09 12:00:00+00:00,4
16712,34140,401.40,2026-07-09 12:00:00+00:00,6
16713,34137,401.35,2026-08-06 12:00:00+00:00,5
16714,34138,401.37,2026-09-07 12:00:00+00:00,2
16715,34171,261.84,2026-06-18 12:00:00+00:00,1
16716,34175,261.88,2026-06-23 12:00:00+00:00,2
16717,34172,261.85,2026-07-23 12:00:00+00:00,6
16718,34173,261.86,2026-08-19 12:00:00+00:00,6
16719,34176,261.89,2026-08-22 12:00:00+00:00,3
16720,34174,261.87,2026-09-18 12:00:00+00:00,1
16721,34177,261.90,2026-09-21 12:00:00+00:00,3
16722,34207,1330.77,2026-05-10 12:00:00+00:00,5
16723,34208,1330.83,2026-06-08 12:00:00+00:00,1
16724,34212,1331.09,2026-06-12 12:00:00+00:00,2
16725,34209,1330.89,2026-07-08 12:00:00+00:00,6
16726,34213,1331.16,2026-07-12 12:00:00+00:00,4
16727,34210,1330.96,2026-08-07 12:00:00+00:00,5
16728,34214,1331.23,2026-08-11 12:00:00+00:00,2
16729,34211,1331.03,2026-09-08 12:00:00+00:00,1
16730,34225,1046.05,2026-04-19 12:00:00+00:00,2
16731,34231,1046.59,2026-04-22 12:00:00+00:00,5
16732,34226,1046.14,2026-05-21 12:00:00+00:00,6
16733,34227,1046.22,2026-06-17 12:00:00+00:00,6
16734,34228,1046.31,2026-07-18 12:00:00+00:00,1
16735,34232,1046.69,2026-07-21 12:00:00+00:00,1
16736,34229,1046.40,2026-08-19 12:00:00+00:00,1
16737,34230,1046.49,2026-09-14 12:00:00+00:00,4
16738,34233,1046.79,2026-09-19 12:00:00+00:00,7
16739,34237,2250.27,2026-07-07 12:00:00+00:00,1
16740,34240,2250.73,2026-07-10 12:00:00+00:00,2
16741,34238,2250.42,2026-08-06 12:00:00+00:00,1
16742,34241,2250.89,2026-08-09 12:00:00+00:00,5
16743,34239,2250.57,2026-09-07 12:00:00+00:00,6
16744,34255,1779.91,2025-12-08 12:00:00+00:00,4
16745,34265,1780.81,2025-12-12 12:00:00+00:00,1
16746,34256,1779.99,2026-01-09 12:00:00+00:00,3
16747,34266,1780.91,2026-01-11 12:00:00+00:00,2
16748,34257,1780.07,2026-02-09 12:00:00+00:00,4
16749,34267,1781.01,2026-02-10 12:00:00+00:00,7
16750,34258,1780.16,2026-03-07 12:00:00+00:00,4
16751,34259,1780.24,2026-04-06 12:00:00+00:00,7
16752,34260,1780.33,2026-05-07 12:00:00+00:00,5
16753,34268,1781.12,2026-05-11 12:00:00+00:00,5
16754,34261,1780.42,2026-06-08 12:00:00+00:00,1
16755,34269,1781.23,2026-06-10 12:00:00+00:00,7
16756,34262,1780.52,2026-07-07 12:00:00+00:00,6
16757,34270,1781.34,2026-07-10 12:00:00+00:00,4
16758,34263,1780.61,2026-08-07 12:00:00+00:00,7
16759,34271,1781.45,2026-08-09 12:00:00+00:00,2
16760,34264,1780.71,2026-09-08 12:00:00+00:00,5
16761,34272,1781.57,2026-09-08 12:00:00+00:00,6
16762,34279,926.13,2025-12-22 12:00:00+00:00,4
16763,34280,926.16,2026-01-14 12:00:00+00:00,4
16764,34281,926.20,2026-02-21 12:00:00+00:00,2
16765,34282,926.24,2026-03-27 12:00:00+00:00,7
16766,34283,926.28,2026-04-20 12:00:00+00:00,1
16767,34284,926.32,2026-05-25 12:00:00+00:00,7
16768,34285,926.36,2026-06-16 12:00:00+00:00,7
16769,34286,926.40,2026-07-24 12:00:00+00:00,5
16770,34288,926.48,2026-09-17 12:00:00+00:00,5
16771,34297,450.28,2026-07-18 12:00:00+00:00,1
16772,34298,450.30,2026-08-17 12:00:00+00:00,4
16773,34299,450.32,2026-09-15 12:00:00+00:00,6
16774,34321,695.09,2026-01-28 12:00:00+00:00,4
16775,34322,695.13,2026-02-28 12:00:00+00:00,5
16776,34323,695.18,2026-03-29 12:00:00+00:00,6
16777,34330,695.53,2026-04-02 12:00:00+00:00,7
16778,34324,695.22,2026-05-02 12:00:00+00:00,6
16779,34331,695.59,2026-05-02 12:00:00+00:00,7
16780,34325,695.27,2026-05-28 12:00:00+00:00,1
16781,34332,695.65,2026-06-01 12:00:00+00:00,5
16782,34326,695.32,2026-07-01 12:00:00+00:00,5
16783,34333,695.71,2026-07-01 12:00:00+00:00,3
16784,34327,695.37,2026-07-26 12:00:00+00:00,7
16785,34328,695.42,2026-08-25 12:00:00+00:00,7
16786,34329,695.48,2026-09-25 12:00:00+00:00,3
16787,34334,695.77,2026-09-29 12:00:00+00:00,7
16788,34339,1473.17,2026-01-29 12:00:00+00:00,6
16789,34348,1474.39,2026-02-02 12:00:00+00:00,3
16790,34340,1473.29,2026-03-01 12:00:00+00:00,1
16791,34349,1474.55,2026-03-04 12:00:00+00:00,5
16792,34341,1473.41,2026-04-02 12:00:00+00:00,5
16793,34342,1473.54,2026-05-03 12:00:00+00:00,3
16794,34350,1474.75,2026-05-03 12:00:00+00:00,3
16795,34343,1473.67,2026-05-30 12:00:00+00:00,7
16796,34344,1473.80,2026-06-27 12:00:00+00:00,1
16797,34345,1473.94,2026-08-01 12:00:00+00:00,6
16798,34346,1474.09,2026-08-27 12:00:00+00:00,3
16799,34347,1474.24,2026-09-29 12:00:00+00:00,2
16800,34351,2099.70,2026-07-11 12:00:00+00:00,1
16801,34354,2100.10,2026-07-15 12:00:00+00:00,2
16802,34352,2099.83,2026-08-10 12:00:00+00:00,3
16803,34353,2099.96,2026-09-11 12:00:00+00:00,1
16804,34355,2100.25,2026-09-13 12:00:00+00:00,3
16805,34369,644.96,2026-07-31 12:00:00+00:00,2
16806,34370,645.00,2026-08-29 12:00:00+00:00,3
16807,34371,645.04,2026-09-27 12:00:00+00:00,4
16808,34372,645.08,2026-09-30 12:00:00+00:00,1
16809,34387,1507.11,2025-12-16 12:00:00+00:00,5
16810,34388,1507.20,2026-01-11 12:00:00+00:00,2
16811,34397,1508.10,2026-01-15 12:00:00+00:00,6
16812,34389,1507.29,2026-02-12 12:00:00+00:00,2
16813,34398,1508.22,2026-02-14 12:00:00+00:00,6
16814,34390,1507.38,2026-03-14 12:00:00+00:00,2
16815,34399,1508.34,2026-03-16 12:00:00+00:00,3
16816,34391,1507.47,2026-04-10 12:00:00+00:00,6
16817,34392,1507.57,2026-05-11 12:00:00+00:00,2
16818,34393,1507.67,2026-06-10 12:00:00+00:00,7
16819,34400,1508.46,2026-06-14 12:00:00+00:00,4
16820,34394,1507.78,2026-07-10 12:00:00+00:00,6
16821,34401,1508.58,2026-07-14 12:00:00+00:00,7
16822,34395,1507.88,2026-08-13 12:00:00+00:00,6
16823,34402,1508.71,2026-08-13 12:00:00+00:00,6
16824,34396,1507.99,2026-09-09 12:00:00+00:00,3
16825,34405,2940.81,2025-12-14 12:00:00+00:00,3
16826,34406,2941.01,2026-01-11 12:00:00+00:00,1
16827,34415,2943.00,2026-01-15 12:00:00+00:00,5
16828,34407,2941.21,2026-02-13 12:00:00+00:00,2
16829,34408,2941.41,2026-03-14 12:00:00+00:00,4
16830,34409,2941.62,2026-04-10 12:00:00+00:00,5
16831,34416,2943.32,2026-04-15 12:00:00+00:00,6
16832,34410,2941.84,2026-05-10 12:00:00+00:00,7
16833,34411,2942.06,2026-06-11 12:00:00+00:00,2
16834,34412,2942.28,2026-07-09 12:00:00+00:00,4
16835,34413,2942.52,2026-08-12 12:00:00+00:00,1
16836,34414,2942.75,2026-09-12 12:00:00+00:00,3
16837,34417,267.04,2026-05-24 12:00:00+00:00,2
16838,34418,267.05,2026-06-19 12:00:00+00:00,5
16839,34419,267.06,2026-07-16 12:00:00+00:00,6
16840,34420,267.08,2026-08-23 12:00:00+00:00,6
16841,34441,430.47,2025-11-08 12:00:00+00:00,6
16842,34452,430.76,2025-11-09 12:00:00+00:00,7
16843,34442,430.49,2025-12-06 12:00:00+00:00,1
16844,34453,430.79,2025-12-09 12:00:00+00:00,6
16845,34443,430.51,2026-01-08 12:00:00+00:00,1
16846,34444,430.54,2026-02-04 12:00:00+00:00,3
16847,34454,430.82,2026-02-07 12:00:00+00:00,3
16848,34445,430.56,2026-03-09 12:00:00+00:00,4
16849,34446,430.59,2026-04-03 12:00:00+00:00,1
16850,34455,430.86,2026-04-08 12:00:00+00:00,4
16851,34447,430.61,2026-05-07 12:00:00+00:00,1
16852,34456,430.89,2026-05-08 12:00:00+00:00,6
16853,34448,430.64,2026-06-02 12:00:00+00:00,7
16854,34457,430.93,2026-06-07 12:00:00+00:00,1
16855,34449,430.67,2026-07-03 12:00:00+00:00,5
16856,34450,430.70,2026-08-06 12:00:00+00:00,6
16857,34458,430.97,2026-08-06 12:00:00+00:00,7
16858,34451,430.73,2026-09-02 12:00:00+00:00,4
16859,34465,1068.07,2026-03-09 12:00:00+00:00,7
16860,34472,1068.40,2026-03-13 12:00:00+00:00,3
16861,34466,1068.12,2026-04-08 12:00:00+00:00,7
16862,34473,1068.45,2026-04-12 12:00:00+00:00,3
16863,34467,1068.16,2026-05-10 12:00:00+00:00,2
16864,34468,1068.21,2026-06-08 12:00:00+00:00,4
16865,34474,1068.50,2026-06-11 12:00:00+00:00,7
16866,34469,1068.25,2026-07-06 12:00:00+00:00,7
16867,34470,1068.30,2026-08-10 12:00:00+00:00,3
16868,34475,1068.55,2026-08-10 12:00:00+00:00,1
16869,34471,1068.35,2026-09-05 12:00:00+00:00,3
16870,34489,2979.97,2026-04-23 12:00:00+00:00,4
16871,34495,2981.41,2026-04-28 12:00:00+00:00,5
16872,34490,2980.19,2026-05-23 12:00:00+00:00,3
16873,34496,2981.68,2026-05-28 12:00:00+00:00,2
16874,34491,2980.42,2026-06-26 12:00:00+00:00,5
16875,34492,2980.66,2026-07-23 12:00:00+00:00,1
16876,34493,2980.90,2026-08-25 12:00:00+00:00,2
16877,34497,2981.96,2026-08-26 12:00:00+00:00,7
16878,34494,2981.15,2026-09-22 12:00:00+00:00,4
16879,34498,2982.24,2026-09-25 12:00:00+00:00,4
16880,34501,1793.19,2025-12-21 12:00:00+00:00,3
16881,34511,1794.27,2025-12-23 12:00:00+00:00,1
16882,34502,1793.28,2026-01-20 12:00:00+00:00,6
16883,34503,1793.38,2026-02-18 12:00:00+00:00,6
16884,34512,1794.40,2026-02-21 12:00:00+00:00,1
16885,34504,1793.48,2026-03-23 12:00:00+00:00,1
16886,34505,1793.58,2026-04-18 12:00:00+00:00,3
16887,34506,1793.69,2026-05-19 12:00:00+00:00,6
16888,34507,1793.80,2026-06-21 12:00:00+00:00,4
16889,34513,1794.53,2026-06-21 12:00:00+00:00,2
16890,34508,1793.91,2026-07-21 12:00:00+00:00,4
16891,34514,1794.67,2026-07-21 12:00:00+00:00,1
16892,34509,1794.03,2026-08-17 12:00:00+00:00,2
16893,34515,1794.81,2026-08-20 12:00:00+00:00,6
16894,34510,1794.15,2026-09-18 12:00:00+00:00,4
16895,34516,1794.96,2026-09-19 12:00:00+00:00,1
16896,34525,700.83,2026-04-16 12:00:00+00:00,4
16897,34526,700.86,2026-05-17 12:00:00+00:00,6
16898,34531,700.99,2026-05-21 12:00:00+00:00,4
16899,34527,700.88,2026-06-18 12:00:00+00:00,7
16900,34528,700.91,2026-07-19 12:00:00+00:00,1
16901,34532,701.02,2026-07-20 12:00:00+00:00,4
16902,34529,700.94,2026-08-15 12:00:00+00:00,1
16903,34530,700.96,2026-09-15 12:00:00+00:00,1
16904,34561,1538.22,2026-07-10 12:00:00+00:00,2
16905,34564,1538.46,2026-07-13 12:00:00+00:00,6
16906,34562,1538.29,2026-08-08 12:00:00+00:00,2
16907,34563,1538.37,2026-09-09 12:00:00+00:00,3
16908,34585,1198.26,2026-07-28 12:00:00+00:00,4
16909,34588,1198.45,2026-07-31 12:00:00+00:00,7
16910,34586,1198.32,2026-08-29 12:00:00+00:00,3
16911,34587,1198.39,2026-09-26 12:00:00+00:00,7
16912,34589,1198.52,2026-09-29 12:00:00+00:00,7
16913,34609,2255.46,2026-05-18 12:00:00+00:00,5
16914,34610,2255.64,2026-06-19 12:00:00+00:00,7
16915,34611,2255.82,2026-07-20 12:00:00+00:00,1
16916,34614,2256.41,2026-07-21 12:00:00+00:00,5
16917,34612,2256.01,2026-08-19 12:00:00+00:00,1
16918,34613,2256.20,2026-09-16 12:00:00+00:00,1
16919,34615,2256.61,2026-09-19 12:00:00+00:00,3
16920,34621,2021.52,2026-01-20 12:00:00+00:00,2
16921,34630,2022.74,2026-01-25 12:00:00+00:00,5
16922,34622,2021.64,2026-02-19 12:00:00+00:00,4
16923,34631,2022.90,2026-02-24 12:00:00+00:00,3
16924,34623,2021.77,2026-03-26 12:00:00+00:00,3
16925,34632,2023.06,2026-03-26 12:00:00+00:00,4
16926,34624,2021.89,2026-04-25 12:00:00+00:00,2
16927,34633,2023.23,2026-04-25 12:00:00+00:00,1
16928,34625,2022.03,2026-05-20 12:00:00+00:00,2
16929,34626,2022.16,2026-06-20 12:00:00+00:00,5
16930,34634,2023.40,2026-06-24 12:00:00+00:00,5
16931,34627,2022.30,2026-07-23 12:00:00+00:00,4
16932,34628,2022.45,2026-08-22 12:00:00+00:00,5
16933,34629,2022.59,2026-09-21 12:00:00+00:00,3
16934,34639,1350.07,2026-02-10 12:00:00+00:00,5
16935,34647,1350.69,2026-02-11 12:00:00+00:00,2
16936,34640,1350.14,2026-03-11 12:00:00+00:00,5
16937,34641,1350.21,2026-04-09 12:00:00+00:00,6
16938,34642,1350.28,2026-05-08 12:00:00+00:00,5
16939,34643,1350.36,2026-06-09 12:00:00+00:00,6
16940,34648,1350.78,2026-06-11 12:00:00+00:00,7
16941,34644,1350.44,2026-07-09 12:00:00+00:00,2
16942,34645,1350.52,2026-08-06 12:00:00+00:00,1
16943,34649,1350.87,2026-08-10 12:00:00+00:00,6
16944,34646,1350.60,2026-09-07 12:00:00+00:00,1
16945,34650,1350.97,2026-09-09 12:00:00+00:00,5
16946,34663,383.65,2026-07-23 12:00:00+00:00,3
16947,34664,383.66,2026-08-21 12:00:00+00:00,3
16948,34666,383.70,2026-08-26 12:00:00+00:00,2
16949,34665,383.68,2026-09-25 12:00:00+00:00,2
16950,34667,383.71,2026-09-25 12:00:00+00:00,1
16951,34681,1923.48,2025-11-01 12:00:00+00:00,1
16952,34682,1923.57,2025-11-30 12:00:00+00:00,1
16953,34683,1923.66,2025-12-27 12:00:00+00:00,2
16954,34684,1923.75,2026-01-27 12:00:00+00:00,2
16955,34685,1923.84,2026-03-02 12:00:00+00:00,5
16956,34686,1923.93,2026-03-28 12:00:00+00:00,5
16957,34687,1924.03,2026-04-30 12:00:00+00:00,3
16958,34688,1924.13,2026-05-30 12:00:00+00:00,4
16959,34689,1924.22,2026-06-28 12:00:00+00:00,7
16960,34690,1924.32,2026-07-26 12:00:00+00:00,6
16961,34691,1924.43,2026-08-28 12:00:00+00:00,2
16962,34692,1924.56,2026-09-28 12:00:00+00:00,7
16963,34693,1732.75,2025-11-14 12:00:00+00:00,2
16964,34694,1732.84,2025-12-17 12:00:00+00:00,4
16965,34704,1733.86,2025-12-17 12:00:00+00:00,3
16966,34695,1732.93,2026-01-16 12:00:00+00:00,4
16967,34705,1733.98,2026-01-16 12:00:00+00:00,2
16968,34696,1733.02,2026-02-11 12:00:00+00:00,4
16969,34706,1734.11,2026-02-15 12:00:00+00:00,3
16970,34697,1733.12,2026-03-17 12:00:00+00:00,2
16971,34707,1734.23,2026-03-17 12:00:00+00:00,1
16972,34698,1733.22,2026-04-12 12:00:00+00:00,5
16973,34708,1734.36,2026-04-16 12:00:00+00:00,7
16974,34699,1733.32,2026-05-12 12:00:00+00:00,5
16975,34709,1734.49,2026-05-16 12:00:00+00:00,3
16976,34700,1733.42,2026-06-15 12:00:00+00:00,4
16977,34701,1733.53,2026-07-13 12:00:00+00:00,2
16978,34702,1733.64,2026-08-10 12:00:00+00:00,3
16979,34710,1734.63,2026-08-14 12:00:00+00:00,5
16980,34703,1733.75,2026-09-08 12:00:00+00:00,4
16981,34711,1734.77,2026-09-13 12:00:00+00:00,7
16982,34717,227.69,2026-04-25 12:00:00+00:00,4
16983,34718,227.70,2026-05-29 12:00:00+00:00,5
16984,34719,227.71,2026-06-23 12:00:00+00:00,2
16985,34720,227.72,2026-07-27 12:00:00+00:00,2
16986,34721,227.73,2026-08-23 12:00:00+00:00,3
16987,34722,227.74,2026-09-24 12:00:00+00:00,7
16988,34753,1148.42,2026-07-14 12:00:00+00:00,4
16989,34756,1148.66,2026-07-14 12:00:00+00:00,4
16990,34754,1148.50,2026-08-13 12:00:00+00:00,2
16991,34757,1148.75,2026-08-13 12:00:00+00:00,6
16992,34755,1148.58,2026-09-09 12:00:00+00:00,1
16993,34765,438.08,2026-01-09 12:00:00+00:00,7
16994,34774,438.37,2026-01-14 12:00:00+00:00,2
16995,34766,438.11,2026-02-10 12:00:00+00:00,7
16996,34775,438.41,2026-02-13 12:00:00+00:00,6
16997,34767,438.14,2026-03-14 12:00:00+00:00,6
16998,34768,438.17,2026-04-12 12:00:00+00:00,2
16999,34769,438.20,2026-05-12 12:00:00+00:00,6
17000,34776,438.44,2026-05-14 12:00:00+00:00,4
17001,34770,438.24,2026-06-12 12:00:00+00:00,1
17002,34771,438.27,2026-07-12 12:00:00+00:00,4
17003,34772,438.30,2026-08-12 12:00:00+00:00,4
17004,34773,438.34,2026-09-09 12:00:00+00:00,7
17005,34777,2005.37,2026-06-21 12:00:00+00:00,3
17006,34781,2005.91,2026-06-22 12:00:00+00:00,3
17007,34778,2005.50,2026-07-19 12:00:00+00:00,3
17008,34782,2006.06,2026-07-22 12:00:00+00:00,6
17009,34779,2005.64,2026-08-18 12:00:00+00:00,3
17010,34783,2006.21,2026-08-21 12:00:00+00:00,4
17011,34780,2005.77,2026-09-20 12:00:00+00:00,7
17012,34784,2006.36,2026-09-20 12:00:00+00:00,6
17013,34789,745.26,2025-12-17 12:00:00+00:00,1
17014,34799,745.72,2025-12-22 12:00:00+00:00,3
17015,34790,745.30,2026-01-20 12:00:00+00:00,3
17016,34800,745.77,2026-01-21 12:00:00+00:00,7
17017,34791,745.34,2026-02-15 12:00:00+00:00,1
17018,34792,745.38,2026-03-17 12:00:00+00:00,5
17019,34801,745.83,2026-03-22 12:00:00+00:00,4
17020,34793,745.43,2026-04-18 12:00:00+00:00,6
17021,34802,745.89,2026-04-21 12:00:00+00:00,2
17022,34794,745.47,2026-05-18 12:00:00+00:00,3
17023,34803,745.95,2026-05-21 12:00:00+00:00,1
17024,34795,745.52,2026-06-16 12:00:00+00:00,5
17025,34804,746.01,2026-06-20 12:00:00+00:00,4
17026,34796,745.56,2026-07-18 12:00:00+00:00,4
17027,34797,745.61,2026-08-19 12:00:00+00:00,4
17028,34798,745.67,2026-09-14 12:00:00+00:00,7
17029,34805,746.08,2026-09-18 12:00:00+00:00,6
17030,34813,778.52,2025-11-26 12:00:00+00:00,7
17031,34824,778.85,2025-11-30 12:00:00+00:00,6
17032,34814,778.55,2025-12-29 12:00:00+00:00,7
17033,34825,778.88,2025-12-30 12:00:00+00:00,7
17034,34815,778.57,2026-01-29 12:00:00+00:00,4
17035,34826,778.91,2026-01-29 12:00:00+00:00,5
17036,34816,778.60,2026-02-27 12:00:00+00:00,3
17037,34827,778.95,2026-02-28 12:00:00+00:00,6
17038,34817,778.63,2026-03-29 12:00:00+00:00,7
17039,34828,778.98,2026-03-30 12:00:00+00:00,1
17040,34818,778.66,2026-04-28 12:00:00+00:00,2
17041,34829,779.02,2026-04-29 12:00:00+00:00,4
17042,34819,778.69,2026-05-25 12:00:00+00:00,4
17043,34830,779.06,2026-05-29 12:00:00+00:00,7
17044,34820,778.72,2026-06-25 12:00:00+00:00,2
17045,34821,778.75,2026-07-27 12:00:00+00:00,2
17046,34831,779.10,2026-07-28 12:00:00+00:00,6
17047,34822,778.78,2026-08-27 12:00:00+00:00,1
17048,34832,779.13,2026-08-27 12:00:00+00:00,7
17049,34823,778.81,2026-09-24 12:00:00+00:00,4
17050,34849,1419.50,2025-12-29 12:00:00+00:00,1
17051,34859,1420.80,2026-01-01 12:00:00+00:00,6
17052,34850,1419.61,2026-01-27 12:00:00+00:00,3
17053,34860,1421.02,2026-01-31 12:00:00+00:00,1
17054,34851,1419.73,2026-03-02 12:00:00+00:00,1
17055,34852,1419.84,2026-03-27 12:00:00+00:00,6
17056,34853,1419.97,2026-04-29 12:00:00+00:00,4
17057,34854,1420.10,2026-05-27 12:00:00+00:00,2
17058,34855,1420.23,2026-06-29 12:00:00+00:00,4
17059,34856,1420.36,2026-07-26 12:00:00+00:00,6
17060,34857,1420.50,2026-08-28 12:00:00+00:00,5
17061,34858,1420.65,2026-09-26 12:00:00+00:00,2
17062,34861,2006.27,2026-01-15 12:00:00+00:00,2
17063,34862,2006.36,2026-02-15 12:00:00+00:00,4
17064,34870,2007.11,2026-02-17 12:00:00+00:00,4
17065,34863,2006.45,2026-03-19 12:00:00+00:00,6
17066,34871,2007.21,2026-03-19 12:00:00+00:00,5
17067,34864,2006.54,2026-04-14 12:00:00+00:00,5
17068,34872,2007.31,2026-04-18 12:00:00+00:00,6
17069,34865,2006.63,2026-05-18 12:00:00+00:00,2
17070,34866,2006.72,2026-06-13 12:00:00+00:00,2
17071,34873,2007.42,2026-06-17 12:00:00+00:00,7
17072,34867,2006.82,2026-07-16 12:00:00+00:00,1
17073,34868,2006.91,2026-08-15 12:00:00+00:00,7
17074,34874,2007.53,2026-08-16 12:00:00+00:00,2
17075,34869,2007.01,2026-09-12 12:00:00+00:00,5
17076,34875,2007.63,2026-09-15 12:00:00+00:00,3
17077,34879,1787.94,2026-01-16 12:00:00+00:00,1
17078,34880,1788.02,2026-02-13 12:00:00+00:00,2
17079,34888,1788.78,2026-02-18 12:00:00+00:00,3
17080,34881,1788.11,2026-03-17 12:00:00+00:00,4
17081,34882,1788.20,2026-04-17 12:00:00+00:00,7
17082,34889,1788.88,2026-04-19 12:00:00+00:00,6
17083,34883,1788.29,2026-05-15 12:00:00+00:00,1
17084,34884,1788.38,2026-06-15 12:00:00+00:00,1
17085,34885,1788.48,2026-07-14 12:00:00+00:00,5
17086,34886,1788.57,2026-08-12 12:00:00+00:00,5
17087,34887,1788.67,2026-09-14 12:00:00+00:00,2
17088,34890,1788.99,2026-09-16 12:00:00+00:00,4
17089,34903,1272.78,2026-01-24 12:00:00+00:00,1
17090,34912,1273.29,2026-01-27 12:00:00+00:00,6
17091,34904,1272.83,2026-02-21 12:00:00+00:00,3
17092,34913,1273.35,2026-02-26 12:00:00+00:00,2
17093,34905,1272.89,2026-03-23 12:00:00+00:00,6
17094,34914,1273.41,2026-03-28 12:00:00+00:00,3
17095,34906,1272.94,2026-04-27 12:00:00+00:00,2
17096,34915,1273.47,2026-04-27 12:00:00+00:00,7
17097,34907,1273.00,2026-05-23 12:00:00+00:00,5
17098,34908,1273.05,2026-06-24 12:00:00+00:00,3
17099,34909,1273.11,2026-07-22 12:00:00+00:00,3
17100,34916,1273.54,2026-07-26 12:00:00+00:00,4
17101,34910,1273.17,2026-08-22 12:00:00+00:00,2
17102,34917,1273.60,2026-08-25 12:00:00+00:00,3
17103,34911,1273.23,2026-09-23 12:00:00+00:00,7
17104,34918,1273.67,2026-09-24 12:00:00+00:00,7
17105,34921,3454.36,2026-02-20 12:00:00+00:00,4
17106,34929,3456.84,2026-02-21 12:00:00+00:00,2
17107,34922,3454.63,2026-03-21 12:00:00+00:00,4
17108,34923,3454.92,2026-04-17 12:00:00+00:00,6
17109,34924,3455.21,2026-05-19 12:00:00+00:00,7
17110,34925,3455.52,2026-06-16 12:00:00+00:00,6
17111,34926,3455.83,2026-07-20 12:00:00+00:00,2
17112,34927,3456.16,2026-08-16 12:00:00+00:00,7
17113,34930,3457.20,2026-08-20 12:00:00+00:00,3
17114,34928,3456.49,2026-09-14 12:00:00+00:00,4
17115,34933,1934.48,2026-01-08 12:00:00+00:00,7
17116,34942,1935.85,2026-01-10 12:00:00+00:00,3
17117,34934,1934.61,2026-02-07 12:00:00+00:00,3
17118,34943,1936.03,2026-02-09 12:00:00+00:00,4
17119,34935,1934.75,2026-03-08 12:00:00+00:00,1
17120,34944,1936.19,2026-03-11 12:00:00+00:00,5
17121,34936,1934.90,2026-04-06 12:00:00+00:00,3
17122,34937,1935.05,2026-05-08 12:00:00+00:00,7
17123,34938,1935.20,2026-06-05 12:00:00+00:00,6
17124,34939,1935.36,2026-07-07 12:00:00+00:00,3
17125,34940,1935.52,2026-08-08 12:00:00+00:00,6
17126,34941,1935.68,2026-09-04 12:00:00+00:00,1
17127,34945,1432.99,2026-06-03 12:00:00+00:00,6
17128,34946,1433.04,2026-07-03 12:00:00+00:00,7
17129,34949,1433.20,2026-07-03 12:00:00+00:00,5
17130,34947,1433.09,2026-07-29 12:00:00+00:00,5
17131,34948,1433.14,2026-08-28 12:00:00+00:00,1
17132,34950,1433.26,2026-09-01 12:00:00+00:00,4
17133,34981,284.36,2025-12-04 12:00:00+00:00,5
17134,34991,284.48,2025-12-09 12:00:00+00:00,5
17135,34982,284.37,2026-01-08 12:00:00+00:00,7
17136,34992,284.49,2026-01-08 12:00:00+00:00,5
17137,34983,284.38,2026-02-06 12:00:00+00:00,4
17138,34993,284.51,2026-02-07 12:00:00+00:00,6
17139,34984,284.39,2026-03-08 12:00:00+00:00,7
17140,34994,284.52,2026-03-09 12:00:00+00:00,7
17141,34985,284.40,2026-04-07 12:00:00+00:00,2
17142,34986,284.42,2026-05-04 12:00:00+00:00,6
17143,34995,284.54,2026-05-08 12:00:00+00:00,3
17144,34987,284.43,2026-06-04 12:00:00+00:00,4
17145,34996,284.55,2026-06-07 12:00:00+00:00,1
17146,34988,284.44,2026-07-02 12:00:00+00:00,6
17147,34997,284.57,2026-07-07 12:00:00+00:00,1
17148,34989,284.45,2026-08-02 12:00:00+00:00,4
17149,34998,284.58,2026-08-06 12:00:00+00:00,4
17150,34990,284.47,2026-09-04 12:00:00+00:00,3
17151,34999,284.60,2026-09-05 12:00:00+00:00,5
17152,35005,2244.95,2026-06-29 12:00:00+00:00,4
17153,35006,2245.06,2026-07-28 12:00:00+00:00,3
17154,35007,2245.17,2026-08-28 12:00:00+00:00,4
17155,35009,2245.40,2026-08-31 12:00:00+00:00,4
17156,35008,2245.29,2026-09-26 12:00:00+00:00,4
17157,35010,2245.52,2026-09-30 12:00:00+00:00,2
17158,35023,2377.43,2026-02-15 12:00:00+00:00,5
17159,35024,2377.55,2026-03-14 12:00:00+00:00,7
17160,35025,2377.68,2026-04-15 12:00:00+00:00,6
17161,35031,2378.52,2026-04-16 12:00:00+00:00,7
17162,35026,2377.81,2026-05-12 12:00:00+00:00,1
17163,35027,2377.95,2026-06-11 12:00:00+00:00,6
17164,35028,2378.09,2026-07-12 12:00:00+00:00,7
17165,35029,2378.23,2026-08-12 12:00:00+00:00,6
17166,35030,2378.37,2026-09-08 12:00:00+00:00,5
17167,35032,2378.66,2026-09-13 12:00:00+00:00,6
17168,35035,2129.39,2026-08-03 12:00:00+00:00,2
17169,35036,2129.51,2026-09-05 12:00:00+00:00,5
17170,35037,2129.64,2026-09-06 12:00:00+00:00,7
17171,35053,834.00,2026-06-30 12:00:00+00:00,3
17172,35056,834.08,2026-07-04 12:00:00+00:00,5
17173,35054,834.03,2026-07-31 12:00:00+00:00,2
17174,35057,834.11,2026-08-03 12:00:00+00:00,2
17175,35055,834.06,2026-08-28 12:00:00+00:00,1
17176,35058,834.14,2026-09-02 12:00:00+00:00,1
17177,35089,2175.99,2026-02-10 12:00:00+00:00,1
17178,35090,2176.10,2026-03-14 12:00:00+00:00,1
17179,35097,2177.00,2026-03-15 12:00:00+00:00,6
17180,35091,2176.22,2026-04-10 12:00:00+00:00,1
17181,35092,2176.34,2026-05-13 12:00:00+00:00,5
17182,35098,2177.15,2026-05-14 12:00:00+00:00,1
17183,35093,2176.47,2026-06-12 12:00:00+00:00,1
17184,35099,2177.30,2026-06-13 12:00:00+00:00,2
17185,35094,2176.59,2026-07-13 12:00:00+00:00,6
17186,35095,2176.73,2026-08-09 12:00:00+00:00,4
17187,35100,2177.45,2026-08-12 12:00:00+00:00,1
17188,35096,2176.86,2026-09-09 12:00:00+00:00,7
17189,35113,1256.29,2026-04-29 12:00:00+00:00,2
17190,35119,1256.87,2026-04-30 12:00:00+00:00,4
17191,35114,1256.38,2026-05-27 12:00:00+00:00,6
17192,35115,1256.47,2026-06-26 12:00:00+00:00,3
17193,35120,1256.97,2026-06-29 12:00:00+00:00,5
17194,35116,1256.57,2026-07-27 12:00:00+00:00,6
17195,35121,1257.08,2026-07-29 12:00:00+00:00,7
17196,35117,1256.66,2026-08-23 12:00:00+00:00,4
17197,35122,1257.19,2026-08-28 12:00:00+00:00,7
17198,35118,1256.76,2026-09-27 12:00:00+00:00,3
17199,35125,1154.12,2026-06-22 12:00:00+00:00,2
17200,35126,1154.20,2026-07-24 12:00:00+00:00,6
17201,35129,1154.46,2026-07-24 12:00:00+00:00,5
17202,35127,1154.29,2026-08-19 12:00:00+00:00,4
17203,35128,1154.37,2026-09-17 12:00:00+00:00,1
17204,35137,1834.01,2025-11-19 12:00:00+00:00,6
17205,35138,1834.07,2025-12-24 12:00:00+00:00,6
17206,35148,1834.77,2025-12-24 12:00:00+00:00,7
17207,35139,1834.14,2026-01-22 12:00:00+00:00,6
17208,35149,1834.85,2026-01-23 12:00:00+00:00,1
17209,35140,1834.21,2026-02-19 12:00:00+00:00,3
17210,35141,1834.27,2026-03-21 12:00:00+00:00,1
17211,35150,1834.93,2026-03-24 12:00:00+00:00,7
17212,35142,1834.34,2026-04-21 12:00:00+00:00,6
17213,35151,1835.00,2026-04-23 12:00:00+00:00,2
17214,35143,1834.41,2026-05-21 12:00:00+00:00,1
17215,35152,1835.08,2026-05-23 12:00:00+00:00,6
17216,35144,1834.48,2026-06-21 12:00:00+00:00,3
17217,35153,1835.16,2026-06-22 12:00:00+00:00,6
17218,35145,1834.55,2026-07-18 12:00:00+00:00,1
17219,35154,1835.24,2026-07-22 12:00:00+00:00,5
17220,35146,1834.63,2026-08-19 12:00:00+00:00,2
17221,35147,1834.70,2026-09-17 12:00:00+00:00,2
17222,35161,2275.39,2026-07-04 12:00:00+00:00,2
17223,35162,2275.51,2026-08-04 12:00:00+00:00,6
17224,35164,1137.88,2026-09-24 12:00:00+00:00,1
17225,35164,1137.88,2026-10-17 12:00:00+00:00,4
17226,35185,830.89,2025-11-29 12:00:00+00:00,4
17227,35196,831.26,2025-12-02 12:00:00+00:00,3
17228,35186,830.92,2025-12-30 12:00:00+00:00,6
17229,35187,830.95,2026-01-29 12:00:00+00:00,6
17230,35188,830.99,2026-02-25 12:00:00+00:00,4
17231,35197,831.30,2026-03-02 12:00:00+00:00,7
17232,35189,831.02,2026-03-31 12:00:00+00:00,4
17233,35190,831.05,2026-04-30 12:00:00+00:00,2
17234,35198,831.33,2026-05-01 12:00:00+00:00,3
17235,35191,831.09,2026-05-30 12:00:00+00:00,7
17236,35192,831.12,2026-06-30 12:00:00+00:00,6
17237,35193,831.15,2026-07-29 12:00:00+00:00,4
17238,35199,831.37,2026-07-30 12:00:00+00:00,6
17239,35194,831.19,2026-08-28 12:00:00+00:00,4
17240,35200,831.41,2026-08-29 12:00:00+00:00,3
17241,35195,831.22,2026-09-26 12:00:00+00:00,3
17242,35201,831.45,2026-09-28 12:00:00+00:00,1
17243,35209,520.71,2026-02-09 12:00:00+00:00,5
17244,35217,521.02,2026-02-09 12:00:00+00:00,1
17245,35210,520.75,2026-03-09 12:00:00+00:00,5
17246,35218,521.06,2026-03-11 12:00:00+00:00,2
17247,35211,520.78,2026-04-05 12:00:00+00:00,1
17248,35219,521.11,2026-04-10 12:00:00+00:00,3
17249,35212,520.82,2026-05-08 12:00:00+00:00,5
17250,35220,521.22,2026-05-10 12:00:00+00:00,2
17251,35213,520.86,2026-06-06 12:00:00+00:00,7
17252,35214,520.90,2026-07-04 12:00:00+00:00,4
17253,35215,520.94,2026-08-07 12:00:00+00:00,3
17254,35216,520.98,2026-09-05 12:00:00+00:00,7
17255,35221,3453.60,2026-04-22 12:00:00+00:00,6
17256,35227,3454.70,2026-04-26 12:00:00+00:00,1
17257,35222,3453.77,2026-05-21 12:00:00+00:00,3
17258,35223,3453.95,2026-06-22 12:00:00+00:00,6
17259,35228,3454.89,2026-06-25 12:00:00+00:00,1
17260,35224,3454.13,2026-07-21 12:00:00+00:00,4
17261,35225,3454.32,2026-08-21 12:00:00+00:00,3
17262,35229,3455.09,2026-08-24 12:00:00+00:00,3
17263,35226,3454.51,2026-09-22 12:00:00+00:00,4
17264,35233,2793.32,2026-05-15 12:00:00+00:00,6
17265,35234,2793.49,2026-06-11 12:00:00+00:00,6
17266,35238,2794.19,2026-06-14 12:00:00+00:00,2
17267,35235,2793.66,2026-07-09 12:00:00+00:00,1
17268,35236,2793.83,2026-08-12 12:00:00+00:00,1
17269,35237,2794.01,2026-09-11 12:00:00+00:00,4
17270,35245,696.74,2026-03-11 12:00:00+00:00,3
17271,35246,696.76,2026-04-11 12:00:00+00:00,4
17272,35247,696.79,2026-05-10 12:00:00+00:00,3
17273,35248,696.81,2026-06-10 12:00:00+00:00,5
17274,35249,696.84,2026-07-19 12:00:00+00:00,1
17275,35250,696.87,2026-08-12 12:00:00+00:00,6
17276,35252,696.93,2026-11-04 12:00:00+00:00,6
17277,35281,614.31,2026-08-08 12:00:00+00:00,2
17278,35282,614.33,2026-09-13 12:00:00+00:00,7
17279,35317,1416.70,2025-11-25 12:00:00+00:00,7
17280,35328,1417.58,2025-11-29 12:00:00+00:00,7
17281,35318,1416.77,2025-12-28 12:00:00+00:00,6
17282,35319,1416.85,2026-01-27 12:00:00+00:00,7
17283,35329,1417.67,2026-01-28 12:00:00+00:00,6
17284,35320,1416.92,2026-02-25 12:00:00+00:00,5
17285,35330,1417.76,2026-02-27 12:00:00+00:00,4
17286,35321,1416.99,2026-03-26 12:00:00+00:00,4
17287,35331,1417.86,2026-03-29 12:00:00+00:00,7
17288,35322,1417.07,2026-04-24 12:00:00+00:00,4
17289,35332,1417.96,2026-04-28 12:00:00+00:00,7
17290,35323,1417.15,2026-05-23 12:00:00+00:00,1
17291,35324,1417.23,2026-06-25 12:00:00+00:00,5
17292,35333,1418.06,2026-06-27 12:00:00+00:00,7
17293,35325,1417.31,2026-07-22 12:00:00+00:00,1
17294,35326,1417.40,2026-08-24 12:00:00+00:00,5
17295,35327,1417.49,2026-09-24 12:00:00+00:00,4
17296,35334,1418.17,2026-09-25 12:00:00+00:00,1
17297,35341,1942.19,2025-11-03 12:00:00+00:00,7
17298,35342,1942.27,2025-12-03 12:00:00+00:00,7
17299,35343,1942.35,2026-01-03 12:00:00+00:00,4
17300,35352,1943.15,2026-01-04 12:00:00+00:00,4
17301,35344,1942.43,2026-02-03 12:00:00+00:00,3
17302,35345,1942.52,2026-03-02 12:00:00+00:00,2
17303,35353,1943.24,2026-03-05 12:00:00+00:00,7
17304,35346,1942.60,2026-04-04 12:00:00+00:00,6
17305,35347,1942.69,2026-04-30 12:00:00+00:00,6
17306,35354,1943.34,2026-05-04 12:00:00+00:00,5
17307,35348,1942.78,2026-05-30 12:00:00+00:00,4
17308,35355,1943.44,2026-06-03 12:00:00+00:00,2
17309,35349,1942.87,2026-07-02 12:00:00+00:00,6
17310,35356,1943.54,2026-07-03 12:00:00+00:00,5
17311,35350,1942.96,2026-07-31 12:00:00+00:00,4
17312,35351,1943.05,2026-09-01 12:00:00+00:00,1
17313,35365,1933.97,2026-04-02 12:00:00+00:00,6
17314,35372,1934.74,2026-04-02 12:00:00+00:00,4
17315,35366,1934.08,2026-04-28 12:00:00+00:00,3
17316,35373,1934.86,2026-05-02 12:00:00+00:00,4
17317,35367,1934.18,2026-05-30 12:00:00+00:00,3
17318,35374,1934.98,2026-06-01 12:00:00+00:00,4
17319,35368,1934.29,2026-06-28 12:00:00+00:00,6
17320,35369,1934.40,2026-07-30 12:00:00+00:00,1
17321,35370,1934.51,2026-08-28 12:00:00+00:00,5
17322,35375,1935.10,2026-08-30 12:00:00+00:00,2
17323,35371,1934.62,2026-09-24 12:00:00+00:00,2
17324,35376,1935.21,2026-09-29 12:00:00+00:00,1
17325,35377,2206.30,2025-12-27 12:00:00+00:00,3
17326,35378,2206.39,2026-01-27 12:00:00+00:00,3
17327,35379,2206.49,2026-02-27 12:00:00+00:00,7
17328,35380,2206.58,2026-03-26 12:00:00+00:00,3
17329,35387,2207.29,2026-03-31 12:00:00+00:00,3
17330,35381,2206.68,2026-04-27 12:00:00+00:00,7
17331,35388,2207.39,2026-04-30 12:00:00+00:00,6
17332,35382,2206.78,2026-05-25 12:00:00+00:00,2
17333,35383,2206.88,2026-06-29 12:00:00+00:00,3
17334,35384,2206.98,2026-07-24 12:00:00+00:00,3
17335,35385,2207.08,2026-08-25 12:00:00+00:00,6
17336,35386,2207.19,2026-09-22 12:00:00+00:00,1
17337,35389,1981.92,2026-01-16 12:00:00+00:00,3
17338,35390,1982.06,2026-02-19 12:00:00+00:00,4
17339,35391,1982.21,2026-03-17 12:00:00+00:00,6
17340,35392,1982.37,2026-04-19 12:00:00+00:00,4
17341,35393,1982.53,2026-05-12 12:00:00+00:00,4
17342,35394,1982.69,2026-06-09 12:00:00+00:00,1
17343,35395,1982.86,2026-07-13 12:00:00+00:00,2
17344,35396,1983.04,2026-08-10 12:00:00+00:00,2
17345,35398,1983.41,2026-10-09 12:00:00+00:00,2
17346,35401,1592.12,2026-06-03 12:00:00+00:00,2
17347,35405,1592.44,2026-06-08 12:00:00+00:00,7
17348,35402,1592.20,2026-07-04 12:00:00+00:00,3
17349,35406,1592.52,2026-07-08 12:00:00+00:00,1
17350,35403,1592.28,2026-08-05 12:00:00+00:00,2
17351,35407,1592.60,2026-08-07 12:00:00+00:00,3
17352,35404,1592.36,2026-09-03 12:00:00+00:00,2
17353,35408,1592.68,2026-09-06 12:00:00+00:00,4
17354,35413,209.35,2026-05-24 12:00:00+00:00,7
17355,35418,209.40,2026-05-25 12:00:00+00:00,3
17356,35414,209.36,2026-06-19 12:00:00+00:00,1
17357,35419,209.41,2026-06-24 12:00:00+00:00,1
17358,35415,209.37,2026-07-20 12:00:00+00:00,3
17359,35420,209.42,2026-07-24 12:00:00+00:00,7
17360,35416,209.38,2026-08-23 12:00:00+00:00,2
17361,35421,209.42,2026-08-23 12:00:00+00:00,1
17362,35417,209.39,2026-09-20 12:00:00+00:00,3
17363,35422,209.43,2026-09-22 12:00:00+00:00,2
17364,35437,1252.89,2026-03-06 12:00:00+00:00,3
17365,35438,1252.93,2026-04-05 12:00:00+00:00,5
17366,35444,1253.24,2026-04-08 12:00:00+00:00,6
17367,35439,1252.98,2026-05-08 12:00:00+00:00,5
17368,35445,1253.29,2026-05-08 12:00:00+00:00,5
17369,35440,1253.03,2026-06-04 12:00:00+00:00,4
17370,35441,1253.08,2026-07-03 12:00:00+00:00,3
17371,35446,1253.35,2026-07-07 12:00:00+00:00,7
17372,35442,1253.13,2026-08-06 12:00:00+00:00,7
17373,35447,1253.41,2026-08-06 12:00:00+00:00,5
17374,35443,1253.18,2026-09-05 12:00:00+00:00,3
17375,35473,202.02,2026-03-30 12:00:00+00:00,3
17376,35480,202.09,2026-04-02 12:00:00+00:00,7
17377,35474,202.03,2026-05-01 12:00:00+00:00,1
17378,35475,202.04,2026-05-28 12:00:00+00:00,7
17379,35481,202.10,2026-06-01 12:00:00+00:00,2
17380,35476,202.05,2026-06-30 12:00:00+00:00,2
17381,35477,202.06,2026-07-31 12:00:00+00:00,2
17382,35482,202.11,2026-07-31 12:00:00+00:00,3
17383,35478,202.07,2026-08-26 12:00:00+00:00,1
17384,35483,202.12,2026-08-30 12:00:00+00:00,1
17385,35479,202.08,2026-09-29 12:00:00+00:00,2
17386,35484,202.13,2026-09-29 12:00:00+00:00,3
17387,35497,196.15,2026-02-13 12:00:00+00:00,5
17388,35505,196.20,2026-02-18 12:00:00+00:00,6
17389,35498,196.15,2026-03-19 12:00:00+00:00,1
17390,35506,196.21,2026-03-20 12:00:00+00:00,5
17391,35499,196.16,2026-04-15 12:00:00+00:00,2
17392,35507,196.21,2026-04-19 12:00:00+00:00,7
17393,35500,196.17,2026-05-18 12:00:00+00:00,3
17394,35508,196.22,2026-05-19 12:00:00+00:00,5
17395,35501,196.17,2026-06-17 12:00:00+00:00,4
17396,35509,196.23,2026-06-18 12:00:00+00:00,3
17397,35502,196.18,2026-07-14 12:00:00+00:00,2
17398,35503,196.19,2026-08-17 12:00:00+00:00,5
17399,35510,196.23,2026-08-17 12:00:00+00:00,1
17400,35504,196.19,2026-09-13 12:00:00+00:00,6
17401,35511,196.24,2026-09-16 12:00:00+00:00,3
17402,35533,1416.80,2026-08-07 12:00:00+00:00,5
17403,35535,1416.91,2026-08-09 12:00:00+00:00,2
17404,35534,1416.86,2026-09-06 12:00:00+00:00,1
17405,35536,1416.97,2026-09-08 12:00:00+00:00,3
17406,35557,950.98,2025-12-17 12:00:00+00:00,1
17407,35558,951.01,2026-01-17 12:00:00+00:00,7
17408,35559,951.05,2026-02-17 12:00:00+00:00,5
17409,35567,951.36,2026-02-19 12:00:00+00:00,4
17410,35560,951.08,2026-03-18 12:00:00+00:00,7
17411,35568,951.40,2026-03-21 12:00:00+00:00,3
17412,35561,951.12,2026-04-20 12:00:00+00:00,5
17413,35562,951.16,2026-05-15 12:00:00+00:00,6
17414,35563,951.20,2026-06-19 12:00:00+00:00,3
17415,35564,951.24,2026-07-16 12:00:00+00:00,3
17416,35569,951.44,2026-07-19 12:00:00+00:00,5
17417,35565,951.28,2026-08-18 12:00:00+00:00,7
17418,35566,951.32,2026-09-12 12:00:00+00:00,4
17419,35570,951.49,2026-09-17 12:00:00+00:00,3
17420,35593,2721.05,2025-12-07 12:00:00+00:00,6
17421,35594,2721.23,2026-01-06 12:00:00+00:00,6
17422,35603,2723.16,2026-01-06 12:00:00+00:00,7
17423,35595,2721.43,2026-02-01 12:00:00+00:00,2
17424,35596,2721.62,2026-03-02 12:00:00+00:00,5
17425,35597,2721.83,2026-04-04 12:00:00+00:00,1
17426,35604,2723.36,2026-04-06 12:00:00+00:00,4
17427,35598,2722.03,2026-05-02 12:00:00+00:00,6
17428,35599,2722.25,2026-05-31 12:00:00+00:00,7
17429,35600,2722.47,2026-07-05 12:00:00+00:00,3
17430,35601,2722.69,2026-08-02 12:00:00+00:00,4
17431,35602,2722.93,2026-09-03 12:00:00+00:00,6
17432,35605,270.59,2026-06-11 12:00:00+00:00,3
17433,35606,270.60,2026-07-11 12:00:00+00:00,7
17434,35609,270.65,2026-07-14 12:00:00+00:00,1
17435,35607,270.62,2026-08-10 12:00:00+00:00,6
17436,35608,270.63,2026-09-11 12:00:00+00:00,2
17437,35610,270.66,2026-09-12 12:00:00+00:00,5
17438,35629,2331.63,2026-07-30 12:00:00+00:00,6
17439,35630,2331.75,2026-08-30 12:00:00+00:00,7
17440,35632,2332.01,2026-08-31 12:00:00+00:00,1
17441,35631,2331.88,2026-09-28 12:00:00+00:00,4
17442,35633,2332.14,2026-09-30 12:00:00+00:00,1
17443,35647,3497.13,2026-05-15 12:00:00+00:00,7
17444,35652,3498.22,2026-05-19 12:00:00+00:00,1
17445,35648,3497.34,2026-06-14 12:00:00+00:00,6
17446,35649,3497.55,2026-07-17 12:00:00+00:00,6
17447,35653,3498.46,2026-07-18 12:00:00+00:00,3
17448,35650,3497.77,2026-08-17 12:00:00+00:00,7
17449,35654,3498.70,2026-08-17 12:00:00+00:00,2
17450,35651,3497.99,2026-09-16 12:00:00+00:00,6
17451,35655,3498.94,2026-09-16 12:00:00+00:00,2
17452,35659,1355.68,2026-02-25 12:00:00+00:00,3
17453,35667,1356.11,2026-03-01 12:00:00+00:00,7
17454,35660,1355.74,2026-03-28 12:00:00+00:00,6
17455,35668,1356.17,2026-03-31 12:00:00+00:00,4
17456,35661,1355.79,2026-04-25 12:00:00+00:00,2
17457,35662,1355.84,2026-05-29 12:00:00+00:00,3
17458,35669,1356.22,2026-05-30 12:00:00+00:00,1
17459,35663,1355.89,2026-06-27 12:00:00+00:00,4
17460,35664,1355.94,2026-07-27 12:00:00+00:00,4
17461,35670,1356.28,2026-07-29 12:00:00+00:00,6
17462,35665,1356.00,2026-08-28 12:00:00+00:00,7
17463,35671,1356.34,2026-08-28 12:00:00+00:00,3
17464,35666,1356.05,2026-09-22 12:00:00+00:00,4
17465,35672,1356.40,2026-09-27 12:00:00+00:00,5
17466,35683,2248.18,2026-05-02 12:00:00+00:00,2
17467,35688,2248.67,2026-05-06 12:00:00+00:00,6
17468,35684,2248.27,2026-06-04 12:00:00+00:00,2
17469,35685,2248.37,2026-06-30 12:00:00+00:00,7
17470,35689,2248.77,2026-07-05 12:00:00+00:00,6
17471,35686,2248.47,2026-08-02 12:00:00+00:00,2
17472,35690,2248.88,2026-08-04 12:00:00+00:00,4
17473,35687,2248.57,2026-08-30 12:00:00+00:00,7
17474,35691,2248.99,2026-09-03 12:00:00+00:00,3
17475,35695,3312.43,2026-07-18 12:00:00+00:00,5
17476,35696,3312.63,2026-08-17 12:00:00+00:00,6
17477,35698,3313.06,2026-08-22 12:00:00+00:00,5
17478,35697,3312.84,2026-09-20 12:00:00+00:00,3
17479,35699,3313.28,2026-09-21 12:00:00+00:00,3
17480,35707,1136.73,2026-01-28 12:00:00+00:00,1
17481,35716,1137.10,2026-01-30 12:00:00+00:00,7
17482,35708,1136.77,2026-02-28 12:00:00+00:00,1
17483,35709,1136.81,2026-03-31 12:00:00+00:00,3
17484,35717,1137.15,2026-03-31 12:00:00+00:00,5
17485,35710,1136.85,2026-04-27 12:00:00+00:00,5
17486,35711,1136.89,2026-05-28 12:00:00+00:00,3
17487,35712,1136.93,2026-06-26 12:00:00+00:00,6
17488,35718,1137.19,2026-06-29 12:00:00+00:00,6
17489,35713,1136.97,2026-07-26 12:00:00+00:00,5
17490,35714,1137.01,2026-08-28 12:00:00+00:00,6
17491,35715,1137.06,2026-09-22 12:00:00+00:00,7
17492,35743,1834.77,2026-03-10 12:00:00+00:00,2
17493,35750,1835.45,2026-03-11 12:00:00+00:00,1
17494,35744,1834.86,2026-04-05 12:00:00+00:00,5
17495,35751,1835.56,2026-04-10 12:00:00+00:00,4
17496,35745,1834.95,2026-05-05 12:00:00+00:00,5
17497,35752,1835.67,2026-05-10 12:00:00+00:00,7
17498,35746,1835.04,2026-06-09 12:00:00+00:00,1
17499,35753,1835.78,2026-06-09 12:00:00+00:00,3
17500,35747,1835.14,2026-07-05 12:00:00+00:00,6
17501,35748,1835.24,2026-08-07 12:00:00+00:00,3
17502,35749,1835.34,2026-09-07 12:00:00+00:00,6
17503,35767,1674.92,2026-05-04 12:00:00+00:00,5
17504,35768,1674.99,2026-06-08 12:00:00+00:00,6
17505,35772,1675.27,2026-06-08 12:00:00+00:00,2
17506,35769,1675.06,2026-07-03 12:00:00+00:00,5
17507,35773,1675.34,2026-07-08 12:00:00+00:00,3
17508,35770,1675.13,2026-08-03 12:00:00+00:00,7
17509,35774,1675.42,2026-08-07 12:00:00+00:00,4
17510,35771,1675.20,2026-09-04 12:00:00+00:00,5
17511,35785,349.00,2026-07-07 12:00:00+00:00,2
17512,35786,349.02,2026-08-09 12:00:00+00:00,1
17513,35787,349.04,2026-09-07 12:00:00+00:00,2
17514,35788,349.05,2026-09-10 12:00:00+00:00,7
17515,35803,1617.68,2026-05-30 12:00:00+00:00,5
17516,35804,1617.76,2026-06-28 12:00:00+00:00,1
17517,35808,1618.10,2026-06-29 12:00:00+00:00,2
17518,35805,1617.84,2026-07-26 12:00:00+00:00,5
17519,35809,1618.20,2026-07-29 12:00:00+00:00,7
17520,35806,1617.93,2026-08-25 12:00:00+00:00,5
17521,35810,1618.29,2026-08-28 12:00:00+00:00,7
17522,35807,1618.01,2026-09-23 12:00:00+00:00,3
17523,35811,1618.39,2026-09-27 12:00:00+00:00,2
17524,35827,1718.83,2026-07-29 12:00:00+00:00,2
17525,35830,1719.14,2026-07-29 12:00:00+00:00,2
17526,35828,1718.93,2026-08-26 12:00:00+00:00,3
17527,35829,1719.03,2026-09-22 12:00:00+00:00,5
17528,35831,1719.24,2026-09-27 12:00:00+00:00,1
17529,35845,951.26,2026-01-05 12:00:00+00:00,1
17530,35846,951.33,2026-02-01 12:00:00+00:00,5
17531,35847,951.39,2026-03-05 12:00:00+00:00,2
17532,35848,951.45,2026-04-11 12:00:00+00:00,1
17533,35849,951.52,2026-05-06 12:00:00+00:00,6
17534,35850,951.59,2026-06-03 12:00:00+00:00,7
17535,35851,951.66,2026-07-02 12:00:00+00:00,5
17536,35852,951.74,2026-07-31 12:00:00+00:00,3
17537,35863,769.97,2026-04-02 12:00:00+00:00,4
17538,35864,770.01,2026-05-02 12:00:00+00:00,7
17539,35865,770.05,2026-06-03 12:00:00+00:00,6
17540,35866,770.08,2026-07-02 12:00:00+00:00,2
17541,35867,770.12,2026-07-28 12:00:00+00:00,5
17542,35869,770.21,2026-10-22 12:00:00+00:00,4
17543,35875,1897.88,2026-02-06 12:00:00+00:00,5
17544,35876,1897.97,2026-02-25 12:00:00+00:00,7
17545,35877,1898.06,2026-04-01 12:00:00+00:00,2
17546,35878,1898.16,2026-05-01 12:00:00+00:00,5
17547,35879,1898.26,2026-06-07 12:00:00+00:00,3
17548,35880,1898.37,2026-06-28 12:00:00+00:00,1
17549,35881,1898.47,2026-08-06 12:00:00+00:00,3
17550,35899,499.20,2025-11-12 12:00:00+00:00,1
17551,35910,499.43,2025-11-12 12:00:00+00:00,5
17552,35900,499.22,2025-12-12 12:00:00+00:00,7
17553,35911,499.46,2025-12-12 12:00:00+00:00,4
17554,35901,499.24,2026-01-06 12:00:00+00:00,6
17555,35912,499.48,2026-01-11 12:00:00+00:00,7
17556,35902,499.26,2026-02-07 12:00:00+00:00,3
17557,35903,499.28,2026-03-09 12:00:00+00:00,6
17558,35913,499.51,2026-03-12 12:00:00+00:00,2
17559,35904,499.30,2026-04-08 12:00:00+00:00,7
17560,35914,499.54,2026-04-11 12:00:00+00:00,6
17561,35905,499.32,2026-05-09 12:00:00+00:00,5
17562,35915,499.57,2026-05-11 12:00:00+00:00,4
17563,35906,499.34,2026-06-07 12:00:00+00:00,7
17564,35907,499.36,2026-07-06 12:00:00+00:00,4
17565,35908,499.38,2026-08-04 12:00:00+00:00,5
17566,35916,499.60,2026-08-09 12:00:00+00:00,5
17567,35909,499.41,2026-09-08 12:00:00+00:00,3
17568,35917,499.63,2026-09-08 12:00:00+00:00,4
17569,35935,1842.88,2025-12-31 12:00:00+00:00,4
17570,35936,1842.98,2026-01-16 12:00:00+00:00,6
17571,35937,1843.09,2026-02-15 12:00:00+00:00,6
17572,35938,1843.20,2026-03-17 12:00:00+00:00,7
17573,35939,1843.32,2026-04-30 12:00:00+00:00,7
17574,35940,1843.43,2026-05-22 12:00:00+00:00,2
17575,35941,1843.55,2026-06-15 12:00:00+00:00,1
17576,35942,1843.67,2026-07-26 12:00:00+00:00,2
17577,35943,1843.79,2026-08-27 12:00:00+00:00,7
17578,35947,1890.73,2026-01-24 12:00:00+00:00,7
17579,35956,1891.81,2026-01-26 12:00:00+00:00,2
17580,35948,1890.84,2026-02-22 12:00:00+00:00,5
17581,35957,1891.95,2026-02-25 12:00:00+00:00,3
17582,35949,1890.95,2026-03-24 12:00:00+00:00,1
17583,35958,1892.09,2026-03-27 12:00:00+00:00,3
17584,35950,1891.06,2026-04-22 12:00:00+00:00,1
17585,35959,1892.23,2026-04-26 12:00:00+00:00,2
17586,35951,1891.18,2026-05-22 12:00:00+00:00,5
17587,35960,1892.38,2026-05-26 12:00:00+00:00,4
17588,35952,1891.30,2026-06-20 12:00:00+00:00,5
17589,35953,1891.42,2026-07-23 12:00:00+00:00,3
17590,35961,1892.53,2026-07-25 12:00:00+00:00,3
17591,35954,1891.55,2026-08-19 12:00:00+00:00,6
17592,35962,1892.68,2026-08-24 12:00:00+00:00,7
17593,35955,1891.68,2026-09-22 12:00:00+00:00,1
17594,35963,1892.84,2026-09-23 12:00:00+00:00,2
17595,35965,276.60,2026-01-31 12:00:00+00:00,3
17596,35974,276.71,2026-02-01 12:00:00+00:00,4
17597,35966,276.61,2026-03-03 12:00:00+00:00,1
17598,35975,276.73,2026-03-03 12:00:00+00:00,2
17599,35967,276.62,2026-03-28 12:00:00+00:00,3
17600,35976,276.74,2026-04-02 12:00:00+00:00,7
17601,35968,276.63,2026-05-02 12:00:00+00:00,6
17602,35969,276.65,2026-05-30 12:00:00+00:00,6
17603,35970,276.66,2026-06-28 12:00:00+00:00,2
17604,35971,276.67,2026-07-30 12:00:00+00:00,3
17605,35977,276.76,2026-07-31 12:00:00+00:00,7
17606,35972,276.69,2026-08-25 12:00:00+00:00,1
17607,35973,276.70,2026-09-27 12:00:00+00:00,1
17608,35978,276.77,2026-09-29 12:00:00+00:00,6
17609,35983,1217.42,2026-05-02 12:00:00+00:00,5
17610,35989,1217.77,2026-05-03 12:00:00+00:00,7
17611,35984,1217.47,2026-06-02 12:00:00+00:00,4
17612,35985,1217.53,2026-07-01 12:00:00+00:00,1
17613,35990,1217.84,2026-07-02 12:00:00+00:00,1
17614,35986,1217.59,2026-07-27 12:00:00+00:00,1
17615,35987,1217.65,2026-08-30 12:00:00+00:00,3
17616,35991,1217.90,2026-08-31 12:00:00+00:00,3
17617,35988,1217.71,2026-09-27 12:00:00+00:00,6
17618,35992,1217.97,2026-09-30 12:00:00+00:00,1
17619,36001,155.82,2025-11-14 12:00:00+00:00,1
17620,36002,155.82,2025-12-14 12:00:00+00:00,7
17621,36012,155.91,2025-12-19 12:00:00+00:00,2
17622,36003,155.83,2026-01-18 12:00:00+00:00,2
17623,36004,155.84,2026-02-13 12:00:00+00:00,5
17624,36013,155.92,2026-02-17 12:00:00+00:00,2
17625,36005,155.85,2026-03-18 12:00:00+00:00,2
17626,36014,155.93,2026-03-19 12:00:00+00:00,6
17627,36006,155.86,2026-04-13 12:00:00+00:00,1
17628,36007,155.86,2026-05-13 12:00:00+00:00,6
17629,36015,155.94,2026-05-18 12:00:00+00:00,1
17630,36008,155.87,2026-06-13 12:00:00+00:00,2
17631,36016,155.95,2026-06-17 12:00:00+00:00,4
17632,36009,155.88,2026-07-16 12:00:00+00:00,4
17633,36017,155.96,2026-07-17 12:00:00+00:00,7
17634,36010,155.89,2026-08-11 12:00:00+00:00,6
17635,36018,155.97,2026-08-16 12:00:00+00:00,1
17636,36011,155.90,2026-09-12 12:00:00+00:00,1
17637,36019,155.98,2026-09-15 12:00:00+00:00,6
17638,36025,506.99,2025-11-18 12:00:00+00:00,5
17639,36026,507.02,2025-12-20 12:00:00+00:00,1
17640,36027,507.05,2026-01-17 12:00:00+00:00,7
17641,36028,507.08,2026-02-25 12:00:00+00:00,6
17642,36029,507.12,2026-03-20 12:00:00+00:00,6
17643,36030,507.15,2026-04-20 12:00:00+00:00,5
17644,36031,507.18,2026-05-19 12:00:00+00:00,7
17645,36032,507.22,2026-06-15 12:00:00+00:00,5
17646,36033,507.26,2026-07-19 12:00:00+00:00,3
17647,36043,1506.79,2026-02-15 12:00:00+00:00,7
17648,36044,1506.87,2026-03-18 12:00:00+00:00,4
17649,36051,1507.48,2026-03-18 12:00:00+00:00,5
17650,36045,1506.95,2026-04-12 12:00:00+00:00,6
17651,36052,1507.57,2026-04-17 12:00:00+00:00,7
17652,36046,1507.03,2026-05-16 12:00:00+00:00,5
17653,36047,1507.11,2026-06-14 12:00:00+00:00,6
17654,36053,1507.67,2026-06-16 12:00:00+00:00,1
17655,36048,1507.20,2026-07-16 12:00:00+00:00,6
17656,36049,1507.29,2026-08-11 12:00:00+00:00,3
17657,36054,1507.77,2026-08-15 12:00:00+00:00,2
17658,36050,1507.38,2026-09-11 12:00:00+00:00,4
17659,36055,1507.88,2026-09-14 12:00:00+00:00,6
17660,36067,890.79,2025-12-15 12:00:00+00:00,6
17661,36068,890.82,2026-01-12 12:00:00+00:00,1
17662,36077,891.14,2026-01-16 12:00:00+00:00,2
17663,36069,890.85,2026-02-15 12:00:00+00:00,3
17664,36070,890.89,2026-03-16 12:00:00+00:00,3
17665,36071,890.92,2026-04-14 12:00:00+00:00,5
17666,36072,890.96,2026-05-11 12:00:00+00:00,2
17667,36073,890.99,2026-06-11 12:00:00+00:00,1
17668,36078,891.18,2026-06-15 12:00:00+00:00,4
17669,36074,891.03,2026-07-10 12:00:00+00:00,6
17670,36075,891.06,2026-08-10 12:00:00+00:00,3
17671,36079,891.22,2026-08-14 12:00:00+00:00,2
17672,36076,891.10,2026-09-10 12:00:00+00:00,6
17673,36103,895.92,2026-08-01 12:00:00+00:00,4
17674,36106,896.02,2026-08-01 12:00:00+00:00,3
17675,36104,895.95,2026-08-27 12:00:00+00:00,1
17676,36107,896.05,2026-08-31 12:00:00+00:00,6
17677,36105,895.98,2026-09-27 12:00:00+00:00,3
17678,36108,896.09,2026-09-30 12:00:00+00:00,1
17679,36139,351.52,2026-03-10 12:00:00+00:00,2
17680,36146,351.63,2026-03-15 12:00:00+00:00,1
17681,36140,351.54,2026-04-13 12:00:00+00:00,7
17682,36141,351.55,2026-05-10 12:00:00+00:00,6
17683,36147,351.65,2026-05-14 12:00:00+00:00,5
17684,36142,351.57,2026-06-11 12:00:00+00:00,1
17685,36143,351.58,2026-07-09 12:00:00+00:00,2
17686,36148,351.66,2026-07-13 12:00:00+00:00,2
17687,36144,351.60,2026-08-07 12:00:00+00:00,6
17688,36149,351.68,2026-08-12 12:00:00+00:00,3
17689,36145,351.61,2026-09-06 12:00:00+00:00,4
17690,36163,1012.23,2026-04-11 12:00:00+00:00,7
17691,36164,1012.27,2026-05-09 12:00:00+00:00,5
17692,36165,1012.32,2026-06-10 12:00:00+00:00,2
17693,36169,1012.50,2026-06-12 12:00:00+00:00,2
17694,36166,1012.36,2026-07-08 12:00:00+00:00,1
17695,36167,1012.40,2026-08-07 12:00:00+00:00,6
17696,36168,1012.45,2026-09-09 12:00:00+00:00,2
17697,36170,1012.54,2026-09-10 12:00:00+00:00,6
17698,36187,2648.92,2026-01-30 12:00:00+00:00,5
17699,36196,2650.70,2026-02-01 12:00:00+00:00,2
17700,36188,2649.10,2026-03-02 12:00:00+00:00,4
17701,36197,2650.93,2026-03-03 12:00:00+00:00,5
17702,36189,2649.28,2026-03-30 12:00:00+00:00,3
17703,36198,2651.16,2026-04-02 12:00:00+00:00,6
17704,36190,2649.47,2026-05-02 12:00:00+00:00,2
17705,36191,2649.66,2026-05-29 12:00:00+00:00,5
17706,36192,2649.86,2026-06-30 12:00:00+00:00,7
17707,36193,2650.06,2026-07-29 12:00:00+00:00,2
17708,36194,2650.27,2026-08-25 12:00:00+00:00,4
17709,36195,2650.48,2026-09-28 12:00:00+00:00,5
17710,36199,645.80,2026-02-03 12:00:00+00:00,2
17711,36200,645.82,2026-03-04 12:00:00+00:00,4
17712,36201,645.84,2026-04-06 12:00:00+00:00,5
17713,36202,645.86,2026-05-15 12:00:00+00:00,5
17714,36203,645.89,2026-06-09 12:00:00+00:00,7
17715,36204,645.91,2026-07-05 12:00:00+00:00,5
17716,36205,645.93,2026-08-14 12:00:00+00:00,1
17717,36206,645.95,2026-09-02 12:00:00+00:00,1
17718,36235,277.81,2026-01-27 12:00:00+00:00,2
17719,36236,277.82,2026-02-26 12:00:00+00:00,2
17720,36237,277.83,2026-03-28 12:00:00+00:00,3
17721,36238,277.84,2026-04-23 12:00:00+00:00,6
17722,36244,277.90,2026-04-28 12:00:00+00:00,7
17723,36239,277.85,2026-05-28 12:00:00+00:00,1
17724,36245,277.91,2026-05-28 12:00:00+00:00,2
17725,36240,277.86,2026-06-26 12:00:00+00:00,6
17726,36246,277.92,2026-06-27 12:00:00+00:00,2
17727,36241,277.87,2026-07-23 12:00:00+00:00,4
17728,36242,277.88,2026-08-24 12:00:00+00:00,7
17729,36243,277.89,2026-09-24 12:00:00+00:00,6
17730,36271,1296.13,2026-06-23 12:00:00+00:00,7
17731,36272,1296.18,2026-07-24 12:00:00+00:00,7
17732,36275,1296.33,2026-07-26 12:00:00+00:00,5
17733,36273,1296.23,2026-08-20 12:00:00+00:00,7
17734,36274,1296.28,2026-09-19 12:00:00+00:00,7
17735,36307,806.69,2025-11-09 12:00:00+00:00,2
17736,36308,806.73,2025-12-07 12:00:00+00:00,4
17737,36318,807.20,2025-12-10 12:00:00+00:00,2
17738,36309,806.77,2026-01-09 12:00:00+00:00,3
17739,36310,806.81,2026-02-08 12:00:00+00:00,5
17740,36319,807.26,2026-02-08 12:00:00+00:00,5
17741,36311,806.86,2026-03-06 12:00:00+00:00,7
17742,36320,807.32,2026-03-10 12:00:00+00:00,7
17743,36312,806.90,2026-04-07 12:00:00+00:00,1
17744,36321,807.38,2026-04-09 12:00:00+00:00,4
17745,36313,806.95,2026-05-08 12:00:00+00:00,1
17746,36322,807.44,2026-05-09 12:00:00+00:00,5
17747,36314,807.00,2026-06-03 12:00:00+00:00,1
17748,36323,807.50,2026-06-08 12:00:00+00:00,5
17749,36315,807.05,2026-07-05 12:00:00+00:00,6
17750,36324,807.56,2026-07-08 12:00:00+00:00,4
17751,36316,807.10,2026-08-07 12:00:00+00:00,1
17752,36325,807.63,2026-08-07 12:00:00+00:00,2
17753,36317,807.15,2026-09-06 12:00:00+00:00,4
17754,36326,807.69,2026-09-06 12:00:00+00:00,1
17755,36331,941.34,2026-01-19 12:00:00+00:00,1
17756,36340,941.86,2026-01-22 12:00:00+00:00,4
17757,36332,941.39,2026-02-18 12:00:00+00:00,7
17758,36341,941.92,2026-02-21 12:00:00+00:00,6
17759,36333,941.44,2026-03-18 12:00:00+00:00,6
17760,36334,941.50,2026-04-18 12:00:00+00:00,5
17761,36342,941.99,2026-04-22 12:00:00+00:00,3
17762,36335,941.55,2026-05-18 12:00:00+00:00,1
17763,36343,942.07,2026-05-22 12:00:00+00:00,6
17764,36336,941.61,2026-06-21 12:00:00+00:00,1
17765,36337,941.67,2026-07-21 12:00:00+00:00,7
17766,36344,942.14,2026-07-21 12:00:00+00:00,3
17767,36338,941.73,2026-08-20 12:00:00+00:00,1
17768,36345,942.22,2026-08-20 12:00:00+00:00,1
17769,36339,941.79,2026-09-18 12:00:00+00:00,6
17770,36355,2941.62,2026-01-05 12:00:00+00:00,2
17771,36356,2941.81,2026-01-27 12:00:00+00:00,2
17772,36357,2942.00,2026-03-03 12:00:00+00:00,1
17773,36358,2942.21,2026-04-03 12:00:00+00:00,7
17774,36359,2942.42,2026-04-27 12:00:00+00:00,7
17775,36360,2942.63,2026-05-27 12:00:00+00:00,7
17776,36361,2942.86,2026-07-10 12:00:00+00:00,4
17777,36362,2943.09,2026-08-06 12:00:00+00:00,4
17778,36364,2943.57,2026-10-27 12:00:00+00:00,4
17779,36373,2063.66,2025-11-05 12:00:00+00:00,1
17780,36384,2065.28,2025-11-05 12:00:00+00:00,1
17781,36374,2063.79,2025-12-03 12:00:00+00:00,5
17782,36385,2065.46,2025-12-05 12:00:00+00:00,3
17783,36375,2063.92,2025-12-30 12:00:00+00:00,2
17784,36386,2065.64,2026-01-04 12:00:00+00:00,7
17785,36376,2064.05,2026-02-01 12:00:00+00:00,2
17786,36377,2064.19,2026-03-05 12:00:00+00:00,5
17787,36387,2065.82,2026-03-05 12:00:00+00:00,2
17788,36378,2064.33,2026-04-02 12:00:00+00:00,3
17789,36379,2064.48,2026-05-02 12:00:00+00:00,4
17790,36388,2066.01,2026-05-04 12:00:00+00:00,6
17791,36380,2064.63,2026-05-30 12:00:00+00:00,6
17792,36389,2066.21,2026-06-03 12:00:00+00:00,1
17793,36381,2064.79,2026-07-01 12:00:00+00:00,5
17794,36382,2064.95,2026-07-29 12:00:00+00:00,3
17795,36383,2065.11,2026-08-30 12:00:00+00:00,3
17796,36391,1019.27,2026-04-12 12:00:00+00:00,7
17797,36392,1019.32,2026-05-11 12:00:00+00:00,1
17798,36397,1019.61,2026-05-15 12:00:00+00:00,2
17799,36393,1019.37,2026-06-14 12:00:00+00:00,5
17800,36398,1019.67,2026-06-14 12:00:00+00:00,3
17801,36394,1019.43,2026-07-12 12:00:00+00:00,4
17802,36399,1019.73,2026-07-14 12:00:00+00:00,4
17803,36395,1019.49,2026-08-09 12:00:00+00:00,6
17804,36396,1019.54,2026-09-11 12:00:00+00:00,1
17805,36415,1914.40,2025-12-09 12:00:00+00:00,5
17806,36425,1916.11,2025-12-10 12:00:00+00:00,4
17807,36416,1914.55,2026-01-05 12:00:00+00:00,3
17808,36417,1914.70,2026-02-03 12:00:00+00:00,6
17809,36418,1914.86,2026-03-05 12:00:00+00:00,7
17810,36426,1916.34,2026-03-10 12:00:00+00:00,4
17811,36419,1915.02,2026-04-04 12:00:00+00:00,2
17812,36420,1915.19,2026-05-07 12:00:00+00:00,2
17813,36421,1915.36,2026-06-03 12:00:00+00:00,2
17814,36422,1915.54,2026-07-05 12:00:00+00:00,4
17815,36423,1915.73,2026-08-05 12:00:00+00:00,2
17816,36424,1915.92,2026-09-05 12:00:00+00:00,4
17817,36427,1658.23,2026-07-05 12:00:00+00:00,4
17818,36430,1658.47,2026-07-05 12:00:00+00:00,4
17819,36428,1658.31,2026-08-01 12:00:00+00:00,5
17820,36431,1658.56,2026-08-04 12:00:00+00:00,3
17821,36429,1658.39,2026-08-30 12:00:00+00:00,5
17822,36451,1866.05,2026-05-19 12:00:00+00:00,1
17823,36452,1866.19,2026-06-17 12:00:00+00:00,3
17824,36456,1866.77,2026-06-20 12:00:00+00:00,4
17825,36453,1866.33,2026-07-19 12:00:00+00:00,4
17826,36454,1866.47,2026-08-18 12:00:00+00:00,3
17827,36457,1866.92,2026-08-19 12:00:00+00:00,6
17828,36455,1866.62,2026-09-13 12:00:00+00:00,6
17829,36458,1867.08,2026-09-18 12:00:00+00:00,1
17830,36463,407.98,2026-07-29 12:00:00+00:00,6
17831,36466,408.04,2026-07-29 12:00:00+00:00,6
17832,36464,408.00,2026-08-24 12:00:00+00:00,2
17833,36465,408.02,2026-09-25 12:00:00+00:00,7
17834,36467,408.06,2026-09-27 12:00:00+00:00,5
17835,36481,1603.75,2026-06-27 12:00:00+00:00,7
17836,36482,1603.85,2026-07-31 12:00:00+00:00,2
17837,36483,1603.95,2026-08-30 12:00:00+00:00,7
17838,36484,1604.06,2026-09-25 12:00:00+00:00,3
17839,36499,961.13,2026-03-26 12:00:00+00:00,5
17840,36506,961.39,2026-03-27 12:00:00+00:00,2
17841,36500,961.16,2026-04-22 12:00:00+00:00,3
17842,36507,961.43,2026-04-26 12:00:00+00:00,4
17843,36501,961.20,2026-05-21 12:00:00+00:00,3
17844,36508,961.47,2026-05-26 12:00:00+00:00,4
17845,36502,961.23,2026-06-20 12:00:00+00:00,1
17846,36503,961.27,2026-07-20 12:00:00+00:00,3
17847,36504,961.31,2026-08-20 12:00:00+00:00,4
17848,36509,961.51,2026-08-24 12:00:00+00:00,3
17849,36505,961.35,2026-09-23 12:00:00+00:00,2
17850,36535,1956.68,2025-12-16 12:00:00+00:00,7
17851,36545,1957.85,2025-12-20 12:00:00+00:00,1
17852,36536,1956.78,2026-01-18 12:00:00+00:00,4
17853,36546,1957.99,2026-01-19 12:00:00+00:00,5
17854,36537,1956.89,2026-02-14 12:00:00+00:00,2
17855,36547,1958.13,2026-02-18 12:00:00+00:00,1
17856,36538,1957.00,2026-03-17 12:00:00+00:00,6
17857,36539,1957.11,2026-04-15 12:00:00+00:00,2
17858,36540,1957.22,2026-05-18 12:00:00+00:00,6
17859,36548,1958.27,2026-05-19 12:00:00+00:00,3
17860,36541,1957.34,2026-06-15 12:00:00+00:00,2
17861,36549,1958.42,2026-06-18 12:00:00+00:00,7
17862,36542,1957.46,2026-07-18 12:00:00+00:00,7
17863,36543,1957.59,2026-08-12 12:00:00+00:00,4
17864,36550,1958.58,2026-08-17 12:00:00+00:00,4
17865,36544,1957.72,2026-09-13 12:00:00+00:00,3
17866,36551,1958.74,2026-09-16 12:00:00+00:00,7
17867,36559,1381.29,2025-10-31 12:00:00+00:00,3
17868,36570,1381.86,2025-11-05 12:00:00+00:00,5
17869,36560,1381.34,2025-12-01 12:00:00+00:00,1
17870,36561,1381.39,2026-01-04 12:00:00+00:00,4
17871,36562,1381.44,2026-02-01 12:00:00+00:00,2
17872,36563,1381.49,2026-03-02 12:00:00+00:00,7
17873,36564,1381.54,2026-03-31 12:00:00+00:00,2
17874,36571,1381.92,2026-04-04 12:00:00+00:00,7
17875,36565,1381.59,2026-05-02 12:00:00+00:00,7
17876,36566,1381.64,2026-06-01 12:00:00+00:00,3
17877,36572,1381.98,2026-06-03 12:00:00+00:00,5
17878,36567,1381.70,2026-06-29 12:00:00+00:00,2
17879,36568,1381.75,2026-07-31 12:00:00+00:00,6
17880,36569,1381.81,2026-08-29 12:00:00+00:00,6
17881,36573,1382.04,2026-09-01 12:00:00+00:00,4
17882,36595,283.01,2026-01-09 12:00:00+00:00,6
17883,36604,283.13,2026-01-13 12:00:00+00:00,5
17884,36596,283.02,2026-02-07 12:00:00+00:00,1
17885,36597,283.03,2026-03-11 12:00:00+00:00,3
17886,36598,283.05,2026-04-13 12:00:00+00:00,4
17887,36605,283.15,2026-04-13 12:00:00+00:00,7
17888,36599,283.06,2026-05-09 12:00:00+00:00,1
17889,36606,283.17,2026-05-13 12:00:00+00:00,7
17890,36600,283.07,2026-06-09 12:00:00+00:00,3
17891,36601,283.09,2026-07-08 12:00:00+00:00,1
17892,36602,283.10,2026-08-07 12:00:00+00:00,5
17893,36603,283.12,2026-09-07 12:00:00+00:00,3
17894,36607,283.18,2026-09-10 12:00:00+00:00,1
17895,36613,2011.92,2025-12-12 12:00:00+00:00,4
17896,36623,2012.89,2025-12-16 12:00:00+00:00,2
17897,36614,2012.01,2026-01-10 12:00:00+00:00,7
17898,36624,2013.00,2026-01-15 12:00:00+00:00,4
17899,36615,2012.10,2026-02-11 12:00:00+00:00,6
17900,36625,2013.11,2026-02-14 12:00:00+00:00,7
17901,36616,2012.19,2026-03-11 12:00:00+00:00,5
17902,36626,2013.22,2026-03-16 12:00:00+00:00,7
17903,36617,2012.29,2026-04-14 12:00:00+00:00,4
17904,36618,2012.38,2026-05-13 12:00:00+00:00,2
17905,36619,2012.48,2026-06-09 12:00:00+00:00,1
17906,36627,2013.33,2026-06-14 12:00:00+00:00,5
17907,36620,2012.58,2026-07-13 12:00:00+00:00,2
17908,36628,2013.45,2026-07-14 12:00:00+00:00,1
17909,36621,2012.68,2026-08-10 12:00:00+00:00,7
17910,36622,2012.79,2026-09-11 12:00:00+00:00,3
17911,36629,2013.56,2026-09-12 12:00:00+00:00,4
17912,36631,2704.93,2025-12-16 12:00:00+00:00,3
17913,36632,2705.08,2026-01-13 12:00:00+00:00,1
17914,36641,2706.59,2026-01-15 12:00:00+00:00,5
17915,36633,2705.23,2026-02-12 12:00:00+00:00,2
17916,36642,2706.75,2026-02-14 12:00:00+00:00,7
17917,36634,2705.39,2026-03-14 12:00:00+00:00,5
17918,36635,2705.55,2026-04-10 12:00:00+00:00,3
17919,36636,2705.72,2026-05-13 12:00:00+00:00,7
17920,36637,2705.88,2026-06-10 12:00:00+00:00,7
17921,36638,2706.05,2026-07-11 12:00:00+00:00,6
17922,36639,2706.23,2026-08-09 12:00:00+00:00,5
17923,36640,2706.41,2026-09-10 12:00:00+00:00,3
17924,36643,376.27,2026-05-18 12:00:00+00:00,7
17925,36648,376.43,2026-05-18 12:00:00+00:00,4
17926,36644,376.30,2026-06-17 12:00:00+00:00,5
17927,36645,376.33,2026-07-16 12:00:00+00:00,6
17928,36649,376.46,2026-07-17 12:00:00+00:00,2
17929,36646,376.36,2026-08-11 12:00:00+00:00,4
17930,36650,376.50,2026-08-16 12:00:00+00:00,1
17931,36647,376.39,2026-09-11 12:00:00+00:00,3
17932,36651,376.54,2026-09-15 12:00:00+00:00,7
17933,36655,2323.32,2025-12-16 12:00:00+00:00,3
17934,36665,2324.73,2025-12-20 12:00:00+00:00,2
17935,36656,2323.45,2026-01-15 12:00:00+00:00,6
17936,36666,2324.85,2026-01-19 12:00:00+00:00,4
17937,36657,2323.58,2026-02-18 12:00:00+00:00,5
17938,36658,2323.72,2026-03-20 12:00:00+00:00,7
17939,36659,2323.85,2026-04-14 12:00:00+00:00,1
17940,36660,2323.99,2026-05-18 12:00:00+00:00,2
17941,36661,2324.14,2026-06-15 12:00:00+00:00,7
17942,36662,2324.28,2026-07-16 12:00:00+00:00,6
17943,36663,2324.43,2026-08-15 12:00:00+00:00,6
17944,36664,2324.58,2026-09-16 12:00:00+00:00,7
17945,36667,2748.32,2026-07-16 12:00:00+00:00,6
17946,36668,2748.51,2026-08-15 12:00:00+00:00,2
17947,36669,2748.70,2026-09-14 12:00:00+00:00,1
17948,36679,666.95,2025-11-12 12:00:00+00:00,1
17949,36690,667.25,2025-11-16 12:00:00+00:00,3
17950,36680,666.97,2025-12-16 12:00:00+00:00,7
17951,36691,667.28,2025-12-16 12:00:00+00:00,6
17952,36681,667.00,2026-01-12 12:00:00+00:00,2
17953,36692,667.32,2026-01-15 12:00:00+00:00,5
17954,36682,667.02,2026-02-09 12:00:00+00:00,7
17955,36683,667.05,2026-03-16 12:00:00+00:00,6
17956,36693,667.35,2026-03-16 12:00:00+00:00,2
17957,36684,667.08,2026-04-10 12:00:00+00:00,1
17958,36685,667.10,2026-05-13 12:00:00+00:00,3
17959,36694,667.39,2026-05-15 12:00:00+00:00,3
17960,36686,667.13,2026-06-09 12:00:00+00:00,7
17961,36695,667.42,2026-06-14 12:00:00+00:00,7
17962,36687,667.16,2026-07-12 12:00:00+00:00,1
17963,36696,667.46,2026-07-14 12:00:00+00:00,5
17964,36688,667.19,2026-08-11 12:00:00+00:00,6
17965,36689,667.22,2026-09-08 12:00:00+00:00,3
17966,36715,164.25,2025-11-12 12:00:00+00:00,2
17967,36726,164.32,2025-11-15 12:00:00+00:00,7
17968,36716,164.26,2025-12-10 12:00:00+00:00,1
17969,36727,164.33,2025-12-15 12:00:00+00:00,1
17970,36717,164.26,2026-01-10 12:00:00+00:00,7
17971,36728,164.34,2026-01-14 12:00:00+00:00,4
17972,36718,164.27,2026-02-09 12:00:00+00:00,7
17973,36729,164.34,2026-02-13 12:00:00+00:00,3
17974,36719,164.28,2026-03-14 12:00:00+00:00,2
17975,36730,164.35,2026-03-15 12:00:00+00:00,3
17976,36720,164.28,2026-04-09 12:00:00+00:00,4
17977,36731,164.36,2026-04-14 12:00:00+00:00,3
17978,36721,164.29,2026-05-13 12:00:00+00:00,1
17979,36732,164.37,2026-05-14 12:00:00+00:00,7
17980,36722,164.30,2026-06-13 12:00:00+00:00,1
17981,36733,164.37,2026-06-13 12:00:00+00:00,1
17982,36723,164.30,2026-07-09 12:00:00+00:00,5
17983,36724,164.31,2026-08-08 12:00:00+00:00,6
17984,36734,164.38,2026-08-12 12:00:00+00:00,2
17985,36725,164.32,2026-09-09 12:00:00+00:00,6
17986,36739,1811.18,2026-06-29 12:00:00+00:00,2
17987,36742,1811.63,2026-07-03 12:00:00+00:00,5
17988,36740,1811.33,2026-08-01 12:00:00+00:00,4
17989,36743,1811.79,2026-08-02 12:00:00+00:00,1
17990,36741,1811.48,2026-08-29 12:00:00+00:00,5
17991,36744,1811.96,2026-09-01 12:00:00+00:00,4
17992,36751,728.63,2026-01-31 12:00:00+00:00,6
17993,36759,728.95,2026-02-04 12:00:00+00:00,4
17994,36752,728.67,2026-03-03 12:00:00+00:00,5
17995,36760,728.99,2026-03-06 12:00:00+00:00,7
17996,36753,728.71,2026-04-03 12:00:00+00:00,4
17997,36761,729.04,2026-04-05 12:00:00+00:00,6
17998,36754,728.74,2026-05-02 12:00:00+00:00,6
17999,36755,728.78,2026-05-31 12:00:00+00:00,7
18000,36762,729.08,2026-06-04 12:00:00+00:00,5
18001,36756,728.82,2026-06-30 12:00:00+00:00,2
18002,36763,729.13,2026-07-04 12:00:00+00:00,3
18003,36757,728.86,2026-08-01 12:00:00+00:00,6
18004,36764,729.18,2026-08-03 12:00:00+00:00,6
18005,36758,728.91,2026-09-02 12:00:00+00:00,1
18006,36765,729.23,2026-09-02 12:00:00+00:00,2
18007,36775,2023.78,2025-12-01 12:00:00+00:00,6
18008,36776,2023.91,2025-12-25 12:00:00+00:00,6
18009,36777,2024.04,2026-02-03 12:00:00+00:00,1
18010,36778,2024.18,2026-03-09 12:00:00+00:00,7
18011,36779,2024.32,2026-03-30 12:00:00+00:00,5
18012,36780,2024.47,2026-05-08 12:00:00+00:00,2
18013,36781,2024.62,2026-06-08 12:00:00+00:00,6
18014,36782,2024.77,2026-07-04 12:00:00+00:00,7
18015,36783,2024.93,2026-07-29 12:00:00+00:00,3
18016,36784,2025.09,2026-09-02 12:00:00+00:00,3
18017,36787,1823.41,2026-01-29 12:00:00+00:00,2
18018,36796,1824.39,2026-01-29 12:00:00+00:00,5
18019,36788,1823.50,2026-02-28 12:00:00+00:00,6
18020,36797,1824.52,2026-02-28 12:00:00+00:00,2
18021,36789,1823.60,2026-03-26 12:00:00+00:00,3
18022,36798,1824.66,2026-03-30 12:00:00+00:00,3
18023,36790,1823.70,2026-04-24 12:00:00+00:00,2
18024,36799,1824.79,2026-04-29 12:00:00+00:00,7
18025,36791,1823.81,2026-05-28 12:00:00+00:00,4
18026,36800,1824.93,2026-05-29 12:00:00+00:00,7
18027,36792,1823.92,2026-06-23 12:00:00+00:00,5
18028,36793,1824.03,2026-07-26 12:00:00+00:00,6
18029,36794,1824.15,2026-08-24 12:00:00+00:00,6
18030,36795,1824.27,2026-09-21 12:00:00+00:00,2
18031,36801,1825.08,2026-09-26 12:00:00+00:00,3
18032,36811,320.34,2026-06-07 12:00:00+00:00,5
18033,36815,320.40,2026-06-09 12:00:00+00:00,4
18034,36812,320.35,2026-07-08 12:00:00+00:00,6
18035,36813,320.37,2026-08-08 12:00:00+00:00,4
18036,36814,320.39,2026-09-07 12:00:00+00:00,6
18037,36816,320.42,2026-09-07 12:00:00+00:00,7
18038,36835,2878.71,2026-03-08 12:00:00+00:00,4
18039,36836,2878.92,2026-04-07 12:00:00+00:00,2
18040,36837,2879.13,2026-05-03 12:00:00+00:00,7
18041,36838,2879.35,2026-06-06 12:00:00+00:00,1
18042,36842,2880.31,2026-06-06 12:00:00+00:00,5
18043,36839,2879.58,2026-07-02 12:00:00+00:00,4
18044,36843,2880.56,2026-07-06 12:00:00+00:00,5
18045,36840,2879.82,2026-08-04 12:00:00+00:00,2
18046,36844,2880.82,2026-08-05 12:00:00+00:00,4
18047,36841,2880.06,2026-09-01 12:00:00+00:00,3
18048,36845,2881.09,2026-09-04 12:00:00+00:00,5
18049,36847,674.85,2026-07-11 12:00:00+00:00,6
18050,36850,674.93,2026-07-13 12:00:00+00:00,2
18051,36848,674.88,2026-08-07 12:00:00+00:00,1
18052,36849,674.90,2026-09-11 12:00:00+00:00,1
18053,36883,286.31,2025-11-15 12:00:00+00:00,6
18054,36884,286.32,2025-12-15 12:00:00+00:00,5
18055,36894,286.43,2025-12-16 12:00:00+00:00,3
18056,36885,286.33,2026-01-11 12:00:00+00:00,5
18057,36895,286.45,2026-01-15 12:00:00+00:00,3
18058,36886,286.34,2026-02-10 12:00:00+00:00,6
18059,36896,286.46,2026-02-14 12:00:00+00:00,1
18060,36887,286.35,2026-03-13 12:00:00+00:00,7
18061,36888,286.36,2026-04-12 12:00:00+00:00,5
18062,36897,286.47,2026-04-15 12:00:00+00:00,2
18063,36889,286.37,2026-05-12 12:00:00+00:00,2
18064,36898,286.49,2026-05-15 12:00:00+00:00,1
18065,36890,286.38,2026-06-12 12:00:00+00:00,1
18066,36899,286.50,2026-06-14 12:00:00+00:00,1
18067,36891,286.40,2026-07-12 12:00:00+00:00,4
18068,36892,286.41,2026-08-12 12:00:00+00:00,1
18069,36900,286.51,2026-08-13 12:00:00+00:00,7
18070,36893,286.42,2026-09-09 12:00:00+00:00,3
18071,36919,1797.58,2026-02-05 12:00:00+00:00,3
18072,36927,1798.40,2026-02-05 12:00:00+00:00,4
18073,36920,1797.68,2026-03-05 12:00:00+00:00,6
18074,36928,1798.52,2026-03-07 12:00:00+00:00,1
18075,36921,1797.78,2026-04-05 12:00:00+00:00,3
18076,36922,1797.88,2026-05-02 12:00:00+00:00,7
18077,36929,1798.63,2026-05-06 12:00:00+00:00,3
18078,36923,1797.98,2026-06-02 12:00:00+00:00,5
18079,36930,1798.77,2026-06-05 12:00:00+00:00,6
18080,36924,1798.08,2026-07-01 12:00:00+00:00,6
18081,36925,1798.19,2026-08-03 12:00:00+00:00,2
18082,36926,1798.29,2026-08-30 12:00:00+00:00,7
18083,36931,2021.44,2025-12-24 12:00:00+00:00,2
18084,36941,2022.69,2025-12-27 12:00:00+00:00,6
18085,36932,2021.56,2026-01-23 12:00:00+00:00,6
18086,36933,2021.67,2026-02-22 12:00:00+00:00,3
18087,36942,2022.83,2026-02-25 12:00:00+00:00,1
18088,36934,2021.79,2026-03-23 12:00:00+00:00,4
18089,36943,2022.97,2026-03-27 12:00:00+00:00,4
18090,36935,2021.91,2026-04-25 12:00:00+00:00,1
18091,36944,2023.12,2026-04-26 12:00:00+00:00,5
18092,36936,2022.03,2026-05-25 12:00:00+00:00,6
18093,36937,2022.15,2026-06-22 12:00:00+00:00,1
18094,36938,2022.28,2026-07-21 12:00:00+00:00,6
18095,36939,2022.41,2026-08-24 12:00:00+00:00,7
18096,36945,2023.27,2026-08-24 12:00:00+00:00,6
18097,36940,2022.55,2026-09-18 12:00:00+00:00,4
18098,36949,3502.93,2026-04-28 12:00:00+00:00,4
18099,36955,3504.35,2026-05-02 12:00:00+00:00,5
18100,36950,3503.15,2026-05-30 12:00:00+00:00,5
18101,36951,3503.38,2026-06-27 12:00:00+00:00,5
18102,36952,3503.61,2026-07-31 12:00:00+00:00,7
18103,36953,3503.85,2026-08-29 12:00:00+00:00,3
18104,36956,3504.61,2026-08-30 12:00:00+00:00,1
18105,36954,3504.10,2026-09-26 12:00:00+00:00,5
18106,36957,3504.87,2026-09-29 12:00:00+00:00,3
18107,36961,1514.31,2025-12-09 12:00:00+00:00,4
18108,36962,1514.39,2026-01-05 12:00:00+00:00,1
18109,36963,1514.47,2026-02-02 12:00:00+00:00,5
18110,36964,1514.56,2026-03-06 12:00:00+00:00,2
18111,36971,1515.24,2026-03-09 12:00:00+00:00,3
18112,36965,1514.65,2026-04-07 12:00:00+00:00,6
18113,36966,1514.74,2026-05-08 12:00:00+00:00,6
18114,36967,1514.83,2026-06-06 12:00:00+00:00,4
18115,36972,1515.35,2026-06-07 12:00:00+00:00,2
18116,36968,1514.93,2026-07-03 12:00:00+00:00,3
18117,36969,1515.03,2026-08-01 12:00:00+00:00,1
18118,36973,1515.46,2026-08-06 12:00:00+00:00,1
18119,36970,1515.13,2026-09-04 12:00:00+00:00,1
18120,36974,1515.58,2026-09-05 12:00:00+00:00,3
18121,36985,1887.13,2026-06-17 12:00:00+00:00,7
18122,36989,1887.45,2026-06-18 12:00:00+00:00,3
18123,36986,1887.21,2026-07-15 12:00:00+00:00,1
18124,36987,1887.29,2026-08-17 12:00:00+00:00,1
18125,36990,1887.54,2026-08-17 12:00:00+00:00,5
18126,36988,1887.37,2026-09-13 12:00:00+00:00,3
18127,37009,2244.48,2026-07-13 12:00:00+00:00,3
18128,37012,2244.84,2026-07-17 12:00:00+00:00,3
18129,37010,2244.59,2026-08-12 12:00:00+00:00,6
18130,37011,2244.71,2026-09-14 12:00:00+00:00,3
18131,37013,2244.96,2026-09-15 12:00:00+00:00,3
18132,37021,2524.83,2026-06-04 12:00:00+00:00,6
18133,37022,2524.99,2026-06-29 12:00:00+00:00,5
18134,37023,2525.16,2026-08-07 12:00:00+00:00,2
18135,37024,2525.33,2026-09-03 12:00:00+00:00,5
18136,37033,1654.40,2026-03-09 12:00:00+00:00,3
18137,37040,1654.86,2026-03-11 12:00:00+00:00,4
18138,37034,1654.46,2026-04-10 12:00:00+00:00,2
18139,37041,1654.93,2026-04-10 12:00:00+00:00,5
18140,37035,1654.52,2026-05-09 12:00:00+00:00,3
18141,37036,1654.58,2026-06-05 12:00:00+00:00,2
18142,37042,1655.01,2026-06-09 12:00:00+00:00,5
18143,37037,1654.65,2026-07-06 12:00:00+00:00,6
18144,37043,1655.09,2026-07-09 12:00:00+00:00,5
18145,37038,1654.71,2026-08-08 12:00:00+00:00,5
18146,37044,1655.17,2026-08-08 12:00:00+00:00,6
18147,37039,1654.78,2026-09-03 12:00:00+00:00,2
18148,37045,1655.25,2026-09-07 12:00:00+00:00,4
18149,37069,408.91,2026-01-19 12:00:00+00:00,1
18150,37070,408.92,2026-02-10 12:00:00+00:00,2
18151,37071,408.94,2026-03-13 12:00:00+00:00,4
18152,37072,408.95,2026-04-22 12:00:00+00:00,6
18153,37073,408.97,2026-05-24 12:00:00+00:00,1
18154,37074,408.99,2026-06-19 12:00:00+00:00,5
18155,37075,409.00,2026-07-15 12:00:00+00:00,2
18156,37076,409.02,2026-08-16 12:00:00+00:00,4
18157,37105,1513.57,2026-01-25 12:00:00+00:00,1
18158,37114,1514.43,2026-01-26 12:00:00+00:00,3
18159,37106,1513.65,2026-02-20 12:00:00+00:00,6
18160,37115,1514.54,2026-02-25 12:00:00+00:00,3
18161,37107,1513.74,2026-03-26 12:00:00+00:00,6
18162,37108,1513.83,2026-04-26 12:00:00+00:00,5
18163,37116,1514.65,2026-04-26 12:00:00+00:00,2
18164,37109,1513.93,2026-05-21 12:00:00+00:00,4
18165,37110,1514.02,2026-06-21 12:00:00+00:00,5
18166,37111,1514.12,2026-07-20 12:00:00+00:00,1
18167,37117,1514.76,2026-07-25 12:00:00+00:00,2
18168,37112,1514.22,2026-08-19 12:00:00+00:00,5
18169,37118,1514.88,2026-08-24 12:00:00+00:00,3
18170,37113,1514.32,2026-09-22 12:00:00+00:00,4
18171,37123,1652.84,2026-06-08 12:00:00+00:00,7
18172,37124,1652.93,2026-07-11 12:00:00+00:00,3
18173,37127,1653.20,2026-07-12 12:00:00+00:00,2
18174,37125,1653.02,2026-08-10 12:00:00+00:00,7
18175,37126,1653.11,2026-09-05 12:00:00+00:00,2
18176,37128,1653.30,2026-09-10 12:00:00+00:00,3
18177,37135,2965.88,2026-01-13 12:00:00+00:00,5
18178,37144,2967.43,2026-01-18 12:00:00+00:00,4
18179,37136,2966.04,2026-02-14 12:00:00+00:00,6
18180,37137,2966.20,2026-03-17 12:00:00+00:00,1
18181,37138,2966.37,2026-04-17 12:00:00+00:00,1
18182,37139,2966.54,2026-05-16 12:00:00+00:00,6
18183,37145,2967.61,2026-05-18 12:00:00+00:00,3
18184,37140,2966.71,2026-06-17 12:00:00+00:00,7
18185,37146,2967.78,2026-06-17 12:00:00+00:00,1
18186,37141,2966.88,2026-07-17 12:00:00+00:00,7
18187,37142,2967.06,2026-08-13 12:00:00+00:00,5
18188,37143,2967.24,2026-09-15 12:00:00+00:00,7
18189,37147,1530.00,2025-12-18 12:00:00+00:00,3
18190,37157,1531.11,2025-12-23 12:00:00+00:00,6
18191,37148,1530.10,2026-01-18 12:00:00+00:00,3
18192,37149,1530.20,2026-02-20 12:00:00+00:00,1
18193,37150,1530.30,2026-03-19 12:00:00+00:00,5
18194,37158,1531.24,2026-03-23 12:00:00+00:00,6
18195,37151,1530.41,2026-04-20 12:00:00+00:00,1
18196,37152,1530.51,2026-05-19 12:00:00+00:00,7
18197,37153,1530.62,2026-06-20 12:00:00+00:00,4
18198,37154,1530.74,2026-07-19 12:00:00+00:00,1
18199,37155,1530.86,2026-08-17 12:00:00+00:00,2
18200,37156,1530.98,2026-09-16 12:00:00+00:00,2
18201,37165,1907.64,2026-07-23 12:00:00+00:00,1
18202,37168,1907.87,2026-07-27 12:00:00+00:00,1
18203,37166,1907.72,2026-08-26 12:00:00+00:00,7
18204,37169,1907.94,2026-08-26 12:00:00+00:00,3
18205,37167,1907.79,2026-09-24 12:00:00+00:00,4
18206,37170,1908.02,2026-09-25 12:00:00+00:00,7
18207,37189,825.63,2026-06-12 12:00:00+00:00,3
18208,37190,825.67,2026-07-12 12:00:00+00:00,1
18209,37193,825.78,2026-07-16 12:00:00+00:00,3
18210,37191,825.70,2026-08-10 12:00:00+00:00,7
18211,37194,825.82,2026-08-15 12:00:00+00:00,1
18212,37192,825.74,2026-09-12 12:00:00+00:00,7
18213,37195,825.86,2026-09-14 12:00:00+00:00,5
18214,37201,1905.47,2026-03-26 12:00:00+00:00,7
18215,37208,1906.08,2026-03-27 12:00:00+00:00,7
18216,37202,1905.56,2026-04-26 12:00:00+00:00,1
18217,37209,1906.17,2026-04-26 12:00:00+00:00,7
18218,37203,1905.64,2026-05-21 12:00:00+00:00,7
18219,37204,1905.72,2026-06-23 12:00:00+00:00,7
18220,37205,1905.81,2026-07-23 12:00:00+00:00,1
18221,37206,1905.90,2026-08-22 12:00:00+00:00,4
18222,37207,1905.98,2026-09-20 12:00:00+00:00,7
18223,37210,1906.26,2026-09-23 12:00:00+00:00,5
18224,37219,1774.37,2026-02-23 12:00:00+00:00,4
18225,37220,1774.48,2026-03-28 12:00:00+00:00,1
18226,37227,1775.34,2026-03-28 12:00:00+00:00,4
18227,37221,1774.59,2026-04-22 12:00:00+00:00,2
18228,37222,1774.70,2026-05-26 12:00:00+00:00,2
18229,37228,1775.48,2026-05-27 12:00:00+00:00,3
18230,37223,1774.82,2026-06-21 12:00:00+00:00,1
18231,37224,1774.95,2026-07-23 12:00:00+00:00,1
18232,37229,1775.62,2026-07-26 12:00:00+00:00,4
18233,37225,1775.07,2026-08-20 12:00:00+00:00,1
18234,37226,1775.20,2026-09-20 12:00:00+00:00,3
18235,37230,1775.77,2026-09-24 12:00:00+00:00,1
18236,37237,785.39,2026-07-15 12:00:00+00:00,7
18237,37240,785.49,2026-07-19 12:00:00+00:00,7
18238,37238,785.43,2026-08-16 12:00:00+00:00,5
18239,37239,785.46,2026-09-16 12:00:00+00:00,1
18240,37241,785.53,2026-09-17 12:00:00+00:00,6
18241,37255,1028.13,2026-05-13 12:00:00+00:00,2
18242,37256,1028.17,2026-06-09 12:00:00+00:00,1
18243,37257,1028.21,2026-07-08 12:00:00+00:00,5
18244,37260,1028.32,2026-07-12 12:00:00+00:00,4
18245,37258,1028.25,2026-08-09 12:00:00+00:00,4
18246,37261,1028.36,2026-08-11 12:00:00+00:00,6
18247,37259,1028.28,2026-09-05 12:00:00+00:00,5
18248,37291,229.13,2026-08-03 12:00:00+00:00,7
18249,37293,229.14,2026-08-03 12:00:00+00:00,4
18250,37292,229.13,2026-08-31 12:00:00+00:00,3
18251,37294,229.15,2026-09-02 12:00:00+00:00,6
18252,37327,934.97,2025-12-02 12:00:00+00:00,3
18253,37328,935.01,2025-12-31 12:00:00+00:00,7
18254,37338,935.50,2026-01-01 12:00:00+00:00,5
18255,37329,935.05,2026-01-30 12:00:00+00:00,4
18256,37339,935.55,2026-01-31 12:00:00+00:00,1
18257,37330,935.10,2026-03-02 12:00:00+00:00,1
18258,37340,935.61,2026-03-02 12:00:00+00:00,5
18259,37331,935.14,2026-03-31 12:00:00+00:00,4
18260,37332,935.19,2026-04-28 12:00:00+00:00,4
18261,37341,935.67,2026-05-01 12:00:00+00:00,4
18262,37333,935.24,2026-05-27 12:00:00+00:00,2
18263,37342,935.73,2026-05-31 12:00:00+00:00,2
18264,37334,935.29,2026-06-30 12:00:00+00:00,1
18265,37335,935.34,2026-07-28 12:00:00+00:00,4
18266,37343,935.79,2026-07-30 12:00:00+00:00,7
18267,37336,935.39,2026-08-26 12:00:00+00:00,3
18268,37344,935.85,2026-08-29 12:00:00+00:00,6
18269,37337,935.45,2026-09-28 12:00:00+00:00,1
18270,37345,935.91,2026-09-28 12:00:00+00:00,6
18271,37351,868.94,2026-03-01 12:00:00+00:00,2
18272,37359,869.43,2026-03-04 12:00:00+00:00,6
18273,37352,868.99,2026-03-29 12:00:00+00:00,4
18274,37353,869.05,2026-05-03 12:00:00+00:00,3
18275,37360,869.50,2026-05-03 12:00:00+00:00,1
18276,37354,869.11,2026-06-01 12:00:00+00:00,2
18277,37361,869.57,2026-06-02 12:00:00+00:00,6
18278,37355,869.17,2026-07-01 12:00:00+00:00,4
18279,37362,869.68,2026-07-02 12:00:00+00:00,6
18280,37356,869.23,2026-07-30 12:00:00+00:00,2
18281,37357,869.30,2026-08-26 12:00:00+00:00,4
18282,37358,869.36,2026-09-30 12:00:00+00:00,2
18283,37363,867.89,2026-03-02 12:00:00+00:00,6
18284,37364,867.93,2026-03-27 12:00:00+00:00,7
18285,37365,867.98,2026-05-01 12:00:00+00:00,6
18286,37371,868.24,2026-05-01 12:00:00+00:00,2
18287,37366,868.02,2026-05-29 12:00:00+00:00,6
18288,37372,868.29,2026-05-31 12:00:00+00:00,5
18289,37367,868.06,2026-06-29 12:00:00+00:00,4
18290,37373,868.33,2026-06-30 12:00:00+00:00,5
18291,37368,868.10,2026-07-29 12:00:00+00:00,2
18292,37374,868.38,2026-07-30 12:00:00+00:00,3
18293,37369,868.15,2026-08-24 12:00:00+00:00,4
18294,37370,868.19,2026-09-26 12:00:00+00:00,1
18295,37381,294.45,2026-01-08 12:00:00+00:00,2
18296,37382,294.47,2026-01-25 12:00:00+00:00,6
18297,37383,294.49,2026-02-23 12:00:00+00:00,1
18298,37384,294.51,2026-03-26 12:00:00+00:00,1
18299,37385,294.53,2026-04-25 12:00:00+00:00,4
18300,37386,294.55,2026-05-31 12:00:00+00:00,3
18301,37387,294.57,2026-07-01 12:00:00+00:00,4
18302,37388,294.59,2026-07-24 12:00:00+00:00,1
18303,37399,506.69,2025-11-27 12:00:00+00:00,5
18304,37410,506.98,2025-11-30 12:00:00+00:00,4
18305,37400,506.71,2025-12-27 12:00:00+00:00,3
18306,37411,507.01,2025-12-30 12:00:00+00:00,2
18307,37401,506.74,2026-01-25 12:00:00+00:00,3
18308,37412,507.04,2026-01-29 12:00:00+00:00,3
18309,37402,506.76,2026-02-26 12:00:00+00:00,4
18310,37413,507.08,2026-02-28 12:00:00+00:00,7
18311,37403,506.79,2026-03-29 12:00:00+00:00,1
18312,37414,507.11,2026-03-30 12:00:00+00:00,2
18313,37404,506.81,2026-04-24 12:00:00+00:00,3
18314,37405,506.84,2026-05-27 12:00:00+00:00,6
18315,37406,506.87,2026-06-27 12:00:00+00:00,6
18316,37415,507.14,2026-06-28 12:00:00+00:00,6
18317,37407,506.89,2026-07-26 12:00:00+00:00,6
18318,37408,506.92,2026-08-24 12:00:00+00:00,2
18319,37409,506.95,2026-09-25 12:00:00+00:00,1
18320,37416,507.18,2026-09-26 12:00:00+00:00,6
18321,37423,267.78,2026-03-16 12:00:00+00:00,4
18322,37424,267.79,2026-04-10 12:00:00+00:00,4
18323,37430,267.86,2026-04-15 12:00:00+00:00,1
18324,37425,267.80,2026-05-10 12:00:00+00:00,6
18325,37426,267.81,2026-06-13 12:00:00+00:00,6
18326,37431,267.87,2026-06-14 12:00:00+00:00,3
18327,37427,267.83,2026-07-10 12:00:00+00:00,3
18328,37428,267.84,2026-08-13 12:00:00+00:00,5
18329,37429,267.85,2026-09-12 12:00:00+00:00,4
18330,37459,1763.19,2025-12-25 12:00:00+00:00,2
18331,37469,1763.96,2025-12-25 12:00:00+00:00,5
18332,37460,1763.26,2026-01-20 12:00:00+00:00,4
18333,37461,1763.33,2026-02-22 12:00:00+00:00,6
18334,37470,1764.05,2026-02-23 12:00:00+00:00,5
18335,37462,1763.40,2026-03-22 12:00:00+00:00,4
18336,37463,1763.48,2026-04-22 12:00:00+00:00,2
18337,37471,1764.14,2026-04-24 12:00:00+00:00,3
18338,37464,1763.56,2026-05-23 12:00:00+00:00,3
18339,37472,1764.22,2026-05-24 12:00:00+00:00,4
18340,37465,1763.64,2026-06-18 12:00:00+00:00,7
18341,37473,1764.31,2026-06-23 12:00:00+00:00,4
18342,37466,1763.72,2026-07-20 12:00:00+00:00,5
18343,37474,1764.41,2026-07-23 12:00:00+00:00,1
18344,37467,1763.80,2026-08-22 12:00:00+00:00,6
18345,37468,1763.88,2026-09-17 12:00:00+00:00,3
18346,37483,277.05,2025-12-06 12:00:00+00:00,7
18347,37484,277.06,2026-01-03 12:00:00+00:00,2
18348,37485,277.08,2026-01-31 12:00:00+00:00,4
18349,37493,277.23,2026-02-05 12:00:00+00:00,5
18350,37486,277.10,2026-03-05 12:00:00+00:00,7
18351,37487,277.11,2026-04-05 12:00:00+00:00,4
18352,37494,277.25,2026-04-06 12:00:00+00:00,4
18353,37488,277.13,2026-05-04 12:00:00+00:00,2
18354,37489,277.15,2026-06-03 12:00:00+00:00,3
18355,37495,277.27,2026-06-05 12:00:00+00:00,5
18356,37490,277.17,2026-07-04 12:00:00+00:00,5
18357,37496,277.29,2026-07-05 12:00:00+00:00,1
18358,37491,277.19,2026-08-03 12:00:00+00:00,7
18359,37492,277.21,2026-09-03 12:00:00+00:00,5
18360,37497,277.31,2026-09-03 12:00:00+00:00,3
18361,37501,752.35,2026-04-05 12:00:00+00:00,3
18362,37507,752.53,2026-04-09 12:00:00+00:00,5
18363,37502,752.38,2026-05-05 12:00:00+00:00,7
18364,37508,752.56,2026-05-09 12:00:00+00:00,6
18365,37503,752.41,2026-06-05 12:00:00+00:00,1
18366,37509,752.59,2026-06-08 12:00:00+00:00,3
18367,37504,752.43,2026-07-08 12:00:00+00:00,1
18368,37505,752.46,2026-08-04 12:00:00+00:00,3
18369,37510,752.62,2026-08-07 12:00:00+00:00,1
18370,37506,752.49,2026-09-01 12:00:00+00:00,6
18371,37511,752.66,2026-09-06 12:00:00+00:00,7
18372,37537,350.07,2026-04-26 12:00:00+00:00,5
18373,37538,350.08,2026-05-30 12:00:00+00:00,2
18374,37539,350.09,2026-07-03 12:00:00+00:00,2
18375,37540,350.11,2026-07-30 12:00:00+00:00,3
18376,37542,350.14,2026-10-07 12:00:00+00:00,6
18377,37573,740.53,2026-07-09 12:00:00+00:00,6
18378,37574,740.55,2026-08-08 12:00:00+00:00,6
18379,37576,740.61,2026-08-08 12:00:00+00:00,5
18380,37575,740.58,2026-09-04 12:00:00+00:00,7
18381,37609,224.25,2026-07-25 12:00:00+00:00,2
18382,37612,224.28,2026-07-25 12:00:00+00:00,3
18383,37610,224.26,2026-08-20 12:00:00+00:00,4
18384,37611,224.27,2026-09-18 12:00:00+00:00,2
18385,37613,224.28,2026-09-23 12:00:00+00:00,6
18386,37633,1138.11,2026-05-17 12:00:00+00:00,7
18387,37638,1138.42,2026-05-19 12:00:00+00:00,2
18388,37634,1138.17,2026-06-15 12:00:00+00:00,2
18389,37639,1138.49,2026-06-18 12:00:00+00:00,5
18390,37635,1138.23,2026-07-14 12:00:00+00:00,3
18391,37636,1138.29,2026-08-15 12:00:00+00:00,5
18392,37640,1138.56,2026-08-17 12:00:00+00:00,4
18393,37637,1138.36,2026-09-13 12:00:00+00:00,1
18394,37657,1148.82,2026-04-06 12:00:00+00:00,4
18395,37663,1149.09,2026-04-08 12:00:00+00:00,2
18396,37658,1148.86,2026-05-04 12:00:00+00:00,4
18397,37664,1149.13,2026-05-08 12:00:00+00:00,4
18398,37659,1148.90,2026-06-07 12:00:00+00:00,7
18399,37665,1149.18,2026-06-07 12:00:00+00:00,7
18400,37660,1148.95,2026-07-04 12:00:00+00:00,7
18401,37666,1149.24,2026-07-07 12:00:00+00:00,1
18402,37661,1148.99,2026-08-04 12:00:00+00:00,4
18403,37667,1149.29,2026-08-06 12:00:00+00:00,3
18404,37662,1149.04,2026-09-05 12:00:00+00:00,6
18405,37693,1223.04,2026-04-18 12:00:00+00:00,7
18406,37694,1223.09,2026-05-25 12:00:00+00:00,2
18407,37695,1223.13,2026-06-17 12:00:00+00:00,2
18408,37696,1223.18,2026-07-25 12:00:00+00:00,4
18409,37698,611.64,2026-09-07 12:00:00+00:00,1
18410,37698,611.64,2026-10-12 12:00:00+00:00,6
18411,37717,1220.35,2026-06-13 12:00:00+00:00,5
18412,37721,1220.60,2026-06-18 12:00:00+00:00,2
18413,37718,1220.41,2026-07-18 12:00:00+00:00,2
18414,37719,1220.47,2026-08-16 12:00:00+00:00,7
18415,37722,1220.67,2026-08-17 12:00:00+00:00,1
18416,37720,1220.54,2026-09-13 12:00:00+00:00,3
18417,37723,1220.74,2026-09-16 12:00:00+00:00,3
18418,37729,2005.73,2026-01-27 12:00:00+00:00,2
18419,37738,2006.94,2026-01-31 12:00:00+00:00,7
18420,37730,2005.85,2026-03-02 12:00:00+00:00,4
18421,37739,2007.09,2026-03-02 12:00:00+00:00,5
18422,37731,2005.97,2026-04-01 12:00:00+00:00,6
18423,37740,2007.25,2026-04-01 12:00:00+00:00,5
18424,37732,2006.10,2026-04-27 12:00:00+00:00,1
18425,37741,2007.42,2026-05-01 12:00:00+00:00,7
18426,37733,2006.23,2026-05-31 12:00:00+00:00,6
18427,37742,2007.58,2026-05-31 12:00:00+00:00,1
18428,37734,2006.36,2026-06-30 12:00:00+00:00,6
18429,37735,2006.50,2026-07-30 12:00:00+00:00,5
18430,37736,2006.64,2026-08-26 12:00:00+00:00,7
18431,37737,2006.79,2026-09-28 12:00:00+00:00,5
18432,37747,2521.60,2026-07-22 12:00:00+00:00,4
18433,37750,2522.06,2026-07-26 12:00:00+00:00,5
18434,37748,2521.75,2026-08-24 12:00:00+00:00,1
18435,37751,2522.23,2026-08-25 12:00:00+00:00,3
18436,37749,2521.90,2026-09-19 12:00:00+00:00,3
18437,37765,360.56,2026-01-09 12:00:00+00:00,1
18438,37766,360.58,2026-02-07 12:00:00+00:00,1
18439,37767,360.60,2026-03-06 12:00:00+00:00,7
18440,37768,360.61,2026-04-06 12:00:00+00:00,7
18441,37769,360.63,2026-04-29 12:00:00+00:00,3
18442,37770,360.65,2026-06-05 12:00:00+00:00,6
18443,37771,360.67,2026-07-02 12:00:00+00:00,6
18444,37772,360.69,2026-08-03 12:00:00+00:00,2
18445,37789,3763.57,2025-12-21 12:00:00+00:00,7
18446,37790,3763.83,2026-01-22 12:00:00+00:00,1
18447,37799,3766.43,2026-01-23 12:00:00+00:00,5
18448,37791,3764.09,2026-02-18 12:00:00+00:00,3
18449,37800,3766.82,2026-02-22 12:00:00+00:00,6
18450,37792,3764.35,2026-03-19 12:00:00+00:00,3
18451,37793,3764.63,2026-04-23 12:00:00+00:00,2
18452,37794,3764.91,2026-05-21 12:00:00+00:00,3
18453,37795,3765.20,2026-06-20 12:00:00+00:00,4
18454,37796,3765.49,2026-07-21 12:00:00+00:00,2
18455,37797,3765.80,2026-08-19 12:00:00+00:00,1
18456,37798,3766.11,2026-09-20 12:00:00+00:00,4
18457,37801,912.96,2025-11-06 12:00:00+00:00,2
18458,37802,912.99,2025-12-03 12:00:00+00:00,3
18459,37812,913.38,2025-12-08 12:00:00+00:00,1
18460,37803,913.03,2026-01-03 12:00:00+00:00,7
18461,37804,913.06,2026-02-04 12:00:00+00:00,4
18462,37813,913.42,2026-02-06 12:00:00+00:00,7
18463,37805,913.10,2026-03-03 12:00:00+00:00,1
18464,37806,913.13,2026-04-04 12:00:00+00:00,4
18465,37814,913.47,2026-04-07 12:00:00+00:00,7
18466,37807,913.17,2026-05-03 12:00:00+00:00,5
18467,37815,913.51,2026-05-07 12:00:00+00:00,1
18468,37808,913.21,2026-06-02 12:00:00+00:00,6
18469,37816,913.56,2026-06-06 12:00:00+00:00,6
18470,37809,913.25,2026-07-02 12:00:00+00:00,1
18471,37817,913.61,2026-07-06 12:00:00+00:00,6
18472,37810,913.29,2026-07-31 12:00:00+00:00,7
18473,37818,913.66,2026-08-05 12:00:00+00:00,2
18474,37811,913.33,2026-09-01 12:00:00+00:00,1
18475,37819,913.71,2026-09-04 12:00:00+00:00,5
18476,37837,2024.76,2026-06-07 12:00:00+00:00,2
18477,37838,2024.88,2026-07-08 12:00:00+00:00,4
18478,37839,2025.01,2026-08-04 12:00:00+00:00,6
18479,37840,2025.14,2026-08-29 12:00:00+00:00,5
18480,37855,1341.80,2026-08-02 12:00:00+00:00,2
18481,37857,1341.93,2026-08-03 12:00:00+00:00,3
18482,37856,1341.86,2026-08-29 12:00:00+00:00,3
18483,37858,1342.00,2026-09-02 12:00:00+00:00,1
18484,37879,1570.10,2025-11-08 12:00:00+00:00,4
18485,37890,1570.88,2025-11-11 12:00:00+00:00,1
18486,37880,1570.16,2025-12-10 12:00:00+00:00,3
18487,37891,1570.96,2025-12-11 12:00:00+00:00,1
18488,37881,1570.23,2026-01-07 12:00:00+00:00,2
18489,37892,1571.04,2026-01-10 12:00:00+00:00,2
18490,37882,1570.30,2026-02-05 12:00:00+00:00,1
18491,37893,1571.12,2026-02-09 12:00:00+00:00,2
18492,37883,1570.37,2026-03-10 12:00:00+00:00,5
18493,37884,1570.44,2026-04-09 12:00:00+00:00,6
18494,37894,1571.20,2026-04-10 12:00:00+00:00,5
18495,37885,1570.51,2026-05-09 12:00:00+00:00,4
18496,37886,1570.58,2026-06-05 12:00:00+00:00,6
18497,37887,1570.65,2026-07-04 12:00:00+00:00,1
18498,37888,1570.73,2026-08-04 12:00:00+00:00,2
18499,37895,1571.28,2026-08-08 12:00:00+00:00,1
18500,37889,1570.80,2026-09-06 12:00:00+00:00,4
18501,37896,1571.29,2026-09-07 12:00:00+00:00,3
18502,37897,1607.77,2025-12-30 12:00:00+00:00,4
18503,37907,1608.72,2025-12-31 12:00:00+00:00,1
18504,37898,1607.86,2026-01-26 12:00:00+00:00,6
18505,37908,1608.83,2026-01-30 12:00:00+00:00,5
18506,37899,1607.94,2026-02-27 12:00:00+00:00,4
18507,37900,1608.03,2026-03-29 12:00:00+00:00,2
18508,37901,1608.12,2026-04-30 12:00:00+00:00,2
18509,37909,1608.94,2026-04-30 12:00:00+00:00,2
18510,37902,1608.22,2026-05-28 12:00:00+00:00,6
18511,37910,1609.05,2026-05-30 12:00:00+00:00,7
18512,37903,1608.31,2026-06-29 12:00:00+00:00,2
18513,37904,1608.41,2026-07-25 12:00:00+00:00,4
18514,37911,1609.17,2026-07-29 12:00:00+00:00,2
18515,37905,1608.51,2026-08-27 12:00:00+00:00,6
18516,37906,1608.62,2026-09-26 12:00:00+00:00,2
18517,37912,1609.28,2026-09-27 12:00:00+00:00,5
18518,37915,875.72,2026-01-27 12:00:00+00:00,7
18519,37916,875.75,2026-02-24 12:00:00+00:00,1
18520,37924,876.04,2026-02-28 12:00:00+00:00,1
18521,37917,875.78,2026-03-27 12:00:00+00:00,6
18522,37925,876.09,2026-03-30 12:00:00+00:00,4
18523,37918,875.82,2026-04-27 12:00:00+00:00,6
18524,37926,876.13,2026-04-29 12:00:00+00:00,3
18525,37919,875.85,2026-05-26 12:00:00+00:00,4
18526,37920,875.89,2026-06-28 12:00:00+00:00,3
18527,37921,875.93,2026-07-26 12:00:00+00:00,7
18528,37927,876.17,2026-07-28 12:00:00+00:00,1
18529,37922,875.96,2026-08-25 12:00:00+00:00,6
18530,37923,876.00,2026-09-21 12:00:00+00:00,3
18531,37951,3637.22,2025-11-25 12:00:00+00:00,3
18532,37962,3640.49,2025-11-30 12:00:00+00:00,6
18533,37952,3637.48,2025-12-28 12:00:00+00:00,7
18534,37953,3637.74,2026-01-29 12:00:00+00:00,4
18535,37954,3638.02,2026-02-25 12:00:00+00:00,5
18536,37955,3638.30,2026-03-28 12:00:00+00:00,3
18537,37956,3638.58,2026-04-26 12:00:00+00:00,1
18538,37957,3638.88,2026-05-29 12:00:00+00:00,2
18539,37958,3639.18,2026-06-23 12:00:00+00:00,6
18540,37959,3639.50,2026-07-26 12:00:00+00:00,1
18541,37960,3639.82,2026-08-22 12:00:00+00:00,3
18542,37961,3640.15,2026-09-24 12:00:00+00:00,3
18543,37963,1003.39,2026-05-29 12:00:00+00:00,2
18544,37967,1003.65,2026-06-03 12:00:00+00:00,4
18545,37964,1003.45,2026-06-28 12:00:00+00:00,3
18546,37965,1003.51,2026-07-30 12:00:00+00:00,3
18547,37968,1003.72,2026-08-02 12:00:00+00:00,2
18548,37966,1003.58,2026-08-28 12:00:00+00:00,4
18549,37981,1313.52,2026-03-31 12:00:00+00:00,2
18550,37988,1313.88,2026-04-01 12:00:00+00:00,3
18551,37982,1313.56,2026-04-30 12:00:00+00:00,3
18552,37989,1313.94,2026-05-01 12:00:00+00:00,4
18553,37983,1313.61,2026-05-29 12:00:00+00:00,7
18554,37990,1314.00,2026-05-31 12:00:00+00:00,2
18555,37984,1313.66,2026-06-25 12:00:00+00:00,2
18556,37985,1313.72,2026-07-28 12:00:00+00:00,3
18557,37986,1313.77,2026-08-25 12:00:00+00:00,3
18558,37987,1313.82,2026-09-27 12:00:00+00:00,4
18559,37991,1314.06,2026-09-28 12:00:00+00:00,4
18560,38017,1205.55,2025-12-30 12:00:00+00:00,4
18561,38018,1205.59,2026-01-28 12:00:00+00:00,6
18562,38027,1206.00,2026-02-01 12:00:00+00:00,1
18563,38019,1205.63,2026-03-03 12:00:00+00:00,6
18564,38028,1206.05,2026-03-03 12:00:00+00:00,1
18565,38020,1205.68,2026-03-30 12:00:00+00:00,6
18566,38021,1205.72,2026-05-01 12:00:00+00:00,6
18567,38022,1205.76,2026-05-31 12:00:00+00:00,4
18568,38029,1206.10,2026-06-01 12:00:00+00:00,2
18569,38023,1205.81,2026-06-30 12:00:00+00:00,4
18570,38024,1205.86,2026-07-26 12:00:00+00:00,5
18571,38025,1205.90,2026-08-27 12:00:00+00:00,7
18572,38030,1206.15,2026-08-30 12:00:00+00:00,3
18573,38026,1205.95,2026-09-25 12:00:00+00:00,7
18574,38031,1206.21,2026-09-29 12:00:00+00:00,2
18575,38053,779.81,2026-03-21 12:00:00+00:00,1
18576,38060,780.07,2026-03-25 12:00:00+00:00,7
18577,38054,779.85,2026-04-22 12:00:00+00:00,3
18578,38061,780.11,2026-04-24 12:00:00+00:00,5
18579,38055,779.88,2026-05-22 12:00:00+00:00,7
18580,38062,780.15,2026-05-24 12:00:00+00:00,2
18581,38056,779.92,2026-06-23 12:00:00+00:00,3
18582,38057,779.95,2026-07-18 12:00:00+00:00,3
18583,38063,780.19,2026-07-23 12:00:00+00:00,2
18584,38058,779.99,2026-08-21 12:00:00+00:00,6
18585,38064,780.23,2026-08-22 12:00:00+00:00,3
18586,38059,780.03,2026-09-17 12:00:00+00:00,6
18587,38065,780.27,2026-09-21 12:00:00+00:00,1
18588,38071,272.09,2025-12-08 12:00:00+00:00,2
18589,38072,272.10,2026-01-12 12:00:00+00:00,6
18590,38081,272.24,2026-01-12 12:00:00+00:00,2
18591,38073,272.12,2026-02-07 12:00:00+00:00,7
18592,38074,272.13,2026-03-12 12:00:00+00:00,6
18593,38082,272.30,2026-03-13 12:00:00+00:00,1
18594,38075,272.15,2026-04-07 12:00:00+00:00,6
18595,38076,272.16,2026-05-08 12:00:00+00:00,1
18596,38077,272.18,2026-06-06 12:00:00+00:00,2
18597,38078,272.19,2026-07-10 12:00:00+00:00,7
18598,38079,272.21,2026-08-07 12:00:00+00:00,3
18599,38080,272.23,2026-09-05 12:00:00+00:00,7
18600,38083,271.09,2026-04-03 12:00:00+00:00,3
18601,38084,271.11,2026-05-04 12:00:00+00:00,6
18602,38089,271.19,2026-05-08 12:00:00+00:00,7
18603,38085,271.12,2026-06-07 12:00:00+00:00,6
18604,38086,271.14,2026-07-05 12:00:00+00:00,6
18605,38090,271.21,2026-07-07 12:00:00+00:00,3
18606,38087,271.16,2026-08-03 12:00:00+00:00,5
18607,38091,271.22,2026-08-06 12:00:00+00:00,5
18608,38088,271.17,2026-09-05 12:00:00+00:00,2
18609,38092,271.24,2026-09-05 12:00:00+00:00,2
18610,38101,424.06,2026-02-13 12:00:00+00:00,7
18611,38109,424.17,2026-02-18 12:00:00+00:00,1
18612,38102,424.08,2026-03-15 12:00:00+00:00,1
18613,38110,424.19,2026-03-20 12:00:00+00:00,1
18614,38103,424.09,2026-04-18 12:00:00+00:00,2
18615,38111,424.20,2026-04-19 12:00:00+00:00,3
18616,38104,424.10,2026-05-16 12:00:00+00:00,5
18617,38105,424.12,2026-06-15 12:00:00+00:00,1
18618,38112,424.22,2026-06-18 12:00:00+00:00,4
18619,38106,424.13,2026-07-13 12:00:00+00:00,5
18620,38113,424.23,2026-07-18 12:00:00+00:00,4
18621,38107,424.14,2026-08-13 12:00:00+00:00,5
18622,38114,424.25,2026-08-17 12:00:00+00:00,5
18623,38108,424.16,2026-09-16 12:00:00+00:00,2
18624,38115,424.26,2026-09-16 12:00:00+00:00,4
18625,38137,318.80,2025-11-20 12:00:00+00:00,4
18626,38138,318.81,2025-12-17 12:00:00+00:00,6
18627,38139,318.82,2026-01-19 12:00:00+00:00,4
18628,38140,318.84,2026-02-18 12:00:00+00:00,6
18629,38141,318.85,2026-03-17 12:00:00+00:00,1
18630,38142,318.87,2026-04-16 12:00:00+00:00,3
18631,38143,318.88,2026-05-20 12:00:00+00:00,4
18632,38144,318.89,2026-06-16 12:00:00+00:00,4
18633,38148,318.96,2026-06-20 12:00:00+00:00,1
18634,38145,318.91,2026-07-20 12:00:00+00:00,6
18635,38146,318.92,2026-08-17 12:00:00+00:00,1
18636,38149,318.97,2026-08-19 12:00:00+00:00,5
18637,38147,318.94,2026-09-16 12:00:00+00:00,4
18638,38150,318.99,2026-09-18 12:00:00+00:00,5
18639,38155,402.14,2026-03-25 12:00:00+00:00,6
18640,38162,402.36,2026-03-25 12:00:00+00:00,3
18641,38156,402.17,2026-04-23 12:00:00+00:00,5
18642,38157,402.20,2026-05-19 12:00:00+00:00,2
18643,38163,402.39,2026-05-24 12:00:00+00:00,5
18644,38158,402.23,2026-06-21 12:00:00+00:00,6
18645,38164,402.42,2026-06-23 12:00:00+00:00,4
18646,38159,402.26,2026-07-18 12:00:00+00:00,1
18647,38160,402.29,2026-08-21 12:00:00+00:00,6
18648,38165,402.46,2026-08-22 12:00:00+00:00,7
18649,38161,402.32,2026-09-21 12:00:00+00:00,3
18650,38166,402.55,2026-09-21 12:00:00+00:00,1
18651,38167,324.53,2025-12-14 12:00:00+00:00,5
18652,38177,324.77,2025-12-18 12:00:00+00:00,3
18653,38168,324.55,2026-01-13 12:00:00+00:00,6
18654,38169,324.58,2026-02-13 12:00:00+00:00,2
18655,38170,324.60,2026-03-18 12:00:00+00:00,4
18656,38171,324.62,2026-04-13 12:00:00+00:00,1
18657,38178,324.80,2026-04-17 12:00:00+00:00,7
18658,38172,324.64,2026-05-13 12:00:00+00:00,4
18659,38173,324.67,2026-06-16 12:00:00+00:00,4
18660,38174,324.69,2026-07-16 12:00:00+00:00,4
18661,38175,324.72,2026-08-13 12:00:00+00:00,6
18662,38179,324.83,2026-08-15 12:00:00+00:00,1
18663,38176,324.75,2026-09-13 12:00:00+00:00,2
18664,38185,1496.86,2026-01-06 12:00:00+00:00,2
18665,38194,1497.68,2026-01-10 12:00:00+00:00,5
18666,38186,1496.94,2026-02-07 12:00:00+00:00,7
18667,38195,1497.79,2026-02-09 12:00:00+00:00,6
18668,38187,1497.02,2026-03-10 12:00:00+00:00,1
18669,38196,1497.90,2026-03-11 12:00:00+00:00,3
18670,38188,1497.11,2026-04-10 12:00:00+00:00,3
18671,38189,1497.20,2026-05-05 12:00:00+00:00,7
18672,38197,1498.02,2026-05-10 12:00:00+00:00,1
18673,38190,1497.29,2026-06-08 12:00:00+00:00,2
18674,38191,1497.38,2026-07-09 12:00:00+00:00,7
18675,38192,1497.48,2026-08-08 12:00:00+00:00,5
18676,38193,1497.58,2026-09-06 12:00:00+00:00,3
18677,38209,1389.77,2026-03-15 12:00:00+00:00,3
18678,38216,1390.16,2026-03-18 12:00:00+00:00,6
18679,38210,1389.82,2026-04-12 12:00:00+00:00,3
18680,38217,1390.22,2026-04-17 12:00:00+00:00,4
18681,38211,1389.87,2026-05-17 12:00:00+00:00,6
18682,38212,1389.93,2026-06-13 12:00:00+00:00,5
18683,38218,1390.28,2026-06-16 12:00:00+00:00,3
18684,38213,1389.98,2026-07-15 12:00:00+00:00,4
18685,38219,1390.35,2026-07-16 12:00:00+00:00,5
18686,38214,1390.04,2026-08-10 12:00:00+00:00,2
18687,38215,1390.10,2026-09-13 12:00:00+00:00,6
18688,38220,1390.42,2026-09-14 12:00:00+00:00,3
18689,38245,1495.15,2025-12-17 12:00:00+00:00,7
18690,38246,1495.20,2026-01-17 12:00:00+00:00,5
18691,38247,1495.26,2026-02-13 12:00:00+00:00,4
18692,38248,1495.32,2026-03-18 12:00:00+00:00,7
18693,38249,1495.37,2026-04-17 12:00:00+00:00,5
18694,38255,1495.75,2026-04-19 12:00:00+00:00,7
18695,38250,1495.43,2026-05-17 12:00:00+00:00,2
18696,38256,1495.82,2026-05-19 12:00:00+00:00,3
18697,38251,1495.49,2026-06-18 12:00:00+00:00,2
18698,38257,1495.89,2026-06-18 12:00:00+00:00,5
18699,38252,1495.56,2026-07-14 12:00:00+00:00,5
18700,38258,1495.96,2026-07-18 12:00:00+00:00,6
18701,38253,1495.62,2026-08-17 12:00:00+00:00,1
18702,38254,1495.68,2026-09-16 12:00:00+00:00,4
18703,38281,1073.67,2026-01-22 12:00:00+00:00,6
18704,38290,1074.26,2026-01-24 12:00:00+00:00,3
18705,38282,1073.73,2026-02-18 12:00:00+00:00,6
18706,38291,1074.34,2026-02-23 12:00:00+00:00,4
18707,38283,1073.79,2026-03-22 12:00:00+00:00,5
18708,38292,1074.42,2026-03-25 12:00:00+00:00,5
18709,38284,1073.85,2026-04-23 12:00:00+00:00,4
18710,38293,1074.50,2026-04-24 12:00:00+00:00,7
18711,38285,1073.91,2026-05-22 12:00:00+00:00,1
18712,38294,1074.58,2026-05-24 12:00:00+00:00,2
18713,38286,1073.98,2026-06-22 12:00:00+00:00,4
18714,38287,1074.05,2026-07-19 12:00:00+00:00,4
18715,38295,1074.67,2026-07-23 12:00:00+00:00,5
18716,38288,1074.12,2026-08-19 12:00:00+00:00,6
18717,38296,1074.76,2026-08-22 12:00:00+00:00,1
18718,38289,1074.19,2026-09-17 12:00:00+00:00,1
18719,38297,1074.85,2026-09-21 12:00:00+00:00,1
18720,38305,841.98,2026-07-13 12:00:00+00:00,2
18721,38308,842.12,2026-07-14 12:00:00+00:00,3
18722,38306,842.03,2026-08-11 12:00:00+00:00,1
18723,38307,842.07,2026-09-09 12:00:00+00:00,1
18724,38317,2556.20,2026-07-29 12:00:00+00:00,7
18725,38318,2556.38,2026-08-29 12:00:00+00:00,3
18726,38319,2556.58,2026-09-25 12:00:00+00:00,5
18727,38320,2556.77,2026-09-28 12:00:00+00:00,5
18728,38329,702.20,2025-12-08 12:00:00+00:00,4
18729,38339,702.84,2025-12-12 12:00:00+00:00,1
18730,38330,702.25,2026-01-06 12:00:00+00:00,7
18731,38331,702.31,2026-02-10 12:00:00+00:00,3
18732,38340,702.89,2026-02-10 12:00:00+00:00,2
18733,38332,702.37,2026-03-08 12:00:00+00:00,4
18734,38333,702.43,2026-04-10 12:00:00+00:00,6
18735,38334,702.49,2026-05-07 12:00:00+00:00,4
18736,38335,702.56,2026-06-06 12:00:00+00:00,5
18737,38336,702.62,2026-07-07 12:00:00+00:00,4
18738,38337,702.69,2026-08-07 12:00:00+00:00,5
18739,38338,702.76,2026-09-05 12:00:00+00:00,4
18740,38341,1824.14,2026-03-16 12:00:00+00:00,6
18741,38348,1824.84,2026-03-18 12:00:00+00:00,6
18742,38342,1824.24,2026-04-16 12:00:00+00:00,5
18743,38349,1824.96,2026-04-17 12:00:00+00:00,3
18744,38343,1824.33,2026-05-13 12:00:00+00:00,5
18745,38344,1824.43,2026-06-12 12:00:00+00:00,3
18746,38350,1825.07,2026-06-16 12:00:00+00:00,6
18747,38345,1824.53,2026-07-11 12:00:00+00:00,6
18748,38351,1825.19,2026-07-16 12:00:00+00:00,3
18749,38346,1824.63,2026-08-13 12:00:00+00:00,5
18750,38347,1824.74,2026-09-13 12:00:00+00:00,1
18751,38352,1825.31,2026-09-14 12:00:00+00:00,2
18752,38365,460.65,2026-02-17 12:00:00+00:00,6
18753,38366,460.68,2026-03-19 12:00:00+00:00,7
18754,38373,460.91,2026-03-20 12:00:00+00:00,1
18755,38367,460.71,2026-04-18 12:00:00+00:00,2
18756,38374,460.94,2026-04-19 12:00:00+00:00,3
18757,38368,460.74,2026-05-16 12:00:00+00:00,5
18758,38375,460.98,2026-05-19 12:00:00+00:00,3
18759,38369,460.77,2026-06-16 12:00:00+00:00,7
18760,38376,461.02,2026-06-18 12:00:00+00:00,7
18761,38370,460.80,2026-07-18 12:00:00+00:00,2
18762,38377,461.06,2026-07-18 12:00:00+00:00,2
18763,38371,460.84,2026-08-14 12:00:00+00:00,1
18764,38372,460.87,2026-09-14 12:00:00+00:00,3
18765,38378,461.10,2026-09-16 12:00:00+00:00,3
18766,38383,2229.64,2026-06-16 12:00:00+00:00,1
18767,38384,2229.77,2026-07-20 12:00:00+00:00,7
18768,38387,2230.18,2026-07-21 12:00:00+00:00,2
18769,38385,2229.90,2026-08-20 12:00:00+00:00,7
18770,38388,2230.32,2026-08-20 12:00:00+00:00,6
18771,38386,2230.04,2026-09-14 12:00:00+00:00,7
18772,38401,1901.42,2026-05-16 12:00:00+00:00,5
18773,38406,1901.79,2026-05-18 12:00:00+00:00,6
18774,38402,1901.49,2026-06-15 12:00:00+00:00,5
18775,38403,1901.56,2026-07-12 12:00:00+00:00,6
18776,38404,1901.64,2026-08-14 12:00:00+00:00,6
18777,38405,1901.72,2026-09-10 12:00:00+00:00,7
18778,38407,1901.87,2026-09-15 12:00:00+00:00,6
18779,38419,968.37,2026-01-23 12:00:00+00:00,7
18780,38420,968.42,2026-02-24 12:00:00+00:00,7
18781,38421,968.46,2026-03-26 12:00:00+00:00,1
18782,38428,968.83,2026-03-29 12:00:00+00:00,7
18783,38422,968.51,2026-04-24 12:00:00+00:00,7
18784,38423,968.56,2026-05-28 12:00:00+00:00,6
18785,38429,968.89,2026-05-28 12:00:00+00:00,1
18786,38424,968.61,2026-06-22 12:00:00+00:00,5
18787,38430,968.95,2026-06-27 12:00:00+00:00,2
18788,38425,968.67,2026-07-22 12:00:00+00:00,4
18789,38431,969.01,2026-07-27 12:00:00+00:00,4
18790,38426,968.72,2026-08-25 12:00:00+00:00,3
18791,38432,969.07,2026-08-26 12:00:00+00:00,6
18792,38427,968.78,2026-09-24 12:00:00+00:00,5
18793,38443,358.94,2026-03-07 12:00:00+00:00,3
18794,38444,358.96,2026-04-09 12:00:00+00:00,2
18795,38450,359.11,2026-04-09 12:00:00+00:00,1
18796,38445,358.98,2026-05-05 12:00:00+00:00,7
18797,38451,359.13,2026-05-09 12:00:00+00:00,6
18798,38446,359.00,2026-06-08 12:00:00+00:00,5
18799,38452,359.16,2026-06-08 12:00:00+00:00,2
18800,38447,359.03,2026-07-05 12:00:00+00:00,5
18801,38453,359.19,2026-07-08 12:00:00+00:00,5
18802,38448,359.05,2026-08-02 12:00:00+00:00,2
18803,38449,359.08,2026-09-03 12:00:00+00:00,7
18804,38461,1726.37,2026-07-28 12:00:00+00:00,2
18805,38479,1859.93,2025-12-06 12:00:00+00:00,5
18806,38489,1861.01,2025-12-07 12:00:00+00:00,2
18807,38480,1860.03,2026-01-06 12:00:00+00:00,6
18808,38490,1861.13,2026-01-06 12:00:00+00:00,7
18809,38481,1860.13,2026-02-04 12:00:00+00:00,1
18810,38482,1860.23,2026-03-05 12:00:00+00:00,6
18811,38491,1861.26,2026-03-07 12:00:00+00:00,7
18812,38483,1860.33,2026-04-02 12:00:00+00:00,3
18813,38484,1860.44,2026-05-03 12:00:00+00:00,5
18814,38492,1861.38,2026-05-06 12:00:00+00:00,5
18815,38485,1860.55,2026-06-01 12:00:00+00:00,2
18816,38493,1861.51,2026-06-05 12:00:00+00:00,6
18817,38486,1860.66,2026-07-05 12:00:00+00:00,4
18818,38494,1861.65,2026-07-05 12:00:00+00:00,7
18819,38487,1860.77,2026-08-04 12:00:00+00:00,1
18820,38495,1861.78,2026-08-04 12:00:00+00:00,1
18821,38488,1860.89,2026-08-29 12:00:00+00:00,5
18822,38496,1861.88,2026-09-03 12:00:00+00:00,4
18823,38497,1384.56,2026-03-20 12:00:00+00:00,3
18824,38504,1384.98,2026-03-21 12:00:00+00:00,1
18825,38498,1384.62,2026-04-18 12:00:00+00:00,4
18826,38499,1384.68,2026-05-17 12:00:00+00:00,3
18827,38505,1385.05,2026-05-20 12:00:00+00:00,7
18828,38500,1384.74,2026-06-16 12:00:00+00:00,1
18829,38501,1384.80,2026-07-18 12:00:00+00:00,7
18830,38506,1385.11,2026-07-19 12:00:00+00:00,5
18831,38502,1384.86,2026-08-14 12:00:00+00:00,6
18832,38503,1384.92,2026-09-13 12:00:00+00:00,6
18833,38521,1717.86,2025-12-24 12:00:00+00:00,1
18834,38531,1718.58,2025-12-28 12:00:00+00:00,2
18835,38522,1717.93,2026-01-27 12:00:00+00:00,5
18836,38532,1718.65,2026-01-27 12:00:00+00:00,2
18837,38523,1718.00,2026-02-25 12:00:00+00:00,3
18838,38524,1718.07,2026-03-27 12:00:00+00:00,6
18839,38525,1718.14,2026-04-23 12:00:00+00:00,2
18840,38526,1718.21,2026-05-26 12:00:00+00:00,1
18841,38533,1718.73,2026-05-27 12:00:00+00:00,6
18842,38527,1718.28,2026-06-21 12:00:00+00:00,3
18843,38534,1718.81,2026-06-26 12:00:00+00:00,5
18844,38528,1718.35,2026-07-25 12:00:00+00:00,6
18845,38535,1718.89,2026-07-26 12:00:00+00:00,5
18846,38529,1718.43,2026-08-23 12:00:00+00:00,2
18847,38536,1718.97,2026-08-25 12:00:00+00:00,6
18848,38530,1718.50,2026-09-19 12:00:00+00:00,1
18849,38537,1719.06,2026-09-24 12:00:00+00:00,7
18850,38539,1873.47,2026-04-15 12:00:00+00:00,7
18851,38545,1874.14,2026-04-18 12:00:00+00:00,7
18852,38540,1873.57,2026-05-13 12:00:00+00:00,1
18853,38546,1874.27,2026-05-18 12:00:00+00:00,6
18854,38541,1873.68,2026-06-15 12:00:00+00:00,1
18855,38547,1874.39,2026-06-17 12:00:00+00:00,5
18856,38542,1873.79,2026-07-14 12:00:00+00:00,4
18857,38548,1874.52,2026-07-17 12:00:00+00:00,3
18858,38543,1873.91,2026-08-15 12:00:00+00:00,6
18859,38549,1874.65,2026-08-16 12:00:00+00:00,4
18860,38544,1874.02,2026-09-10 12:00:00+00:00,7
18861,38550,1874.79,2026-09-15 12:00:00+00:00,6
18862,38557,239.46,2026-01-05 12:00:00+00:00,7
18863,38558,239.47,2026-02-04 12:00:00+00:00,7
18864,38559,239.48,2026-03-09 12:00:00+00:00,7
18865,38566,239.55,2026-03-11 12:00:00+00:00,6
18866,38560,239.49,2026-04-05 12:00:00+00:00,3
18867,38567,239.56,2026-04-10 12:00:00+00:00,5
18868,38561,239.50,2026-05-09 12:00:00+00:00,7
18869,38562,239.51,2026-06-04 12:00:00+00:00,1
18870,38568,239.57,2026-06-09 12:00:00+00:00,5
18871,38563,239.52,2026-07-05 12:00:00+00:00,1
18872,38564,239.53,2026-08-04 12:00:00+00:00,4
18873,38569,239.59,2026-08-08 12:00:00+00:00,5
18874,38565,239.54,2026-09-04 12:00:00+00:00,3
18875,38570,239.60,2026-09-07 12:00:00+00:00,6
18876,38575,1095.05,2026-01-05 12:00:00+00:00,4
18877,38584,1095.38,2026-01-09 12:00:00+00:00,3
18878,38576,1095.09,2026-02-05 12:00:00+00:00,6
18879,38585,1095.42,2026-02-08 12:00:00+00:00,3
18880,38577,1095.12,2026-03-09 12:00:00+00:00,1
18881,38586,1095.46,2026-03-10 12:00:00+00:00,3
18882,38578,1095.16,2026-04-07 12:00:00+00:00,4
18883,38587,1095.50,2026-04-09 12:00:00+00:00,5
18884,38579,1095.19,2026-05-08 12:00:00+00:00,7
18885,38580,1095.23,2026-06-05 12:00:00+00:00,4
18886,38581,1095.27,2026-07-07 12:00:00+00:00,3
18887,38588,1095.54,2026-07-08 12:00:00+00:00,3
18888,38582,1095.30,2026-08-05 12:00:00+00:00,1
18889,38583,1095.34,2026-09-05 12:00:00+00:00,7
18890,38589,1095.58,2026-09-06 12:00:00+00:00,7
18891,38611,458.92,2026-07-16 12:00:00+00:00,3
18892,38614,458.96,2026-07-19 12:00:00+00:00,1
18893,38612,458.93,2026-08-17 12:00:00+00:00,5
18894,38615,458.98,2026-08-18 12:00:00+00:00,4
18895,38613,458.95,2026-09-15 12:00:00+00:00,6
18896,38616,458.99,2026-09-17 12:00:00+00:00,6
18897,38647,1484.06,2026-07-27 12:00:00+00:00,6
18898,38648,1484.14,2026-08-23 12:00:00+00:00,2
18899,38650,1484.31,2026-08-28 12:00:00+00:00,6
18900,38649,1484.23,2026-09-25 12:00:00+00:00,6
18901,38651,1484.40,2026-09-27 12:00:00+00:00,4
18902,38665,1283.78,2026-04-04 12:00:00+00:00,3
18903,38671,1284.27,2026-04-04 12:00:00+00:00,6
18904,38666,1283.86,2026-05-02 12:00:00+00:00,2
18905,38667,1283.94,2026-06-02 12:00:00+00:00,6
18906,38668,1284.02,2026-07-01 12:00:00+00:00,6
18907,38669,1284.10,2026-07-30 12:00:00+00:00,2
18908,38670,1284.18,2026-08-31 12:00:00+00:00,7
18909,38672,1284.36,2026-09-01 12:00:00+00:00,1
18910,38683,1440.22,2026-06-04 12:00:00+00:00,6
18911,38687,1440.70,2026-06-07 12:00:00+00:00,6
18912,38684,1440.34,2026-07-04 12:00:00+00:00,4
18913,38685,1440.45,2026-08-01 12:00:00+00:00,7
18914,38688,1440.82,2026-08-06 12:00:00+00:00,6
18915,38686,1440.57,2026-09-02 12:00:00+00:00,5
18916,38695,1524.94,2026-01-08 12:00:00+00:00,2
18917,38704,1525.97,2026-01-10 12:00:00+00:00,3
18918,38696,1525.04,2026-02-05 12:00:00+00:00,4
18919,38697,1525.15,2026-03-09 12:00:00+00:00,5
18920,38698,1525.26,2026-04-07 12:00:00+00:00,2
18921,38699,1525.37,2026-05-09 12:00:00+00:00,3
18922,38705,1526.10,2026-05-10 12:00:00+00:00,7
18923,38700,1525.48,2026-06-06 12:00:00+00:00,3
18924,38706,1526.24,2026-06-09 12:00:00+00:00,4
18925,38701,1525.60,2026-07-05 12:00:00+00:00,1
18926,38702,1525.72,2026-08-08 12:00:00+00:00,3
18927,38703,1525.85,2026-09-06 12:00:00+00:00,5
18928,38707,245.68,2026-02-04 12:00:00+00:00,3
18929,38708,245.69,2026-03-06 12:00:00+00:00,3
18930,38715,245.77,2026-03-09 12:00:00+00:00,7
18931,38709,245.70,2026-04-06 12:00:00+00:00,3
18932,38716,245.78,2026-04-08 12:00:00+00:00,6
18933,38710,245.71,2026-05-07 12:00:00+00:00,2
18934,38711,245.72,2026-06-07 12:00:00+00:00,5
18935,38717,245.79,2026-06-07 12:00:00+00:00,1
18936,38712,245.73,2026-07-03 12:00:00+00:00,6
18937,38718,245.80,2026-07-07 12:00:00+00:00,2
18938,38713,245.74,2026-08-05 12:00:00+00:00,6
18939,38719,245.82,2026-08-06 12:00:00+00:00,2
18940,38714,245.75,2026-09-04 12:00:00+00:00,1
18941,38725,3149.87,2026-01-31 12:00:00+00:00,6
18942,38726,3150.07,2026-03-04 12:00:00+00:00,6
18943,38733,3151.59,2026-03-07 12:00:00+00:00,6
18944,38727,3150.27,2026-04-04 12:00:00+00:00,2
18945,38734,3151.83,2026-04-06 12:00:00+00:00,2
18946,38728,3150.48,2026-05-05 12:00:00+00:00,7
18947,38729,3150.69,2026-06-02 12:00:00+00:00,1
18948,38735,3152.08,2026-06-05 12:00:00+00:00,4
18949,38730,3150.91,2026-07-04 12:00:00+00:00,2
18950,38731,3151.13,2026-08-02 12:00:00+00:00,3
18951,38732,3151.36,2026-08-29 12:00:00+00:00,7
18952,38736,3152.33,2026-09-03 12:00:00+00:00,1
18953,38737,2466.79,2026-03-12 12:00:00+00:00,7
18954,38744,2467.89,2026-03-17 12:00:00+00:00,3
18955,38738,2466.94,2026-04-11 12:00:00+00:00,7
18956,38745,2468.06,2026-04-16 12:00:00+00:00,1
18957,38739,2467.09,2026-05-15 12:00:00+00:00,7
18958,38740,2467.24,2026-06-10 12:00:00+00:00,1
18959,38746,2468.24,2026-06-15 12:00:00+00:00,6
18960,38741,2467.40,2026-07-12 12:00:00+00:00,5
18961,38747,2468.42,2026-07-15 12:00:00+00:00,5
18962,38742,2467.56,2026-08-12 12:00:00+00:00,1
18963,38748,2468.64,2026-08-14 12:00:00+00:00,5
18964,38743,2467.73,2026-09-09 12:00:00+00:00,7
18965,38749,1521.67,2026-07-25 12:00:00+00:00,4
18966,38750,1521.73,2026-08-28 12:00:00+00:00,5
18967,38752,1521.86,2026-08-28 12:00:00+00:00,5
18968,38751,1521.79,2026-09-23 12:00:00+00:00,7
18969,38773,1947.33,2026-05-28 12:00:00+00:00,7
18970,38778,1947.87,2026-05-28 12:00:00+00:00,2
18971,38774,1947.43,2026-06-23 12:00:00+00:00,3
18972,38775,1947.54,2026-07-22 12:00:00+00:00,2
18973,38779,1947.99,2026-07-27 12:00:00+00:00,4
18974,38776,1947.65,2026-08-26 12:00:00+00:00,2
18975,38780,1948.11,2026-08-26 12:00:00+00:00,7
18976,38777,1947.76,2026-09-24 12:00:00+00:00,3
18977,38781,1948.24,2026-09-25 12:00:00+00:00,6
18978,38797,372.16,2026-03-23 12:00:00+00:00,5
18979,38804,372.28,2026-03-26 12:00:00+00:00,2
18980,38798,372.17,2026-04-25 12:00:00+00:00,6
18981,38799,372.19,2026-05-25 12:00:00+00:00,3
18982,38800,372.20,2026-06-19 12:00:00+00:00,5
18983,38805,372.29,2026-06-24 12:00:00+00:00,5
18984,38801,372.22,2026-07-19 12:00:00+00:00,1
18985,38806,372.31,2026-07-24 12:00:00+00:00,3
18986,38802,372.24,2026-08-20 12:00:00+00:00,3
18987,38807,372.33,2026-08-23 12:00:00+00:00,2
18988,38803,372.26,2026-09-18 12:00:00+00:00,5
18989,38808,372.35,2026-09-22 12:00:00+00:00,7
18990,38821,1281.93,2026-03-27 12:00:00+00:00,3
18991,38822,1281.98,2026-04-30 12:00:00+00:00,4
18992,38823,1282.04,2026-05-30 12:00:00+00:00,6
18993,38828,1282.35,2026-05-30 12:00:00+00:00,3
18994,38824,1282.10,2026-06-27 12:00:00+00:00,3
18995,38829,1282.42,2026-06-29 12:00:00+00:00,5
18996,38825,1282.16,2026-07-24 12:00:00+00:00,2
18997,38826,1282.22,2026-08-28 12:00:00+00:00,3
18998,38827,1282.29,2026-09-27 12:00:00+00:00,4
18999,38830,1282.49,2026-09-27 12:00:00+00:00,5
19000,38845,2543.94,2026-04-09 12:00:00+00:00,4
19001,38846,2544.11,2026-05-02 12:00:00+00:00,6
19002,38847,2544.27,2026-06-07 12:00:00+00:00,5
19003,38848,2544.45,2026-07-01 12:00:00+00:00,1
19004,38849,2544.62,2026-08-10 12:00:00+00:00,3
19005,38857,1776.42,2026-04-18 12:00:00+00:00,4
19006,38858,1776.53,2026-05-19 12:00:00+00:00,1
19007,38863,1777.16,2026-05-19 12:00:00+00:00,6
19008,38859,1776.65,2026-06-13 12:00:00+00:00,5
19009,38860,1776.77,2026-07-18 12:00:00+00:00,6
19010,38864,1777.30,2026-07-18 12:00:00+00:00,7
19011,38861,1776.90,2026-08-13 12:00:00+00:00,2
19012,38865,1777.44,2026-08-17 12:00:00+00:00,4
19013,38862,1777.03,2026-09-13 12:00:00+00:00,2
19014,38866,1777.58,2026-09-16 12:00:00+00:00,3
19015,38875,902.04,2026-01-31 12:00:00+00:00,6
19016,38876,902.10,2026-03-02 12:00:00+00:00,7
19017,38884,902.65,2026-03-04 12:00:00+00:00,6
19018,38877,902.16,2026-03-29 12:00:00+00:00,7
19019,38878,902.22,2026-05-03 12:00:00+00:00,5
19020,38879,902.29,2026-05-31 12:00:00+00:00,2
19021,38880,902.35,2026-06-27 12:00:00+00:00,3
19022,38881,902.42,2026-07-27 12:00:00+00:00,1
19023,38882,902.50,2026-08-31 12:00:00+00:00,4
19024,38885,902.73,2026-08-31 12:00:00+00:00,4
19025,38883,902.57,2026-09-27 12:00:00+00:00,1
19026,38893,1291.27,2025-12-31 12:00:00+00:00,4
19027,38894,1291.33,2026-01-27 12:00:00+00:00,5
19028,38903,1291.93,2026-02-01 12:00:00+00:00,1
19029,38895,1291.40,2026-02-27 12:00:00+00:00,2
19030,38896,1291.46,2026-04-02 12:00:00+00:00,6
19031,38897,1291.52,2026-04-27 12:00:00+00:00,5
19032,38904,1292.04,2026-05-02 12:00:00+00:00,7
19033,38898,1291.59,2026-05-31 12:00:00+00:00,3
19034,38899,1291.66,2026-06-26 12:00:00+00:00,5
19035,38900,1291.72,2026-07-26 12:00:00+00:00,5
19036,38901,1291.79,2026-08-25 12:00:00+00:00,7
19037,38902,1291.86,2026-09-24 12:00:00+00:00,4
19038,38905,494.61,2026-01-20 12:00:00+00:00,3
19039,38906,494.63,2026-02-26 12:00:00+00:00,7
19040,38907,494.66,2026-03-21 12:00:00+00:00,2
19041,38908,494.69,2026-04-24 12:00:00+00:00,6
19042,38909,494.72,2026-05-15 12:00:00+00:00,6
19043,38910,494.76,2026-06-21 12:00:00+00:00,1
19044,38911,494.79,2026-07-18 12:00:00+00:00,1
19045,38913,247.42,2026-09-07 12:00:00+00:00,2
19046,38913,247.43,2026-10-07 12:00:00+00:00,5
19047,38917,3525.85,2025-11-10 12:00:00+00:00,3
19048,38928,3529.06,2025-11-12 12:00:00+00:00,5
19049,38918,3526.10,2025-12-07 12:00:00+00:00,4
19050,38919,3526.37,2026-01-10 12:00:00+00:00,7
19051,38920,3526.64,2026-02-05 12:00:00+00:00,7
19052,38921,3526.92,2026-03-08 12:00:00+00:00,3
19053,38922,3527.20,2026-04-09 12:00:00+00:00,1
19054,38923,3527.50,2026-05-07 12:00:00+00:00,1
19055,38924,3527.80,2026-06-10 12:00:00+00:00,4
19056,38925,3528.11,2026-07-06 12:00:00+00:00,7
19057,38926,3528.44,2026-08-06 12:00:00+00:00,2
19058,38927,3528.77,2026-09-06 12:00:00+00:00,6
19059,38929,2190.68,2026-04-07 12:00:00+00:00,2
19060,38930,2190.78,2026-05-09 12:00:00+00:00,1
19061,38931,2190.87,2026-05-30 12:00:00+00:00,6
19062,38932,2190.96,2026-07-01 12:00:00+00:00,3
19063,38933,2191.06,2026-08-10 12:00:00+00:00,7
19064,38935,2191.26,2026-10-03 12:00:00+00:00,7
19065,38947,3020.82,2026-02-19 12:00:00+00:00,2
19066,38948,3021.06,2026-03-18 12:00:00+00:00,1
19067,38949,3021.31,2026-04-19 12:00:00+00:00,5
19068,38955,3022.99,2026-04-20 12:00:00+00:00,1
19069,38950,3021.56,2026-05-17 12:00:00+00:00,1
19070,38956,3023.30,2026-05-20 12:00:00+00:00,6
19071,38951,3021.83,2026-06-15 12:00:00+00:00,4
19072,38952,3022.10,2026-07-14 12:00:00+00:00,5
19073,38957,3023.63,2026-07-19 12:00:00+00:00,7
19074,38953,3022.39,2026-08-13 12:00:00+00:00,7
19075,38954,3022.68,2026-09-14 12:00:00+00:00,4
19076,38958,3023.99,2026-09-17 12:00:00+00:00,7
19077,38959,237.80,2026-06-14 12:00:00+00:00,3
19078,38960,237.81,2026-07-15 12:00:00+00:00,7
19079,38961,237.83,2026-08-17 12:00:00+00:00,5
19080,38977,2462.65,2026-05-12 12:00:00+00:00,2
19081,38982,2463.55,2026-05-15 12:00:00+00:00,2
19082,38978,2462.82,2026-06-12 12:00:00+00:00,7
19083,38983,2463.74,2026-06-14 12:00:00+00:00,7
19084,38979,2462.99,2026-07-11 12:00:00+00:00,4
19085,38980,2463.17,2026-08-10 12:00:00+00:00,3
19086,38984,2463.94,2026-08-13 12:00:00+00:00,6
19087,38981,2463.36,2026-09-12 12:00:00+00:00,5
19088,38989,2452.90,2026-07-11 12:00:00+00:00,5
19089,38992,2453.39,2026-07-16 12:00:00+00:00,1
19090,38990,2453.06,2026-08-10 12:00:00+00:00,1
19091,38991,2453.22,2026-09-13 12:00:00+00:00,4
19092,38993,2453.56,2026-09-14 12:00:00+00:00,7
19093,39007,1332.42,2025-12-12 12:00:00+00:00,4
19094,39008,1332.50,2026-01-13 12:00:00+00:00,4
19095,39009,1332.58,2026-02-17 12:00:00+00:00,5
19096,39010,1332.67,2026-03-14 12:00:00+00:00,7
19097,39011,1332.75,2026-04-13 12:00:00+00:00,3
19098,39012,1332.84,2026-05-17 12:00:00+00:00,7
19099,39013,1332.94,2026-06-16 12:00:00+00:00,6
19100,39014,1333.03,2026-07-16 12:00:00+00:00,5
19101,39015,1333.13,2026-08-05 12:00:00+00:00,4
19102,39025,1226.64,2026-03-23 12:00:00+00:00,7
19103,39032,1227.07,2026-03-25 12:00:00+00:00,7
19104,39026,1226.70,2026-04-22 12:00:00+00:00,7
19105,39027,1226.76,2026-05-21 12:00:00+00:00,1
19106,39028,1226.82,2026-06-20 12:00:00+00:00,7
19107,39029,1226.88,2026-07-21 12:00:00+00:00,4
19108,39030,1226.94,2026-08-20 12:00:00+00:00,2
19109,39033,1227.14,2026-08-22 12:00:00+00:00,7
19110,39031,1227.01,2026-09-20 12:00:00+00:00,1
19111,39034,1227.21,2026-09-21 12:00:00+00:00,3
19112,39049,1474.29,2026-06-11 12:00:00+00:00,1
19113,39053,1474.60,2026-06-16 12:00:00+00:00,2
19114,39050,1474.37,2026-07-13 12:00:00+00:00,1
19115,39054,1474.69,2026-07-16 12:00:00+00:00,5
19116,39051,1474.44,2026-08-12 12:00:00+00:00,1
19117,39052,1474.52,2026-09-11 12:00:00+00:00,2
19118,39055,1474.77,2026-09-14 12:00:00+00:00,2
19119,39067,2139.56,2026-04-01 12:00:00+00:00,4
19120,39073,2140.46,2026-04-05 12:00:00+00:00,5
19121,39068,2139.69,2026-04-30 12:00:00+00:00,7
19122,39074,2140.62,2026-05-05 12:00:00+00:00,2
19123,39069,2139.84,2026-06-01 12:00:00+00:00,2
19124,39075,2140.80,2026-06-04 12:00:00+00:00,5
19125,39070,2139.98,2026-07-03 12:00:00+00:00,1
19126,39076,2140.98,2026-07-04 12:00:00+00:00,6
19127,39071,2140.14,2026-08-01 12:00:00+00:00,4
19128,39077,2141.16,2026-08-03 12:00:00+00:00,5
19129,39072,2140.29,2026-08-29 12:00:00+00:00,4
19130,39085,367.38,2026-01-22 12:00:00+00:00,4
19131,39094,367.63,2026-01-27 12:00:00+00:00,4
19132,39086,367.40,2026-02-26 12:00:00+00:00,1
19133,39095,367.66,2026-02-26 12:00:00+00:00,7
19134,39087,367.43,2026-03-28 12:00:00+00:00,2
19135,39088,367.46,2026-04-23 12:00:00+00:00,2
19136,39096,367.72,2026-04-27 12:00:00+00:00,7
19137,39089,367.48,2026-05-24 12:00:00+00:00,6
19138,39090,367.51,2026-06-22 12:00:00+00:00,7
19139,39091,367.54,2026-07-21 12:00:00+00:00,6
19140,39092,367.57,2026-08-23 12:00:00+00:00,6
19141,39093,367.60,2026-09-19 12:00:00+00:00,7
19142,39097,815.67,2026-05-15 12:00:00+00:00,2
19143,39102,815.86,2026-05-19 12:00:00+00:00,1
19144,39098,815.71,2026-06-14 12:00:00+00:00,4
19145,39103,815.89,2026-06-18 12:00:00+00:00,6
19146,39099,815.74,2026-07-17 12:00:00+00:00,1
19147,39104,815.93,2026-07-18 12:00:00+00:00,1
19148,39100,815.78,2026-08-16 12:00:00+00:00,2
19149,39105,815.97,2026-08-17 12:00:00+00:00,2
19150,39101,815.82,2026-09-16 12:00:00+00:00,4
19151,39106,816.02,2026-09-16 12:00:00+00:00,5
19152,39121,1311.28,2026-01-20 12:00:00+00:00,5
19153,39130,1311.92,2026-01-20 12:00:00+00:00,3
19154,39122,1311.35,2026-02-17 12:00:00+00:00,1
19155,39123,1311.41,2026-03-19 12:00:00+00:00,3
19156,39124,1311.48,2026-04-16 12:00:00+00:00,6
19157,39131,1312.00,2026-04-20 12:00:00+00:00,6
19158,39125,1311.55,2026-05-18 12:00:00+00:00,4
19159,39132,1312.08,2026-05-20 12:00:00+00:00,3
19160,39126,1311.62,2026-06-16 12:00:00+00:00,3
19161,39133,1312.16,2026-06-19 12:00:00+00:00,6
19162,39127,1311.69,2026-07-16 12:00:00+00:00,2
19163,39134,1312.24,2026-07-19 12:00:00+00:00,5
19164,39128,1311.77,2026-08-14 12:00:00+00:00,6
19165,39135,1312.32,2026-08-18 12:00:00+00:00,5
19166,39129,1311.84,2026-09-17 12:00:00+00:00,3
19167,39139,1479.60,2026-02-05 12:00:00+00:00,1
19168,39140,1479.67,2026-03-06 12:00:00+00:00,7
19169,39147,1480.25,2026-03-09 12:00:00+00:00,5
19170,39141,1479.75,2026-04-03 12:00:00+00:00,7
19171,39142,1479.83,2026-05-04 12:00:00+00:00,7
19172,39148,1480.34,2026-05-08 12:00:00+00:00,4
19173,39143,1479.91,2026-06-06 12:00:00+00:00,3
19174,39149,1480.43,2026-06-07 12:00:00+00:00,3
19175,39144,1479.99,2026-07-07 12:00:00+00:00,1
19176,39150,1480.52,2026-07-07 12:00:00+00:00,2
19177,39145,1480.08,2026-08-01 12:00:00+00:00,4
19178,39146,1480.16,2026-09-05 12:00:00+00:00,1
19179,39151,1480.62,2026-09-05 12:00:00+00:00,2
19180,39157,1156.44,2025-11-15 12:00:00+00:00,1
19181,39168,1156.99,2025-11-17 12:00:00+00:00,5
19182,39158,1156.48,2025-12-13 12:00:00+00:00,1
19183,39159,1156.53,2026-01-15 12:00:00+00:00,6
19184,39160,1156.58,2026-02-15 12:00:00+00:00,5
19185,39161,1156.63,2026-03-15 12:00:00+00:00,2
19186,39162,1156.68,2026-04-14 12:00:00+00:00,5
19187,39169,1157.04,2026-04-16 12:00:00+00:00,3
19188,39163,1156.73,2026-05-13 12:00:00+00:00,6
19189,39164,1156.78,2026-06-11 12:00:00+00:00,1
19190,39170,1157.10,2026-06-15 12:00:00+00:00,3
19191,39165,1156.83,2026-07-15 12:00:00+00:00,4
19192,39166,1156.88,2026-08-14 12:00:00+00:00,1
19193,39167,1156.93,2026-09-13 12:00:00+00:00,5
19194,39171,1157.15,2026-09-13 12:00:00+00:00,6
19195,39175,2460.62,2026-01-12 12:00:00+00:00,7
19196,39184,2462.28,2026-01-17 12:00:00+00:00,1
19197,39176,2460.78,2026-02-11 12:00:00+00:00,1
19198,39177,2460.95,2026-03-14 12:00:00+00:00,6
19199,39178,2461.13,2026-04-17 12:00:00+00:00,7
19200,39179,2461.31,2026-05-12 12:00:00+00:00,3
19201,39185,2462.49,2026-05-17 12:00:00+00:00,5
19202,39180,2461.49,2026-06-13 12:00:00+00:00,4
19203,39181,2461.68,2026-07-12 12:00:00+00:00,7
19204,39186,2462.70,2026-07-16 12:00:00+00:00,7
19205,39182,2461.88,2026-08-15 12:00:00+00:00,6
19206,39183,2462.08,2026-09-13 12:00:00+00:00,7
19207,39187,2540.03,2026-05-29 12:00:00+00:00,3
19208,39188,2540.17,2026-06-24 12:00:00+00:00,2
19209,39192,2540.74,2026-06-29 12:00:00+00:00,2
19210,39189,2540.31,2026-07-28 12:00:00+00:00,4
19211,39190,2540.45,2026-08-25 12:00:00+00:00,3
19212,39191,2540.59,2026-09-27 12:00:00+00:00,4
19213,39193,2540.89,2026-09-27 12:00:00+00:00,4
19214,39199,2204.59,2026-02-19 12:00:00+00:00,7
19215,39200,2204.71,2026-03-22 12:00:00+00:00,3
19216,39207,2205.67,2026-03-25 12:00:00+00:00,4
19217,39201,2204.84,2026-04-24 12:00:00+00:00,5
19218,39208,2205.82,2026-04-24 12:00:00+00:00,2
19219,39202,2204.97,2026-05-21 12:00:00+00:00,7
19220,39209,2205.98,2026-05-24 12:00:00+00:00,1
19221,39203,2205.10,2026-06-23 12:00:00+00:00,1
19222,39204,2205.24,2026-07-19 12:00:00+00:00,5
19223,39210,2206.13,2026-07-23 12:00:00+00:00,2
19224,39205,2205.38,2026-08-18 12:00:00+00:00,3
19225,39211,2206.30,2026-08-22 12:00:00+00:00,5
19226,39206,2205.52,2026-09-18 12:00:00+00:00,4
19227,39217,1538.81,2026-04-28 12:00:00+00:00,1
19228,39223,1539.29,2026-04-28 12:00:00+00:00,3
19229,39218,1538.89,2026-05-24 12:00:00+00:00,3
19230,39224,1539.38,2026-05-28 12:00:00+00:00,7
19231,39219,1538.97,2026-06-22 12:00:00+00:00,6
19232,39225,1539.47,2026-06-27 12:00:00+00:00,2
19233,39220,1539.04,2026-07-23 12:00:00+00:00,5
19234,39226,1539.56,2026-07-27 12:00:00+00:00,7
19235,39221,1539.12,2026-08-26 12:00:00+00:00,7
19236,39227,1539.65,2026-08-26 12:00:00+00:00,7
19237,39222,1539.21,2026-09-20 12:00:00+00:00,5
19238,39228,1539.75,2026-09-25 12:00:00+00:00,7
19239,39241,2070.26,2026-02-24 12:00:00+00:00,6
19240,39249,2071.18,2026-02-24 12:00:00+00:00,6
19241,39242,2070.36,2026-03-24 12:00:00+00:00,5
19242,39250,2071.31,2026-03-26 12:00:00+00:00,4
19243,39243,2070.47,2026-04-23 12:00:00+00:00,1
19244,39244,2070.58,2026-05-25 12:00:00+00:00,7
19245,39251,2071.44,2026-05-25 12:00:00+00:00,2
19246,39245,2070.69,2026-06-20 12:00:00+00:00,1
19247,39246,2070.81,2026-07-23 12:00:00+00:00,4
19248,39247,2070.93,2026-08-22 12:00:00+00:00,7
19249,39252,2071.58,2026-08-23 12:00:00+00:00,5
19250,39248,2071.05,2026-09-18 12:00:00+00:00,3
19251,39253,2071.72,2026-09-22 12:00:00+00:00,3
19252,39265,1818.21,2026-06-19 12:00:00+00:00,3
19253,39266,1818.30,2026-07-19 12:00:00+00:00,3
19254,39267,1818.40,2026-08-17 12:00:00+00:00,5
19255,39269,1818.59,2026-08-19 12:00:00+00:00,1
19256,39268,1818.49,2026-09-14 12:00:00+00:00,4
19257,39270,1818.70,2026-09-18 12:00:00+00:00,5
19258,39289,456.86,2026-05-29 12:00:00+00:00,2
19259,39294,456.97,2026-05-31 12:00:00+00:00,3
19260,39290,456.88,2026-06-30 12:00:00+00:00,7
19261,39295,456.99,2026-06-30 12:00:00+00:00,4
19262,39291,456.90,2026-07-26 12:00:00+00:00,4
19263,39292,456.92,2026-08-26 12:00:00+00:00,6
19264,39293,456.95,2026-09-28 12:00:00+00:00,4
19265,39307,2752.11,2026-02-07 12:00:00+00:00,7
19266,39308,2752.29,2026-03-04 12:00:00+00:00,2
19267,39315,2753.68,2026-03-09 12:00:00+00:00,7
19268,39309,2752.48,2026-04-03 12:00:00+00:00,1
19269,39310,2752.66,2026-05-04 12:00:00+00:00,4
19270,39316,2753.90,2026-05-08 12:00:00+00:00,7
19271,39311,2752.86,2026-06-02 12:00:00+00:00,7
19272,39317,2754.13,2026-06-07 12:00:00+00:00,2
19273,39312,2753.06,2026-07-05 12:00:00+00:00,1
19274,39318,2754.36,2026-07-07 12:00:00+00:00,7
19275,39313,2753.26,2026-08-06 12:00:00+00:00,3
19276,39314,2753.47,2026-09-04 12:00:00+00:00,6
19277,39319,3536.63,2026-02-17 12:00:00+00:00,7
19278,39327,3538.65,2026-02-22 12:00:00+00:00,6
19279,39320,3536.86,2026-03-23 12:00:00+00:00,6
19280,39328,3538.94,2026-03-24 12:00:00+00:00,5
19281,39321,3537.10,2026-04-21 12:00:00+00:00,6
19282,39329,3539.23,2026-04-23 12:00:00+00:00,5
19283,39322,3537.34,2026-05-21 12:00:00+00:00,1
19284,39330,3539.49,2026-05-23 12:00:00+00:00,6
19285,39323,3537.59,2026-06-18 12:00:00+00:00,5
19286,39324,3537.85,2026-07-17 12:00:00+00:00,7
19287,39325,3538.11,2026-08-21 12:00:00+00:00,6
19288,39326,3538.38,2026-09-15 12:00:00+00:00,6
19289,39331,1389.43,2026-03-19 12:00:00+00:00,5
19290,39332,1389.49,2026-04-22 12:00:00+00:00,2
19291,39333,1389.55,2026-05-17 12:00:00+00:00,7
19292,39334,1389.61,2026-06-16 12:00:00+00:00,1
19293,39338,1389.87,2026-06-21 12:00:00+00:00,7
19294,39335,1389.68,2026-07-17 12:00:00+00:00,2
19295,39336,1389.74,2026-08-16 12:00:00+00:00,1
19296,39337,1389.80,2026-09-17 12:00:00+00:00,5
19297,39349,363.32,2026-04-28 12:00:00+00:00,2
19298,39355,363.48,2026-04-28 12:00:00+00:00,5
19299,39350,363.35,2026-05-23 12:00:00+00:00,5
19300,39356,363.51,2026-05-28 12:00:00+00:00,1
19301,39351,363.37,2026-06-24 12:00:00+00:00,7
19302,39357,363.54,2026-06-27 12:00:00+00:00,7
19303,39352,363.40,2026-07-26 12:00:00+00:00,4
19304,39358,363.57,2026-07-27 12:00:00+00:00,3
19305,39353,363.42,2026-08-21 12:00:00+00:00,4
19306,39354,363.45,2026-09-22 12:00:00+00:00,2
19307,39359,363.60,2026-09-25 12:00:00+00:00,4
19308,39367,1547.50,2026-01-02 12:00:00+00:00,6
19309,39368,1547.57,2026-02-11 12:00:00+00:00,7
19310,39369,1547.65,2026-03-12 12:00:00+00:00,2
19311,39370,1547.73,2026-03-29 12:00:00+00:00,4
19312,39371,1547.82,2026-05-07 12:00:00+00:00,2
19313,39372,1547.90,2026-06-11 12:00:00+00:00,6
19314,39373,1547.99,2026-06-27 12:00:00+00:00,4
19315,39374,1548.08,2026-08-09 12:00:00+00:00,6
19316,39391,846.51,2026-07-21 12:00:00+00:00,1
19317,39392,846.54,2026-08-24 12:00:00+00:00,6
19318,39427,723.06,2026-02-12 12:00:00+00:00,6
19319,39435,723.35,2026-02-16 12:00:00+00:00,7
19320,39428,723.09,2026-03-16 12:00:00+00:00,1
19321,39436,723.39,2026-03-18 12:00:00+00:00,5
19322,39429,723.13,2026-04-17 12:00:00+00:00,4
19323,39437,723.43,2026-04-17 12:00:00+00:00,3
19324,39430,723.17,2026-05-16 12:00:00+00:00,4
19325,39438,723.46,2026-05-17 12:00:00+00:00,3
19326,39431,723.20,2026-06-12 12:00:00+00:00,6
19327,39432,723.24,2026-07-13 12:00:00+00:00,2
19328,39433,723.28,2026-08-13 12:00:00+00:00,4
19329,39434,723.31,2026-09-10 12:00:00+00:00,7
19330,39439,1557.19,2026-01-06 12:00:00+00:00,1
19331,39440,1557.29,2026-01-30 12:00:00+00:00,6
19332,39441,1557.38,2026-02-27 12:00:00+00:00,1
19333,39442,1557.47,2026-03-29 12:00:00+00:00,6
19334,39443,1557.57,2026-04-29 12:00:00+00:00,1
19335,39444,1557.67,2026-06-10 12:00:00+00:00,4
19336,39445,1557.77,2026-07-04 12:00:00+00:00,5
19337,39446,1557.87,2026-08-06 12:00:00+00:00,7
19338,39451,663.94,2026-06-18 12:00:00+00:00,5
19339,39455,664.07,2026-06-21 12:00:00+00:00,7
19340,39452,663.97,2026-07-18 12:00:00+00:00,7
19341,39456,664.11,2026-07-21 12:00:00+00:00,3
19342,39453,664.01,2026-08-16 12:00:00+00:00,3
19343,39454,664.04,2026-09-18 12:00:00+00:00,7
19344,39457,664.14,2026-09-19 12:00:00+00:00,1
19345,39469,1518.59,2026-08-17 12:00:00+00:00,1
19346,39493,1816.16,2026-04-13 12:00:00+00:00,4
19347,39494,1816.24,2026-05-21 12:00:00+00:00,4
19348,39495,1816.33,2026-06-08 12:00:00+00:00,3
19349,39496,1816.42,2026-07-06 12:00:00+00:00,4
19350,39497,1816.51,2026-08-19 12:00:00+00:00,5
19351,39498,1816.61,2026-09-10 12:00:00+00:00,7
19352,39517,3532.23,2026-07-06 12:00:00+00:00,3
19353,39520,3533.03,2026-07-08 12:00:00+00:00,2
19354,39518,3532.49,2026-08-07 12:00:00+00:00,2
19355,39519,3532.76,2026-09-01 12:00:00+00:00,6
19356,39521,3533.31,2026-09-06 12:00:00+00:00,4
19357,39529,203.21,2026-07-17 12:00:00+00:00,1
19358,39532,203.24,2026-07-22 12:00:00+00:00,6
19359,39530,203.22,2026-08-16 12:00:00+00:00,2
19360,39533,203.25,2026-08-21 12:00:00+00:00,7
19361,39531,203.23,2026-09-18 12:00:00+00:00,3
19362,39553,3546.96,2026-01-13 12:00:00+00:00,7
19363,39562,3548.96,2026-01-16 12:00:00+00:00,6
19364,39554,3547.17,2026-02-13 12:00:00+00:00,2
19365,39563,3549.20,2026-02-15 12:00:00+00:00,4
19366,39555,3547.38,2026-03-14 12:00:00+00:00,6
19367,39564,3549.39,2026-03-17 12:00:00+00:00,6
19368,39556,3547.59,2026-04-13 12:00:00+00:00,6
19369,39557,3547.80,2026-05-12 12:00:00+00:00,6
19370,39558,3548.03,2026-06-11 12:00:00+00:00,3
19371,39559,3548.25,2026-07-15 12:00:00+00:00,4
19372,39560,3548.48,2026-08-11 12:00:00+00:00,3
19373,39561,3548.72,2026-09-09 12:00:00+00:00,5
19374,39565,1657.04,2026-04-10 12:00:00+00:00,3
19375,39571,1657.60,2026-04-11 12:00:00+00:00,7
19376,39566,1657.13,2026-05-08 12:00:00+00:00,5
19377,39572,1657.70,2026-05-11 12:00:00+00:00,6
19378,39567,1657.22,2026-06-08 12:00:00+00:00,5
19379,39568,1657.31,2026-07-06 12:00:00+00:00,5
19380,39573,1657.81,2026-07-10 12:00:00+00:00,1
19381,39569,1657.40,2026-08-04 12:00:00+00:00,6
19382,39570,1657.50,2026-09-08 12:00:00+00:00,5
19383,39589,1717.80,2026-06-12 12:00:00+00:00,7
19384,39593,1718.16,2026-06-17 12:00:00+00:00,1
19385,39590,1717.88,2026-07-12 12:00:00+00:00,7
19386,39594,1718.25,2026-07-17 12:00:00+00:00,3
19387,39591,1717.97,2026-08-16 12:00:00+00:00,7
19388,39592,1718.07,2026-09-14 12:00:00+00:00,3
19389,39595,1718.35,2026-09-15 12:00:00+00:00,5
19390,39607,2745.24,2026-05-04 12:00:00+00:00,6
19391,39608,2745.42,2026-06-03 12:00:00+00:00,6
19392,39612,2746.21,2026-06-04 12:00:00+00:00,7
19393,39609,2745.61,2026-07-01 12:00:00+00:00,1
19394,39610,2745.81,2026-08-02 12:00:00+00:00,2
19395,39613,2746.42,2026-08-03 12:00:00+00:00,7
19396,39611,2746.01,2026-08-31 12:00:00+00:00,5
19397,39614,2746.64,2026-09-02 12:00:00+00:00,4
19398,39619,1102.18,2026-05-20 12:00:00+00:00,3
19399,39620,1102.23,2026-06-20 12:00:00+00:00,3
19400,39621,1102.27,2026-07-19 12:00:00+00:00,2
19401,39622,1102.32,2026-08-20 12:00:00+00:00,2
19402,39624,1102.42,2026-08-22 12:00:00+00:00,7
19403,39623,1102.37,2026-09-17 12:00:00+00:00,7
19404,39625,1102.47,2026-09-21 12:00:00+00:00,1
19405,39643,1204.48,2026-05-16 12:00:00+00:00,3
19406,39648,1204.85,2026-05-18 12:00:00+00:00,2
19407,39644,1204.55,2026-06-17 12:00:00+00:00,5
19408,39649,1204.93,2026-06-17 12:00:00+00:00,7
19409,39645,1204.62,2026-07-12 12:00:00+00:00,5
19410,39650,1205.02,2026-07-17 12:00:00+00:00,3
19411,39646,1204.70,2026-08-13 12:00:00+00:00,4
19412,39651,1205.10,2026-08-16 12:00:00+00:00,3
19413,39647,1204.78,2026-09-11 12:00:00+00:00,3
19414,39652,1205.19,2026-09-15 12:00:00+00:00,4
19415,39661,1234.39,2026-03-05 12:00:00+00:00,3
19416,39668,1234.77,2026-03-06 12:00:00+00:00,5
19417,39662,1234.45,2026-04-02 12:00:00+00:00,3
19418,39669,1234.83,2026-04-05 12:00:00+00:00,4
19419,39663,1234.50,2026-05-03 12:00:00+00:00,6
19420,39670,1234.89,2026-05-05 12:00:00+00:00,5
19421,39664,1234.55,2026-06-01 12:00:00+00:00,2
19422,39671,1234.95,2026-06-04 12:00:00+00:00,2
19423,39665,1234.60,2026-07-02 12:00:00+00:00,3
19424,39672,1235.01,2026-07-04 12:00:00+00:00,2
19425,39666,1234.66,2026-08-03 12:00:00+00:00,3
19426,39667,1234.71,2026-08-30 12:00:00+00:00,3
19427,39673,1235.07,2026-09-02 12:00:00+00:00,5
19428,39685,659.58,2026-05-02 12:00:00+00:00,3
19429,39686,659.60,2026-06-04 12:00:00+00:00,7
19430,39687,659.62,2026-06-30 12:00:00+00:00,7
19431,39688,659.64,2026-08-03 12:00:00+00:00,7
19432,39689,659.66,2026-08-29 12:00:00+00:00,4
19433,39721,2012.35,2026-01-08 12:00:00+00:00,5
19434,39730,2013.39,2026-01-10 12:00:00+00:00,6
19435,39722,2012.45,2026-02-07 12:00:00+00:00,3
19436,39723,2012.56,2026-03-07 12:00:00+00:00,1
19437,39724,2012.67,2026-04-09 12:00:00+00:00,3
19438,39731,2013.52,2026-04-10 12:00:00+00:00,4
19439,39725,2012.78,2026-05-08 12:00:00+00:00,5
19440,39732,2013.66,2026-05-10 12:00:00+00:00,3
19441,39726,2012.89,2026-06-08 12:00:00+00:00,6
19442,39733,2013.79,2026-06-09 12:00:00+00:00,5
19443,39727,2013.01,2026-07-04 12:00:00+00:00,4
19444,39728,2013.13,2026-08-08 12:00:00+00:00,4
19445,39734,2013.94,2026-08-08 12:00:00+00:00,1
19446,39729,2013.26,2026-09-04 12:00:00+00:00,4
19447,39735,2014.09,2026-09-07 12:00:00+00:00,4
19448,39745,582.08,2026-06-30 12:00:00+00:00,4
19449,39748,582.14,2026-07-05 12:00:00+00:00,6
19450,39746,582.10,2026-07-30 12:00:00+00:00,1
19451,39749,582.16,2026-08-04 12:00:00+00:00,5
19452,39747,582.12,2026-08-29 12:00:00+00:00,4
19453,39750,582.19,2026-09-03 12:00:00+00:00,6
19454,39769,3070.32,2026-07-09 12:00:00+00:00,6
19455,39772,3070.93,2026-07-12 12:00:00+00:00,2
19456,39770,3070.52,2026-08-07 12:00:00+00:00,7
19457,39773,3071.15,2026-08-11 12:00:00+00:00,6
19458,39771,3070.72,2026-09-07 12:00:00+00:00,6
19459,39781,258.81,2026-03-07 12:00:00+00:00,4
19460,39788,258.91,2026-03-07 12:00:00+00:00,3
19461,39782,258.82,2026-04-02 12:00:00+00:00,6
19462,39783,258.84,2026-05-03 12:00:00+00:00,2
19463,39789,258.92,2026-05-06 12:00:00+00:00,2
19464,39784,258.85,2026-06-01 12:00:00+00:00,6
19465,39785,258.86,2026-06-30 12:00:00+00:00,7
19466,39790,258.94,2026-07-05 12:00:00+00:00,7
19467,39786,258.88,2026-07-31 12:00:00+00:00,7
19468,39791,258.95,2026-08-04 12:00:00+00:00,3
19469,39787,258.89,2026-08-29 12:00:00+00:00,3
19470,39792,258.97,2026-09-03 12:00:00+00:00,3
19471,39805,855.55,2026-01-17 12:00:00+00:00,6
19472,39814,856.14,2026-01-21 12:00:00+00:00,6
19473,39806,855.61,2026-02-20 12:00:00+00:00,2
19474,39807,855.67,2026-03-22 12:00:00+00:00,4
19475,39815,856.22,2026-03-22 12:00:00+00:00,7
19476,39808,855.73,2026-04-18 12:00:00+00:00,7
19477,39809,855.80,2026-05-21 12:00:00+00:00,5
19478,39816,856.25,2026-05-21 12:00:00+00:00,3
19479,39810,855.86,2026-06-17 12:00:00+00:00,3
19480,39811,855.93,2026-07-18 12:00:00+00:00,3
19481,39812,856.00,2026-08-18 12:00:00+00:00,5
19482,39813,856.07,2026-09-18 12:00:00+00:00,1
19483,39817,3568.14,2026-07-29 12:00:00+00:00,3
19484,39819,3568.68,2026-08-02 12:00:00+00:00,1
19485,39818,3568.41,2026-08-30 12:00:00+00:00,7
19486,39820,3568.97,2026-09-01 12:00:00+00:00,1
19487,39829,1503.61,2026-07-27 12:00:00+00:00,5
19488,39830,1503.67,2026-08-21 12:00:00+00:00,6
19489,39832,1503.80,2026-08-26 12:00:00+00:00,5
19490,39831,1503.74,2026-09-21 12:00:00+00:00,4
19491,39847,1699.34,2026-07-25 12:00:00+00:00,2
19492,39848,1699.42,2026-08-25 12:00:00+00:00,7
19493,39850,1699.58,2026-08-26 12:00:00+00:00,4
19494,39849,1699.50,2026-09-23 12:00:00+00:00,5
19495,39851,1699.67,2026-09-25 12:00:00+00:00,2
19496,39871,2350.31,2026-02-11 12:00:00+00:00,1
19497,39879,2351.41,2026-02-11 12:00:00+00:00,6
19498,39872,2350.44,2026-03-08 12:00:00+00:00,4
19499,39880,2351.56,2026-03-13 12:00:00+00:00,1
19500,39873,2350.56,2026-04-09 12:00:00+00:00,3
19501,39874,2350.70,2026-05-09 12:00:00+00:00,4
19502,39875,2350.83,2026-06-06 12:00:00+00:00,4
19503,39881,2351.71,2026-06-11 12:00:00+00:00,4
19504,39876,2350.97,2026-07-09 12:00:00+00:00,1
19505,39882,2351.87,2026-07-11 12:00:00+00:00,7
19506,39877,2351.11,2026-08-06 12:00:00+00:00,2
19507,39878,2351.26,2026-09-06 12:00:00+00:00,5
19508,39883,2352.04,2026-09-09 12:00:00+00:00,3
19509,39889,1844.34,2026-03-22 12:00:00+00:00,2
19510,39896,1844.92,2026-03-24 12:00:00+00:00,3
19511,39890,1844.42,2026-04-22 12:00:00+00:00,4
19512,39897,1845.00,2026-04-23 12:00:00+00:00,4
19513,39891,1844.50,2026-05-21 12:00:00+00:00,7
19514,39898,1845.09,2026-05-23 12:00:00+00:00,5
19515,39892,1844.58,2026-06-19 12:00:00+00:00,4
19516,39893,1844.66,2026-07-20 12:00:00+00:00,2
19517,39899,1845.18,2026-07-22 12:00:00+00:00,6
19518,39894,1844.74,2026-08-20 12:00:00+00:00,7
19519,39900,1845.27,2026-08-21 12:00:00+00:00,7
19520,39895,1844.83,2026-09-18 12:00:00+00:00,3
19521,39907,1142.54,2026-02-20 12:00:00+00:00,5
19522,39908,1142.58,2026-03-27 12:00:00+00:00,6
19523,39909,1142.62,2026-04-25 12:00:00+00:00,1
19524,39915,1142.90,2026-04-26 12:00:00+00:00,3
19525,39910,1142.66,2026-05-22 12:00:00+00:00,7
19526,39916,1142.95,2026-05-26 12:00:00+00:00,1
19527,39911,1142.71,2026-06-25 12:00:00+00:00,6
19528,39917,1143.00,2026-06-25 12:00:00+00:00,6
19529,39912,1142.75,2026-07-21 12:00:00+00:00,5
19530,39918,1143.05,2026-07-25 12:00:00+00:00,4
19531,39913,1142.80,2026-08-21 12:00:00+00:00,4
19532,39919,1143.11,2026-08-24 12:00:00+00:00,6
19533,39914,1142.85,2026-09-18 12:00:00+00:00,1
19534,39920,1143.16,2026-09-23 12:00:00+00:00,7
19535,39943,2411.88,2026-03-15 12:00:00+00:00,4
19536,39950,2412.67,2026-03-19 12:00:00+00:00,1
19537,39944,2411.99,2026-04-13 12:00:00+00:00,3
19538,39951,2412.79,2026-04-18 12:00:00+00:00,7
19539,39945,2412.09,2026-05-17 12:00:00+00:00,5
19540,39946,2412.21,2026-06-15 12:00:00+00:00,1
19541,39947,2412.32,2026-07-17 12:00:00+00:00,4
19542,39952,2412.92,2026-07-17 12:00:00+00:00,3
19543,39948,2412.43,2026-08-16 12:00:00+00:00,2
19544,39949,2412.55,2026-09-15 12:00:00+00:00,3
19545,39953,2413.04,2026-09-15 12:00:00+00:00,2
19546,39961,341.12,2025-12-02 12:00:00+00:00,4
19547,39962,341.14,2025-12-27 12:00:00+00:00,7
19548,39972,341.32,2026-01-01 12:00:00+00:00,4
19549,39963,341.16,2026-01-27 12:00:00+00:00,2
19550,39973,341.34,2026-01-31 12:00:00+00:00,3
19551,39964,341.17,2026-02-27 12:00:00+00:00,5
19552,39965,341.19,2026-03-27 12:00:00+00:00,6
19553,39966,341.21,2026-04-27 12:00:00+00:00,4
19554,39974,341.36,2026-05-01 12:00:00+00:00,2
19555,39967,341.23,2026-05-27 12:00:00+00:00,7
19556,39968,341.24,2026-06-27 12:00:00+00:00,6
19557,39975,341.39,2026-06-30 12:00:00+00:00,3
19558,39969,341.26,2026-07-28 12:00:00+00:00,4
19559,39976,341.41,2026-07-30 12:00:00+00:00,4
19560,39970,341.28,2026-08-24 12:00:00+00:00,2
19561,39977,341.43,2026-08-29 12:00:00+00:00,6
19562,39971,341.30,2026-09-28 12:00:00+00:00,2
19563,39978,341.45,2026-09-28 12:00:00+00:00,3
19564,39985,834.12,2025-12-27 12:00:00+00:00,7
19565,39986,834.15,2026-01-28 12:00:00+00:00,2
19566,39995,834.47,2026-01-28 12:00:00+00:00,7
19567,39987,834.18,2026-02-22 12:00:00+00:00,6
19568,39996,834.51,2026-02-27 12:00:00+00:00,3
19569,39988,834.21,2026-03-29 12:00:00+00:00,7
19570,39989,834.25,2026-04-27 12:00:00+00:00,5
19571,39997,834.55,2026-04-28 12:00:00+00:00,2
19572,39990,834.28,2026-05-28 12:00:00+00:00,7
19573,39998,834.59,2026-05-28 12:00:00+00:00,2
19574,39991,834.32,2026-06-22 12:00:00+00:00,7
19575,39999,834.64,2026-06-27 12:00:00+00:00,7
19576,39992,834.35,2026-07-25 12:00:00+00:00,6
19577,40000,834.69,2026-07-27 12:00:00+00:00,1
19578,39993,834.39,2026-08-23 12:00:00+00:00,3
19579,39994,834.43,2026-09-24 12:00:00+00:00,2
19580,40021,399.01,2026-03-28 12:00:00+00:00,3
19581,40028,399.16,2026-04-02 12:00:00+00:00,4
19582,40022,399.03,2026-04-27 12:00:00+00:00,7
19583,40023,399.05,2026-05-30 12:00:00+00:00,1
19584,40029,399.19,2026-06-01 12:00:00+00:00,5
19585,40024,399.08,2026-06-27 12:00:00+00:00,6
19586,40030,399.21,2026-07-01 12:00:00+00:00,7
19587,40025,399.10,2026-07-30 12:00:00+00:00,2
19588,40026,399.12,2026-08-29 12:00:00+00:00,2
19589,40031,399.24,2026-08-30 12:00:00+00:00,4
19590,40027,399.14,2026-09-28 12:00:00+00:00,4
19591,40045,3551.26,2026-02-07 12:00:00+00:00,6
19592,40046,3551.53,2026-03-09 12:00:00+00:00,1
19593,40053,3553.60,2026-03-10 12:00:00+00:00,3
19594,40047,3551.80,2026-04-09 12:00:00+00:00,2
19595,40054,3553.94,2026-04-09 12:00:00+00:00,3
19596,40048,3552.08,2026-05-07 12:00:00+00:00,4
19597,40049,3552.36,2026-06-07 12:00:00+00:00,1
19598,40055,3554.28,2026-06-08 12:00:00+00:00,2
19599,40050,3552.66,2026-07-07 12:00:00+00:00,4
19600,40051,3552.96,2026-08-06 12:00:00+00:00,3
19601,40056,3554.63,2026-08-07 12:00:00+00:00,4
19602,40052,3553.28,2026-09-05 12:00:00+00:00,2
19603,40057,991.18,2025-11-10 12:00:00+00:00,2
19604,40058,991.22,2025-12-11 12:00:00+00:00,5
19605,40068,991.62,2025-12-12 12:00:00+00:00,4
19606,40059,991.25,2026-01-07 12:00:00+00:00,1
19607,40060,991.29,2026-02-05 12:00:00+00:00,4
19608,40061,991.33,2026-03-07 12:00:00+00:00,6
19609,40062,991.37,2026-04-11 12:00:00+00:00,1
19610,40069,991.66,2026-04-11 12:00:00+00:00,2
19611,40063,991.41,2026-05-10 12:00:00+00:00,1
19612,40064,991.45,2026-06-08 12:00:00+00:00,6
19613,40065,991.49,2026-07-06 12:00:00+00:00,3
19614,40066,991.53,2026-08-08 12:00:00+00:00,4
19615,40067,991.57,2026-09-07 12:00:00+00:00,3
19616,40070,991.71,2026-09-08 12:00:00+00:00,2
19617,40093,1579.69,2026-01-09 12:00:00+00:00,7
19618,40094,1579.74,2026-02-06 12:00:00+00:00,5
19619,40102,1580.25,2026-02-08 12:00:00+00:00,1
19620,40095,1579.80,2026-03-09 12:00:00+00:00,5
19621,40096,1579.86,2026-04-08 12:00:00+00:00,7
19622,40103,1580.32,2026-04-09 12:00:00+00:00,4
19623,40097,1579.92,2026-05-07 12:00:00+00:00,6
19624,40098,1579.99,2026-06-06 12:00:00+00:00,6
19625,40104,1580.39,2026-06-08 12:00:00+00:00,1
19626,40099,1580.05,2026-07-03 12:00:00+00:00,6
19627,40100,1580.12,2026-08-05 12:00:00+00:00,7
19628,40105,1580.47,2026-08-07 12:00:00+00:00,2
19629,40101,1580.18,2026-09-02 12:00:00+00:00,3
19630,40129,389.46,2025-12-20 12:00:00+00:00,2
19631,40139,389.62,2025-12-23 12:00:00+00:00,2
19632,40130,389.47,2026-01-17 12:00:00+00:00,3
19633,40131,389.49,2026-02-17 12:00:00+00:00,1
19634,40132,389.50,2026-03-22 12:00:00+00:00,2
19635,40133,389.52,2026-04-18 12:00:00+00:00,3
19636,40134,389.53,2026-05-22 12:00:00+00:00,3
19637,40140,389.64,2026-05-22 12:00:00+00:00,2
19638,40135,389.55,2026-06-17 12:00:00+00:00,5
19639,40141,389.66,2026-06-21 12:00:00+00:00,4
19640,40136,389.56,2026-07-17 12:00:00+00:00,1
19641,40142,389.68,2026-07-21 12:00:00+00:00,3
19642,40137,389.58,2026-08-18 12:00:00+00:00,4
19643,40143,389.70,2026-08-20 12:00:00+00:00,7
19644,40138,389.60,2026-09-19 12:00:00+00:00,3
19645,40144,389.72,2026-09-19 12:00:00+00:00,7
19646,40165,164.34,2026-04-26 12:00:00+00:00,1
19647,40166,164.34,2026-06-05 12:00:00+00:00,7
19648,40167,164.35,2026-07-04 12:00:00+00:00,4
19649,40168,164.35,2026-07-22 12:00:00+00:00,1
19650,40201,898.70,2026-05-30 12:00:00+00:00,2
19651,40206,898.99,2026-06-02 12:00:00+00:00,3
19652,40202,898.76,2026-06-28 12:00:00+00:00,7
19653,40207,899.06,2026-07-02 12:00:00+00:00,4
19654,40203,898.81,2026-07-28 12:00:00+00:00,1
19655,40204,898.87,2026-08-30 12:00:00+00:00,5
19656,40205,898.93,2026-09-25 12:00:00+00:00,7
19657,40208,899.12,2026-09-30 12:00:00+00:00,2
19658,40219,1130.29,2026-07-22 12:00:00+00:00,5
19659,40222,1130.40,2026-07-25 12:00:00+00:00,3
19660,40220,1130.32,2026-08-19 12:00:00+00:00,5
19661,40223,1130.44,2026-08-24 12:00:00+00:00,6
19662,40221,1130.36,2026-09-18 12:00:00+00:00,5
19663,40224,1130.48,2026-09-23 12:00:00+00:00,5
19664,40255,771.14,2026-07-09 12:00:00+00:00,5
19665,40258,771.27,2026-07-09 12:00:00+00:00,6
19666,40256,771.18,2026-08-05 12:00:00+00:00,6
19667,40259,771.31,2026-08-08 12:00:00+00:00,3
19668,40257,771.23,2026-09-02 12:00:00+00:00,6
19669,40260,771.36,2026-09-07 12:00:00+00:00,1
19670,40267,1018.94,2025-11-05 12:00:00+00:00,7
19671,40268,1018.98,2025-12-04 12:00:00+00:00,3
19672,40269,1019.02,2026-01-04 12:00:00+00:00,2
19673,40270,1019.05,2026-02-03 12:00:00+00:00,1
19674,40271,1019.09,2026-03-08 12:00:00+00:00,7
19675,40278,1019.39,2026-03-08 12:00:00+00:00,5
19676,40272,1019.13,2026-04-03 12:00:00+00:00,7
19677,40273,1019.17,2026-05-05 12:00:00+00:00,6
19678,40279,1019.44,2026-05-07 12:00:00+00:00,3
19679,40274,1019.22,2026-06-03 12:00:00+00:00,1
19680,40280,1019.49,2026-06-06 12:00:00+00:00,5
19681,40275,1019.26,2026-07-05 12:00:00+00:00,3
19682,40281,1019.54,2026-07-06 12:00:00+00:00,3
19683,40276,1019.30,2026-08-05 12:00:00+00:00,7
19684,40277,1019.35,2026-08-30 12:00:00+00:00,6
19685,40282,1019.59,2026-09-04 12:00:00+00:00,2
19686,40303,1659.68,2026-06-19 12:00:00+00:00,3
19687,40307,1660.12,2026-06-22 12:00:00+00:00,7
19688,40304,1659.79,2026-07-20 12:00:00+00:00,1
19689,40308,1660.24,2026-07-22 12:00:00+00:00,7
19690,40305,1659.90,2026-08-18 12:00:00+00:00,1
19691,40306,1660.01,2026-09-20 12:00:00+00:00,3
19692,40321,2950.90,2025-11-11 12:00:00+00:00,7
19693,40322,2951.13,2025-12-08 12:00:00+00:00,3
19694,40332,2953.97,2025-12-12 12:00:00+00:00,1
19695,40323,2951.37,2026-01-10 12:00:00+00:00,4
19696,40324,2951.62,2026-02-05 12:00:00+00:00,2
19697,40325,2951.87,2026-03-10 12:00:00+00:00,3
19698,40326,2952.14,2026-04-10 12:00:00+00:00,7
19699,40327,2952.41,2026-05-06 12:00:00+00:00,1
19700,40328,2952.69,2026-06-08 12:00:00+00:00,7
19701,40329,2952.98,2026-07-06 12:00:00+00:00,1
19702,40330,2953.29,2026-08-04 12:00:00+00:00,1
19703,40331,2953.60,2026-09-07 12:00:00+00:00,5
19704,40333,1475.93,2026-03-19 12:00:00+00:00,2
19705,40334,1476.01,2026-04-20 12:00:00+00:00,4
19706,40335,1476.09,2026-05-21 12:00:00+00:00,1
19707,40336,1476.17,2026-06-20 12:00:00+00:00,3
19708,40337,1476.26,2026-07-14 12:00:00+00:00,5
19709,40338,1476.35,2026-08-06 12:00:00+00:00,7
19710,40357,1258.97,2026-06-15 12:00:00+00:00,6
19711,40358,1259.04,2026-07-17 12:00:00+00:00,6
19712,40359,1259.10,2026-08-11 12:00:00+00:00,2
19713,40360,1259.17,2026-09-13 12:00:00+00:00,7
19714,40361,1259.24,2026-09-15 12:00:00+00:00,4
19715,40381,2930.69,2025-11-28 12:00:00+00:00,6
19716,40382,2930.88,2025-12-31 12:00:00+00:00,5
19717,40383,2931.07,2026-01-26 12:00:00+00:00,6
19718,40384,2931.27,2026-02-18 12:00:00+00:00,3
19719,40385,2931.48,2026-03-26 12:00:00+00:00,6
19720,40386,2931.69,2026-04-24 12:00:00+00:00,2
19721,40387,2931.92,2026-05-17 12:00:00+00:00,5
19722,40388,2932.14,2026-06-27 12:00:00+00:00,7
19723,40389,2932.38,2026-07-30 12:00:00+00:00,1
19724,40399,1501.72,2026-05-10 12:00:00+00:00,1
19725,40400,1501.81,2026-06-06 12:00:00+00:00,1
19726,40401,1501.90,2026-07-06 12:00:00+00:00,6
19727,40404,1502.20,2026-07-10 12:00:00+00:00,6
19728,40402,1502.00,2026-08-07 12:00:00+00:00,4
19729,40403,1502.10,2026-09-05 12:00:00+00:00,3
19730,40411,143.96,2026-04-10 12:00:00+00:00,7
19731,40412,143.97,2026-05-17 12:00:00+00:00,7
19732,40413,143.97,2026-06-12 12:00:00+00:00,6
19733,40414,143.98,2026-07-08 12:00:00+00:00,5
19734,40415,143.99,2026-08-13 12:00:00+00:00,3
19735,40435,1021.65,2026-04-10 12:00:00+00:00,3
19736,40436,1021.70,2026-05-13 12:00:00+00:00,7
19737,40441,1021.98,2026-05-15 12:00:00+00:00,1
19738,40437,1021.75,2026-06-09 12:00:00+00:00,7
19739,40438,1021.81,2026-07-14 12:00:00+00:00,1
19740,40439,1021.87,2026-08-09 12:00:00+00:00,6
19741,40440,1021.92,2026-09-07 12:00:00+00:00,1
19742,40442,1022.04,2026-09-12 12:00:00+00:00,3
19743,40459,185.50,2026-07-02 12:00:00+00:00,7
19744,40460,185.51,2026-08-02 12:00:00+00:00,4
19745,40462,185.53,2026-08-06 12:00:00+00:00,2
19746,40461,185.52,2026-09-02 12:00:00+00:00,5
19747,40463,185.54,2026-09-05 12:00:00+00:00,4
19748,40483,2323.58,2026-01-17 12:00:00+00:00,3
19749,40492,2325.05,2026-01-20 12:00:00+00:00,4
19750,40484,2323.73,2026-02-15 12:00:00+00:00,5
19751,40493,2325.23,2026-02-19 12:00:00+00:00,1
19752,40485,2323.88,2026-03-20 12:00:00+00:00,4
19753,40486,2324.04,2026-04-17 12:00:00+00:00,4
19754,40494,2325.38,2026-04-20 12:00:00+00:00,1
19755,40487,2324.20,2026-05-17 12:00:00+00:00,1
19756,40488,2324.36,2026-06-14 12:00:00+00:00,1
19757,40489,2324.52,2026-07-15 12:00:00+00:00,4
19758,40490,2324.70,2026-08-13 12:00:00+00:00,6
19759,40491,2324.87,2026-09-14 12:00:00+00:00,6
19760,40495,718.58,2026-06-23 12:00:00+00:00,3
19761,40499,718.77,2026-06-28 12:00:00+00:00,6
19762,40496,718.63,2026-07-24 12:00:00+00:00,7
19763,40500,718.83,2026-07-28 12:00:00+00:00,2
19764,40497,718.68,2026-08-26 12:00:00+00:00,4
19765,40498,718.72,2026-09-22 12:00:00+00:00,2
19766,40501,718.88,2026-09-26 12:00:00+00:00,7
19767,40507,1587.15,2026-05-29 12:00:00+00:00,4
19768,40511,1587.48,2026-06-03 12:00:00+00:00,2
19769,40508,1587.23,2026-06-28 12:00:00+00:00,6
19770,40512,1587.56,2026-07-03 12:00:00+00:00,1
19771,40509,1587.31,2026-08-01 12:00:00+00:00,4
19772,40513,1587.65,2026-08-02 12:00:00+00:00,1
19773,40510,1587.39,2026-08-31 12:00:00+00:00,7
19774,40514,1587.74,2026-09-01 12:00:00+00:00,7
19775,40531,980.36,2026-03-01 12:00:00+00:00,6
19776,40532,980.40,2026-03-30 12:00:00+00:00,7
19777,40539,980.77,2026-04-03 12:00:00+00:00,6
19778,40533,980.45,2026-04-28 12:00:00+00:00,4
19779,40534,980.50,2026-06-01 12:00:00+00:00,7
19780,40540,980.82,2026-06-02 12:00:00+00:00,1
19781,40535,980.55,2026-06-30 12:00:00+00:00,6
19782,40541,980.88,2026-07-02 12:00:00+00:00,7
19783,40536,980.60,2026-07-31 12:00:00+00:00,1
19784,40542,980.94,2026-08-01 12:00:00+00:00,3
19785,40537,980.66,2026-08-29 12:00:00+00:00,2
19786,40538,980.71,2026-09-25 12:00:00+00:00,7
19787,40543,981.00,2026-09-30 12:00:00+00:00,5
19788,40555,626.59,2026-06-17 12:00:00+00:00,5
19789,40556,626.61,2026-07-14 12:00:00+00:00,5
19790,40557,626.64,2026-08-13 12:00:00+00:00,1
19791,40558,626.66,2026-09-14 12:00:00+00:00,2
19792,40559,626.69,2026-09-16 12:00:00+00:00,1
19793,40573,888.25,2025-12-07 12:00:00+00:00,4
19794,40574,888.28,2026-01-05 12:00:00+00:00,7
19795,40575,888.31,2026-02-08 12:00:00+00:00,6
19796,40583,888.57,2026-02-08 12:00:00+00:00,2
19797,40576,888.34,2026-03-10 12:00:00+00:00,1
19798,40584,888.60,2026-03-10 12:00:00+00:00,6
19799,40577,888.37,2026-04-07 12:00:00+00:00,3
19800,40585,888.63,2026-04-09 12:00:00+00:00,2
19801,40578,888.40,2026-05-08 12:00:00+00:00,6
19802,40586,888.67,2026-05-09 12:00:00+00:00,6
19803,40579,888.43,2026-06-05 12:00:00+00:00,6
19804,40587,888.71,2026-06-08 12:00:00+00:00,6
19805,40580,888.47,2026-07-08 12:00:00+00:00,7
19806,40581,888.50,2026-08-02 12:00:00+00:00,6
19807,40588,888.74,2026-08-07 12:00:00+00:00,1
19808,40582,888.53,2026-09-05 12:00:00+00:00,3
19809,40589,888.78,2026-09-06 12:00:00+00:00,3
19810,40609,2160.78,2026-01-22 12:00:00+00:00,6
19811,40618,2161.88,2026-01-25 12:00:00+00:00,6
19812,40610,2160.89,2026-02-22 12:00:00+00:00,2
19813,40619,2162.01,2026-02-24 12:00:00+00:00,3
19814,40611,2161.01,2026-03-25 12:00:00+00:00,2
19815,40620,2162.15,2026-03-26 12:00:00+00:00,4
19816,40612,2161.12,2026-04-20 12:00:00+00:00,2
19817,40621,2162.30,2026-04-25 12:00:00+00:00,7
19818,40613,2161.24,2026-05-22 12:00:00+00:00,2
19819,40622,2162.44,2026-05-25 12:00:00+00:00,6
19820,40614,2161.36,2026-06-22 12:00:00+00:00,1
19821,40623,2162.59,2026-06-24 12:00:00+00:00,5
19822,40615,2161.49,2026-07-23 12:00:00+00:00,3
19823,40624,2162.74,2026-07-24 12:00:00+00:00,3
19824,40616,2161.62,2026-08-20 12:00:00+00:00,5
19825,40625,2162.90,2026-08-23 12:00:00+00:00,6
19826,40617,2161.75,2026-09-22 12:00:00+00:00,2
19827,40627,1739.94,2026-04-26 12:00:00+00:00,1
19828,40633,1740.65,2026-04-27 12:00:00+00:00,2
19829,40628,1740.05,2026-05-26 12:00:00+00:00,7
19830,40634,1740.78,2026-05-27 12:00:00+00:00,3
19831,40629,1740.17,2026-06-23 12:00:00+00:00,5
19832,40635,1740.92,2026-06-26 12:00:00+00:00,1
19833,40630,1740.28,2026-07-24 12:00:00+00:00,2
19834,40631,1740.40,2026-08-25 12:00:00+00:00,5
19835,40636,1741.05,2026-08-25 12:00:00+00:00,7
19836,40632,1740.52,2026-09-19 12:00:00+00:00,4
19837,40637,1741.20,2026-09-24 12:00:00+00:00,7
19838,40645,1482.69,2025-12-29 12:00:00+00:00,4
19839,40655,1483.58,2026-01-03 12:00:00+00:00,1
19840,40646,1482.77,2026-02-01 12:00:00+00:00,5
19841,40656,1483.69,2026-02-02 12:00:00+00:00,5
19842,40647,1482.85,2026-03-02 12:00:00+00:00,3
19843,40648,1482.93,2026-04-02 12:00:00+00:00,2
19844,40649,1483.01,2026-05-03 12:00:00+00:00,4
19845,40657,1483.80,2026-05-03 12:00:00+00:00,7
19846,40650,1483.10,2026-06-02 12:00:00+00:00,3
19847,40658,1483.91,2026-06-02 12:00:00+00:00,2
19848,40651,1483.19,2026-07-02 12:00:00+00:00,1
19849,40652,1483.28,2026-07-28 12:00:00+00:00,7
19850,40659,1484.02,2026-08-01 12:00:00+00:00,3
19851,40653,1483.38,2026-08-31 12:00:00+00:00,2
19852,40660,1484.14,2026-08-31 12:00:00+00:00,7
19853,40654,1483.48,2026-09-25 12:00:00+00:00,1
19854,40669,1635.30,2026-03-22 12:00:00+00:00,1
19855,40676,1635.75,2026-03-26 12:00:00+00:00,2
19856,40670,1635.36,2026-04-25 12:00:00+00:00,3
19857,40677,1635.83,2026-04-25 12:00:00+00:00,1
19858,40671,1635.42,2026-05-25 12:00:00+00:00,4
19859,40672,1635.48,2026-06-20 12:00:00+00:00,2
19860,40673,1635.55,2026-07-24 12:00:00+00:00,6
19861,40674,1635.61,2026-08-19 12:00:00+00:00,2
19862,40675,1635.68,2026-09-19 12:00:00+00:00,3
19863,40705,1497.31,2025-12-14 12:00:00+00:00,3
19864,40706,1497.41,2026-01-13 12:00:00+00:00,3
19865,40707,1497.50,2026-02-13 12:00:00+00:00,2
19866,40708,1497.60,2026-03-18 12:00:00+00:00,2
19867,40715,1498.41,2026-03-18 12:00:00+00:00,2
19868,40709,1497.71,2026-04-15 12:00:00+00:00,7
19869,40716,1498.54,2026-04-17 12:00:00+00:00,3
19870,40710,1497.82,2026-05-12 12:00:00+00:00,3
19871,40717,1498.67,2026-05-17 12:00:00+00:00,7
19872,40711,1497.93,2026-06-12 12:00:00+00:00,2
19873,40712,1498.04,2026-07-12 12:00:00+00:00,5
19874,40713,1498.16,2026-08-15 12:00:00+00:00,6
19875,40714,1498.28,2026-09-11 12:00:00+00:00,5
19876,40723,843.92,2026-05-05 12:00:00+00:00,3
19877,40728,844.19,2026-05-06 12:00:00+00:00,7
19878,40724,843.97,2026-06-04 12:00:00+00:00,4
19879,40729,844.25,2026-06-05 12:00:00+00:00,6
19880,40725,844.02,2026-06-30 12:00:00+00:00,2
19881,40726,844.08,2026-07-31 12:00:00+00:00,1
19882,40727,844.13,2026-09-01 12:00:00+00:00,6
19883,40741,2237.40,2026-05-27 12:00:00+00:00,6
19884,40742,2237.54,2026-06-13 12:00:00+00:00,5
19885,40743,2237.69,2026-07-21 12:00:00+00:00,2
19886,40744,2237.83,2026-08-19 12:00:00+00:00,7
19887,40753,3664.33,2026-06-08 12:00:00+00:00,5
19888,40754,3664.58,2026-07-09 12:00:00+00:00,7
19889,40755,3664.82,2026-08-07 12:00:00+00:00,4
19890,40757,3665.34,2026-08-11 12:00:00+00:00,2
19891,40756,3665.08,2026-09-08 12:00:00+00:00,4
19892,40765,262.02,2026-05-31 12:00:00+00:00,7
19893,40766,262.03,2026-07-06 12:00:00+00:00,3
19894,40767,262.04,2026-07-25 12:00:00+00:00,1
19895,40768,262.05,2026-08-24 12:00:00+00:00,6
19896,40801,1766.47,2026-06-23 12:00:00+00:00,4
19897,40805,1766.86,2026-06-26 12:00:00+00:00,2
19898,40802,1766.57,2026-07-23 12:00:00+00:00,1
19899,40803,1766.66,2026-08-22 12:00:00+00:00,6
19900,40804,1766.76,2026-09-23 12:00:00+00:00,5
19901,40813,1694.19,2026-02-17 12:00:00+00:00,1
19902,40821,1694.93,2026-02-17 12:00:00+00:00,5
19903,40814,1694.28,2026-03-17 12:00:00+00:00,4
19904,40815,1694.36,2026-04-14 12:00:00+00:00,1
19905,40822,1695.03,2026-04-18 12:00:00+00:00,4
19906,40816,1694.45,2026-05-17 12:00:00+00:00,7
19907,40823,1695.14,2026-05-18 12:00:00+00:00,1
19908,40817,1694.54,2026-06-13 12:00:00+00:00,3
19909,40824,1695.25,2026-06-17 12:00:00+00:00,1
19910,40818,1694.64,2026-07-15 12:00:00+00:00,2
19911,40825,1695.36,2026-07-17 12:00:00+00:00,4
19912,40819,1694.73,2026-08-11 12:00:00+00:00,4
19913,40826,1695.48,2026-08-16 12:00:00+00:00,3
19914,40820,1694.83,2026-09-15 12:00:00+00:00,4
19915,40827,1695.60,2026-09-15 12:00:00+00:00,2
19916,40837,1183.04,2026-03-27 12:00:00+00:00,2
19917,40838,1183.11,2026-04-22 12:00:00+00:00,7
19918,40844,1183.59,2026-04-27 12:00:00+00:00,3
19919,40839,1183.19,2026-05-26 12:00:00+00:00,4
19920,40845,1183.68,2026-05-27 12:00:00+00:00,6
19921,40840,1183.26,2026-06-24 12:00:00+00:00,4
19922,40846,1183.77,2026-06-26 12:00:00+00:00,6
19923,40841,1183.34,2026-07-24 12:00:00+00:00,7
19924,40842,1183.42,2026-08-25 12:00:00+00:00,7
19925,40843,1183.51,2026-09-20 12:00:00+00:00,3
19926,40847,1183.86,2026-09-24 12:00:00+00:00,3
19927,40855,577.48,2026-04-29 12:00:00+00:00,6
19928,40861,577.65,2026-05-02 12:00:00+00:00,2
19929,40856,577.51,2026-05-28 12:00:00+00:00,6
19930,40857,577.54,2026-07-01 12:00:00+00:00,3
19931,40862,577.68,2026-07-01 12:00:00+00:00,2
19932,40858,577.56,2026-07-30 12:00:00+00:00,7
19933,40859,577.59,2026-08-28 12:00:00+00:00,6
19934,40863,577.71,2026-08-30 12:00:00+00:00,1
19935,40860,577.62,2026-09-24 12:00:00+00:00,7
19936,40864,577.74,2026-09-29 12:00:00+00:00,4
19937,40879,694.04,2026-03-10 12:00:00+00:00,1
19938,40886,694.19,2026-03-15 12:00:00+00:00,7
19939,40880,694.06,2026-04-12 12:00:00+00:00,7
19940,40881,694.08,2026-05-10 12:00:00+00:00,5
19941,40887,694.22,2026-05-14 12:00:00+00:00,6
19942,40882,694.10,2026-06-09 12:00:00+00:00,2
19943,40883,694.12,2026-07-12 12:00:00+00:00,3
19944,40888,694.24,2026-07-13 12:00:00+00:00,7
19945,40884,694.15,2026-08-07 12:00:00+00:00,5
19946,40889,694.27,2026-08-12 12:00:00+00:00,5
19947,40885,694.17,2026-09-08 12:00:00+00:00,1
19948,40890,694.29,2026-09-11 12:00:00+00:00,7
19949,40915,570.06,2026-03-26 12:00:00+00:00,5
19950,40922,570.29,2026-03-28 12:00:00+00:00,3
19951,40916,570.09,2026-04-27 12:00:00+00:00,7
19952,40917,570.12,2026-05-26 12:00:00+00:00,2
19953,40918,570.15,2026-06-22 12:00:00+00:00,5
19954,40919,570.18,2026-07-23 12:00:00+00:00,1
19955,40920,570.22,2026-08-25 12:00:00+00:00,6
19956,40923,570.33,2026-08-25 12:00:00+00:00,7
19957,40921,570.25,2026-09-21 12:00:00+00:00,4
19958,40924,570.37,2026-09-24 12:00:00+00:00,2
19959,40939,1625.48,2025-12-31 12:00:00+00:00,5
19960,40949,1626.46,2026-01-03 12:00:00+00:00,1
19961,40940,1625.57,2026-01-29 12:00:00+00:00,7
19962,40950,1626.58,2026-02-02 12:00:00+00:00,5
19963,40941,1625.66,2026-03-04 12:00:00+00:00,4
19964,40951,1626.70,2026-03-04 12:00:00+00:00,7
19965,40942,1625.75,2026-04-03 12:00:00+00:00,2
19966,40943,1625.84,2026-05-01 12:00:00+00:00,6
19967,40944,1625.94,2026-05-29 12:00:00+00:00,2
19968,40945,1626.03,2026-07-02 12:00:00+00:00,7
19969,40952,1626.82,2026-07-02 12:00:00+00:00,2
19970,40946,1626.14,2026-08-01 12:00:00+00:00,5
19971,40953,1626.95,2026-08-01 12:00:00+00:00,2
19972,40947,1626.24,2026-08-30 12:00:00+00:00,5
19973,40954,1627.08,2026-08-31 12:00:00+00:00,7
19974,40948,1626.35,2026-09-26 12:00:00+00:00,3
19975,40963,599.33,2026-04-26 12:00:00+00:00,4
19976,40964,599.35,2026-05-22 12:00:00+00:00,7
19977,40965,599.37,2026-06-24 12:00:00+00:00,3
19978,40969,599.46,2026-06-25 12:00:00+00:00,3
19979,40966,599.39,2026-07-21 12:00:00+00:00,2
19980,40970,599.49,2026-07-25 12:00:00+00:00,4
19981,40967,599.42,2026-08-20 12:00:00+00:00,6
19982,40971,599.51,2026-08-24 12:00:00+00:00,4
19983,40968,599.44,2026-09-18 12:00:00+00:00,1
19984,40972,599.53,2026-09-23 12:00:00+00:00,3
19985,40999,2192.89,2025-12-01 12:00:00+00:00,1
19986,41009,2194.87,2025-12-05 12:00:00+00:00,3
19987,41000,2193.06,2026-01-02 12:00:00+00:00,1
19988,41010,2195.06,2026-01-04 12:00:00+00:00,6
19989,41001,2193.24,2026-01-31 12:00:00+00:00,7
19990,41002,2193.42,2026-03-03 12:00:00+00:00,6
19991,41003,2193.61,2026-04-02 12:00:00+00:00,4
19992,41004,2193.80,2026-05-04 12:00:00+00:00,4
19993,41005,2194.00,2026-05-30 12:00:00+00:00,2
19994,41006,2194.21,2026-06-30 12:00:00+00:00,3
19995,41007,2194.42,2026-07-30 12:00:00+00:00,5
19996,41008,2194.64,2026-08-31 12:00:00+00:00,4
19997,41011,1095.44,2026-04-20 12:00:00+00:00,3
19998,41012,1095.49,2026-05-19 12:00:00+00:00,5
19999,41013,1095.53,2026-06-20 12:00:00+00:00,1
20000,41014,1095.58,2026-07-16 12:00:00+00:00,4
20001,41017,1095.73,2026-07-21 12:00:00+00:00,1
20002,41015,1095.63,2026-08-17 12:00:00+00:00,1
20003,41016,1095.68,2026-09-14 12:00:00+00:00,1
20004,41018,1095.78,2026-09-19 12:00:00+00:00,6
20005,41035,1108.20,2026-03-28 12:00:00+00:00,2
20006,41042,1108.87,2026-03-30 12:00:00+00:00,6
20007,41036,1108.29,2026-04-24 12:00:00+00:00,6
20008,41037,1108.37,2026-05-25 12:00:00+00:00,1
20009,41043,1108.98,2026-05-29 12:00:00+00:00,2
20010,41038,1108.47,2026-06-28 12:00:00+00:00,3
20011,41044,1109.09,2026-06-28 12:00:00+00:00,6
20012,41039,1108.56,2026-07-25 12:00:00+00:00,6
20013,41045,1109.21,2026-07-28 12:00:00+00:00,5
20014,41040,1108.66,2026-08-27 12:00:00+00:00,7
20015,41041,1108.76,2026-09-24 12:00:00+00:00,3
20016,41046,1109.25,2026-09-26 12:00:00+00:00,6
20017,41047,3429.60,2026-05-02 12:00:00+00:00,3
20018,41053,3431.38,2026-05-03 12:00:00+00:00,2
20019,41048,3429.87,2026-05-30 12:00:00+00:00,7
20020,41049,3430.16,2026-06-30 12:00:00+00:00,2
20021,41050,3430.45,2026-08-01 12:00:00+00:00,7
20022,41054,3431.71,2026-08-01 12:00:00+00:00,4
20023,41051,3430.75,2026-08-26 12:00:00+00:00,1
20024,41052,3431.06,2026-09-26 12:00:00+00:00,5
20025,41055,3432.05,2026-09-30 12:00:00+00:00,6
20026,41059,2341.90,2026-07-09 12:00:00+00:00,5
20027,41060,2342.01,2026-08-09 12:00:00+00:00,3
20028,41061,2342.12,2026-09-09 12:00:00+00:00,2
20029,41077,1232.87,2025-12-21 12:00:00+00:00,4
20030,41078,1232.93,2026-01-20 12:00:00+00:00,1
20031,41079,1232.98,2026-02-17 12:00:00+00:00,7
20032,41080,1233.04,2026-03-30 12:00:00+00:00,6
20033,41081,1233.10,2026-04-28 12:00:00+00:00,7
20034,41082,1233.16,2026-05-15 12:00:00+00:00,4
20035,41083,1233.22,2026-06-27 12:00:00+00:00,4
20036,41084,1233.29,2026-07-27 12:00:00+00:00,1
20037,41085,1233.35,2026-08-22 12:00:00+00:00,4
20038,41101,856.12,2026-06-14 12:00:00+00:00,6
20039,41105,856.29,2026-06-14 12:00:00+00:00,7
20040,41102,856.16,2026-07-13 12:00:00+00:00,3
20041,41106,856.34,2026-07-14 12:00:00+00:00,5
20042,41103,856.20,2026-08-12 12:00:00+00:00,2
20043,41104,856.25,2026-09-09 12:00:00+00:00,1
20044,41113,679.30,2026-02-05 12:00:00+00:00,5
20045,41121,679.51,2026-02-09 12:00:00+00:00,1
20046,41114,679.32,2026-03-11 12:00:00+00:00,3
20047,41122,679.54,2026-03-11 12:00:00+00:00,4
20048,41115,679.35,2026-04-07 12:00:00+00:00,2
20049,41116,679.37,2026-05-05 12:00:00+00:00,6
20050,41123,679.57,2026-05-10 12:00:00+00:00,1
20051,41117,679.40,2026-06-07 12:00:00+00:00,7
20052,41124,679.60,2026-06-09 12:00:00+00:00,4
20053,41118,679.43,2026-07-09 12:00:00+00:00,5
20054,41125,679.63,2026-07-09 12:00:00+00:00,1
20055,41119,679.45,2026-08-03 12:00:00+00:00,7
20056,41126,679.67,2026-08-08 12:00:00+00:00,7
20057,41120,679.48,2026-09-04 12:00:00+00:00,5
20058,41149,1696.37,2026-05-13 12:00:00+00:00,7
20059,41154,1696.78,2026-05-14 12:00:00+00:00,5
20060,41150,1696.45,2026-06-13 12:00:00+00:00,2
20061,41151,1696.53,2026-07-08 12:00:00+00:00,6
20062,41155,1696.87,2026-07-13 12:00:00+00:00,1
20063,41152,1696.61,2026-08-07 12:00:00+00:00,7
20064,41156,1696.96,2026-08-12 12:00:00+00:00,7
20065,41153,1696.70,2026-09-09 12:00:00+00:00,6
20066,41173,1235.87,2026-04-19 12:00:00+00:00,6
20067,41174,1235.92,2026-05-19 12:00:00+00:00,5
20068,41179,1236.23,2026-05-23 12:00:00+00:00,7
20069,41175,1235.98,2026-06-22 12:00:00+00:00,4
20070,41176,1236.04,2026-07-22 12:00:00+00:00,4
20071,41180,1236.30,2026-07-22 12:00:00+00:00,5
20072,41177,1236.11,2026-08-17 12:00:00+00:00,2
20073,41181,1236.37,2026-08-21 12:00:00+00:00,7
20074,41178,1236.17,2026-09-17 12:00:00+00:00,2
20075,41182,1236.44,2026-09-20 12:00:00+00:00,5
20076,41197,2129.62,2026-01-15 12:00:00+00:00,2
20077,41198,2129.73,2026-02-14 12:00:00+00:00,6
20078,41206,2130.69,2026-02-18 12:00:00+00:00,6
20079,41199,2129.84,2026-03-19 12:00:00+00:00,3
20080,41200,2129.96,2026-04-15 12:00:00+00:00,4
20081,41207,2130.82,2026-04-19 12:00:00+00:00,5
20082,41201,2130.08,2026-05-16 12:00:00+00:00,7
20083,41202,2130.19,2026-06-16 12:00:00+00:00,1
20084,41203,2130.32,2026-07-18 12:00:00+00:00,1
20085,41208,2130.96,2026-07-18 12:00:00+00:00,6
20086,41204,2130.44,2026-08-12 12:00:00+00:00,4
20087,41205,2130.57,2026-09-12 12:00:00+00:00,5
20088,41209,1186.27,2026-07-25 12:00:00+00:00,7
20089,41210,1186.31,2026-08-31 12:00:00+00:00,5
20090,41245,939.41,2026-02-07 12:00:00+00:00,4
20091,41253,939.80,2026-02-07 12:00:00+00:00,1
20092,41246,939.46,2026-03-07 12:00:00+00:00,1
20093,41247,939.50,2026-04-04 12:00:00+00:00,5
20094,41254,939.86,2026-04-08 12:00:00+00:00,1
20095,41248,939.55,2026-05-08 12:00:00+00:00,3
20096,41249,939.60,2026-06-05 12:00:00+00:00,2
20097,41250,939.65,2026-07-07 12:00:00+00:00,6
20098,41255,939.91,2026-07-07 12:00:00+00:00,3
20099,41251,939.70,2026-08-06 12:00:00+00:00,2
20100,41256,939.97,2026-08-06 12:00:00+00:00,7
20101,41252,939.75,2026-09-03 12:00:00+00:00,5
20102,41257,940.03,2026-09-05 12:00:00+00:00,1
20103,41269,387.52,2026-03-01 12:00:00+00:00,7
20104,41277,387.64,2026-03-02 12:00:00+00:00,7
20105,41270,387.53,2026-03-28 12:00:00+00:00,7
20106,41271,387.54,2026-04-27 12:00:00+00:00,6
20107,41272,387.56,2026-05-27 12:00:00+00:00,7
20108,41278,387.65,2026-05-31 12:00:00+00:00,7
20109,41273,387.57,2026-06-26 12:00:00+00:00,1
20110,41274,387.59,2026-07-26 12:00:00+00:00,3
20111,41275,387.60,2026-08-26 12:00:00+00:00,5
20112,41276,387.62,2026-09-24 12:00:00+00:00,7
20113,41279,387.67,2026-09-28 12:00:00+00:00,5
20114,41305,301.44,2025-11-04 12:00:00+00:00,7
20115,41306,301.46,2025-12-06 12:00:00+00:00,3
20116,41316,301.69,2025-12-09 12:00:00+00:00,3
20117,41307,301.48,2026-01-03 12:00:00+00:00,4
20118,41308,301.50,2026-02-02 12:00:00+00:00,1
20119,41309,301.52,2026-03-06 12:00:00+00:00,7
20120,41317,301.72,2026-03-09 12:00:00+00:00,3
20121,41310,301.54,2026-04-04 12:00:00+00:00,3
20122,41318,301.75,2026-04-08 12:00:00+00:00,3
20123,41311,301.56,2026-05-03 12:00:00+00:00,1
20124,41319,301.78,2026-05-08 12:00:00+00:00,5
20125,41312,301.59,2026-06-05 12:00:00+00:00,5
20126,41313,301.61,2026-07-06 12:00:00+00:00,5
20127,41320,301.81,2026-07-07 12:00:00+00:00,1
20128,41314,301.64,2026-08-03 12:00:00+00:00,5
20129,41315,301.66,2026-08-31 12:00:00+00:00,4
20130,41321,301.84,2026-09-05 12:00:00+00:00,2
20131,41323,1103.07,2025-12-12 12:00:00+00:00,5
20132,41324,1103.12,2026-01-15 12:00:00+00:00,4
20133,41325,1103.18,2026-02-14 12:00:00+00:00,5
20134,41333,1103.70,2026-02-14 12:00:00+00:00,6
20135,41326,1103.24,2026-03-15 12:00:00+00:00,6
20136,41334,1103.78,2026-03-16 12:00:00+00:00,2
20137,41327,1103.30,2026-04-14 12:00:00+00:00,7
20138,41328,1103.36,2026-05-12 12:00:00+00:00,5
20139,41335,1103.85,2026-05-15 12:00:00+00:00,3
20140,41329,1103.43,2026-06-11 12:00:00+00:00,6
20141,41336,1103.93,2026-06-14 12:00:00+00:00,1
20142,41330,1103.49,2026-07-12 12:00:00+00:00,4
20143,41331,1103.56,2026-08-10 12:00:00+00:00,7
20144,41337,1104.01,2026-08-13 12:00:00+00:00,6
20145,41332,1103.63,2026-09-09 12:00:00+00:00,6
20146,41347,748.71,2026-03-28 12:00:00+00:00,6
20147,41354,748.95,2026-04-01 12:00:00+00:00,6
20148,41348,748.74,2026-04-29 12:00:00+00:00,1
20149,41349,748.77,2026-05-28 12:00:00+00:00,5
20150,41355,748.99,2026-05-31 12:00:00+00:00,4
20151,41350,748.81,2026-06-28 12:00:00+00:00,3
20152,41356,749.03,2026-06-30 12:00:00+00:00,3
20153,41351,748.84,2026-07-27 12:00:00+00:00,2
20154,41357,749.07,2026-07-30 12:00:00+00:00,3
20155,41352,748.88,2026-08-26 12:00:00+00:00,3
20156,41353,748.91,2026-09-24 12:00:00+00:00,1
20157,41358,749.11,2026-09-28 12:00:00+00:00,2
20158,41371,1883.28,2025-12-31 12:00:00+00:00,6
20159,41372,1883.36,2026-01-31 12:00:00+00:00,4
20160,41381,1884.15,2026-02-01 12:00:00+00:00,2
20161,41373,1883.44,2026-02-27 12:00:00+00:00,3
20162,41382,1884.24,2026-03-03 12:00:00+00:00,5
20163,41374,1883.52,2026-03-29 12:00:00+00:00,5
20164,41383,1884.34,2026-04-02 12:00:00+00:00,2
20165,41375,1883.60,2026-05-02 12:00:00+00:00,6
20166,41376,1883.69,2026-05-30 12:00:00+00:00,7
20167,41377,1883.78,2026-07-01 12:00:00+00:00,2
20168,41378,1883.87,2026-07-29 12:00:00+00:00,7
20169,41384,1884.44,2026-07-31 12:00:00+00:00,2
20170,41379,1883.96,2026-08-27 12:00:00+00:00,7
20171,41380,1884.05,2026-09-27 12:00:00+00:00,4
20172,41385,1884.54,2026-09-29 12:00:00+00:00,3
20173,41395,3238.87,2026-07-18 12:00:00+00:00,7
20174,41396,3239.08,2026-08-19 12:00:00+00:00,6
20175,41398,3239.53,2026-08-20 12:00:00+00:00,4
20176,41397,3239.30,2026-09-18 12:00:00+00:00,6
20177,41399,3239.76,2026-09-19 12:00:00+00:00,5
20178,41407,606.74,2026-02-14 12:00:00+00:00,4
20179,41415,607.07,2026-02-14 12:00:00+00:00,3
20180,41408,606.78,2026-03-13 12:00:00+00:00,5
20181,41409,606.81,2026-04-14 12:00:00+00:00,4
20182,41416,607.12,2026-04-15 12:00:00+00:00,6
20183,41410,606.85,2026-05-14 12:00:00+00:00,3
20184,41411,606.89,2026-06-10 12:00:00+00:00,7
20185,41412,606.94,2026-07-14 12:00:00+00:00,5
20186,41417,607.17,2026-07-14 12:00:00+00:00,7
20187,41413,606.98,2026-08-08 12:00:00+00:00,5
20188,41418,607.22,2026-08-13 12:00:00+00:00,1
20189,41414,607.02,2026-09-08 12:00:00+00:00,1
20190,41419,607.27,2026-09-12 12:00:00+00:00,3
