solicitud_id,cliente_id,producto_id,monto_solicitado,plazo_meses,fecha_solicitud,estado
1,ed378b50-7efd-4a75-a34c-1f7b845c3373,9,21982.43,12,2026-04-24 15:00:00+00:00,APROBADO
2,8b2137c5-d11d-49f5-815d-21833b703054,9,38928.06,12,2025-12-13 15:00:00+00:00,APROBADO
3,58839608-0e8f-4ba8-baf8-99e99704c5c9,9,3619.97,18,2026-05-14 16:00:00+00:00,APROBADO
4,7bdfb8d0-764b-4a28-8b8f-199deebdf91d,9,24416.78,24,2026-03-25 11:00:00+00:00,APROBADO
5,c2d5d197-d40d-43d1-af78-da04eddd7adc,9,15300.05,18,2025-12-16 16:00:00+00:00,APROBADO
6,b7d812b9-76bb-4d57-bd83-a7d948f96ca9,9,4070.25,24,2025-11-13 11:00:00+00:00,APROBADO
7,c809d203-27ab-4ad0-a5bc-79479993301b,9,18965.72,36,2026-06-10 11:00:00+00:00,APROBADO
8,12a2f174-2076-4ea1-97c5-f8ea773004eb,9,14459.80,36,2026-03-06 16:00:00+00:00,APROBADO
9,ed2db1c3-a69b-4730-8991-8a5fdf41d007,9,26961.28,18,2025-10-12 09:00:00+00:00,APROBADO
10,fda74fdf-4b27-4821-a1e3-2f0f26d1bf44,9,33415.12,18,2026-05-05 09:00:00+00:00,APROBADO
11,65102ef2-922d-42e5-ba52-425534ef08f5,9,30318.69,36,2026-04-05 13:00:00+00:00,APROBADO
12,5f23419b-46de-4a75-952e-31490957f585,9,14614.44,24,2026-01-13 15:00:00+00:00,APROBADO
13,51b6cbe6-c795-4c8f-a430-0080ee1f82fc,9,36122.36,24,2026-04-04 13:00:00+00:00,APROBADO
14,252b69d9-2d45-4f1e-bf4b-414deb9dcb2f,9,29179.53,12,2025-11-07 16:00:00+00:00,APROBADO
15,014c78ae-e958-4b8e-82c9-32be8be5b45c,9,28193.01,18,2026-04-14 11:00:00+00:00,APROBADO
16,d9afc728-ec81-4280-a81e-c498d4b0b74f,9,14132.47,24,2025-11-12 10:00:00+00:00,APROBADO
17,7687d478-6b47-4677-bd96-b675236993c8,9,35769.02,12,2026-03-12 15:00:00+00:00,APROBADO
18,07894576-7445-4080-b27c-436ac05e3fa6,9,31693.77,12,2026-02-08 16:00:00+00:00,APROBADO
19,10fa3455-5adb-4501-8443-7cc1d9eadfcd,9,12905.00,24,2025-12-21 17:00:00+00:00,APROBADO
20,f9ffa6a8-28bd-45ee-9bd5-ee9ea589f8c9,9,4000.28,36,2025-11-27 09:00:00+00:00,APROBADO
21,6d05a9ff-f81d-44a8-9e01-4f212c0534f2,9,12076.08,18,2026-02-09 15:00:00+00:00,APROBADO
22,3198bc3f-22c7-4b74-afdb-ce3d5146bc6e,9,39495.68,12,2025-11-29 11:00:00+00:00,APROBADO
23,5f0ce81b-2b7d-46cf-8fe3-00e704716b30,9,21150.15,24,2025-12-14 13:00:00+00:00,APROBADO
24,39837e83-8b6c-4519-af47-3be8446421f3,9,12553.49,24,2026-05-14 15:00:00+00:00,APROBADO
25,791ee230-5089-4dcf-bb49-0b57e9fa04af,9,32638.14,18,2025-11-17 09:00:00+00:00,APROBADO
26,ab8249c7-a771-48e4-ab2b-8eb8ef4acba2,9,36747.45,12,2025-11-27 09:00:00+00:00,APROBADO
27,5b05f910-a1b9-4949-a7b7-b4d1d096fcb5,9,8168.12,12,2026-01-27 16:00:00+00:00,APROBADO
28,ead75f45-6780-488f-91cb-9b20343bc49f,9,25237.33,36,2026-02-10 12:00:00+00:00,APROBADO
29,aa9504c4-b43b-49e3-a581-c86da4c69de5,9,23342.64,18,2025-12-12 13:00:00+00:00,APROBADO
30,a9d762cc-1424-413f-abef-25540ab074ae,9,7263.74,18,2026-06-15 09:00:00+00:00,APROBADO
31,6f2ed1ec-5bed-4ed2-a9ce-6cce86bbaccb,9,31959.38,18,2026-02-02 10:00:00+00:00,APROBADO
32,8f168d08-34d6-42c7-b65e-83338203ef9d,9,37400.21,18,2026-02-05 16:00:00+00:00,APROBADO
33,243198cf-53f2-477a-be0e-6dda6dd472e1,9,20711.27,24,2026-02-07 15:00:00+00:00,APROBADO
34,12ee2c70-0519-4511-8bfc-8694ff3b5d73,9,34760.91,12,2025-11-06 11:00:00+00:00,APROBADO
35,b0316e01-33d4-4cd7-b9bb-3340c3ff44ae,9,13505.76,12,2026-03-27 09:00:00+00:00,APROBADO
36,24417a79-71bb-4007-92cf-1116fee62abf,9,14103.45,12,2025-10-12 17:00:00+00:00,APROBADO
37,316ae4c7-319f-4c44-9775-5ad54456856e,9,3247.09,24,2026-03-16 13:00:00+00:00,APROBADO
38,3ce7eb2b-4a41-43fb-b020-bf6d0ad9b802,9,8910.90,18,2025-11-12 12:00:00+00:00,APROBADO
39,c5237e7b-5069-4ef5-9f4e-252fa00af607,9,5631.31,24,2025-12-22 11:00:00+00:00,APROBADO
40,87f9e2a0-ae4d-4d3f-92f3-521d9ee891f5,9,36130.50,24,2025-12-13 16:00:00+00:00,APROBADO
41,75df5290-c516-4cf2-927d-f4cbb1f259c8,9,21258.06,18,2026-01-14 14:00:00+00:00,APROBADO
42,a43b3762-5124-4691-a754-da003f10bb28,9,20340.88,18,2026-06-20 16:00:00+00:00,APROBADO
43,702c4a3d-2e4a-453b-9aa8-28aa1a2609b0,9,23780.17,12,2026-05-17 14:00:00+00:00,APROBADO
44,eebd4945-c15b-4d41-8955-ef97c6f8a545,9,34097.29,24,2026-05-10 11:00:00+00:00,APROBADO
45,11737184-7e4b-4a46-be01-1694caa5850a,9,12223.52,18,2025-10-21 13:00:00+00:00,APROBADO
46,f7f290ce-3da0-4144-b84e-16f262e83228,9,37334.35,12,2026-02-01 14:00:00+00:00,APROBADO
47,59fb29c8-3a2f-4f68-a54f-728cb3cfc640,9,30640.61,24,2026-06-30 14:00:00+00:00,APROBADO
48,76c88b61-b472-4bab-99e0-9cf1dacfa958,9,26592.86,18,2026-03-21 13:00:00+00:00,APROBADO
49,02bf44da-3f04-4880-9915-4b00f025e9dc,9,28158.91,24,2026-02-16 10:00:00+00:00,APROBADO
50,0c05f4c3-5866-4ea6-a615-0fe2f3ea3113,9,28870.50,24,2026-04-23 12:00:00+00:00,APROBADO
51,819488f6-b5c8-4efe-a2eb-9e8f9b4723ba,9,30754.63,36,2026-01-08 14:00:00+00:00,APROBADO
52,c9340141-cf02-4d45-b111-98b84cd4845e,9,10057.10,24,2026-04-07 09:00:00+00:00,APROBADO
53,bfc1392f-a6da-4999-91e3-165662b3613d,9,25039.14,12,2026-06-08 14:00:00+00:00,APROBADO
54,99615aae-dabc-411c-90d6-44abda0b761b,9,20244.19,12,2026-05-15 15:00:00+00:00,APROBADO
55,ebc119a7-439c-4d01-9a0d-d18022ea73d5,9,5951.57,18,2026-04-15 15:00:00+00:00,APROBADO
56,c4a1fe25-3a64-4ac4-8a80-98b398267ac9,9,33057.49,12,2026-05-22 14:00:00+00:00,APROBADO
57,f77c6c84-06e3-44a7-9b7a-75720620e8d5,9,7874.10,24,2026-06-05 09:00:00+00:00,APROBADO
58,2982cfe8-73a6-42d5-81ff-c2a5de4d447d,9,23323.85,24,2026-04-02 10:00:00+00:00,APROBADO
59,34767d8b-ea48-49d4-b0fa-48df5d9b5ceb,9,11780.88,18,2026-02-12 10:00:00+00:00,APROBADO
60,c7be41eb-6cbb-4d98-875f-be9b45aa90ce,9,25400.61,18,2026-06-16 12:00:00+00:00,APROBADO
61,635d5954-d01e-408b-9d09-cd0aad0331f7,9,29160.57,12,2025-11-20 10:00:00+00:00,APROBADO
62,8682df6f-6140-4447-ba98-9d070cdf6f9e,9,39969.30,18,2026-06-21 17:00:00+00:00,APROBADO
63,91db46b9-b208-48a3-9878-95f0cd27f545,9,24653.29,12,2025-10-13 09:00:00+00:00,APROBADO
64,5ad5ed7d-3729-4d91-82d8-b20f43c5b320,9,31980.44,24,2026-05-08 16:00:00+00:00,APROBADO
65,16accfb3-b03b-4a6b-a020-4b04e411fe57,9,8823.04,12,2026-03-19 13:00:00+00:00,APROBADO
66,76431a13-e12c-4a50-a4f9-dc28d19f8b74,9,6182.28,12,2026-04-04 14:00:00+00:00,APROBADO
67,7077bac3-e3fa-441a-a064-23870f4c0df9,9,30164.63,24,2026-05-19 13:00:00+00:00,APROBADO
68,73a6a2d4-9379-4980-87cd-839ecd13b7c8,9,24642.02,12,2026-02-10 12:00:00+00:00,APROBADO
69,9ba70db4-abf4-4c11-ae47-a543b215b980,9,13550.50,36,2025-10-04 15:00:00+00:00,APROBADO
70,2942bfa9-df4f-4efe-9eaf-bf15e0d4b05b,9,33392.68,36,2026-02-24 11:00:00+00:00,APROBADO
71,d81dd1bb-cd0b-4b57-bc73-fd58a4b74f51,9,18951.95,24,2026-02-25 16:00:00+00:00,APROBADO
72,03a643fe-a494-4d78-98d2-885d428c4ac5,9,9636.40,24,2026-04-26 10:00:00+00:00,APROBADO
73,6d05a9ff-f81d-44a8-9e01-4f212c0534f2,9,29818.01,12,2026-05-17 14:00:00+00:00,APROBADO
74,bb71a1ac-47b0-4e3e-b231-7412cd415b98,9,6638.59,18,2026-06-29 13:00:00+00:00,APROBADO
75,d1d01f23-e806-4101-a9da-791170226556,9,7677.87,18,2026-03-11 09:00:00+00:00,APROBADO
76,45ddb122-c8d0-4e41-841c-4c1fafc0f913,9,25201.20,24,2026-05-02 17:00:00+00:00,APROBADO
77,0836b9eb-671e-49cf-a5ca-8dcf19b7c4c0,9,28658.48,12,2025-12-03 09:00:00+00:00,APROBADO
78,37f1aeea-a7c8-43b4-ba5f-a5ed97a82e8c,9,17899.02,12,2026-05-27 15:00:00+00:00,APROBADO
79,b9ba13c2-c739-43c2-a89f-9f0526c9fcb6,9,35496.10,18,2026-01-17 16:00:00+00:00,APROBADO
80,3103759c-0ad2-4a04-9cb2-a1b5114e01ec,9,19967.38,12,2025-12-13 16:00:00+00:00,APROBADO
81,fb856fe0-c6f0-42cd-bf59-5a567fa76e2f,9,3743.86,18,2026-02-05 15:00:00+00:00,APROBADO
82,b5d6dae9-4e47-488e-b8b5-ce4837b769db,9,24025.91,18,2026-01-02 14:00:00+00:00,APROBADO
83,636f108f-ee8a-4805-b446-45b3447aa967,9,39833.52,18,2025-12-19 15:00:00+00:00,APROBADO
84,0a58cb9a-87e1-474c-aaad-5366e3f8c2dc,9,24863.40,18,2026-03-09 13:00:00+00:00,APROBADO
85,410474c3-80d7-46e6-8d52-88f65ccf5edc,9,19034.76,36,2026-05-11 14:00:00+00:00,APROBADO
86,0e33c316-467c-49df-845d-54ffb069e068,9,13496.65,36,2026-05-19 12:00:00+00:00,APROBADO
87,1c22f25a-29d0-4626-8189-f69442daef3e,9,12339.36,24,2026-01-05 10:00:00+00:00,APROBADO
88,68b084a3-fc96-4d7b-8d56-e4a03fda5efe,9,24072.64,18,2025-10-06 16:00:00+00:00,APROBADO
89,0fe563cb-53a6-4840-ab67-3e3e3166195c,9,28752.95,18,2026-03-27 10:00:00+00:00,APROBADO
90,8427946d-22d4-4c32-b12a-645a25f94ed4,9,38714.54,18,2026-04-11 12:00:00+00:00,APROBADO
91,7d95244a-8924-4524-bb11-c60c3cebc277,9,9634.97,12,2026-01-30 17:00:00+00:00,APROBADO
92,9b5c657b-c1b1-4fb8-b521-e6dc8dd83053,9,32496.51,12,2026-04-10 14:00:00+00:00,APROBADO
93,e5156402-a835-4759-8327-63d1abb687e9,9,9693.32,24,2026-04-23 10:00:00+00:00,APROBADO
94,930f6c6d-55d2-4bf4-b0a8-517868bdaad2,9,8815.68,36,2026-01-16 16:00:00+00:00,APROBADO
95,eb31c566-a3c0-4512-9147-d4081925805f,9,27472.91,24,2026-03-09 15:00:00+00:00,APROBADO
96,9b4601df-1fea-4f99-a0b7-46e096651764,9,38950.09,12,2025-10-12 14:00:00+00:00,APROBADO
97,0f4e93ba-a123-4990-a89f-2929f1386fa2,9,30874.76,18,2026-01-25 13:00:00+00:00,APROBADO
98,1355bb5c-5014-4838-a4ff-7e02188e407f,9,7223.52,36,2026-04-27 16:00:00+00:00,APROBADO
99,0de63ace-3664-4ed2-8322-b99fc452b630,9,33757.87,12,2025-12-06 14:00:00+00:00,APROBADO
100,fd13f536-5e46-467a-a18a-bddb2ce09605,9,33330.00,12,2026-01-27 12:00:00+00:00,APROBADO
101,54cf6313-3aa0-41a5-8066-3c97d2a2fac9,9,35336.03,12,2026-01-04 10:00:00+00:00,APROBADO
102,1343f17c-0774-4fbd-90d7-f09f5d1e0a5c,9,3767.47,18,2026-01-31 11:00:00+00:00,APROBADO
103,52ae0302-145d-434a-88e1-78834cf4cef8,9,4240.92,18,2026-05-20 14:00:00+00:00,APROBADO
104,98b83e51-b4e0-41f4-be89-919824bca400,9,31260.55,18,2026-03-15 14:00:00+00:00,APROBADO
105,7e30f0ff-3be9-4c51-a8a2-58723dfc706d,9,36786.89,18,2026-02-22 16:00:00+00:00,APROBADO
106,5fd949c1-4b07-4528-b28b-a8f9e875dcd5,9,14226.06,18,2026-05-08 09:00:00+00:00,APROBADO
107,57b14470-e708-4af0-ada8-bd3440294f53,9,37887.19,36,2026-01-23 10:00:00+00:00,APROBADO
108,73865602-c2f3-4875-a58f-6a14a6833cdc,9,38992.25,12,2026-02-14 15:00:00+00:00,APROBADO
109,6742c993-e63a-4b31-9440-b2606e04cddc,9,24614.63,18,2025-11-16 17:00:00+00:00,APROBADO
110,08fa903a-496d-4d86-a4e1-fe1ecb3b78b6,9,39224.16,18,2026-03-31 16:00:00+00:00,APROBADO
111,11897bfc-725a-41d2-b0b7-32754da432ee,9,33680.94,12,2026-06-11 10:00:00+00:00,APROBADO
112,348c1f71-a38c-47cc-ae02-512b8dc35aae,9,31291.85,12,2026-05-29 12:00:00+00:00,APROBADO
113,949aa317-8713-457f-abe8-423adc3fad3b,9,24108.82,36,2025-12-27 11:00:00+00:00,APROBADO
114,90d34078-91e9-44e4-b042-c2ea96c494c5,9,19470.52,24,2026-03-16 12:00:00+00:00,APROBADO
115,3faf5984-30c4-41b0-b774-d2f74b4826f6,9,28249.51,12,2026-01-26 12:00:00+00:00,APROBADO
116,d3625064-0092-4c25-a143-446ef068f2b8,9,4814.05,12,2026-04-10 16:00:00+00:00,APROBADO
117,0a3925c7-dcf3-43e3-ad35-ed4ba911f6c1,9,37615.41,36,2025-10-17 17:00:00+00:00,APROBADO
118,9ccfe275-3d6d-484e-9d37-08ec27b66acf,9,24032.79,18,2026-01-09 10:00:00+00:00,APROBADO
119,cdb614dc-4dbf-4d0b-b38c-90b45ec9d69f,9,13132.40,12,2026-02-19 16:00:00+00:00,APROBADO
120,03ef4b65-3203-4b32-89c6-8d99d726ea0a,9,15440.85,12,2025-12-03 09:00:00+00:00,APROBADO
121,91c64966-947c-4b74-9b8b-5814dd617192,9,20220.97,12,2025-12-14 17:00:00+00:00,APROBADO
122,45958c60-801f-4677-9b89-3e1b653a7197,9,17524.70,12,2025-12-22 10:00:00+00:00,APROBADO
123,bbda6b62-5941-4a14-a2fa-c9415f751768,9,13850.39,18,2025-12-15 09:00:00+00:00,APROBADO
124,92d7c804-14a2-4b7a-91de-95903f788696,9,23707.20,12,2026-01-21 13:00:00+00:00,APROBADO
125,5ab5ad61-0e8f-4b08-a371-5915727ac4f3,9,38503.12,12,2026-02-06 17:00:00+00:00,APROBADO
126,11d8928a-d827-4e4c-b44b-b30b03d622a2,9,10316.84,36,2026-06-30 16:00:00+00:00,APROBADO
127,d844695f-5294-44f9-be67-749520f1a906,9,29210.25,12,2026-02-23 16:00:00+00:00,APROBADO
128,88138cf2-32cc-4e69-b55c-5341eb7a5501,9,11563.28,24,2026-05-20 12:00:00+00:00,APROBADO
129,98b83e51-b4e0-41f4-be89-919824bca400,9,15003.62,12,2026-04-28 15:00:00+00:00,APROBADO
130,002552d9-ae1d-419b-92e9-14de5a9039d4,9,17318.24,18,2025-11-17 15:00:00+00:00,APROBADO
131,c09ea444-17b7-48bc-9baf-f2fc29a72c88,9,8875.23,18,2026-04-30 13:00:00+00:00,APROBADO
132,91e645fc-83df-47b6-bdba-afdb82c796a7,9,14313.27,18,2026-01-19 17:00:00+00:00,APROBADO
133,4a980653-69f4-4e78-9b39-65d9c977b755,9,5881.15,24,2025-10-31 12:00:00+00:00,APROBADO
134,63cb0a8f-2d59-4acf-b490-08c8fa4e08b3,9,31789.95,18,2026-05-03 15:00:00+00:00,APROBADO
135,b680a8a8-2782-4203-8ebf-0c3a9c1fcba5,9,24563.15,18,2025-10-18 15:00:00+00:00,APROBADO
136,d25c38e5-0be0-4ff2-8b86-e647ba792f29,9,11558.45,24,2025-12-19 09:00:00+00:00,APROBADO
137,57f0b754-958d-4620-87af-5535ead24b3d,9,6019.22,24,2026-05-09 09:00:00+00:00,APROBADO
138,fc6d2d12-cd51-4ab5-8d6b-4c1aad11678b,9,21475.77,12,2026-04-05 10:00:00+00:00,APROBADO
139,b4f576bc-7439-42fe-b781-cca1440d7851,9,32642.77,36,2026-02-22 15:00:00+00:00,APROBADO
140,1f6fc056-d010-487b-a484-27b76ea855b0,9,18948.11,12,2026-03-08 14:00:00+00:00,APROBADO
141,2740389f-04ae-451c-89c1-38f0dd444123,9,9664.46,36,2026-05-07 09:00:00+00:00,APROBADO
142,1973b176-5486-44f3-a7b2-b5df541ecebf,9,39059.80,18,2026-03-07 14:00:00+00:00,APROBADO
143,df8e0623-0295-4989-9c73-7a489b61645d,9,10206.95,24,2025-10-13 12:00:00+00:00,APROBADO
144,d7759c52-495e-4644-91bb-56715bd9feb7,9,32600.92,12,2026-06-24 10:00:00+00:00,APROBADO
145,97e03d38-8c8f-48ee-9200-6967b40659d9,9,31564.77,18,2026-05-23 14:00:00+00:00,APROBADO
146,f5deec1b-5fba-4792-aa64-d89ac28b8cb1,9,33085.82,36,2025-12-04 11:00:00+00:00,APROBADO
147,e66c62ee-856c-43d8-81b0-1e6f51dd9006,9,24802.47,12,2026-06-25 15:00:00+00:00,APROBADO
148,e5631871-f327-4d33-bbd2-484463b9209f,9,36820.07,24,2026-02-20 11:00:00+00:00,APROBADO
149,c24766d7-219e-4236-baf4-915563637dd4,9,7473.42,18,2026-02-14 10:00:00+00:00,APROBADO
150,4398db9a-096e-4d34-bb69-872e475a67f2,9,32350.00,12,2025-11-23 10:00:00+00:00,APROBADO
151,204bf648-b392-400f-bf99-2bc4160dd275,9,18377.31,36,2026-02-02 12:00:00+00:00,APROBADO
152,b2dd7f89-786f-4c03-ab97-8308c9064ac9,9,8135.93,18,2026-05-24 17:00:00+00:00,APROBADO
153,8a6ddc3c-45b0-413b-81ae-2c7826487e10,9,33496.21,12,2025-10-31 13:00:00+00:00,APROBADO
154,fc282c15-53f3-4bd2-bae6-ed84e454d94b,9,18357.36,36,2026-03-24 09:00:00+00:00,APROBADO
155,354e582d-8c81-445e-841b-affca925a3ce,9,24587.08,12,2026-02-18 16:00:00+00:00,APROBADO
156,761456c6-4d33-4552-9068-625b80df97da,9,22366.20,18,2025-11-09 15:00:00+00:00,APROBADO
157,608ac665-0b15-4c3f-9615-9c413f42a2fc,9,3071.42,18,2026-03-29 15:00:00+00:00,APROBADO
158,5661beea-6425-409d-b423-08321cca9d45,9,7626.13,36,2026-06-05 12:00:00+00:00,APROBADO
159,e8a7ede9-bbaa-4e72-9cb6-2716f424f24b,9,20569.94,24,2026-05-31 15:00:00+00:00,APROBADO
160,15d60eb3-4361-45d7-99ef-df5566a5adc4,9,13249.16,12,2025-10-16 11:00:00+00:00,APROBADO
161,09dbcd8d-3b0f-474b-8843-d2026f106c48,9,13753.17,12,2025-10-11 13:00:00+00:00,APROBADO
162,53deffc9-e6c1-4501-adfb-fd3dcae493b2,9,34095.93,18,2026-01-15 09:00:00+00:00,APROBADO
163,614f8517-9eba-4e75-99d2-97e0f89a5315,9,27475.46,36,2026-01-23 15:00:00+00:00,APROBADO
164,0b728262-500e-4957-b367-e9dc6b9138b5,9,4170.17,24,2026-04-17 15:00:00+00:00,APROBADO
165,bda2c7ea-e272-4b75-a2fe-3a09ce5afe46,9,29117.57,18,2026-03-28 14:00:00+00:00,APROBADO
166,2eed32e7-a406-4794-90ba-83c011334d84,9,30398.38,24,2025-12-25 14:00:00+00:00,APROBADO
167,967b49f0-636a-4e40-811a-9e0a2728f6cc,9,36148.23,18,2026-06-05 17:00:00+00:00,APROBADO
168,5c01a03f-f93a-46ba-8135-baf35ce1923e,9,23827.51,36,2025-11-04 17:00:00+00:00,APROBADO
169,f10ce200-eda3-4843-8c77-e2624d0d887a,9,3992.29,36,2025-12-15 15:00:00+00:00,APROBADO
170,e4c6ba2b-f254-401b-b7fb-039b365379e3,9,7389.79,18,2026-02-12 13:00:00+00:00,APROBADO
171,07070ca3-e271-4642-8900-f8fd55d9aa82,9,27803.55,24,2026-06-13 15:00:00+00:00,APROBADO
172,944977f1-c2b9-4b97-b0ea-19ac6a98ca34,9,34950.59,12,2026-01-04 10:00:00+00:00,APROBADO
173,939fb45a-1179-4263-b650-a54db268f96b,9,26370.93,12,2026-03-01 14:00:00+00:00,APROBADO
174,0db7ac6e-b07e-447d-89ba-e746debfdca5,9,16370.46,18,2026-05-11 10:00:00+00:00,APROBADO
175,47c3b8f7-ec29-482e-9a5b-5bf3c200bf8a,9,16209.70,24,2026-03-14 14:00:00+00:00,APROBADO
176,e1e02dea-6964-4eb1-9b5a-a4438dc36371,9,25555.42,36,2025-12-04 14:00:00+00:00,APROBADO
177,ec4a7ca5-1858-43c6-82c2-429435bcfa3f,9,23676.25,24,2026-06-22 16:00:00+00:00,APROBADO
178,8b20d392-0c69-4968-a3cb-b0b89fcf23b6,9,24939.56,36,2026-04-06 11:00:00+00:00,APROBADO
179,a85ed557-958a-40a0-b995-383df42dfcb2,9,32687.21,36,2025-12-16 16:00:00+00:00,APROBADO
180,e9c66586-1c77-465a-9145-758dcece4110,9,25697.10,12,2026-03-22 15:00:00+00:00,APROBADO
181,df9ab856-b5ed-49a7-9670-20fb9ac84dfb,9,21922.58,12,2026-06-23 14:00:00+00:00,APROBADO
182,8f146c34-395b-49fb-b875-f50f3fbd2492,9,27508.77,24,2026-03-04 17:00:00+00:00,APROBADO
183,16751f36-f3e8-4b85-adf8-c947cb05696c,9,5497.52,12,2026-05-20 16:00:00+00:00,APROBADO
184,4ad87caa-bab0-441c-bee7-2e2d7ce0210e,9,26447.58,12,2026-04-04 12:00:00+00:00,APROBADO
185,6ef95907-aea6-460b-91fe-3cdcac2972c1,9,24300.59,18,2026-03-15 13:00:00+00:00,APROBADO
186,6f71d4bf-1ff6-40df-8952-7956c6acc44c,9,14479.92,18,2026-02-25 10:00:00+00:00,APROBADO
187,54cbdc17-ecdb-4051-ab87-4746d1e14b64,9,37958.09,18,2026-03-07 15:00:00+00:00,APROBADO
188,d6a0d131-a497-4928-8caf-037563142257,9,21228.27,36,2025-12-02 09:00:00+00:00,APROBADO
189,52eefbcf-6a86-44b2-a51f-3bbeff2d4b87,9,3145.63,18,2026-06-13 14:00:00+00:00,APROBADO
190,bfef0e58-a295-4f4e-9fa5-6e461c7451ac,9,33094.60,24,2026-02-22 10:00:00+00:00,APROBADO
191,c6590027-8d3f-4a43-9729-f915eee56a64,9,22611.30,36,2026-06-19 13:00:00+00:00,APROBADO
192,b28569a1-8d33-4404-a886-1ab852393aa2,9,24354.61,12,2025-10-27 11:00:00+00:00,APROBADO
193,54cbdc17-ecdb-4051-ab87-4746d1e14b64,9,20741.55,24,2026-04-28 16:00:00+00:00,APROBADO
194,183f3dc0-6558-41eb-946e-016a204d2981,9,15583.83,12,2026-06-27 16:00:00+00:00,APROBADO
195,ce5c8008-ebde-4b3d-a21c-71df9ffbcdc5,9,22304.41,12,2025-11-06 13:00:00+00:00,APROBADO
196,8b5e7b7c-2318-4b51-8470-ad337d8f014f,9,12985.69,12,2025-12-24 09:00:00+00:00,APROBADO
197,df9895c6-e81f-4acc-8b5f-610801398afb,9,29828.27,24,2025-12-27 12:00:00+00:00,APROBADO
198,97cf014a-176d-48f8-83e2-5c73dd9ce5df,9,23633.90,24,2025-12-24 12:00:00+00:00,APROBADO
199,90318f60-e6b2-45d5-a77e-7e0d76fc95c4,9,34666.42,18,2026-04-27 12:00:00+00:00,APROBADO
200,46f55457-70f2-4067-aa4d-a22cd4c0fe16,9,34382.15,36,2026-04-25 15:00:00+00:00,APROBADO
201,a20d0a2f-7751-4357-afd3-51bd4f0884c4,9,8156.99,18,2025-10-11 16:00:00+00:00,APROBADO
202,72b1044d-c8aa-4984-b85b-928f1b048d67,9,19246.29,36,2026-02-07 13:00:00+00:00,APROBADO
203,cf7a2b38-1065-42a4-b2c3-87fdce11ab79,9,35142.63,18,2026-02-20 14:00:00+00:00,APROBADO
204,92daaaea-118e-4553-b8a6-16ea9580b80d,9,4274.18,24,2026-04-29 17:00:00+00:00,APROBADO
205,3ade7b37-a3f2-45b4-8640-5e0fe85a96df,9,34459.51,12,2025-11-21 17:00:00+00:00,APROBADO
206,e97f8472-cb53-4c23-8493-67f64d987a7d,9,18340.88,18,2026-05-19 11:00:00+00:00,APROBADO
207,1615e84b-b5c8-4506-b358-48cc9b5e1aff,9,31041.05,24,2026-05-01 10:00:00+00:00,APROBADO
208,97999c4e-0e81-410d-b10f-00b4be9145e1,9,4606.09,12,2026-03-12 12:00:00+00:00,APROBADO
209,a5f1f076-58e6-4392-8409-5c4d7b606bcb,9,35928.12,12,2026-04-06 11:00:00+00:00,APROBADO
210,355cadfb-0409-497e-9db0-58e635dc8b58,9,18646.88,24,2026-05-22 15:00:00+00:00,APROBADO
211,db95130d-b5a4-450b-812b-dee3ca3ac3b3,9,28664.64,36,2025-10-19 12:00:00+00:00,APROBADO
212,ce1bcef6-3f38-40aa-87cc-3b1b84155a64,9,33450.59,12,2026-05-28 15:00:00+00:00,APROBADO
213,90cf39e2-e639-406d-b74d-5bc4df258be4,9,14380.09,12,2026-04-15 10:00:00+00:00,APROBADO
214,7bae4c72-04fb-4355-9e53-813e8a19225b,9,26006.95,12,2026-03-11 13:00:00+00:00,APROBADO
215,6e1868a1-5ab5-46ef-bfd0-ee180593518b,9,33271.03,24,2026-03-05 16:00:00+00:00,APROBADO
216,6a515fd4-1bc8-4fbc-b1d0-63048f4723ed,9,25206.40,12,2025-10-25 14:00:00+00:00,APROBADO
217,a5f1f076-58e6-4392-8409-5c4d7b606bcb,9,14787.85,36,2025-11-08 09:00:00+00:00,APROBADO
218,041fe1c5-76c4-4e4b-bb6c-7082a3d666cd,9,28627.44,24,2025-10-04 12:00:00+00:00,APROBADO
219,5e217fa3-a313-49df-8ce6-0081aea71c0d,9,31860.90,24,2025-12-05 14:00:00+00:00,APROBADO
220,bcda4ed3-657b-4f67-be48-41b8f6b270bb,9,22394.67,12,2025-12-16 11:00:00+00:00,APROBADO
221,efc2e2d2-293f-41c5-9147-19152afbdb31,9,30049.46,12,2026-02-17 10:00:00+00:00,APROBADO
222,89dbcdf4-31f7-4f56-951d-01c689203434,9,8301.70,18,2026-03-09 14:00:00+00:00,APROBADO
223,27faf332-bd62-4476-a5e1-db1a0e2ff486,9,21268.43,24,2026-03-22 12:00:00+00:00,APROBADO
224,415d112e-ae9d-4fad-a65c-d35eae676ef8,9,11047.10,12,2025-12-18 09:00:00+00:00,APROBADO
225,e2f396fb-5a23-4096-b880-5fb5f102a1c8,9,36762.00,12,2026-04-06 10:00:00+00:00,APROBADO
226,7e5fbcec-32b3-4052-9bb3-142af4fd45ed,9,22382.52,12,2025-11-17 09:00:00+00:00,APROBADO
227,2dcf861b-5b16-4f45-bbbc-bdc2bbdcccce,9,17893.24,12,2026-02-02 11:00:00+00:00,APROBADO
228,3b96b293-5752-4fae-a2ae-15386cf7a804,9,15440.97,18,2026-04-02 12:00:00+00:00,APROBADO
229,1825c6ed-1dbe-4b65-89b2-bf5950e33cc6,9,33063.52,18,2026-05-21 10:00:00+00:00,APROBADO
230,2740389f-04ae-451c-89c1-38f0dd444123,9,17916.89,36,2026-05-23 17:00:00+00:00,APROBADO
231,7919600a-0245-4ac5-ae4f-302ba3a70c95,9,3609.10,36,2026-05-06 11:00:00+00:00,APROBADO
232,52e8ead8-51a4-4ad2-87df-9df202420e43,9,38773.05,18,2026-03-25 15:00:00+00:00,APROBADO
233,2e0bb166-811c-482a-81cc-2f6b6f1e386d,9,8559.87,12,2025-11-25 16:00:00+00:00,APROBADO
234,491570c0-b00a-48eb-8bcd-92f72bf098f3,9,38521.97,18,2025-11-26 15:00:00+00:00,APROBADO
235,4639f2bb-5580-4597-9d8c-40c491f9628f,9,6988.38,12,2025-10-12 09:00:00+00:00,APROBADO
236,2b608325-bf60-447a-93ee-5ee895a916ef,9,15604.58,18,2026-01-05 17:00:00+00:00,APROBADO
237,f7be375e-e062-462f-9e11-87e6abd7bb14,9,16733.83,24,2026-03-23 15:00:00+00:00,APROBADO
238,f7bcd91a-9401-4750-a260-cf976d3403b8,9,10507.24,36,2025-12-27 14:00:00+00:00,APROBADO
239,4d3dff9e-3be9-48a1-990b-eedd946da17c,9,3250.00,12,2026-02-20 17:00:00+00:00,APROBADO
240,b7c17f8d-3c34-4176-8545-f6561767bce0,9,11651.07,24,2026-01-30 09:00:00+00:00,APROBADO
241,dcc983b8-7c3a-44ee-846d-46d4c8045e3a,9,23130.17,12,2025-10-21 16:00:00+00:00,APROBADO
242,edfc1ed9-6bc3-453d-a530-75e457188938,9,13062.85,24,2026-02-16 10:00:00+00:00,APROBADO
243,8e82483a-66d9-4b31-bf8d-196015a8a3c7,9,26264.81,12,2025-11-23 17:00:00+00:00,APROBADO
244,20dc70f2-9f30-420c-bb32-4238ed4bcb09,9,11918.20,12,2026-03-17 13:00:00+00:00,APROBADO
245,80ee4b1d-da33-4f42-a330-c8af2983cedd,9,18796.16,12,2026-02-12 09:00:00+00:00,APROBADO
246,f5325f0a-67b9-4aa3-8006-22644f27f4e5,9,34006.85,12,2026-06-28 15:00:00+00:00,APROBADO
247,575efd04-79eb-4a3a-8da8-122297df0715,9,3704.83,24,2026-01-27 12:00:00+00:00,APROBADO
248,a83ba795-fcd6-498e-9d2f-ebf3c850ca64,9,15729.91,12,2026-02-08 09:00:00+00:00,APROBADO
249,81dcb88a-385c-4f5f-a297-f65511cf3897,9,21118.26,24,2026-05-04 15:00:00+00:00,APROBADO
250,68c76289-d91a-4c6e-b69e-c2a0376ed77b,9,18197.28,12,2026-01-31 11:00:00+00:00,APROBADO
251,a3ab79e9-670c-40da-a3a2-ef5837cdd19b,9,6214.67,24,2026-01-25 15:00:00+00:00,APROBADO
252,8245c91d-6263-4dda-aa4a-2ca0b81e886f,9,16438.69,18,2025-10-12 14:00:00+00:00,APROBADO
253,a2d3c9d4-bdfb-41af-aa1c-48d4904acd26,9,29758.17,24,2026-05-22 15:00:00+00:00,APROBADO
254,67f5d28d-58f0-473e-a05d-9a3036d3361f,9,12396.68,24,2025-11-08 10:00:00+00:00,APROBADO
255,6ab790ec-ab12-4f99-ab8e-0c667a8bff45,9,8431.14,18,2026-02-28 09:00:00+00:00,APROBADO
256,2bee90af-9405-4c42-b598-832e631f491e,9,6293.28,36,2025-12-23 15:00:00+00:00,APROBADO
257,66b376e3-a587-488a-ae1d-3ab81a04fe27,9,15702.12,18,2026-03-02 12:00:00+00:00,APROBADO
258,f04d5c00-1101-4df0-9dad-5ca8c13cf989,9,16789.56,24,2025-11-14 15:00:00+00:00,APROBADO
259,1919925b-bfae-49a7-a2e9-07c2ef4f0998,9,12285.67,24,2026-06-01 10:00:00+00:00,APROBADO
260,bdfd949d-344c-4754-b343-55c07a070201,9,13249.77,36,2025-12-25 13:00:00+00:00,APROBADO
261,8ce145a4-ac42-4a2a-9629-07d25a983b74,9,20355.74,24,2026-01-01 16:00:00+00:00,APROBADO
262,b5dce8ad-932f-4d5d-b7ff-ba231ccab5a6,9,10696.63,24,2025-10-21 10:00:00+00:00,APROBADO
263,b9f2baf8-94c3-44c3-bd02-3e6cdd4a8e74,9,29763.24,18,2025-10-20 10:00:00+00:00,APROBADO
264,214916e8-f0b4-4ad3-98a0-dda034778145,9,23113.59,12,2025-10-21 13:00:00+00:00,APROBADO
265,205f5b0a-872c-42bd-ae2b-e5d734742f93,9,4545.74,24,2026-03-10 15:00:00+00:00,APROBADO
266,5704bb10-c5cb-4858-afe4-746ab03e1e5c,9,25728.07,18,2026-05-12 17:00:00+00:00,APROBADO
267,bc4cbe86-30fa-4e4f-91ff-81967b7c75ca,9,34169.58,24,2026-06-17 09:00:00+00:00,APROBADO
268,83176e2f-15ad-43de-b572-e20faef408ab,9,14537.93,12,2025-11-18 17:00:00+00:00,APROBADO
269,0f490ada-822a-46bc-be34-27f24acbc7e2,9,3399.95,12,2026-01-29 13:00:00+00:00,APROBADO
270,479af52b-cbf4-49f1-a4cc-79806ee3c2ff,9,12090.53,18,2026-03-21 12:00:00+00:00,APROBADO
271,76d2b13f-8cda-42ea-bd01-42f6314aec04,9,3911.95,36,2026-01-15 15:00:00+00:00,APROBADO
272,3172b0c0-8084-44fe-876f-7dae81fe76b0,9,19557.54,18,2025-11-23 17:00:00+00:00,APROBADO
273,c6590027-8d3f-4a43-9729-f915eee56a64,9,29018.64,12,2025-12-21 15:00:00+00:00,APROBADO
274,58c031f5-9fdc-414f-be52-07088c1f191c,9,9647.39,12,2025-12-28 10:00:00+00:00,APROBADO
275,15b55441-f357-4b24-a0cb-c3fa5c461351,9,30672.75,12,2025-12-04 15:00:00+00:00,APROBADO
276,81cda908-26c2-45b1-854f-c4a203693901,9,36800.29,18,2026-01-02 14:00:00+00:00,APROBADO
277,a1edebca-dddb-4941-af5e-e92c84eeda84,9,6018.62,24,2025-10-29 15:00:00+00:00,APROBADO
278,105e5e2c-eb84-47b5-a783-de24bbcfff72,9,20569.46,12,2025-11-26 17:00:00+00:00,APROBADO
279,53db8230-6cc6-44a3-a453-11fb0dbba7b5,9,5992.34,12,2026-05-23 13:00:00+00:00,APROBADO
280,77102211-e728-4e0a-a0fb-3aa94191c25c,9,39498.43,24,2025-11-22 09:00:00+00:00,APROBADO
281,2e4383e3-1574-4e1f-a47b-3fb16da1e109,9,17758.71,18,2025-12-17 16:00:00+00:00,APROBADO
282,33ad933d-9dad-44b5-a26d-8ff8c23b04aa,9,38352.43,18,2025-11-04 15:00:00+00:00,APROBADO
283,763af15c-29aa-49b1-b34d-9238227ac1df,9,26957.95,24,2025-10-11 14:00:00+00:00,APROBADO
284,781ec74d-204e-418a-afd7-1d40680f5cc1,9,24624.32,12,2026-05-24 15:00:00+00:00,APROBADO
285,c5d33ed9-f4f2-41d1-bf39-8249046876d8,9,24181.93,18,2026-04-10 13:00:00+00:00,APROBADO
286,fc065030-ce48-4251-9d17-ea0920c6a5d3,9,38564.18,18,2026-03-01 13:00:00+00:00,APROBADO
287,ae1a70c7-837a-4a9e-9049-e9f75c84f5e6,9,32819.56,12,2026-02-04 11:00:00+00:00,APROBADO
288,4f106c24-73a7-4bd8-9efb-048b45200b95,9,19991.92,12,2025-11-13 14:00:00+00:00,APROBADO
289,9b01e669-7bba-42ca-b8f9-d3164eba56f7,9,11069.56,12,2026-06-01 15:00:00+00:00,APROBADO
290,be2175ae-c534-40b1-a5e6-47eed1266086,9,26912.50,18,2026-01-08 10:00:00+00:00,APROBADO
291,ea793454-6401-4256-b088-ae199d74c024,9,25494.99,36,2026-05-22 13:00:00+00:00,APROBADO
292,92967612-f12b-4f72-9b45-51704a62a001,9,20096.98,18,2026-01-09 17:00:00+00:00,APROBADO
293,d539d598-798d-4531-a42b-871dfd26ca0c,9,29503.79,12,2025-12-02 12:00:00+00:00,APROBADO
294,dc4d921d-3dfb-4b3c-9e64-22821dcf2fc3,9,8918.82,12,2025-12-31 12:00:00+00:00,APROBADO
295,72e11ef3-f095-457a-ad85-0388d5b42c03,9,19743.68,12,2026-03-10 15:00:00+00:00,APROBADO
296,86a989bd-1cca-4b72-9cb0-32057044db0f,9,24473.07,12,2026-03-28 09:00:00+00:00,APROBADO
297,b0c3d9a9-7bc6-4dc4-bfe8-af88e0b55826,9,30512.30,18,2026-02-04 13:00:00+00:00,APROBADO
298,2942bfa9-df4f-4efe-9eaf-bf15e0d4b05b,9,20952.63,24,2025-12-04 15:00:00+00:00,APROBADO
299,cc2553d2-ea01-4d8f-b8f9-82ca75f7bea2,9,15648.07,18,2026-04-08 15:00:00+00:00,APROBADO
300,092fff69-b60f-474c-8386-efff0e7edcdf,9,33687.07,12,2026-05-18 10:00:00+00:00,APROBADO
301,d95e0f7b-7ac9-4c8b-afc1-a7ba2693c088,9,13995.02,24,2025-10-30 15:00:00+00:00,APROBADO
302,cfec88f4-e4d9-46b0-aae8-64ea525a42f3,9,3782.25,18,2026-03-03 14:00:00+00:00,APROBADO
303,9668bc25-6258-433b-9de9-fd8871093ed2,9,3661.02,18,2026-01-20 14:00:00+00:00,APROBADO
304,e4f4bae7-f586-4f54-868e-8d62c8d0e537,9,17796.60,24,2025-11-28 09:00:00+00:00,APROBADO
305,f74d3875-7de0-4dfe-9235-ac6ec0204a3c,9,39096.34,18,2025-10-18 15:00:00+00:00,APROBADO
306,734d4001-34a4-40d1-8909-e36cbe676141,9,19364.57,18,2026-04-21 14:00:00+00:00,APROBADO
307,89496f10-70b5-43c1-bcbb-0b2f1beacf32,9,32943.38,36,2026-03-21 16:00:00+00:00,APROBADO
308,73ece2ab-d5c8-463f-85c7-13e4e51056f0,9,9658.12,12,2026-05-05 14:00:00+00:00,APROBADO
309,a4322f32-9e2d-46d9-ac64-aa5cb1ce374f,9,18419.50,18,2026-05-22 10:00:00+00:00,APROBADO
310,f901158b-40e0-40ee-830e-37575cfa6d3c,9,7432.06,18,2025-12-18 10:00:00+00:00,APROBADO
311,efe985a1-11b2-460f-9ed9-fed5ed8d605c,9,33926.02,18,2026-02-16 09:00:00+00:00,APROBADO
312,d04d5dc4-4b7b-4961-9453-b7ff1faaebf7,9,35869.85,24,2025-12-16 15:00:00+00:00,APROBADO
313,51539719-f8a4-4f05-ba69-c2062a736462,9,5010.38,12,2026-05-25 09:00:00+00:00,APROBADO
314,20173b00-5d01-4adb-8c2c-873fab02512c,9,36463.03,18,2025-12-04 17:00:00+00:00,APROBADO
315,79c14065-4132-4250-a4cf-4baf16bdf138,9,35478.12,18,2026-01-31 15:00:00+00:00,APROBADO
316,d1424981-7308-455a-bbe0-8fae13aed206,9,3703.11,18,2026-05-30 09:00:00+00:00,APROBADO
317,b00620af-3c12-48d4-bfe7-2965cef6fce8,9,15826.70,18,2026-06-25 14:00:00+00:00,APROBADO
318,c1df0591-c8a0-408c-9b94-af71bf0d69eb,9,10533.64,18,2026-03-05 09:00:00+00:00,APROBADO
319,d55b2e99-6f5a-444d-a388-bffb713609e0,9,34201.81,24,2026-03-19 09:00:00+00:00,APROBADO
320,574c61c2-e035-44fa-9d15-99679eaea052,9,11916.61,24,2026-02-07 13:00:00+00:00,APROBADO
321,22b4b3b7-d87c-465f-822a-7aadfabb27a0,9,34181.86,24,2025-10-14 12:00:00+00:00,APROBADO
322,da3f9393-29f9-4221-b00f-bd9ac993b24f,9,12131.37,12,2026-01-11 15:00:00+00:00,APROBADO
323,1126d11f-d3a2-41c7-9566-d1fe433e4060,9,30952.54,12,2026-03-22 09:00:00+00:00,APROBADO
324,ee9da2c4-0ff9-4699-97f0-e327bd172fda,9,28073.02,24,2025-12-10 12:00:00+00:00,APROBADO
325,cb10de5d-e5f1-41ea-b847-c617d047cad1,9,38637.36,12,2026-06-13 13:00:00+00:00,APROBADO
326,f355df9a-d6d1-4c6e-bf14-fccad5048d15,9,23094.20,18,2026-06-28 15:00:00+00:00,APROBADO
327,244a98f9-d7dc-41d9-ad0e-91d4097f4043,9,5755.97,18,2026-05-11 10:00:00+00:00,APROBADO
328,34cdf5c9-3668-4bf5-8404-5ad84ab54d0f,9,20773.34,18,2025-11-10 09:00:00+00:00,APROBADO
329,2b49c832-fbd7-4316-992f-0600f909cdb6,9,13100.49,24,2025-12-22 13:00:00+00:00,APROBADO
330,7f5432cc-8ec3-4907-8072-1aad997adc2b,9,25098.60,18,2026-01-17 10:00:00+00:00,APROBADO
331,ad62bcc6-effa-4fe0-8ede-2cc4975c3b30,9,13287.00,24,2026-05-02 15:00:00+00:00,APROBADO
332,61fa558b-9656-43a8-879a-867ad7b2b77e,9,13612.49,18,2025-10-17 14:00:00+00:00,APROBADO
333,f37c6f36-7f19-4c50-bfc1-89bcc00256a5,9,22750.20,36,2026-05-17 10:00:00+00:00,APROBADO
334,bf98dba8-30f8-434d-b87a-af04af069bf4,9,8881.23,18,2026-06-21 11:00:00+00:00,APROBADO
335,60eba50a-f9b4-4cc4-8316-f4b456e0b350,9,30318.94,24,2025-10-19 15:00:00+00:00,APROBADO
336,00ff821e-7d07-4a49-bc7f-5c6fe3df524f,9,5453.72,36,2025-10-23 12:00:00+00:00,APROBADO
337,51ec3ee5-d71d-42dd-a74e-0f5619a7819a,9,25465.79,18,2026-03-22 11:00:00+00:00,APROBADO
338,95eb6ae5-042d-4508-97da-5332744ef4de,9,17001.41,12,2025-11-22 13:00:00+00:00,APROBADO
339,504117f1-3258-4b2b-9870-c2cb7150ba4a,9,28070.64,12,2026-02-17 16:00:00+00:00,APROBADO
340,9bd6c094-2a1a-4ff9-8863-ac1a2962f619,9,21558.80,24,2025-11-09 16:00:00+00:00,APROBADO
341,7af72156-d5d8-4b5d-ab73-dcb594abdbe8,9,7904.83,12,2026-01-13 09:00:00+00:00,APROBADO
342,0327f4ee-87d2-4806-b43d-46f0bc86f4c7,9,39839.09,24,2025-11-14 10:00:00+00:00,APROBADO
343,4f106c24-73a7-4bd8-9efb-048b45200b95,9,7217.37,24,2026-04-22 10:00:00+00:00,APROBADO
344,0b728262-500e-4957-b367-e9dc6b9138b5,9,27139.70,12,2025-10-07 12:00:00+00:00,APROBADO
345,51684b01-5cad-43b2-8e4a-fd232996d23e,9,6522.62,36,2026-06-30 15:00:00+00:00,APROBADO
346,d2282cb7-857b-4292-891d-be26c4e9694c,9,13830.88,24,2025-11-03 12:00:00+00:00,APROBADO
347,55a88895-ac46-4181-a40f-1c1df6e9d225,9,16624.60,12,2025-11-03 10:00:00+00:00,APROBADO
348,c5047a71-cb1d-44ec-bf3b-965ed8838282,9,3522.40,12,2026-06-02 12:00:00+00:00,APROBADO
349,a59fdda9-7d3e-4dba-957c-dd4b51c9e947,9,3231.92,36,2025-12-20 13:00:00+00:00,APROBADO
350,324641d1-d7c8-428d-8ac3-91b14f2834bc,9,3280.41,12,2025-11-19 13:00:00+00:00,APROBADO
351,b32fd4d6-d44a-46d4-9d29-0f4fbf8a5ba4,9,20528.35,24,2026-04-03 16:00:00+00:00,APROBADO
352,24962c69-2775-471c-83cd-add10228157e,9,3152.46,24,2026-02-03 11:00:00+00:00,APROBADO
353,a2eea10c-eaa5-437b-9198-bd94144d0bec,9,22476.36,24,2025-11-22 13:00:00+00:00,APROBADO
354,106195be-7d85-4da5-a2d4-66a2b07b1295,9,39713.24,36,2026-03-31 13:00:00+00:00,APROBADO
355,98442560-cd3c-4cb5-9add-fbd5e1de626c,9,23534.00,18,2025-12-07 09:00:00+00:00,APROBADO
356,c2a142a7-dc53-4f9b-b5d5-7fe6d94d3fcd,9,21386.19,12,2026-04-07 14:00:00+00:00,APROBADO
357,d1738c12-9ced-4272-b0a2-be584ffc6d35,9,35156.22,18,2026-05-13 09:00:00+00:00,APROBADO
358,66df4d16-c8e8-4ab9-9658-15149c9e5e1f,9,13006.59,12,2026-03-30 14:00:00+00:00,APROBADO
359,4abe994f-a8a0-4b37-930f-6847e690910c,9,3351.16,24,2026-03-22 12:00:00+00:00,APROBADO
360,9b03cd81-cba0-4fb1-9ecb-a9e6c1847c84,9,8503.93,12,2025-12-03 17:00:00+00:00,APROBADO
361,8b87da63-9194-4fca-901b-5b82c0c792e2,9,38270.61,18,2026-05-06 10:00:00+00:00,APROBADO
362,eff7d6bc-eeec-4493-9de0-8fc07bc4f6a4,9,36223.27,12,2026-04-06 14:00:00+00:00,APROBADO
363,f74694c7-dfdb-458e-8524-2baa4d1d6412,9,37406.36,24,2026-01-07 10:00:00+00:00,APROBADO
364,d47dd0b8-4ea9-4091-9c4a-0d35f2506df4,9,37667.27,12,2026-03-31 17:00:00+00:00,APROBADO
365,8e06b1e3-1874-4779-b2e8-98e107fd0402,9,14284.62,24,2026-01-29 15:00:00+00:00,APROBADO
366,09e30f8b-1c6e-4160-b760-75c1f22c9d91,9,24497.11,18,2026-05-09 13:00:00+00:00,APROBADO
367,3dbf9657-caaf-4a27-ad53-9f6b6e7a706b,9,5309.64,24,2026-03-11 13:00:00+00:00,APROBADO
368,757628d2-6609-4b11-9ed7-f1fc4ff74d66,9,28338.53,12,2026-03-01 12:00:00+00:00,APROBADO
369,f57f1297-0932-4d9f-b23a-2be6093f3ab2,9,15750.62,18,2025-11-08 15:00:00+00:00,APROBADO
370,d32a642a-bef8-4a0d-8d4e-729df19d0e83,9,19777.41,12,2026-03-01 12:00:00+00:00,APROBADO
371,93cbe31e-0e7f-47ae-8d38-d313a0511f87,9,39012.61,12,2026-02-10 13:00:00+00:00,APROBADO
372,07212d0f-979e-4725-9831-135deab89318,9,36807.75,36,2026-06-10 12:00:00+00:00,APROBADO
373,ecc0a8d2-aa2e-4b8a-a850-d2e77b0a9234,9,34359.81,18,2026-06-10 12:00:00+00:00,APROBADO
374,7965c1f4-5092-45f5-9c7f-27486ebe9909,9,12388.17,36,2026-06-25 14:00:00+00:00,APROBADO
375,9f386357-939e-4373-bd93-293166407eb3,9,38153.50,24,2026-03-08 10:00:00+00:00,APROBADO
376,2d737511-5b96-48cd-aab3-77b0bb48b6af,9,19979.88,18,2025-12-11 10:00:00+00:00,APROBADO
377,978cc658-4a78-4f70-bfca-b4535f2e54ae,9,15145.08,36,2026-04-10 14:00:00+00:00,APROBADO
378,47859fbc-8aee-4cf6-99d6-ede804d53668,9,38950.05,24,2025-11-26 17:00:00+00:00,APROBADO
379,82151728-ebf5-4f40-9d79-468a64a9754b,9,4901.67,12,2026-06-07 09:00:00+00:00,APROBADO
380,c214606c-7405-4e2b-b56e-6e2f906f028a,9,6084.14,12,2026-04-21 11:00:00+00:00,APROBADO
381,88f3504d-ea77-479f-88f2-3ee7cb3100cc,9,3615.90,24,2026-01-19 16:00:00+00:00,APROBADO
382,7eb1d143-36ae-4174-aaf0-e9b3562b0413,9,18062.03,36,2026-06-04 16:00:00+00:00,APROBADO
383,8c525462-9e6a-4468-8b27-0a723cf7f394,9,11135.34,12,2026-03-12 15:00:00+00:00,APROBADO
384,42148b38-7968-4818-973d-66f49f3fdbb4,9,10741.64,12,2025-10-09 10:00:00+00:00,APROBADO
385,2781e7e4-776d-48f6-afab-b01ee89df90a,9,4906.67,12,2026-04-15 12:00:00+00:00,APROBADO
386,e1c3ffc7-d28e-4ed3-8279-bd12fec225d9,9,11567.35,18,2026-04-22 09:00:00+00:00,APROBADO
387,cb10de5d-e5f1-41ea-b847-c617d047cad1,9,36956.57,12,2026-04-09 10:00:00+00:00,APROBADO
388,2a5a4ef2-c6e1-45b0-a394-8e16abea59bb,9,18387.05,12,2025-11-12 13:00:00+00:00,APROBADO
389,f4e20709-e9a8-4359-be27-c0c67e308cac,9,17430.83,24,2025-10-15 10:00:00+00:00,APROBADO
390,f6589e69-142c-4a3d-9512-4043b28c880b,9,31239.42,18,2026-01-15 11:00:00+00:00,APROBADO
391,25b684ab-cad8-471a-b9f3-9c0f777ae379,9,36147.43,12,2025-10-12 17:00:00+00:00,APROBADO
392,c254e103-6b67-4fd4-ab51-78c3ab262b81,9,9078.64,24,2026-06-13 14:00:00+00:00,APROBADO
393,2e019c4a-b54e-4dac-bc36-1592eda4e549,9,10562.93,24,2025-12-03 09:00:00+00:00,APROBADO
394,27884f1f-8914-4af2-99d4-46d490f166d4,9,32311.71,36,2025-12-14 16:00:00+00:00,APROBADO
395,a46c81aa-04b7-4077-baf8-ace392985cdc,9,37827.66,18,2026-06-28 09:00:00+00:00,APROBADO
396,85affcf8-209e-4799-91dd-2fe6b9e0919d,9,19680.48,12,2026-05-17 13:00:00+00:00,APROBADO
397,b76fbd98-3491-41fa-a4a1-538e1d280e4b,9,38728.26,18,2026-04-25 15:00:00+00:00,APROBADO
398,a2baa393-3052-42da-919a-592717f33fc2,9,9386.56,24,2026-04-03 12:00:00+00:00,APROBADO
399,b213c180-175f-4f91-97f5-fabe6ea673c8,9,5736.60,18,2026-04-18 12:00:00+00:00,APROBADO
400,74f25a46-da6b-4d58-b522-3f510e20ca4f,9,16385.28,12,2026-02-26 17:00:00+00:00,APROBADO
401,e287df84-4245-49ee-81c3-be1eeb7d79f4,9,9604.26,24,2026-04-16 17:00:00+00:00,APROBADO
402,66b9f117-0d51-4194-bb7e-7fd8ab0ef796,9,16459.50,36,2025-10-18 16:00:00+00:00,APROBADO
403,2bf38a17-7cac-47da-813f-6352017f7405,9,11840.44,18,2026-05-16 11:00:00+00:00,APROBADO
404,97307f28-c9a5-4e32-998f-596437533ce5,9,31884.86,36,2026-05-21 12:00:00+00:00,APROBADO
405,1a185132-27d2-45b5-9e7d-392afde8e22c,9,22339.37,24,2026-05-06 09:00:00+00:00,APROBADO
406,803f3e64-8091-4284-b294-a9a046091feb,9,28447.09,18,2026-06-05 17:00:00+00:00,APROBADO
407,99f72699-ce2c-4e22-ae9b-8885217b9726,9,21957.16,12,2025-12-21 10:00:00+00:00,APROBADO
408,fe367e24-4db9-4eb2-8353-902b7c8486b7,9,9409.01,36,2026-05-28 17:00:00+00:00,APROBADO
409,2b1d4b25-fbc8-40b7-8e85-50bea7745603,9,27117.21,12,2026-05-24 14:00:00+00:00,APROBADO
410,0334746d-cc07-4e19-809e-71c20a5be5d5,9,9653.49,18,2026-02-05 16:00:00+00:00,APROBADO
411,caf26e95-31ee-46b4-82d7-6b29751dade9,9,16694.25,12,2026-01-02 14:00:00+00:00,APROBADO
412,eb7a10c3-73e2-421f-a0f7-060846f72602,9,27977.02,36,2025-12-05 09:00:00+00:00,APROBADO
413,0a7d8d5f-acfa-445c-96d3-db92b56f7b73,9,22183.44,18,2026-01-21 17:00:00+00:00,APROBADO
414,17ac4cf2-a01b-48e5-b65f-53b57d1fa1de,9,3568.74,12,2026-03-08 15:00:00+00:00,APROBADO
415,e447c51d-c1d1-46aa-845a-963b30a75558,9,28254.58,12,2026-01-06 12:00:00+00:00,APROBADO
416,af8b953a-2421-4b9b-b612-38fc86542dd9,9,5414.02,24,2026-06-19 13:00:00+00:00,APROBADO
417,692b5fd2-3659-42b3-9da9-617e598cd8ed,9,17317.64,24,2026-02-06 09:00:00+00:00,APROBADO
418,4a4ce1a1-9b8d-4595-b624-f71cb77bd161,9,6647.12,12,2026-04-21 11:00:00+00:00,APROBADO
419,687ecdf6-58c1-4d26-a0ae-6be8a2be5b71,9,27468.95,12,2025-10-04 14:00:00+00:00,APROBADO
420,47aa9288-32c1-498f-aa53-1309dd3c3039,9,11452.99,18,2026-05-08 09:00:00+00:00,APROBADO
421,12afb174-68e2-4954-b124-fc60e757d61b,9,4572.91,24,2026-03-25 12:00:00+00:00,APROBADO
422,11d68e6d-61ed-40c6-b557-fc536daee909,9,25224.06,12,2025-12-30 17:00:00+00:00,APROBADO
423,83faa22d-7a8b-48c0-a7cc-ed228369d2bc,9,7919.98,12,2025-12-21 15:00:00+00:00,APROBADO
424,83dc2e86-b3f8-4e2e-b377-c7ce71d2cd6d,9,33479.66,12,2025-10-23 12:00:00+00:00,APROBADO
425,ea5cd60d-065e-4ba7-a1f2-583153856eb8,9,34103.38,12,2025-10-15 15:00:00+00:00,APROBADO
426,491570c0-b00a-48eb-8bcd-92f72bf098f3,9,21008.87,36,2025-11-11 10:00:00+00:00,APROBADO
427,c6fae625-3d41-444a-8132-812cb4a80030,9,31049.61,12,2026-01-10 15:00:00+00:00,APROBADO
428,0965e20c-2ae7-4abe-aee8-569fec7940eb,9,39061.77,18,2026-02-18 13:00:00+00:00,APROBADO
429,a53fa69f-d48e-4774-ac95-e8624af583f7,9,8315.00,12,2026-03-28 10:00:00+00:00,APROBADO
430,721e9895-ce03-4fbf-af7c-9ff37480e8e0,9,23649.22,12,2026-01-16 09:00:00+00:00,APROBADO
431,b724dc36-7adf-4744-9ad7-7908bef083e7,9,30730.41,24,2026-01-04 16:00:00+00:00,APROBADO
432,cbd0f666-a2a1-40f9-9519-ffb1cfbaf6bc,9,39264.23,12,2026-06-23 09:00:00+00:00,APROBADO
433,d1cdebc5-f5d1-4246-a61a-3fffd93e995d,9,22136.59,36,2026-05-09 17:00:00+00:00,APROBADO
434,75d1f62a-96c8-4ae5-bb2b-cafb0ee336f3,9,18914.93,12,2025-11-06 15:00:00+00:00,APROBADO
435,81cda908-26c2-45b1-854f-c4a203693901,9,18367.80,18,2025-11-02 16:00:00+00:00,APROBADO
436,2cff1300-6bc6-4158-8637-7ff6976619ef,9,14707.61,12,2025-11-10 10:00:00+00:00,APROBADO
437,5e355b8b-9e14-43f7-92c4-376778ba004b,9,37387.65,24,2025-10-01 15:00:00+00:00,APROBADO
438,4f71e425-4831-48d6-8020-1db0eb6d5589,9,15552.43,36,2026-02-15 13:00:00+00:00,APROBADO
439,5756dd0f-bb44-4792-8c68-65332ac6c1ba,9,8384.27,24,2026-05-07 17:00:00+00:00,APROBADO
440,d1cdebc5-f5d1-4246-a61a-3fffd93e995d,9,4230.83,36,2026-05-07 09:00:00+00:00,APROBADO
441,75c794de-3ff5-44fa-855a-cc2694b266de,9,6059.46,12,2026-04-18 15:00:00+00:00,APROBADO
442,ef50a840-fee2-40e3-9b14-53382b53b9a7,9,28238.80,18,2026-06-26 12:00:00+00:00,APROBADO
443,52eefbcf-6a86-44b2-a51f-3bbeff2d4b87,9,10597.47,36,2026-06-21 16:00:00+00:00,APROBADO
444,7f0a14f3-3a25-4ea8-a79e-cce3cec3f72a,9,9532.96,12,2025-11-06 11:00:00+00:00,APROBADO
445,9f4abf15-b787-4321-b8c9-de902b911265,9,30779.04,24,2026-01-01 10:00:00+00:00,APROBADO
446,e3c8f7e6-ecd0-4be1-a8c4-a15add27fc6b,9,23474.33,24,2026-04-14 17:00:00+00:00,APROBADO
447,260a96c6-44ed-4485-84a0-5f53b9766fc1,9,20216.47,18,2026-05-29 13:00:00+00:00,APROBADO
448,b7698c1b-17dd-41f5-9ae1-81913775eb55,9,24876.19,12,2025-12-27 10:00:00+00:00,APROBADO
449,335d0412-3e3a-416e-a9ec-61648a325ee9,9,14743.66,36,2025-12-25 17:00:00+00:00,APROBADO
450,366d7f8c-0560-4b87-9898-15c2b41554c7,9,16410.73,18,2026-04-18 09:00:00+00:00,APROBADO
451,052d8e4a-6879-421b-a858-927db652cd2c,9,13120.94,12,2026-06-28 16:00:00+00:00,APROBADO
452,759c8c34-8751-4752-ace1-c0955e4b7ef3,9,39734.15,36,2025-12-31 12:00:00+00:00,APROBADO
453,e66119f8-8ce8-4677-bb3d-f628990b4897,9,21632.47,12,2026-06-21 16:00:00+00:00,APROBADO
454,bd9b1018-7b79-4be3-a305-1b5fe8afb82f,9,25694.10,24,2026-01-30 13:00:00+00:00,APROBADO
455,cafafb3a-00bc-4c6c-846f-105093ffcd34,9,3712.99,24,2025-10-31 14:00:00+00:00,APROBADO
456,19143570-9b8b-4e25-ba21-39a89d7f7a06,9,8411.03,24,2026-04-12 17:00:00+00:00,APROBADO
457,c8098568-4a60-4591-ace6-df32bb0691e6,9,20255.50,18,2026-02-27 13:00:00+00:00,APROBADO
458,b7952461-6627-4cff-834e-99baf589156b,9,10965.23,18,2025-12-11 13:00:00+00:00,APROBADO
459,34cdf5c9-3668-4bf5-8404-5ad84ab54d0f,9,31934.22,36,2026-06-07 09:00:00+00:00,APROBADO
460,a5ede4db-3320-4c01-bdb6-91adae36a899,9,15328.31,12,2026-05-02 10:00:00+00:00,APROBADO
461,b43e0208-cdf7-4c4b-975e-219a5096fcaf,9,9198.22,12,2026-03-23 10:00:00+00:00,APROBADO
462,90851e93-01f7-4195-b463-576680ac5da6,9,24720.43,12,2026-01-02 14:00:00+00:00,APROBADO
463,35825b36-d3d2-4b9d-b94b-2885900d7260,9,29302.61,36,2025-11-25 15:00:00+00:00,APROBADO
464,46ca782f-e942-44b5-a2a2-3f6e47ce245c,9,17017.54,36,2026-03-28 17:00:00+00:00,APROBADO
465,db8bc41d-15de-46ba-a73a-9438f2ee87bd,9,19145.63,12,2026-05-06 09:00:00+00:00,APROBADO
466,763c8493-deef-4151-9240-7232dec39220,9,38367.47,18,2025-10-26 17:00:00+00:00,APROBADO
467,7426d96d-fa16-44f5-8fa3-a0dd6ae2cccc,9,39214.98,36,2025-12-10 15:00:00+00:00,APROBADO
468,be75cc70-780f-4498-aa65-315ae6c41572,9,29694.60,36,2026-05-31 11:00:00+00:00,APROBADO
469,43bf4efa-9b11-48ca-92b1-8c0b1f0bbe4a,9,6716.12,24,2026-03-25 10:00:00+00:00,APROBADO
470,b28b6f90-72d9-4941-9132-56c1cc78a3f5,9,20997.06,12,2025-12-26 16:00:00+00:00,APROBADO
471,0327f4ee-87d2-4806-b43d-46f0bc86f4c7,9,39079.59,24,2025-12-19 10:00:00+00:00,APROBADO
472,17d04af0-bda7-49af-aa65-71fba7650f31,9,24135.70,18,2026-04-28 15:00:00+00:00,APROBADO
473,a78f834f-a5d3-41b5-8532-b0e7eaba100f,9,25423.06,12,2026-02-07 14:00:00+00:00,APROBADO
474,e81bc579-da86-4c41-85c2-7eea371de1d9,9,18861.44,12,2026-04-09 12:00:00+00:00,APROBADO
475,bc672461-7f93-41a0-869f-ab4669808bb7,9,22040.51,18,2025-12-06 16:00:00+00:00,APROBADO
476,7c611750-8f83-443f-8ead-d891e11c136f,9,16289.30,36,2025-11-08 10:00:00+00:00,APROBADO
477,76c71bce-dfa7-46de-9b04-bd4bbf0fb1ad,9,28639.81,24,2026-05-02 12:00:00+00:00,APROBADO
478,0b317416-0103-46bd-a9c2-018ddc19644e,9,7831.04,12,2026-03-22 15:00:00+00:00,APROBADO
479,dc51ac4b-f5c6-4aa5-9b70-21b7176dee8d,9,30493.62,12,2026-06-22 15:00:00+00:00,APROBADO
480,d8b98c8f-d922-4e85-808c-8e651e087c5c,9,31561.46,12,2026-04-27 10:00:00+00:00,APROBADO
481,7693a0e5-f15f-4df4-98a0-a59f0a077a03,9,26167.22,24,2025-10-23 15:00:00+00:00,APROBADO
482,45852bcd-5a53-4b92-870a-3ce54f9754b2,9,5876.85,12,2026-03-07 15:00:00+00:00,APROBADO
483,18000c49-f81e-4c87-b8f9-1982876ef0b1,9,13671.92,12,2026-03-27 12:00:00+00:00,APROBADO
484,be47b08c-b4bc-4cfc-a847-a45d3d8c9d03,9,19011.80,12,2026-01-19 12:00:00+00:00,APROBADO
485,61dfa1e6-2799-4346-b8cd-3bd89dede915,9,16592.63,24,2026-01-16 13:00:00+00:00,APROBADO
486,9eff6b4a-3a47-4c76-82cb-14b2bdda0ad4,9,25377.98,24,2026-01-15 15:00:00+00:00,APROBADO
487,4d39e474-e965-413e-8ddb-98fe8f1baf38,9,7613.67,24,2026-03-21 11:00:00+00:00,APROBADO
488,a4ae860f-68cc-4d26-87ef-2dbff84e8b59,9,6563.30,18,2026-06-08 13:00:00+00:00,APROBADO
489,e1c3ffc7-d28e-4ed3-8279-bd12fec225d9,9,27280.05,18,2026-03-11 15:00:00+00:00,APROBADO
490,e9d4cc90-48f7-4da7-ab9f-65a10d47d1a2,9,25083.33,18,2025-11-10 15:00:00+00:00,APROBADO
491,6bc087b9-0cf1-44d2-9ba0-19c0369c0ac7,9,30096.97,24,2025-11-13 11:00:00+00:00,APROBADO
492,717ab66d-8cdc-4d33-9831-8a749e645381,9,22023.20,12,2025-10-06 16:00:00+00:00,APROBADO
493,79e8e619-3faa-4955-9d63-2bddc6fdca6b,9,38092.29,12,2026-04-01 13:00:00+00:00,APROBADO
494,41d04573-1e7b-4f0f-907b-a08e6c17c19e,9,39057.78,18,2026-01-07 17:00:00+00:00,APROBADO
495,d5758555-a62f-4c8c-acea-106dce869680,9,4748.89,12,2025-10-30 11:00:00+00:00,APROBADO
496,b662351d-120d-4a5c-9ee9-e90dd98a792b,9,32268.06,24,2026-04-08 16:00:00+00:00,APROBADO
497,770f2486-365e-492e-8b67-18300e3235f3,9,26670.61,18,2025-10-10 10:00:00+00:00,APROBADO
498,292e34c5-17a6-4d99-b3e3-6e7d245b53a6,9,31470.78,12,2026-01-19 10:00:00+00:00,APROBADO
499,2c9a6ca5-94a2-4c4d-8d93-bbb57be7b57f,9,19885.94,36,2025-10-23 15:00:00+00:00,APROBADO
500,a9850893-5cd2-4d69-be6c-68a5f0bf8aa7,9,39454.08,18,2025-12-24 10:00:00+00:00,APROBADO
501,8a6a4087-bcee-4e29-aa55-0d88093672f8,9,13924.48,12,2025-10-08 14:00:00+00:00,APROBADO
502,90fe16df-22db-4b5a-931b-14d61e2df8a0,9,10175.65,36,2025-11-20 11:00:00+00:00,APROBADO
503,7919600a-0245-4ac5-ae4f-302ba3a70c95,9,23773.76,12,2026-04-05 16:00:00+00:00,APROBADO
504,7442a6ef-dc13-48e0-a9ba-7519ca11ddaa,9,36688.01,24,2025-10-11 10:00:00+00:00,APROBADO
505,62175e1b-1826-453f-a1e9-48a2ad25dc20,9,10150.73,18,2026-02-03 11:00:00+00:00,APROBADO
506,49a60f5f-617c-44f0-80a8-e90ede485c77,9,39093.49,24,2026-04-27 11:00:00+00:00,APROBADO
507,1728590f-5802-405c-90c0-bf36387e79f8,9,39957.87,36,2026-04-19 11:00:00+00:00,APROBADO
508,4169a19c-ef94-4437-a700-1bd37a66d708,9,8442.44,18,2025-12-28 11:00:00+00:00,APROBADO
509,fe914152-22c0-4dd7-8cf6-c796af4eacdc,9,18830.59,12,2025-12-16 16:00:00+00:00,APROBADO
510,52069d7f-4a30-463f-adaa-676772ea6db1,9,7759.33,24,2026-05-28 10:00:00+00:00,APROBADO
511,fb5a33a4-e8c4-4aab-a035-41fc5aa9f6dc,9,10288.55,12,2025-11-15 13:00:00+00:00,APROBADO
512,d283364e-3632-4ac5-af0e-834bf9283872,9,19367.19,18,2025-11-10 15:00:00+00:00,APROBADO
513,8251deb8-5292-4103-b078-75e2a2d8b248,9,38255.11,12,2026-05-29 15:00:00+00:00,APROBADO
514,7745a219-b47e-4393-8f50-0c2f8ac18af1,9,4506.23,24,2025-12-01 13:00:00+00:00,APROBADO
515,b5d475f3-6ea3-444c-9fda-5bc3c451f793,9,6925.28,18,2026-06-13 10:00:00+00:00,APROBADO
516,69515d8c-1772-46bf-bebd-61f9e1046d86,9,3781.26,18,2026-06-03 14:00:00+00:00,APROBADO
517,2d06c41b-b92a-4fe8-98dc-a3cafd36f3f2,9,31505.44,36,2026-03-23 16:00:00+00:00,APROBADO
518,55810944-d1ce-477e-adbb-2c2c54583206,9,21876.78,18,2025-10-30 12:00:00+00:00,APROBADO
519,3460deae-ccad-40d8-88a6-0b0d5da0a9bf,9,28569.92,18,2026-03-12 16:00:00+00:00,APROBADO
520,f424e522-0d19-491c-a7d6-cd3f47cd6e63,9,23196.18,36,2026-01-10 17:00:00+00:00,APROBADO
521,6055d352-7339-44c9-87ad-d00e43723ab2,9,8467.73,18,2026-04-24 13:00:00+00:00,APROBADO
522,fff52e7a-2648-4268-8462-0b2c295df35f,9,5112.23,18,2026-06-04 12:00:00+00:00,APROBADO
523,bfa285e1-da77-426f-8a4f-9511447b004a,9,37669.14,24,2025-10-26 15:00:00+00:00,APROBADO
524,42f211b3-ec73-4520-9ed5-80bf3cd0d9c8,9,28313.61,18,2026-05-10 09:00:00+00:00,APROBADO
525,91b4602a-2e4d-4d2b-991c-38dd61da8128,9,25563.26,24,2026-06-01 13:00:00+00:00,APROBADO
526,12bddd25-227a-4745-b30c-98c703c0fbf7,9,16542.35,18,2026-05-11 10:00:00+00:00,APROBADO
527,f44ac6d2-c116-44c2-972e-cd0ad3bf6e44,9,3853.27,24,2025-12-20 11:00:00+00:00,APROBADO
528,5214f969-ce52-4d77-a4b9-fac083208749,9,13696.11,12,2026-05-18 15:00:00+00:00,APROBADO
529,39aa5143-4f3a-48ba-9bed-8055dff86fea,9,39203.22,18,2026-03-15 10:00:00+00:00,APROBADO
530,68cb88c8-903c-40d4-b9b5-af9ecd27683c,9,35460.57,24,2025-12-20 11:00:00+00:00,APROBADO
531,b11056c4-fcca-49ec-b788-f740a4f9f3b8,9,39972.51,18,2026-02-01 13:00:00+00:00,APROBADO
532,09a62330-389f-4018-8ef8-5157198c0c73,9,24603.78,12,2026-05-12 16:00:00+00:00,APROBADO
533,00cfdd4c-00a0-4b95-822f-fb53b79e68cc,9,36126.50,18,2026-05-06 16:00:00+00:00,APROBADO
534,230cd6e9-a0fa-4727-ad03-22a10ab8c50c,9,24700.90,24,2025-10-06 17:00:00+00:00,APROBADO
535,34d3881f-5a6b-4630-9c44-d6d09f8e513c,9,18870.61,18,2026-05-20 09:00:00+00:00,APROBADO
536,ee7b5391-2943-4474-a3c8-5acad32513ba,9,24388.29,12,2026-02-09 12:00:00+00:00,APROBADO
537,d1738c12-9ced-4272-b0a2-be584ffc6d35,9,14924.84,36,2026-02-02 12:00:00+00:00,APROBADO
538,5ee7370c-dae5-4ed4-aca6-30b145bcc213,9,25843.54,18,2025-11-29 17:00:00+00:00,APROBADO
539,21f27364-e0ee-495f-b0d7-738ccd807197,9,25175.21,12,2026-03-21 13:00:00+00:00,APROBADO
540,e8a6bcff-b44b-4b1f-b312-bb7582cc64d1,9,30592.88,18,2025-12-22 17:00:00+00:00,APROBADO
541,a72d8caa-acc8-4e41-83f2-b9b0b9507633,9,39710.54,24,2025-12-14 13:00:00+00:00,APROBADO
542,6a9c0f6f-902d-4931-9882-4f81e42fc058,9,31757.98,12,2025-11-14 14:00:00+00:00,APROBADO
543,62175e1b-1826-453f-a1e9-48a2ad25dc20,9,10364.17,24,2026-01-02 12:00:00+00:00,APROBADO
544,344ab592-72de-4bab-9037-10aa943b8bbe,9,16999.64,18,2026-06-04 15:00:00+00:00,APROBADO
545,fd866196-cf89-4961-8945-4b4a91b9d539,9,30401.67,18,2025-12-13 12:00:00+00:00,APROBADO
546,8a7e9ba6-8526-49a2-b67b-037ff8d81e72,9,14972.45,12,2026-02-09 10:00:00+00:00,APROBADO
547,90d34078-91e9-44e4-b042-c2ea96c494c5,9,26889.43,36,2026-03-07 17:00:00+00:00,APROBADO
548,4d3dff9e-3be9-48a1-990b-eedd946da17c,9,22518.25,12,2026-01-07 15:00:00+00:00,APROBADO
549,11df8903-c81b-44b0-a327-c54c20d8f49b,9,5682.35,12,2025-10-16 17:00:00+00:00,APROBADO
550,85dd305d-b042-4033-a965-134eab0ed424,9,5560.66,18,2026-03-13 13:00:00+00:00,APROBADO
551,332db4c2-1871-45d1-9e63-1256425255ec,9,33474.38,12,2026-03-12 10:00:00+00:00,APROBADO
552,0fb929bf-85b7-4c7c-b0f8-2b403fd180a1,9,10476.53,12,2025-11-29 12:00:00+00:00,APROBADO
553,ee6c6eb6-d904-4299-87a9-c212cbf0c5e7,9,5964.57,18,2026-01-28 16:00:00+00:00,APROBADO
554,ae0370ac-8e9d-43b0-9915-901d46b08ade,9,33424.53,36,2025-12-12 10:00:00+00:00,APROBADO
555,3c36a7ec-7188-4a7c-a6fb-12dc4ffc8e13,9,17260.62,12,2026-02-14 13:00:00+00:00,APROBADO
556,6fe93fa6-f724-4a02-8981-ed7b53eaf4b5,9,21940.78,36,2026-01-12 12:00:00+00:00,APROBADO
557,8c7d964b-600f-4d1f-bd88-910ed4e44eab,9,28915.45,18,2025-12-07 12:00:00+00:00,APROBADO
558,b680a8a8-2782-4203-8ebf-0c3a9c1fcba5,9,27084.71,12,2026-01-17 09:00:00+00:00,APROBADO
559,b4dbaf83-acd3-4f7d-9cfa-0e939571d0b6,9,17140.69,18,2025-11-16 12:00:00+00:00,APROBADO
560,10fe18e0-ac3a-4613-9bf8-bcc09f14ed85,9,7222.43,24,2026-03-14 10:00:00+00:00,APROBADO
561,b45c80d1-bae3-494b-b0ac-e79e7d9b21d9,9,15105.76,24,2026-06-26 16:00:00+00:00,APROBADO
562,eccaf75a-c76a-458c-9e5c-dac39590bf5f,9,23770.79,12,2026-04-10 13:00:00+00:00,APROBADO
563,e18b522f-3d7b-468a-814d-f0a0f9517bba,9,24380.90,18,2025-10-23 10:00:00+00:00,APROBADO
564,8e9c824f-745d-46ef-9843-a1b0c3461ced,9,4109.76,24,2026-01-06 14:00:00+00:00,APROBADO
565,e2e21ca3-842d-4459-9e00-6775915ddf15,9,20412.00,36,2025-12-17 15:00:00+00:00,APROBADO
566,2dde532e-e111-4a2c-a22e-190050ce440f,9,20948.11,18,2025-11-22 16:00:00+00:00,APROBADO
567,0e4e5f57-dfae-49bc-a358-d7781f20ec68,9,9837.30,36,2026-05-12 13:00:00+00:00,APROBADO
568,fdcabba3-3321-4b54-8527-fbe8dc3d9fc1,9,24752.30,18,2025-10-08 17:00:00+00:00,APROBADO
569,dd91c05f-a5e5-4c35-8d0d-2354df61fa0d,9,33348.99,24,2025-11-17 15:00:00+00:00,APROBADO
570,4966b2a1-c24e-45cb-8430-e544d582af67,9,36097.23,12,2025-12-09 10:00:00+00:00,APROBADO
571,f3ff95a9-d2bf-47bb-bf04-4abe4c05a1d4,9,22821.45,12,2026-04-30 13:00:00+00:00,APROBADO
572,bb826e4c-aed5-4c91-9f96-8b8f99b1a33d,9,27390.81,24,2025-12-11 09:00:00+00:00,APROBADO
573,dcc3b80b-cac3-4e68-8087-4dffa462d138,9,12726.14,24,2026-04-28 09:00:00+00:00,APROBADO
574,f41d9392-c397-49cc-a4ac-2f93acf1238d,9,32152.80,12,2025-11-14 13:00:00+00:00,APROBADO
575,e60aadec-3b2c-4a16-a9e4-040b2c4e818d,9,34400.88,24,2026-04-08 14:00:00+00:00,APROBADO
576,f83dd64a-bacd-4541-8d12-a7836da27f15,9,4525.80,24,2025-10-07 13:00:00+00:00,APROBADO
577,b4415804-150c-4cd6-b91f-a565cf510ae8,9,22265.12,12,2025-12-29 11:00:00+00:00,APROBADO
578,dbead606-74c3-4547-8cfc-aeaf548b8026,9,22056.41,36,2026-04-25 11:00:00+00:00,APROBADO
579,d2e74bb4-d241-4450-a051-fbe5070b5013,9,21177.62,12,2025-11-21 15:00:00+00:00,APROBADO
580,88bd4364-f58b-4bc1-932f-1e1543793909,9,4887.26,36,2026-06-16 10:00:00+00:00,APROBADO
581,10449973-30b6-41f7-8736-44d448de299a,9,32886.56,24,2026-06-30 10:00:00+00:00,APROBADO
582,f5646a97-eca7-44a4-bde3-5837f1e39926,9,28524.37,12,2026-06-29 17:00:00+00:00,APROBADO
583,c9273243-182b-4d25-9dbd-73c4f06b61ce,9,13548.71,12,2026-06-10 12:00:00+00:00,APROBADO
584,7affff80-b020-4636-a360-a74d4bd9c960,9,7193.84,12,2026-06-01 17:00:00+00:00,APROBADO
585,e6390d38-d091-4bf1-8d4d-2f72e4abe635,9,35009.09,24,2026-06-06 12:00:00+00:00,APROBADO
586,645902f8-590d-4f46-8f5e-bd2243689d18,9,18475.97,12,2026-05-04 13:00:00+00:00,APROBADO
587,655fe172-f427-41fc-af10-74d95c88dfac,9,34677.34,18,2026-04-03 11:00:00+00:00,APROBADO
588,2fc3abd0-0f84-4dd9-ad29-14623a7c7e02,9,38916.13,18,2026-02-16 10:00:00+00:00,APROBADO
589,562cdd90-1880-4e87-b83a-eda3d4a5f541,9,19321.35,24,2026-01-29 14:00:00+00:00,APROBADO
590,1e63717d-5940-4034-af3a-282d403359b9,9,18635.17,24,2025-10-16 17:00:00+00:00,APROBADO
591,e200dca6-5923-46c4-97a9-a0a8dfb5fbbf,9,36740.00,18,2026-02-13 12:00:00+00:00,APROBADO
592,0d71655d-9d60-4971-b73e-58114661cace,9,7835.41,36,2026-04-04 09:00:00+00:00,APROBADO
593,0ad049ba-bf7e-42e1-9550-80189fb1a155,9,28278.56,12,2026-03-27 14:00:00+00:00,APROBADO
594,336b32b5-e48b-4e1f-82b7-dd58c7ca2ade,9,16656.56,24,2025-12-30 17:00:00+00:00,APROBADO
595,db7ff7b3-ade7-4b8e-a0d8-2f6b1ee15cbd,9,5691.59,24,2026-05-14 09:00:00+00:00,APROBADO
596,b1b6270a-703d-4cc9-aa46-5f5249fb98e8,9,4592.51,24,2025-12-23 14:00:00+00:00,APROBADO
597,0cb938fd-1128-4d21-8a57-462462071cba,9,9498.31,12,2026-02-18 09:00:00+00:00,APROBADO
598,e8f82aa2-5477-417b-9e6e-8366b9332d9f,9,6502.35,12,2026-04-27 14:00:00+00:00,APROBADO
599,41a4ce72-056b-43ef-befa-2bcd24c9122d,9,35565.02,18,2026-04-15 16:00:00+00:00,APROBADO
600,d1e37e31-496c-4606-9714-be0b0e5eb8ce,9,33214.59,18,2026-02-11 12:00:00+00:00,APROBADO
601,11d2d742-032f-4048-9be1-3328fc313a7f,9,11167.59,36,2025-11-11 15:00:00+00:00,APROBADO
602,3f91b561-08e5-4018-8194-d139b225a279,9,32835.75,24,2026-02-09 10:00:00+00:00,APROBADO
603,1ed70b1e-87e9-4fd5-abd6-765b93c53707,9,23466.82,18,2026-04-21 16:00:00+00:00,APROBADO
604,d869e2f5-b2d2-4a72-a951-e6f470a6a82b,9,6250.67,18,2026-06-22 15:00:00+00:00,APROBADO
605,2b6d68a5-b636-4d04-bb1d-4b46b022bbfd,9,27418.64,24,2025-11-02 15:00:00+00:00,APROBADO
606,1b04750c-f3b4-4927-bb5f-59106e4a2668,9,6730.96,12,2026-05-27 09:00:00+00:00,APROBADO
607,e2d10bf0-d20b-4f7f-b896-8181344b981c,9,33553.85,18,2026-05-28 13:00:00+00:00,APROBADO
608,a6f71a30-ce9d-4d9a-a4bf-f2f4c9e8e4d6,9,16693.06,12,2026-06-27 09:00:00+00:00,APROBADO
609,63ce9640-6158-4763-85a4-a0b76430b647,9,35203.11,24,2025-12-04 17:00:00+00:00,APROBADO
610,49da74dc-4616-4a59-a47e-0e32e968aef1,9,34750.22,36,2026-05-20 09:00:00+00:00,APROBADO
611,4f467ee1-e2b3-4604-97ed-f1f610f9d81f,9,22694.92,36,2026-04-28 14:00:00+00:00,APROBADO
612,ad1a7731-55ba-4552-b093-8a7a625ece8a,9,22125.58,24,2025-12-19 13:00:00+00:00,APROBADO
613,3ac0fb5c-d6c0-4a41-990c-582dcbc183ca,9,17526.14,18,2025-11-12 13:00:00+00:00,APROBADO
614,644e003b-41d0-441d-834c-e8e9a239f433,9,25227.96,18,2026-04-04 16:00:00+00:00,APROBADO
615,645902f8-590d-4f46-8f5e-bd2243689d18,9,39460.47,24,2026-02-04 13:00:00+00:00,APROBADO
616,ad1a7731-55ba-4552-b093-8a7a625ece8a,9,26418.71,12,2026-01-09 16:00:00+00:00,APROBADO
617,df5a9da7-6d5f-4519-b0ab-54c6b1d6882a,9,18115.22,36,2026-04-27 16:00:00+00:00,APROBADO
618,157d0df7-58b1-46ef-ac6e-4421dd122392,9,27075.93,24,2026-01-17 12:00:00+00:00,APROBADO
619,33ad933d-9dad-44b5-a26d-8ff8c23b04aa,9,16472.07,12,2025-10-14 16:00:00+00:00,APROBADO
620,10449973-30b6-41f7-8736-44d448de299a,9,26892.28,36,2026-05-19 14:00:00+00:00,APROBADO
621,c2f108a2-98ba-4a97-bf2c-af221bcf8357,9,32997.63,18,2025-12-25 10:00:00+00:00,APROBADO
622,2047d758-53a8-4e32-ab12-f652eaac1ced,9,13813.97,12,2026-05-15 12:00:00+00:00,APROBADO
623,6de5c15c-46ce-4fe5-85b5-de55163ceb03,9,19530.31,36,2025-11-29 14:00:00+00:00,APROBADO
624,18484a05-9e2e-4942-83b4-e545de163445,9,35468.62,24,2026-04-24 12:00:00+00:00,APROBADO
625,7c5dcc34-17aa-44b8-8d41-a3bc0e5cc9ef,9,4500.24,24,2025-10-27 12:00:00+00:00,APROBADO
626,89873955-9cfb-486d-b512-020db0181c88,9,22270.49,18,2025-11-06 16:00:00+00:00,APROBADO
627,a87f2619-1e63-44cd-9771-ce970ee4a2c6,9,20103.52,12,2025-12-07 12:00:00+00:00,APROBADO
628,4d12a94f-18ba-4ac2-ab4d-19edcb07bd87,9,37606.02,12,2025-10-12 09:00:00+00:00,APROBADO
629,f6416777-fa27-45e1-b364-5bc2b3bdc6dd,9,7598.21,12,2026-03-03 10:00:00+00:00,APROBADO
630,6798706d-8baa-462e-8c75-348ef1d9b7cf,9,8052.10,24,2026-03-11 14:00:00+00:00,APROBADO
631,80e89353-45db-4e61-8e0c-9be2763cdffc,9,32523.88,18,2026-05-11 14:00:00+00:00,APROBADO
632,d4c889e3-1979-4fbb-8b3b-3fb4ef57ad9c,9,9807.07,36,2025-11-05 16:00:00+00:00,APROBADO
633,c6e1da98-bc33-45de-aea4-d40ac8351ec3,9,17441.71,18,2026-01-14 14:00:00+00:00,APROBADO
634,630429e5-0a11-4a1a-abed-66b440f0171a,9,11087.13,18,2026-05-18 11:00:00+00:00,APROBADO
635,4b4c9bda-a703-4df6-ad99-c6acfb9d3237,9,18389.53,24,2026-05-22 09:00:00+00:00,APROBADO
636,0934ab73-23a7-438f-bce1-94718e39ab79,9,3597.08,36,2025-12-23 11:00:00+00:00,APROBADO
637,6057831c-bfc1-4ed3-9d7d-2c55f409d611,9,18741.18,24,2026-03-23 16:00:00+00:00,APROBADO
638,ab9cdc55-d615-491c-aef2-eac4e952cb95,9,39974.47,18,2026-05-17 15:00:00+00:00,APROBADO
639,f8ddc41c-64bf-4d5b-830b-2f0ed97bc6f4,9,39272.53,18,2026-06-28 17:00:00+00:00,APROBADO
640,ef81be56-056a-41a4-96ed-5257d1ad3924,9,33671.00,18,2026-04-17 10:00:00+00:00,APROBADO
641,ad1a7731-55ba-4552-b093-8a7a625ece8a,9,17498.13,12,2025-10-04 10:00:00+00:00,APROBADO
642,9e6e694e-9783-4b0a-90f4-2c4718811e1f,9,10642.65,12,2026-04-14 12:00:00+00:00,APROBADO
643,f7de4b77-7c74-40cb-a6eb-d5267db8e028,9,17225.16,18,2026-04-04 12:00:00+00:00,APROBADO
644,950cea01-6c4f-48de-9841-6464ceb903bf,9,31645.72,36,2026-04-18 14:00:00+00:00,APROBADO
645,675c639d-9f31-4207-a75a-46e0cd2fe2dc,9,10089.05,12,2025-11-10 13:00:00+00:00,APROBADO
646,c659a31f-683f-4cf3-bb26-211baec77130,9,21950.83,36,2025-10-21 10:00:00+00:00,APROBADO
647,3c3c3162-08b7-45f2-b31e-9bd1cb3fc8fe,9,27113.53,12,2025-12-14 14:00:00+00:00,APROBADO
648,82589697-603c-4f0e-9e69-a290b6509fda,9,23653.83,24,2025-10-24 09:00:00+00:00,APROBADO
649,54961a85-caa9-4cb3-b0c3-6c6a13136b78,9,11711.85,24,2025-12-09 11:00:00+00:00,APROBADO
650,892d7b76-ee2e-43b1-875b-a8a36f0ba3a8,9,32192.79,36,2026-03-19 15:00:00+00:00,APROBADO
651,9df0f155-b24f-4954-b5ad-9372c905fbb4,9,27179.43,12,2026-05-02 12:00:00+00:00,APROBADO
652,bdcb0c68-6c08-40d1-9e6b-2ad0b8c2025e,9,9680.93,12,2026-04-27 13:00:00+00:00,APROBADO
653,3657bf12-7d0a-436b-9910-4dd8be62c620,9,13482.70,24,2026-05-14 11:00:00+00:00,APROBADO
654,fef4798a-832b-4ebd-88f8-81a98cc144d5,9,6054.54,18,2026-05-19 15:00:00+00:00,APROBADO
655,60aa0ccc-2c45-4455-a544-8e777b9c7f51,9,35843.25,12,2026-02-24 16:00:00+00:00,APROBADO
656,1f848db1-c4c0-43ca-8b65-94aa38ce1137,9,16345.03,12,2026-06-18 12:00:00+00:00,APROBADO
657,24417a79-71bb-4007-92cf-1116fee62abf,9,36503.14,24,2025-10-02 14:00:00+00:00,APROBADO
658,d04cea25-7049-44f4-96e3-04b692e9d499,9,9186.63,18,2026-01-02 09:00:00+00:00,APROBADO
659,f7c0b8b1-c3a4-4c32-a78c-ab878cc09429,9,13470.43,36,2026-04-01 10:00:00+00:00,APROBADO
660,78fbf320-a2a6-4754-b239-6f220b562c09,9,31275.24,24,2026-06-14 13:00:00+00:00,APROBADO
661,69166dab-10c3-4a4d-8c4c-ab25c3dc6238,9,39698.22,12,2026-05-17 10:00:00+00:00,APROBADO
662,634e0cf8-a0fd-493b-9a32-6aebd2464629,9,14350.50,18,2026-01-09 17:00:00+00:00,APROBADO
663,0583310d-56e0-4623-ab5a-5bc0b80f6a62,9,10094.20,24,2025-11-21 09:00:00+00:00,APROBADO
664,ea7f06f3-f45d-495e-bc7f-aa00b22072cc,9,38604.75,18,2026-03-20 14:00:00+00:00,APROBADO
665,79152271-0dc2-4fce-b086-ec78d4e80268,9,10306.28,36,2026-01-03 15:00:00+00:00,APROBADO
666,b6cf60d4-174c-4f85-a876-a6ae00aed3ce,9,24474.91,12,2026-06-27 15:00:00+00:00,APROBADO
667,a571f092-e577-4e24-b67a-9a1ba56ed7c9,9,21707.06,36,2026-02-07 14:00:00+00:00,APROBADO
668,28122113-faed-4996-b3b5-64caf0d0a744,9,27921.27,18,2025-10-12 17:00:00+00:00,APROBADO
669,fc14d54c-3bbf-4d44-9b76-448f37a36c13,9,7314.92,18,2026-01-01 17:00:00+00:00,APROBADO
670,ea87212d-5dde-45a0-b83b-2852289f72f3,9,32840.24,36,2026-05-11 16:00:00+00:00,APROBADO
671,fbbfd5b2-e194-40f1-9454-cd8181ea7319,9,36761.46,24,2025-10-09 14:00:00+00:00,APROBADO
672,a9ff7ef3-ceb6-449d-a3ad-0f7b86e0f9bc,9,25579.06,24,2026-02-07 14:00:00+00:00,APROBADO
673,0f38cd76-44fc-4054-af2d-fb26bea6d3c1,9,23926.80,12,2026-04-14 09:00:00+00:00,APROBADO
674,bedd5c68-5853-4f6b-8f38-7a84725d4776,9,7676.38,12,2026-03-31 13:00:00+00:00,APROBADO
675,144732dd-c158-4703-8d2e-1d1e0def415b,9,20216.14,18,2026-01-18 13:00:00+00:00,APROBADO
676,a04f0d22-9f50-4b12-a7fb-93ff03a7a11a,9,27660.91,36,2026-02-16 10:00:00+00:00,APROBADO
677,82151728-ebf5-4f40-9d79-468a64a9754b,9,4463.28,24,2025-12-28 12:00:00+00:00,APROBADO
678,d90e5d77-a0d1-4ff8-8fc6-8bf5ad805b5f,9,18368.52,18,2026-06-19 15:00:00+00:00,APROBADO
679,0153bd0c-c964-4f7c-82e9-9f9d713e34d2,9,9708.63,18,2026-03-08 15:00:00+00:00,APROBADO
680,979a004d-e5bb-450b-810f-6c7e809c3144,9,34811.66,24,2026-04-15 13:00:00+00:00,APROBADO
681,cdd6e105-016f-44d6-8e47-f3ce66bf38ff,9,11931.25,18,2026-02-15 12:00:00+00:00,APROBADO
682,07894576-7445-4080-b27c-436ac05e3fa6,9,27041.24,24,2026-02-06 13:00:00+00:00,APROBADO
683,413e10ab-488c-47e6-a642-c3c7ca315845,9,4600.69,36,2026-03-04 09:00:00+00:00,APROBADO
684,88515f8c-b898-4d01-ac71-5746a6ef7dd2,9,21164.17,12,2025-12-29 10:00:00+00:00,APROBADO
685,9eafc56f-0ad0-4ff7-b152-703e3f7781db,9,38605.66,18,2026-03-09 15:00:00+00:00,APROBADO
686,138d0aba-6b78-4bfa-bf1b-b60a4fb5b31a,9,3715.82,24,2026-01-11 12:00:00+00:00,APROBADO
687,5aa18af6-db0d-4dbb-8047-93f2f6d13d2f,9,5753.78,36,2025-12-13 10:00:00+00:00,APROBADO
688,8e9c9f57-1443-46f4-a381-4c40f1d70461,9,29565.80,12,2026-02-05 16:00:00+00:00,APROBADO
689,c69c9cd0-7184-4b21-974b-7646f9873180,9,20122.58,18,2026-04-27 09:00:00+00:00,APROBADO
690,90e8939e-8bbd-47f0-bbe7-0a2aa59d4ed2,9,21678.40,18,2025-10-23 15:00:00+00:00,APROBADO
691,fb876189-845c-4e5b-8b94-e79d5b777f58,9,24014.05,36,2026-03-30 11:00:00+00:00,APROBADO
692,0f57d98f-74df-4a99-b30f-3667158bfd89,9,5049.76,18,2025-11-27 10:00:00+00:00,APROBADO
693,7442a6ef-dc13-48e0-a9ba-7519ca11ddaa,9,11501.40,12,2026-03-26 13:00:00+00:00,APROBADO
694,5881dbf1-a1d2-4980-967e-bb01bfcf669e,9,18719.30,24,2025-11-12 10:00:00+00:00,APROBADO
695,a832fcd1-a319-4f23-8b3c-74336582fc1d,9,5194.88,18,2026-06-19 15:00:00+00:00,APROBADO
696,26ce8b0d-4f9e-4c96-b4ed-99cb7f9bbf23,9,7148.75,18,2026-03-23 16:00:00+00:00,APROBADO
697,d10a8573-fa82-4b90-bcd1-f9446f34e564,9,36380.24,24,2026-06-10 09:00:00+00:00,APROBADO
698,11ba7183-b6d0-440b-9bbc-56222223e140,9,25814.42,18,2026-04-27 12:00:00+00:00,APROBADO
699,454de1f1-4c76-4bcd-8bfa-49b241e14336,9,11256.00,36,2026-05-12 10:00:00+00:00,APROBADO
700,737fba75-de50-49bc-b064-8bc709e19cc7,9,7774.42,18,2025-10-18 09:00:00+00:00,APROBADO
701,3826607c-5803-4e2d-a5a5-c6a9147b9ed7,9,16980.83,12,2026-01-14 16:00:00+00:00,APROBADO
702,8c7b7eae-28c1-4e72-98fa-5a99757fecb9,9,5668.43,18,2026-05-28 09:00:00+00:00,APROBADO
703,c339b0ff-e364-4041-8d44-a66d2b6dc382,9,5412.27,24,2026-05-17 17:00:00+00:00,APROBADO
704,7019f1fa-b5b0-46d8-ae9e-8faccd5df484,9,27010.85,18,2025-10-09 16:00:00+00:00,APROBADO
705,a68d9f96-22d3-47d7-9398-631438893152,9,26047.73,24,2025-12-28 11:00:00+00:00,APROBADO
706,27a4a393-fe17-4aeb-b37c-2d68958597d7,9,11393.83,18,2025-10-24 16:00:00+00:00,APROBADO
707,855aa1a7-baac-4558-a884-b42b38363b57,9,19741.55,18,2025-11-02 14:00:00+00:00,APROBADO
708,5503365c-7ebe-4c46-a1bd-d5797e549864,9,15286.43,24,2025-10-08 12:00:00+00:00,APROBADO
709,3c9acff2-10f9-44d9-8b50-265c4624e044,9,26964.33,36,2026-02-28 11:00:00+00:00,APROBADO
710,fd4505d3-ee80-4186-8ee9-a444b2074e46,9,7334.18,18,2025-11-24 12:00:00+00:00,APROBADO
711,f1e1d89b-3f28-40c0-bfbd-98e8991442df,9,3287.29,18,2025-12-23 09:00:00+00:00,APROBADO
712,3f3da6ba-6cbb-48df-a541-43358d0c503f,9,18426.03,36,2026-04-03 15:00:00+00:00,APROBADO
713,183f3dc0-6558-41eb-946e-016a204d2981,9,9069.94,24,2026-06-26 17:00:00+00:00,APROBADO
714,8a6ddc3c-45b0-413b-81ae-2c7826487e10,9,20915.94,18,2026-03-06 11:00:00+00:00,APROBADO
715,efc2e2d2-293f-41c5-9147-19152afbdb31,9,11814.67,18,2026-05-31 11:00:00+00:00,APROBADO
716,89e556ce-3316-426d-8ae7-b165f75a9be1,9,38644.62,12,2026-02-07 14:00:00+00:00,APROBADO
717,eb94d79e-c549-4342-a651-226c0246e6e2,9,37704.57,18,2026-05-18 13:00:00+00:00,APROBADO
718,7cb7bfe4-0430-41e8-9587-4cc8d744adf2,9,32633.91,24,2026-02-02 13:00:00+00:00,APROBADO
719,d7a9ad3b-6a65-4546-9c1c-4dd9f28ce1ee,9,30181.46,18,2025-12-02 17:00:00+00:00,APROBADO
720,fd0db7be-73f4-4b47-b182-6dc01976599a,9,18172.86,18,2026-05-11 11:00:00+00:00,APROBADO
721,0fcf0dc3-c888-44c2-b2aa-2508ff599a24,9,16732.98,24,2025-10-24 13:00:00+00:00,APROBADO
722,7714d93a-c5c7-461b-b9ca-c728c85b4c8f,9,15061.72,18,2026-03-25 13:00:00+00:00,APROBADO
723,8537d889-8e13-4aaa-ab95-5e4c5f2b3055,9,29780.72,12,2026-02-21 11:00:00+00:00,APROBADO
724,4224383f-80c7-4bc3-9fcd-cd8ad8079352,9,38184.44,24,2026-05-28 10:00:00+00:00,APROBADO
725,711f9020-7cfc-4910-92d3-91f5e1c472a7,9,23493.49,36,2026-05-03 09:00:00+00:00,APROBADO
726,8b1c0316-467f-48c4-92b9-edb494755a82,9,3659.04,36,2026-02-19 13:00:00+00:00,APROBADO
727,b2e338cc-9fbd-4771-a36a-aca4d90dda63,9,32910.28,36,2025-12-18 11:00:00+00:00,APROBADO
728,99b86194-48cd-465d-b196-09c69ce60bb3,9,9323.04,36,2026-02-25 17:00:00+00:00,APROBADO
729,dc666a8b-0353-4c20-b8b6-be3c3a1e5c30,9,35648.52,36,2025-12-21 09:00:00+00:00,APROBADO
730,fb696c2a-0531-49a6-85ed-7610885f3dfe,9,29398.64,12,2026-04-13 15:00:00+00:00,APROBADO
731,9b0fe4df-a4e1-415c-b617-c0001d9873f5,9,6927.21,24,2025-11-25 12:00:00+00:00,APROBADO
732,86f41b58-5323-4107-afa8-ef090a03c483,9,15724.86,18,2026-01-17 16:00:00+00:00,APROBADO
733,a264bfb8-78d3-448f-adfc-66252706ee2f,9,9898.37,24,2026-02-24 09:00:00+00:00,APROBADO
734,89caf3e6-6851-4b04-9a3a-da7cec175dc2,9,28836.07,12,2025-12-29 12:00:00+00:00,APROBADO
735,c12a1704-b397-4e62-ab39-8c69851ba93b,9,18759.93,12,2026-04-24 15:00:00+00:00,APROBADO
736,c0e6c40e-c909-4dad-baa7-3ce87f742ab7,9,23302.81,12,2026-03-05 17:00:00+00:00,APROBADO
737,699fe985-4dee-440e-910c-c0f4c6d3eb4a,9,15261.78,18,2026-01-13 12:00:00+00:00,APROBADO
738,c422fdac-6308-493b-a04c-afad9b1af7a7,9,20036.35,24,2026-06-28 10:00:00+00:00,APROBADO
739,734d4001-34a4-40d1-8909-e36cbe676141,9,3630.29,24,2025-10-13 16:00:00+00:00,APROBADO
740,0394f649-22f3-45e9-8613-7076bef90c29,9,36338.15,36,2026-01-24 16:00:00+00:00,APROBADO
741,57db910d-2f91-42ad-8c3e-bd6b7192e816,9,14077.21,12,2026-05-10 11:00:00+00:00,APROBADO
742,c351f317-c9a2-4cf2-83fa-191ffd32d935,9,24250.76,36,2026-05-10 17:00:00+00:00,APROBADO
743,7a8057a7-22bc-4525-aa2f-aaf278d138ab,9,24188.87,24,2026-01-25 14:00:00+00:00,APROBADO
744,28c77af8-916d-4ddb-91f6-c754aae33c69,9,9965.66,12,2026-06-25 10:00:00+00:00,APROBADO
745,aa7a568c-06dd-4adb-aa7a-762a600f0d9c,9,33241.67,12,2026-06-24 14:00:00+00:00,APROBADO
746,0873e646-922c-453c-8ecb-50abec3f413a,9,25655.06,36,2025-12-02 11:00:00+00:00,APROBADO
747,89c04335-f13c-4f6a-856d-166f00934131,9,33941.91,12,2025-12-16 13:00:00+00:00,APROBADO
748,72b0aaee-7dcf-44f0-8492-40afa8ae83e0,9,10169.34,24,2026-06-10 11:00:00+00:00,APROBADO
749,317790fd-fe04-4fe1-98ad-7fdb79859d1d,9,39646.97,18,2025-12-17 10:00:00+00:00,APROBADO
750,c9a0a17d-1325-42ac-9cf6-48c61880fc38,9,17960.28,12,2026-04-24 15:00:00+00:00,APROBADO
751,864f3c3b-7b76-4296-b969-82551958e9f2,9,7333.03,36,2025-10-07 16:00:00+00:00,APROBADO
752,316ae4c7-319f-4c44-9775-5ad54456856e,9,15107.07,24,2026-01-08 10:00:00+00:00,APROBADO
753,72e11ef3-f095-457a-ad85-0388d5b42c03,9,11015.42,12,2026-01-21 16:00:00+00:00,APROBADO
754,9ad7c157-5ab9-421d-94d1-437bb6a0297d,9,29427.73,18,2026-05-19 11:00:00+00:00,APROBADO
755,f83e8626-68f7-4f7c-b7cd-df4ae9c30f47,9,13475.86,18,2025-10-21 11:00:00+00:00,APROBADO
756,735b8a71-cfba-41c9-a6c5-58f9807246c1,9,38127.81,36,2026-05-15 17:00:00+00:00,APROBADO
757,0abcf95f-ba65-4edd-a93e-143013877d25,9,14593.74,18,2026-02-14 16:00:00+00:00,APROBADO
758,45d1df1e-9674-4a01-8dac-53bb7ecc0563,9,14920.40,36,2025-10-23 09:00:00+00:00,APROBADO
759,818d7906-22f4-4e08-9e53-3207421d4b45,9,21607.68,12,2025-12-22 16:00:00+00:00,APROBADO
760,f8897157-3e7c-45a2-9533-32627443f84d,9,4811.01,12,2026-02-17 11:00:00+00:00,APROBADO
761,55113766-231f-4c8e-8c61-4e1b425ee3ee,9,21426.18,18,2026-01-31 15:00:00+00:00,APROBADO
762,70c354bc-2bf8-4cc9-ad1f-5bd76e717580,9,12258.65,12,2026-04-15 14:00:00+00:00,APROBADO
763,265d80ea-4c57-4748-a960-0c9b58249c2d,9,24484.02,24,2025-12-29 12:00:00+00:00,APROBADO
764,8364cce2-197d-408b-9945-7e0eb22fcf5d,9,38357.49,18,2026-03-13 14:00:00+00:00,APROBADO
765,06325289-f1d4-4681-a2c0-56f9e3e45717,9,4222.64,24,2025-11-23 13:00:00+00:00,APROBADO
766,9034c783-5368-4f65-9865-3f08f4d50219,9,39464.01,12,2026-01-13 09:00:00+00:00,APROBADO
767,7b7d30f7-2703-4e3c-b0a5-862026840726,9,16070.51,24,2026-01-22 11:00:00+00:00,APROBADO
768,9fde7e15-c466-4673-b1b1-0a0861b7f7ed,9,32368.14,18,2026-01-31 14:00:00+00:00,APROBADO
769,dfd95282-b90a-460f-97cf-850478534f85,9,31341.52,18,2025-10-16 11:00:00+00:00,APROBADO
770,b2ebbf12-c83d-4d5d-a388-fa587fcb7b81,9,11986.56,18,2026-04-02 12:00:00+00:00,APROBADO
771,781d9e7e-c293-4286-9b2e-9f6e06f448c4,9,39202.65,12,2026-05-11 10:00:00+00:00,APROBADO
772,80d5c94d-5847-4aad-bc20-696a54353db5,9,16947.85,18,2025-12-13 16:00:00+00:00,APROBADO
773,935c70f6-be01-4ff6-baec-5e892015459f,9,13412.05,12,2026-03-31 10:00:00+00:00,APROBADO
774,254721df-518c-4f3e-b133-a39dcf30951e,9,14410.91,12,2026-02-15 11:00:00+00:00,APROBADO
775,ec077dc7-6153-4d06-809c-8ed9ad8c73d3,9,28031.97,12,2025-11-03 17:00:00+00:00,APROBADO
776,ca24f6b6-446f-4ba3-b52b-43fa4206b896,9,23314.94,18,2026-05-19 15:00:00+00:00,APROBADO
777,80951131-1d85-48e8-bda9-212a06e4893e,9,3425.02,36,2026-01-28 15:00:00+00:00,APROBADO
778,7e30f0ff-3be9-4c51-a8a2-58723dfc706d,9,27763.19,12,2026-02-23 11:00:00+00:00,APROBADO
779,a926e953-e43d-4f2b-a7b9-0c98edf7f5ae,9,23939.46,18,2026-01-03 15:00:00+00:00,APROBADO
780,13f95783-d000-4014-8014-e9141c0825aa,9,34450.59,24,2025-11-07 09:00:00+00:00,APROBADO
781,1cd30f98-2e0b-41a2-bf09-6212b4ef8b85,9,6705.65,36,2026-06-14 15:00:00+00:00,APROBADO
782,61fa558b-9656-43a8-879a-867ad7b2b77e,9,28260.53,12,2026-02-25 12:00:00+00:00,APROBADO
783,0ccd1331-3032-4ac1-a5e7-9298c0e37968,9,22050.78,18,2026-06-14 10:00:00+00:00,APROBADO
784,a429c9c8-3205-494d-94b2-6750b2320434,9,18714.31,18,2026-04-03 14:00:00+00:00,APROBADO
785,b8694676-4f06-4462-8843-a6ffca22ba07,9,5015.39,18,2025-10-30 12:00:00+00:00,APROBADO
786,6171dd2b-4dea-4471-947b-6348c8d52649,9,23891.36,12,2026-04-22 09:00:00+00:00,APROBADO
787,279209bf-9b3d-458e-9dc4-d8878472c800,9,3733.36,18,2026-03-03 15:00:00+00:00,APROBADO
788,1bddd113-c04f-49f8-a1be-e0f7c877c536,9,13378.88,36,2026-01-13 11:00:00+00:00,APROBADO
789,9715a9ba-6a63-4d3c-b056-a9c37522a2b2,9,33100.13,24,2025-10-24 09:00:00+00:00,APROBADO
790,5f914d71-22d6-41ba-8eb0-0df8a4d8e35a,9,24809.79,12,2026-02-04 17:00:00+00:00,APROBADO
791,53b208c1-109a-41df-8fc6-44b1368e7f90,9,29785.52,36,2026-05-28 11:00:00+00:00,APROBADO
792,4a89581f-9cc5-4ad2-a9df-067d5ed2edc1,9,28701.16,18,2025-11-13 15:00:00+00:00,APROBADO
793,c297daf1-995a-44ee-ab2a-6b2cf2fe41fb,9,10075.88,12,2026-02-23 15:00:00+00:00,APROBADO
794,3495b600-3193-4726-95e9-e4dc3b43f981,9,19420.60,18,2026-04-01 13:00:00+00:00,APROBADO
795,857128dd-0231-4303-a98d-9ee41d168005,9,20764.48,36,2025-11-27 11:00:00+00:00,APROBADO
796,b4d0b687-3ecf-4e2c-b2d2-9f3b9c2496ef,9,35405.56,18,2025-12-02 14:00:00+00:00,APROBADO
797,5129aa8e-f6ae-4d7a-8ffe-946a5febb601,9,36799.76,12,2025-12-22 11:00:00+00:00,APROBADO
798,ff4e0127-07d9-440d-a1a5-96c79adb9d30,9,4755.86,18,2026-05-12 16:00:00+00:00,APROBADO
799,42a0b368-9545-4279-af21-409eb460167a,9,13836.19,24,2026-03-06 12:00:00+00:00,APROBADO
800,63202615-92b3-4a38-bb10-36e9bc612e6b,9,22215.73,18,2026-02-15 14:00:00+00:00,APROBADO
801,0187d59f-88b5-43f7-93d7-15b1776df52f,9,25373.45,18,2025-12-10 17:00:00+00:00,APROBADO
802,272bb18f-9664-4f1f-987a-706897411b58,9,30695.29,36,2026-06-01 12:00:00+00:00,APROBADO
803,dc159108-d79f-4ca5-b811-62da384b0a9f,9,8352.20,12,2026-05-28 13:00:00+00:00,APROBADO
804,f6d5bdb3-02ab-4d7d-bbc2-f434647c30da,9,17593.02,24,2025-12-28 14:00:00+00:00,APROBADO
805,8f9484a9-0494-4957-906d-f76176a29afb,9,35987.67,24,2026-05-14 10:00:00+00:00,APROBADO
806,ca090f49-35b6-413b-a6c5-f4d9f886d4a3,9,4115.14,24,2026-02-12 09:00:00+00:00,APROBADO
807,5164dea1-9e5e-4c77-b3f5-31bcb0f07ddf,9,8913.55,24,2026-05-31 14:00:00+00:00,APROBADO
808,e8d7ac8e-a5e5-4d84-9604-6473ab77ee5e,9,14034.82,36,2026-04-29 13:00:00+00:00,APROBADO
809,92b0bb39-4eb2-4891-affb-34df410b14dc,9,38472.83,24,2025-12-13 09:00:00+00:00,APROBADO
810,bd9921f8-cddc-4bf9-8fd6-d2d307599941,9,11699.75,12,2026-06-07 14:00:00+00:00,APROBADO
811,097940b1-081c-44de-9e83-35125f274f3d,9,17752.62,24,2026-05-18 15:00:00+00:00,APROBADO
812,d869e2f5-b2d2-4a72-a951-e6f470a6a82b,9,21918.54,12,2025-11-28 12:00:00+00:00,APROBADO
813,376f2fb6-c62a-42aa-aac2-e8834e51068d,9,5349.62,24,2026-03-10 10:00:00+00:00,APROBADO
814,af870ca0-9318-4629-bf31-97702f6f6b79,9,37680.73,18,2026-06-11 12:00:00+00:00,APROBADO
815,5cb92d94-308e-41d7-81bf-7872dbfbf0b7,9,11293.68,24,2025-10-13 14:00:00+00:00,APROBADO
816,c9269213-b60c-431c-aaac-7803b4ec6793,9,8218.36,36,2026-05-16 16:00:00+00:00,APROBADO
817,68becc57-6685-4b34-bd95-fbf4005cc820,9,14243.95,18,2026-05-16 10:00:00+00:00,APROBADO
818,5e2d2bcb-7aa3-4c1b-ac06-334bff5b8381,9,36590.19,12,2026-02-05 12:00:00+00:00,APROBADO
819,f7a2642f-20ee-409b-a5df-8b4ebfeb967a,9,3322.23,18,2026-03-29 15:00:00+00:00,APROBADO
820,a894e4a5-9e89-4924-b21b-04ea4def4df5,9,27136.65,12,2026-03-30 17:00:00+00:00,APROBADO
821,cdd6e105-016f-44d6-8e47-f3ce66bf38ff,9,7738.60,12,2026-04-28 11:00:00+00:00,APROBADO
822,c062f179-5d02-412e-80d7-9db72ec708db,9,23456.97,12,2025-11-10 17:00:00+00:00,APROBADO
823,aa589574-6b48-42c2-bde1-940c47baa918,9,4293.07,36,2026-02-13 09:00:00+00:00,APROBADO
824,40d2f7f8-ca4e-476f-9d75-ae959fc570ce,9,28801.20,18,2026-03-01 17:00:00+00:00,APROBADO
825,9167f942-8dd7-4f09-a976-8dfb2dc49bc3,9,25030.01,24,2026-05-24 15:00:00+00:00,APROBADO
826,a32b98df-0adf-4aed-8c37-c9bf9c528fba,9,14865.53,36,2025-11-12 16:00:00+00:00,APROBADO
827,af32db79-ee77-4ada-9839-866387eb787f,9,17808.39,24,2026-05-04 12:00:00+00:00,APROBADO
828,5a959b60-91fe-491a-ac3c-d0f891cc0bb0,9,15103.75,12,2025-12-31 12:00:00+00:00,APROBADO
829,cb19171e-abd2-4802-bc5b-72b986f2a008,9,19677.47,18,2025-12-03 17:00:00+00:00,APROBADO
830,3d6edc0b-2dcb-4731-a8a6-97c59efd7d2d,9,10267.44,18,2025-12-29 16:00:00+00:00,APROBADO
831,a6ef1458-5f68-4679-8c15-9586f2676a40,9,7052.90,18,2026-04-03 15:00:00+00:00,APROBADO
832,338444a0-5d58-49d2-a3a0-803f1e4b21ca,9,11868.92,12,2026-03-16 13:00:00+00:00,APROBADO
833,9da4fc1e-d4de-4f69-b35a-bb1e8fadd44a,9,29797.02,36,2025-10-09 13:00:00+00:00,APROBADO
834,de29b98b-cf4c-434e-82a9-4d8b78e203e6,9,29377.68,12,2026-02-01 12:00:00+00:00,APROBADO
835,032647ac-2ea9-4666-bb5e-5d7d111a7050,9,30852.36,12,2025-11-02 09:00:00+00:00,APROBADO
836,033e92c6-e4c8-4cf5-8dfc-43676927d9d6,9,7054.13,12,2026-05-06 16:00:00+00:00,APROBADO
837,299290ad-3ef1-43a4-bae7-cf337130312e,9,39353.71,24,2025-11-15 17:00:00+00:00,APROBADO
838,1033bd20-1bc1-4885-aad8-c55adfd76ea6,9,30588.74,24,2026-03-18 11:00:00+00:00,APROBADO
839,a5f5ede2-f64f-416a-a11f-c3f596de6aee,9,8328.22,18,2026-05-15 10:00:00+00:00,APROBADO
840,5db79a8d-579d-446a-9867-27573c8fbd5c,9,12440.29,18,2026-06-30 09:00:00+00:00,APROBADO
841,19e5f3f3-e258-40a9-8c1b-a28b92dad7d4,9,3880.44,24,2026-06-16 10:00:00+00:00,APROBADO
842,12fd162a-9336-4954-a29d-edd574763399,9,11711.78,24,2026-06-12 17:00:00+00:00,APROBADO
843,105e5e2c-eb84-47b5-a783-de24bbcfff72,9,4601.99,24,2025-11-27 11:00:00+00:00,APROBADO
844,d4918e9a-6e30-4e8e-af84-96640e4773c8,9,27838.86,12,2026-03-22 11:00:00+00:00,APROBADO
845,803f3e64-8091-4284-b294-a9a046091feb,9,9269.41,24,2026-04-17 15:00:00+00:00,APROBADO
846,564b7ea5-9dcd-4bb3-a481-4934801d63b4,9,36086.21,36,2025-11-24 10:00:00+00:00,APROBADO
847,4bceb2a5-bf98-423f-ac10-8583c6e3575a,9,19045.12,18,2025-12-07 09:00:00+00:00,APROBADO
848,49dbc8d4-1129-4245-926d-e14c8c36c3dd,9,19424.62,36,2026-03-22 17:00:00+00:00,APROBADO
849,8229539c-8021-4567-92be-6e54ecd8aa52,9,13006.39,12,2026-04-21 14:00:00+00:00,APROBADO
850,8157dab5-f300-46b9-b163-941662feaf70,9,38451.13,36,2026-05-02 13:00:00+00:00,APROBADO
851,287be1d9-a84a-4f58-8b1b-4eb46d9411e3,9,7695.98,24,2025-11-23 16:00:00+00:00,APROBADO
852,4cf12ae8-8953-44ad-ad27-0ae3fa9ec1c2,9,11038.45,24,2025-12-06 17:00:00+00:00,APROBADO
853,d4bc7bd1-e2cd-4b4d-b06d-5d1a98cc61a2,9,25196.20,24,2026-02-22 10:00:00+00:00,APROBADO
854,32465efd-ddd3-4665-8cba-78ee5cd055c6,9,18817.98,18,2025-11-05 17:00:00+00:00,APROBADO
855,56e88cfd-cb6a-4ecd-b858-7fd69f1f6248,9,25308.51,12,2026-03-06 15:00:00+00:00,APROBADO
856,7a734975-962a-485e-851d-c0d3e0223aef,9,12015.15,36,2025-12-28 09:00:00+00:00,APROBADO
857,e217315a-5fdf-44c3-ae90-475f22b10569,9,21533.44,18,2026-04-18 15:00:00+00:00,APROBADO
858,d0818b42-c451-4fd4-afcc-ba68db185336,9,33124.41,36,2026-01-09 09:00:00+00:00,APROBADO
859,7f53d6aa-0750-43ab-bd10-dfe29ffdd673,9,15682.20,36,2025-11-01 10:00:00+00:00,APROBADO
860,d8c6f3da-9824-4d85-8efa-657d294d093c,9,22238.69,24,2026-05-25 15:00:00+00:00,APROBADO
861,0abce992-6095-4489-beac-23a86431f251,9,24278.39,36,2026-03-26 13:00:00+00:00,APROBADO
862,a1e5d932-ee55-4c59-b437-41fd0584f657,9,9067.20,12,2026-03-08 16:00:00+00:00,APROBADO
863,0719ce8a-fd49-4aea-81e2-827843b8b07c,9,18527.65,36,2026-04-12 11:00:00+00:00,APROBADO
864,88515f8c-b898-4d01-ac71-5746a6ef7dd2,9,21331.41,36,2026-04-29 14:00:00+00:00,APROBADO
865,f29e22f6-3aed-48d6-9b5c-d1c6420b882c,9,32401.07,18,2026-03-29 09:00:00+00:00,APROBADO
866,bd40ea5b-79c9-418d-bb6a-bcabdace0f24,9,13615.09,24,2025-11-07 14:00:00+00:00,APROBADO
867,901901c4-85fe-4ecf-812d-f0b7d46621e2,9,26365.52,24,2025-12-05 10:00:00+00:00,APROBADO
868,63ce9640-6158-4763-85a4-a0b76430b647,9,37534.49,18,2026-03-13 16:00:00+00:00,APROBADO
869,f30d9c2e-cffd-4ca7-b6d9-536e16a41ebd,9,28086.26,18,2026-05-03 12:00:00+00:00,APROBADO
870,2caf2b9b-874d-4566-89fe-cbee87338642,9,21923.87,36,2026-05-05 11:00:00+00:00,APROBADO
871,e7868924-bb14-4635-ac9b-9ec1aa0cf463,9,4290.49,12,2025-10-05 15:00:00+00:00,APROBADO
872,ca0f574d-36fa-48c8-a80d-c8ce97cfcbf0,9,4131.63,12,2025-12-18 17:00:00+00:00,APROBADO
873,14f633aa-d52f-4d8f-a557-65763eadea1b,9,23565.04,12,2026-01-09 09:00:00+00:00,APROBADO
874,6ac3b4b9-e2bf-40e7-8ef1-48de971a66e8,9,38903.63,18,2026-01-13 11:00:00+00:00,APROBADO
875,e8f81706-51d2-4dbf-b18c-c00d2f9ef852,9,24508.63,24,2025-11-01 14:00:00+00:00,APROBADO
876,d3aac273-b060-4485-a800-f0d0dd4efea1,9,17579.10,12,2026-01-23 14:00:00+00:00,APROBADO
877,37e073d0-dc75-4200-8582-0f52e1fa1fae,9,11852.81,12,2026-06-03 09:00:00+00:00,APROBADO
878,0ace4514-e777-4fe6-bb9c-1185395b5c2d,9,10346.13,12,2026-03-23 09:00:00+00:00,APROBADO
879,8251deb8-5292-4103-b078-75e2a2d8b248,9,39495.26,18,2026-04-22 09:00:00+00:00,APROBADO
880,541cba1c-e3ac-4229-9d05-9170180b0fdc,9,27344.93,12,2026-05-21 10:00:00+00:00,APROBADO
881,a129e8ca-3341-4482-9d2d-1d0350b58fdd,9,30461.35,36,2026-04-15 11:00:00+00:00,APROBADO
882,0eb38417-e7a3-4c9b-a81f-4fc342aceec4,9,21595.39,24,2026-01-07 12:00:00+00:00,APROBADO
883,4eb62b78-5604-4735-8931-cd53aea2121f,9,35286.65,24,2025-11-01 12:00:00+00:00,APROBADO
884,f8bc5de0-c13b-4d8d-8567-76da64cb1dca,9,20783.71,12,2026-05-04 10:00:00+00:00,APROBADO
885,a7c038ea-5af3-4f0c-8be3-a118ee0783e2,9,20083.62,36,2025-12-09 15:00:00+00:00,APROBADO
886,d464fc22-099c-46b5-9b46-577bb55e35c4,9,23280.42,24,2026-02-16 10:00:00+00:00,APROBADO
887,71c63f32-a5aa-4a9d-b498-0bb2cc695578,9,17434.62,24,2026-02-03 17:00:00+00:00,APROBADO
888,570b0de0-8c47-4550-8d6c-c8836bad2e32,9,25688.14,24,2026-06-06 09:00:00+00:00,APROBADO
889,cea5f03e-c0cc-4c58-8ccd-220ab6845b81,9,29876.41,18,2026-04-13 16:00:00+00:00,APROBADO
890,c663614e-c0ab-4daf-ac55-234213c85f30,9,19591.46,24,2026-06-30 15:00:00+00:00,APROBADO
891,05aebc45-1ffb-4b60-b638-96a05c2acf9b,9,7412.84,24,2025-10-22 11:00:00+00:00,APROBADO
892,9321ad0f-319a-4c5c-a99d-e84ecdb4da3e,9,28884.27,18,2026-02-28 09:00:00+00:00,APROBADO
893,ebb38023-27be-4d04-8714-98eb7297fa36,9,23760.02,24,2026-06-12 12:00:00+00:00,APROBADO
894,dfd2b507-a208-4811-ad32-d0fb0ac35f67,9,4976.14,12,2026-01-17 13:00:00+00:00,APROBADO
895,8472b53d-be84-406e-a991-ba3ce7213dc0,9,19533.46,12,2025-12-21 16:00:00+00:00,APROBADO
896,656a2e8e-d6c2-43ec-b492-040541b76f84,9,5430.10,12,2026-05-19 09:00:00+00:00,APROBADO
897,4895eb5e-6cb5-4256-ae3d-7c5a656061dc,9,6568.76,36,2026-04-28 10:00:00+00:00,APROBADO
898,b64ab011-8fa0-448d-80ee-b05981fc5a79,9,29003.42,12,2026-06-26 16:00:00+00:00,APROBADO
899,0d9e7167-eddb-481c-bada-34ea902f95bd,9,35573.80,12,2026-04-06 15:00:00+00:00,APROBADO
900,2df9245f-b87d-44e5-bd6f-e57534b47db1,9,4586.39,18,2025-12-08 13:00:00+00:00,APROBADO
901,1615e84b-b5c8-4506-b358-48cc9b5e1aff,9,6401.87,24,2026-01-17 15:00:00+00:00,APROBADO
902,b2efba4f-564f-4653-9bc0-efdc1c5f11df,9,34529.24,18,2026-04-07 11:00:00+00:00,APROBADO
903,027d8ad7-36bd-413c-8caa-576e52e6c0d7,9,25971.89,24,2025-11-27 17:00:00+00:00,APROBADO
904,eaf09551-ca48-4fd7-a8aa-36a4f4e549fb,9,31625.02,24,2026-04-03 14:00:00+00:00,APROBADO
905,27c95094-86e2-45fb-904e-ed4fa2752e13,9,9791.90,24,2026-04-24 11:00:00+00:00,APROBADO
906,2ea549ae-eaba-4d57-91af-d2bdc68caeaf,9,30320.51,18,2026-03-27 16:00:00+00:00,APROBADO
907,f16e5ee3-4a13-4f00-b59d-c806cea6f424,9,3836.18,36,2025-11-30 09:00:00+00:00,APROBADO
908,f8f2eccd-59cb-4e60-bbba-0b0ff87c56f8,9,25201.49,36,2026-04-19 09:00:00+00:00,APROBADO
909,7d6ff086-f6c7-45fa-b890-a24aac98f606,9,4215.21,18,2026-03-15 11:00:00+00:00,APROBADO
910,27672cc0-5eee-482e-8d8f-70a571d036b9,9,35218.69,12,2025-12-02 15:00:00+00:00,APROBADO
911,14f1edbb-4e99-4a41-9b4a-9d9f35f8360d,9,18467.08,18,2026-02-28 17:00:00+00:00,APROBADO
912,f33f8d9c-f8a2-4ab3-b320-3e8c0c41fb79,9,20521.85,24,2025-10-28 16:00:00+00:00,APROBADO
913,46cc056f-2baf-4429-b872-9df691b7618c,9,4409.69,18,2025-12-31 13:00:00+00:00,APROBADO
914,11d46b9a-53bd-4e9f-a5ff-d4c98e722bc3,9,39371.14,24,2025-12-31 16:00:00+00:00,APROBADO
915,0bdc3d67-2958-4d57-bbe5-1739b46c3ac2,9,6543.07,36,2026-02-11 16:00:00+00:00,APROBADO
916,b702f1d2-93ca-43fe-9615-dc7c8c262958,9,34511.93,24,2025-11-07 14:00:00+00:00,APROBADO
917,81d96c72-c639-4f5e-9c73-b79bd09060bf,9,32790.37,18,2025-12-04 12:00:00+00:00,APROBADO
918,56bc808f-089b-420d-b9af-862b5a90ddeb,9,37934.65,18,2026-05-31 14:00:00+00:00,APROBADO
919,44a27136-bb99-424e-aa31-8801c92ca8a1,9,5486.90,18,2026-03-28 09:00:00+00:00,APROBADO
920,df21ff26-2c33-4f25-968c-1d84d070f7f3,9,3863.21,18,2026-03-20 11:00:00+00:00,APROBADO
921,76d8042a-0f13-4df0-bf9d-49327b36f908,9,28025.14,18,2026-02-23 11:00:00+00:00,APROBADO
922,e63c1074-f505-4ec0-ac82-f1e0213bc41d,9,37488.26,18,2026-01-17 14:00:00+00:00,APROBADO
923,6171dd2b-4dea-4471-947b-6348c8d52649,9,37017.88,24,2026-04-11 10:00:00+00:00,APROBADO
924,6e710d07-e038-4026-821a-73db182ab18b,9,8398.46,24,2026-03-23 16:00:00+00:00,APROBADO
925,25a18e7e-da80-4669-8dd1-107a02ce772c,9,29716.35,12,2025-11-23 11:00:00+00:00,APROBADO
926,55e04f9a-14f4-4511-a8ec-20374a0ae269,9,12248.56,18,2025-11-10 12:00:00+00:00,APROBADO
927,fd2f4a36-d54e-4c04-8998-a26fe46e66d1,9,18417.96,18,2026-06-13 10:00:00+00:00,APROBADO
928,909ca775-3b33-486e-af46-80a278bd66f2,9,11320.59,12,2026-06-15 12:00:00+00:00,APROBADO
929,79e8c0f4-bfd1-42e0-ae3a-2759e8f240d1,9,6752.08,24,2025-12-03 15:00:00+00:00,APROBADO
930,95cf8f73-1dd0-480d-9237-ee9c4556bd77,9,24272.81,24,2026-02-24 09:00:00+00:00,APROBADO
931,d7d84618-d0ae-4e32-9502-3392290b7e78,9,35940.52,36,2025-11-09 17:00:00+00:00,APROBADO
932,505c4b77-0821-4903-a0a9-566bd1bd67ba,9,7365.14,12,2026-03-24 12:00:00+00:00,APROBADO
933,0401fcb5-ddb9-412f-8fdd-4d3d56add5aa,9,6092.32,18,2026-03-20 15:00:00+00:00,APROBADO
934,92aa2b13-13a1-49c8-979c-951a441c59ad,9,10069.17,12,2025-12-29 11:00:00+00:00,APROBADO
935,c08e9a64-fb83-443c-8ea1-d3df4168c727,9,21762.66,18,2025-11-14 09:00:00+00:00,APROBADO
936,8c3d6d1c-814f-43c4-8679-9a6901c76464,9,18955.40,18,2026-05-03 11:00:00+00:00,APROBADO
937,26de996c-2a4c-42f3-a54b-f209868124e3,9,24723.18,24,2026-02-17 15:00:00+00:00,APROBADO
938,02f0bbce-3932-47d5-9a5b-8e878814afb2,9,11284.42,12,2025-12-24 13:00:00+00:00,APROBADO
939,0917af19-fbd7-481b-924f-657034de2342,9,29170.73,18,2025-12-05 16:00:00+00:00,APROBADO
940,60d52f31-f0bc-46f5-b538-50af956a11ea,9,28894.69,24,2025-12-10 09:00:00+00:00,APROBADO
941,a99677a7-3378-40da-a693-1bd1e7f95f76,9,5786.40,18,2026-04-22 10:00:00+00:00,APROBADO
942,b0265650-af3c-4b4a-9c3a-534d1b55e1b8,9,25420.42,24,2025-10-07 16:00:00+00:00,APROBADO
943,ad691acd-3015-415c-9fed-667fef350f33,9,11923.39,36,2025-10-20 16:00:00+00:00,APROBADO
944,cbc7d4be-34b8-488f-9d96-0fa3d9e3496c,9,17171.37,24,2025-11-20 10:00:00+00:00,APROBADO
945,a9423219-6672-4fed-8571-4f2afd3699b3,9,26122.47,12,2026-02-21 12:00:00+00:00,APROBADO
946,488001f0-6af3-47bd-95ad-95a8a93efe57,9,19611.40,24,2026-01-15 09:00:00+00:00,APROBADO
947,1cd30f98-2e0b-41a2-bf09-6212b4ef8b85,9,29798.60,36,2026-05-27 16:00:00+00:00,APROBADO
948,9682cf5d-ca81-41eb-aae2-5f6617c08169,9,9446.22,24,2025-12-30 14:00:00+00:00,APROBADO
949,763c8493-deef-4151-9240-7232dec39220,9,34109.21,12,2026-01-28 14:00:00+00:00,APROBADO
950,17c45363-e43d-4e37-b76e-abffae39ef3f,9,14785.82,18,2025-12-09 11:00:00+00:00,APROBADO
951,37bdf2f1-54e7-4caa-8831-3bd10acac2d7,9,29077.96,24,2026-02-01 17:00:00+00:00,APROBADO
952,1a95b908-5e02-4105-919e-f4f78c3172ec,9,24341.86,12,2025-12-20 12:00:00+00:00,APROBADO
953,20c2df40-094c-4693-be56-7e048c01ef8d,9,25734.12,12,2026-01-18 09:00:00+00:00,APROBADO
954,aade803f-9145-4f8f-9742-f513fcb170dd,9,29428.77,18,2026-06-16 09:00:00+00:00,APROBADO
955,84e7e68a-2797-4db0-90d5-ab7fd3f7d1e1,9,33493.29,18,2025-10-10 16:00:00+00:00,APROBADO
956,a828c05a-794e-483e-87b6-ec93bc03a62d,9,20617.74,24,2025-12-31 11:00:00+00:00,APROBADO
957,32e35159-4753-4b02-9d08-c496bb33be04,9,18032.13,18,2026-06-05 12:00:00+00:00,APROBADO
958,5e9e2865-9050-44a5-919a-3a04f4357f7e,9,16523.62,18,2026-04-13 13:00:00+00:00,APROBADO
959,9902804c-af28-4ad3-9382-ac7de5877838,9,10702.48,12,2026-04-02 14:00:00+00:00,APROBADO
960,90ee5fb1-fa54-4690-a610-3c893f7e23d3,9,19777.07,12,2025-12-02 15:00:00+00:00,APROBADO
961,0300be26-534e-48b6-9ddf-50e37cc336bf,9,20054.44,24,2026-01-13 10:00:00+00:00,APROBADO
962,8fec08c9-6aee-477e-9a9c-de27d8d85a16,9,30254.34,36,2026-05-26 17:00:00+00:00,APROBADO
963,48dd290f-bbe8-4de2-85ab-ec52123d401b,9,37864.02,24,2025-12-31 15:00:00+00:00,APROBADO
964,7693a0e5-f15f-4df4-98a0-a59f0a077a03,9,5728.54,12,2026-02-12 13:00:00+00:00,APROBADO
965,03591d04-254d-4b28-80f1-d1c0e24fa17c,9,31135.04,18,2025-12-17 16:00:00+00:00,APROBADO
966,15c50aeb-8747-40cb-be5f-27895d860d73,9,3075.93,36,2026-01-14 16:00:00+00:00,APROBADO
967,a9850893-5cd2-4d69-be6c-68a5f0bf8aa7,9,11021.81,12,2025-11-27 09:00:00+00:00,APROBADO
968,df9ab856-b5ed-49a7-9670-20fb9ac84dfb,9,10905.78,36,2026-04-05 15:00:00+00:00,APROBADO
969,75a43c7a-bbd6-43d5-a791-3323da518d43,9,31921.61,12,2026-03-21 12:00:00+00:00,APROBADO
970,6095d75f-6a4a-46ed-a5a6-779b813bd977,9,24660.95,36,2026-02-27 09:00:00+00:00,APROBADO
971,97a31ee3-e378-4c80-9fb1-514759c619e1,9,23663.78,24,2026-01-23 11:00:00+00:00,APROBADO
972,2d159d85-38d9-479d-a411-21f06afdcd31,9,19097.62,24,2025-12-13 14:00:00+00:00,APROBADO
973,fba59a8b-3a7d-446d-b92a-267174171be1,9,27290.76,24,2026-06-15 11:00:00+00:00,APROBADO
974,ec4a7ca5-1858-43c6-82c2-429435bcfa3f,9,12625.40,12,2026-05-04 16:00:00+00:00,APROBADO
975,7ff0ce63-d214-4558-bdaf-f637728d0de2,9,35208.06,12,2026-03-11 12:00:00+00:00,APROBADO
976,c3dbf4f4-332e-4daf-9cc8-1947da757092,9,12755.99,36,2026-05-28 15:00:00+00:00,APROBADO
977,ed378b50-7efd-4a75-a34c-1f7b845c3373,9,11101.19,18,2026-02-27 16:00:00+00:00,APROBADO
978,076d7b79-6480-4805-9342-099fdc4a6fc4,9,33654.97,18,2025-10-10 17:00:00+00:00,APROBADO
979,7b9f88fc-6f77-437e-9311-fc3180068968,9,14280.54,24,2026-04-04 16:00:00+00:00,APROBADO
980,932124d5-1d78-4130-9d12-7f8a4872ceae,9,21201.79,24,2026-01-19 17:00:00+00:00,APROBADO
981,832a9f7e-a65e-421f-b5d6-2ee69790bf24,9,33972.33,36,2026-04-14 17:00:00+00:00,APROBADO
982,dbf10380-a2dd-4a60-ba04-fa03a5206e24,9,5204.70,36,2025-12-28 12:00:00+00:00,APROBADO
983,3ef5c341-16dc-4743-b124-e0dade8d607d,9,39030.33,18,2026-01-22 17:00:00+00:00,APROBADO
984,89dee850-1ca8-4252-8dd3-f77b81fa6be0,9,23323.69,18,2026-01-28 15:00:00+00:00,APROBADO
985,9ce77934-7e61-4b67-8ce0-205138fc0fa6,9,34748.57,12,2026-03-05 16:00:00+00:00,APROBADO
986,7b23dcdb-9388-4e43-ab14-44f9349d9778,9,8402.27,12,2025-12-03 09:00:00+00:00,APROBADO
987,bf237464-37c3-43f0-b583-76f26b1e8697,9,38169.36,12,2026-01-09 10:00:00+00:00,APROBADO
988,316ae4c7-319f-4c44-9775-5ad54456856e,9,31761.46,18,2026-03-25 12:00:00+00:00,APROBADO
989,902e7958-9bd7-452a-9697-b5000d0a3abb,9,35111.32,18,2026-04-12 13:00:00+00:00,APROBADO
990,39f62e82-e71d-4426-a563-9309bca7c3e4,9,11457.84,18,2025-12-26 15:00:00+00:00,APROBADO
991,3b5968a0-55cb-4c18-b6a4-78de32bbcc0d,9,8458.25,18,2026-06-29 16:00:00+00:00,APROBADO
992,bb2b1833-c636-4fae-8bcb-3128911e0bec,9,27893.63,24,2026-02-27 17:00:00+00:00,APROBADO
993,743a8d5b-e41a-48ae-ba3c-ed1d7b2355da,9,9319.54,12,2025-12-23 09:00:00+00:00,APROBADO
994,770f2486-365e-492e-8b67-18300e3235f3,9,29372.36,18,2025-10-13 10:00:00+00:00,APROBADO
995,8540bbd2-0fda-4bdb-998a-5bbba3aac9f6,9,21529.15,24,2026-03-05 09:00:00+00:00,APROBADO
996,08fab87d-5d90-4120-a771-3c2b00f9d1db,9,26820.99,18,2026-03-15 14:00:00+00:00,APROBADO
997,a39a6aea-c689-43a7-8cef-141839eca3ed,9,17991.82,24,2026-03-02 11:00:00+00:00,APROBADO
998,d2e74bb4-d241-4450-a051-fbe5070b5013,9,10290.24,24,2026-06-24 13:00:00+00:00,APROBADO
999,f21bf402-b60a-46f5-861e-781a3dcd3753,9,27310.29,24,2026-02-01 12:00:00+00:00,APROBADO
1000,5f1bd741-4eab-41f7-940d-bcd0c0fc26b0,9,17559.80,12,2026-03-19 15:00:00+00:00,APROBADO
1001,05534147-2238-4b9c-9427-8acc78dd2e13,9,7133.80,18,2026-02-08 16:00:00+00:00,APROBADO
1002,7c5dcc34-17aa-44b8-8d41-a3bc0e5cc9ef,9,11855.32,18,2026-06-17 10:00:00+00:00,APROBADO
1003,e90ec2af-6482-43b1-a7f5-820d833ebf46,9,32178.67,24,2025-11-25 12:00:00+00:00,APROBADO
1004,40c6fb65-478f-411f-b7a6-75b07839732b,9,37162.41,18,2026-05-21 13:00:00+00:00,APROBADO
1005,a9423219-6672-4fed-8571-4f2afd3699b3,9,12630.74,12,2025-11-27 16:00:00+00:00,APROBADO
1006,ebc3c710-a2e6-4cf5-adfa-ebe5861067fa,9,30836.31,18,2026-05-29 15:00:00+00:00,APROBADO
1007,ab15c023-f021-4cbf-a687-0f9a9459d065,9,18667.28,18,2026-02-17 16:00:00+00:00,APROBADO
1008,fb856fe0-c6f0-42cd-bf59-5a567fa76e2f,9,11308.37,36,2025-11-22 09:00:00+00:00,APROBADO
1009,2924e207-0551-4e4b-ac91-ada45e1b5610,9,30652.93,12,2026-06-18 12:00:00+00:00,APROBADO
1010,062609bf-b009-490e-afc6-5994cb2e4b3d,9,26925.95,18,2026-01-14 11:00:00+00:00,APROBADO
1011,8bf0cef7-b612-40bf-9ece-eca7a409d2d9,9,20672.23,18,2025-12-11 09:00:00+00:00,APROBADO
1012,abfe3c9e-4ecd-4e9b-a605-c73c325a5180,9,38069.71,18,2026-06-30 15:00:00+00:00,APROBADO
1013,37726ceb-9c99-463c-a222-f0301a90d88e,9,17983.26,18,2025-11-19 09:00:00+00:00,APROBADO
1014,bcd73576-4833-4629-bce9-bd47e4fa9ac1,9,12804.54,12,2026-03-24 14:00:00+00:00,APROBADO
1015,13d8130a-5e8f-45e9-a622-314f5669f6ec,9,10088.45,24,2025-12-26 17:00:00+00:00,APROBADO
1016,ad62bcc6-effa-4fe0-8ede-2cc4975c3b30,9,21747.22,36,2026-02-16 16:00:00+00:00,APROBADO
1017,126a9e9b-2de9-4518-88b0-c7fda1e4c01f,9,22564.40,36,2025-12-01 13:00:00+00:00,APROBADO
1018,fb609768-a4d8-4e17-9694-0833306cb31b,9,34210.28,24,2026-03-14 10:00:00+00:00,APROBADO
1019,491169e6-2f35-4c1f-9ad6-5f45ead9c3c3,9,5449.83,18,2025-11-22 17:00:00+00:00,APROBADO
1020,62764912-8439-4293-9795-4bf66e40e3f1,9,26457.40,36,2026-03-03 17:00:00+00:00,APROBADO
1021,f888592d-18e1-4f6e-8cb0-a3019eb81157,9,4081.61,24,2026-05-26 11:00:00+00:00,APROBADO
1022,7c826bbd-08d1-4f83-9094-256fb9694b19,9,36986.55,12,2026-05-28 09:00:00+00:00,APROBADO
1023,6a9fc8a6-1df7-4bd7-9d02-11c91af25454,9,13436.64,18,2025-12-24 09:00:00+00:00,APROBADO
1024,125ac87d-c3cd-4880-b866-82bde64d9c93,9,5578.61,24,2025-10-05 11:00:00+00:00,APROBADO
1025,e64f2df4-dff0-4204-ba53-9914ae103b9e,9,39826.52,36,2026-01-21 16:00:00+00:00,APROBADO
1026,4c4a626c-c411-423e-a929-68519c318a8c,9,15103.40,24,2026-03-01 15:00:00+00:00,APROBADO
1027,7ceb2b88-3c46-4d8c-8e0a-31f05ff3af25,9,29590.59,24,2026-02-09 14:00:00+00:00,APROBADO
1028,8ea380a4-a10a-4bf6-ad3a-a8f04fea862f,9,22073.53,12,2026-01-30 14:00:00+00:00,APROBADO
1029,1188cdbb-e647-43ea-b2c3-bb65e8bd4dfa,9,17380.69,24,2026-04-07 17:00:00+00:00,APROBADO
1030,5baaa234-8b9b-4577-b9ae-e1a1c6d85b0d,9,39144.24,12,2025-12-28 16:00:00+00:00,APROBADO
1031,7b23dcdb-9388-4e43-ab14-44f9349d9778,9,21955.79,18,2026-05-17 15:00:00+00:00,APROBADO
1032,344e324e-f4b5-4f33-91e4-01ec81e94023,9,23513.27,18,2026-04-22 12:00:00+00:00,APROBADO
1033,f9b892dc-7b84-49d1-be59-75583d183d4d,9,8974.49,18,2026-01-15 16:00:00+00:00,APROBADO
1034,e6e77b25-e307-42e4-bd25-9238d43bfcbf,9,28013.70,24,2026-02-10 11:00:00+00:00,APROBADO
1035,4f1b7512-11e0-4b6d-acd4-aefbb923e493,9,32540.35,24,2025-12-16 17:00:00+00:00,APROBADO
1036,40fac6b1-9268-4dfb-abff-c481d92f870b,9,4961.31,24,2025-11-24 12:00:00+00:00,APROBADO
1037,cc91d63f-2895-48d0-9e76-4e2a8e351e49,9,30529.01,18,2026-03-07 13:00:00+00:00,APROBADO
1038,0f38cd76-44fc-4054-af2d-fb26bea6d3c1,9,19776.16,12,2025-11-11 12:00:00+00:00,APROBADO
1039,efd773b3-2eff-4919-89d2-5b8bfebf1751,9,33185.82,24,2026-03-25 09:00:00+00:00,APROBADO
1040,a68c49d7-0d6e-4ad2-ae3b-0704cf9c39d7,9,24786.68,18,2026-03-02 10:00:00+00:00,APROBADO
1041,335c2301-b2c7-43ff-a6bf-dbae519a4d55,9,8111.75,12,2025-12-26 13:00:00+00:00,APROBADO
1042,17d04af0-bda7-49af-aa65-71fba7650f31,9,32897.10,24,2026-03-01 17:00:00+00:00,APROBADO
1043,6d031a1e-3dac-4d64-b5e9-e99a0177d833,9,38229.69,36,2026-05-18 15:00:00+00:00,APROBADO
1044,dfc93680-13b6-4314-a7b0-ddbdb3b6a7c5,9,21568.41,12,2026-03-22 09:00:00+00:00,APROBADO
1045,c9340141-cf02-4d45-b111-98b84cd4845e,9,37830.47,18,2026-04-19 13:00:00+00:00,APROBADO
1046,05bf8a9a-0837-42c6-987c-06b4ece64d79,9,22877.58,18,2026-06-10 09:00:00+00:00,APROBADO
1047,892d7b76-ee2e-43b1-875b-a8a36f0ba3a8,9,3955.17,12,2025-11-10 11:00:00+00:00,APROBADO
1048,85dd8188-93f4-411b-a73b-533f5a90d956,9,3758.63,18,2025-12-15 14:00:00+00:00,APROBADO
1049,63c3832a-1a72-4cfa-beae-7b297b82493c,9,36403.24,18,2025-12-31 13:00:00+00:00,APROBADO
1050,e4780e51-3c01-485d-b1a5-f796a224c400,9,39124.98,12,2025-10-17 12:00:00+00:00,APROBADO
1051,5b540663-dd2c-4136-ba2c-5e2abd9a0379,9,13049.12,18,2026-03-25 11:00:00+00:00,APROBADO
1052,7fcba088-f3c5-43df-8288-f4b817772bdb,9,25661.70,24,2026-05-01 13:00:00+00:00,APROBADO
1053,0f38cd76-44fc-4054-af2d-fb26bea6d3c1,9,37542.31,18,2026-02-02 11:00:00+00:00,APROBADO
1054,e4bb0113-457b-4b84-93f4-e3c2babf19b8,9,9697.82,36,2026-01-17 16:00:00+00:00,APROBADO
1055,4ad87caa-bab0-441c-bee7-2e2d7ce0210e,9,37176.01,12,2026-03-07 09:00:00+00:00,APROBADO
1056,b84565a6-902e-4727-9829-40b6faa304d6,9,17653.57,36,2025-12-10 16:00:00+00:00,APROBADO
1057,6bdc170f-9ac0-4879-b04f-0530245e81f0,9,31338.69,36,2025-11-04 10:00:00+00:00,APROBADO
1058,80ee4b1d-da33-4f42-a330-c8af2983cedd,9,17003.34,18,2026-01-11 14:00:00+00:00,APROBADO
1059,8a62ccdc-9a35-42b6-9f54-ffa41efb465a,9,38932.69,18,2026-04-09 10:00:00+00:00,APROBADO
1060,7d659867-63db-424f-bd4b-760d3d6a5c1c,9,36138.48,18,2025-11-27 17:00:00+00:00,APROBADO
1061,0d112bd2-3795-4a83-8838-649a8a495bb1,9,8659.10,12,2026-02-26 12:00:00+00:00,APROBADO
1062,ab6bfe3f-cbb3-4ace-8660-522b76713016,9,19114.21,36,2026-06-15 12:00:00+00:00,APROBADO
1063,93c578a6-b121-42a1-948a-9a050b706cb9,9,36419.68,36,2025-10-29 09:00:00+00:00,APROBADO
1064,e05fc93f-6db8-46be-9572-1fefd94580de,9,17273.96,24,2025-10-26 16:00:00+00:00,APROBADO
1065,e4685426-362a-4ae7-9b5b-ce205b995115,9,28769.47,36,2026-06-29 09:00:00+00:00,APROBADO
1066,340ce8e2-fff3-41cd-8877-6d8fc386edbd,9,35101.45,36,2025-12-20 16:00:00+00:00,APROBADO
1067,925442f9-ac4d-4e67-9ad8-c48c373fa16b,9,10844.16,18,2026-01-05 15:00:00+00:00,APROBADO
1068,6c7d760f-d979-4cbb-a668-496d5084e5f4,9,24847.78,18,2026-03-18 10:00:00+00:00,APROBADO
1069,eb49dd5b-ab5e-4daa-ac02-2a85ce8b44db,9,4044.36,18,2025-10-19 10:00:00+00:00,APROBADO
1070,c615d178-e4ba-479b-bb10-f51b9155103f,9,18549.25,18,2025-12-04 17:00:00+00:00,APROBADO
1071,b724dc36-7adf-4744-9ad7-7908bef083e7,9,15763.16,18,2026-06-03 09:00:00+00:00,APROBADO
1072,b9a680de-378b-43aa-9d2f-006a9ae10409,9,14333.33,12,2026-03-21 17:00:00+00:00,APROBADO
1073,bfa256b2-f5be-475b-aab8-6549d0277fe2,9,33037.37,24,2025-12-08 16:00:00+00:00,APROBADO
1074,3c797bf3-d24d-480e-83d4-e1bba726cdc5,9,13390.56,18,2026-03-14 09:00:00+00:00,APROBADO
1075,004f0ddf-1d7f-4b58-a93c-e44524d1ebee,9,10129.08,18,2026-02-09 17:00:00+00:00,APROBADO
1076,926ae4c9-6dd8-4f99-af7d-ffbbf7a57f48,9,37650.74,12,2026-06-22 12:00:00+00:00,APROBADO
1077,ca7c5716-9feb-4751-976b-f7a2bf3199a1,9,5038.73,12,2025-12-28 16:00:00+00:00,APROBADO
1078,43e5525e-a55a-450c-bb39-af4345c16f05,9,28944.73,12,2026-03-09 17:00:00+00:00,APROBADO
1079,2b51fb7d-5234-4689-b877-298fc60f6f12,9,5467.06,24,2025-10-16 15:00:00+00:00,APROBADO
1080,f365e9ea-8b6f-4c89-af0b-d3039e79305b,9,10384.24,36,2026-06-22 11:00:00+00:00,APROBADO
1081,9713e118-5ba3-49e4-8b42-33617257f263,9,17220.74,24,2026-02-08 17:00:00+00:00,APROBADO
1082,608a175a-df31-4936-91c9-71ad2d22446e,9,20177.66,12,2025-12-09 15:00:00+00:00,APROBADO
1083,95c6150c-557b-465f-be86-daa394f7e5bd,9,32450.51,24,2026-05-03 09:00:00+00:00,APROBADO
1084,ff8bbeac-87a3-4e1e-9888-9521e3dacf4c,9,39393.32,24,2025-12-08 10:00:00+00:00,APROBADO
1085,479a0060-a51e-4764-99d9-47d751fb8306,9,36093.02,24,2026-03-19 17:00:00+00:00,APROBADO
1086,ff9a6cb0-1fcc-404b-91c6-22ba54e0de57,9,35238.02,36,2026-03-22 13:00:00+00:00,APROBADO
1087,81c2c851-f7bb-4f21-a68f-e66a925b7729,9,17416.19,12,2025-12-19 16:00:00+00:00,APROBADO
1088,818fb657-3f42-4f77-9a8c-d6e8a1e6c3e5,9,12547.92,36,2026-01-30 14:00:00+00:00,APROBADO
1089,57e553ee-1843-4baf-9086-353a3291cd4d,9,31424.16,12,2026-06-25 10:00:00+00:00,APROBADO
1090,3475e5a4-6920-4be5-be9c-0aaaf83a96b0,9,4835.82,36,2025-12-15 16:00:00+00:00,APROBADO
1091,2d0cbd78-fcbb-4603-8a23-3633a27ab2ca,9,25987.55,18,2026-06-10 13:00:00+00:00,APROBADO
1092,b724dc36-7adf-4744-9ad7-7908bef083e7,9,13165.60,36,2026-02-27 16:00:00+00:00,APROBADO
1093,bf044602-5834-4702-8b54-c4523d9656a8,9,20012.26,36,2025-10-27 14:00:00+00:00,APROBADO
1094,169a791d-988a-4f7f-8a28-3b8360affccd,9,14285.20,18,2025-10-16 16:00:00+00:00,APROBADO
1095,793c0595-a16a-42ec-a796-fb4000b4a108,9,36086.40,18,2026-02-23 10:00:00+00:00,APROBADO
1096,4d5f6ed1-5fda-4ac6-9c68-fab8d8b63ddc,9,27300.08,18,2026-02-23 15:00:00+00:00,APROBADO
1097,4f71e425-4831-48d6-8020-1db0eb6d5589,9,27884.93,36,2026-02-01 15:00:00+00:00,APROBADO
1098,4c5c1ccc-c1dc-4a7f-b267-4fb0eb14023e,9,36897.02,12,2025-11-15 16:00:00+00:00,APROBADO
1099,b57dae83-6b96-4739-9353-f663fc7830e2,9,10351.20,12,2026-02-13 13:00:00+00:00,APROBADO
1100,02c98b3f-56ad-4de8-bfc3-f0a5bce66524,9,8824.80,36,2025-10-18 17:00:00+00:00,APROBADO
1101,33a456e8-e739-4713-a56a-c0f6b1a8fc37,9,6128.35,12,2026-05-06 15:00:00+00:00,APROBADO
1102,0f539780-7b4b-4ec7-a3e1-389bd70a4a0e,9,37520.77,36,2025-11-09 14:00:00+00:00,APROBADO
1103,570385e0-9091-44a3-b9d2-a400048a272f,9,35365.79,12,2026-01-31 17:00:00+00:00,APROBADO
1104,4eb00197-cfde-4e41-98be-1183124c6924,9,38343.16,36,2026-05-10 17:00:00+00:00,APROBADO
1105,9049d3f9-298d-48f9-8244-f6f797b2c976,9,10103.18,18,2026-03-23 16:00:00+00:00,APROBADO
1106,7f379cda-26ac-47cb-a416-322463041ee6,9,31540.83,12,2025-12-21 17:00:00+00:00,APROBADO
1107,24ad4278-573c-4783-9ac9-d66b31931336,9,8198.67,24,2025-11-19 13:00:00+00:00,APROBADO
1108,9a7ec02d-4925-45e4-9731-1ddd5288b302,9,21845.09,24,2025-10-30 13:00:00+00:00,APROBADO
1109,0c4443c0-70f2-4e6c-83bb-ef748ab6a64e,9,20808.89,18,2026-06-03 12:00:00+00:00,APROBADO
1110,a357be58-7d72-44d1-bc5a-919563846cab,9,30890.54,24,2026-01-01 13:00:00+00:00,APROBADO
1111,08fa903a-496d-4d86-a4e1-fe1ecb3b78b6,9,9829.82,18,2026-02-19 09:00:00+00:00,APROBADO
1112,efe985a1-11b2-460f-9ed9-fed5ed8d605c,9,3509.73,36,2026-05-09 10:00:00+00:00,APROBADO
1113,8c669094-6013-43e0-8438-080048d7fdc0,9,6935.54,12,2025-12-30 12:00:00+00:00,APROBADO
1114,12210c33-a30f-453f-a2d7-68a93f43fa7e,9,34514.45,36,2026-06-23 14:00:00+00:00,APROBADO
1115,94f59ee2-a553-4152-964a-6e3c20ff07cd,9,16431.18,24,2025-11-01 10:00:00+00:00,APROBADO
1116,1fe49ccf-f34f-4818-bf9d-bbc85ebac294,9,38019.06,12,2025-11-19 09:00:00+00:00,APROBADO
1117,130f3b0a-ac11-4e19-ac46-69030fd70c55,9,35994.24,18,2025-12-19 16:00:00+00:00,APROBADO
1118,22d03698-d9c2-45ce-a011-574320aaae24,9,34205.37,24,2025-12-24 10:00:00+00:00,APROBADO
1119,a374f855-e782-4c03-8cae-03bdf0f5114c,9,3645.93,12,2025-11-04 15:00:00+00:00,APROBADO
1120,7965c1f4-5092-45f5-9c7f-27486ebe9909,9,4500.86,24,2026-06-20 09:00:00+00:00,APROBADO
1121,86286d40-ebf9-4936-99a4-c4ca1b5ceafa,9,26954.23,18,2026-01-19 11:00:00+00:00,APROBADO
1122,e8251a63-ee33-448f-8112-5744b132ccda,9,18872.65,18,2026-05-04 14:00:00+00:00,APROBADO
1123,dbf325c0-cbc7-47cd-8844-23b200744b6a,9,29896.14,12,2026-04-06 15:00:00+00:00,APROBADO
1124,ef5e3c68-1215-4771-b80e-3097d1f796d9,9,11945.33,18,2026-06-24 15:00:00+00:00,APROBADO
1125,c9a785b0-1f01-42dd-8a05-784acab3cd51,9,6671.22,24,2026-05-08 10:00:00+00:00,APROBADO
1126,0958b142-fa65-439a-8b99-81f31cc73d24,9,30513.49,12,2025-11-28 14:00:00+00:00,APROBADO
1127,2f9a934d-a620-46b8-845a-1c3d74732b17,9,16596.48,36,2026-01-29 09:00:00+00:00,APROBADO
1128,da3f9393-29f9-4221-b00f-bd9ac993b24f,9,26431.82,12,2026-03-22 12:00:00+00:00,APROBADO
1129,078f2c6f-de03-4fbe-a7c4-619d4b122bf2,9,14404.27,12,2026-01-26 13:00:00+00:00,APROBADO
1130,24ad4278-573c-4783-9ac9-d66b31931336,9,11898.85,18,2025-10-03 12:00:00+00:00,APROBADO
1131,797bc3ae-ebc5-4eb8-855b-41e5b133d435,9,9604.81,18,2025-10-25 15:00:00+00:00,APROBADO
1132,81aa2439-1e83-474c-8559-1d42dc5a42d0,9,26917.37,36,2026-03-28 13:00:00+00:00,APROBADO
1133,a5a5cd5d-c6fc-4e2b-b1f1-7d7f26d0736f,9,38201.77,36,2025-11-25 12:00:00+00:00,APROBADO
1134,759e4c85-186b-45af-97e2-b776d15edecc,9,19118.41,24,2026-02-14 12:00:00+00:00,APROBADO
1135,c4f2d225-5fa2-4cb2-b982-3491b64df305,9,19349.35,12,2025-12-02 10:00:00+00:00,APROBADO
1136,731247ec-01fd-4053-90d6-e0c767c922c5,9,39542.67,12,2026-06-30 16:00:00+00:00,APROBADO
1137,9130c17b-b4a0-48db-9770-0d5df617caa9,9,26377.89,24,2025-12-15 11:00:00+00:00,APROBADO
1138,c8550e55-ecc1-4105-8015-e686761d075a,9,5950.50,12,2026-01-24 13:00:00+00:00,APROBADO
1139,25ad8726-4d09-48cc-bf81-9cae68bc1ec0,9,22006.88,36,2026-06-20 11:00:00+00:00,APROBADO
1140,17155bde-8f1e-4e74-9417-4a2ed48868bc,9,10739.57,24,2026-04-15 16:00:00+00:00,APROBADO
1141,a6dc7d66-56da-4610-b6fb-a44aa74c2b88,9,11185.96,24,2025-10-03 13:00:00+00:00,APROBADO
1142,74f25a46-da6b-4d58-b522-3f510e20ca4f,9,18661.88,18,2025-12-18 11:00:00+00:00,APROBADO
1143,27ee088e-afe9-450a-a972-53c0205d0dfd,9,10083.88,24,2026-05-31 10:00:00+00:00,APROBADO
1144,55d11052-c826-4331-9a80-587f34364baa,9,38811.66,12,2025-11-05 09:00:00+00:00,APROBADO
1145,9f2425d2-950b-4f0b-b069-0bbdc707d9a7,9,28158.99,18,2026-05-19 11:00:00+00:00,APROBADO
1146,1110d994-a329-4850-a907-f50bc8fb906a,9,25289.34,36,2026-05-18 13:00:00+00:00,APROBADO
1147,1806a5b3-92f4-4202-91b4-c91dfd31b576,9,23150.95,36,2025-10-20 12:00:00+00:00,APROBADO
1148,31414207-c191-4394-81ba-f3c06b367516,9,6363.01,18,2026-04-04 09:00:00+00:00,APROBADO
1149,37415958-0da0-450b-bce0-796824b1ccfd,9,22460.57,36,2026-02-12 13:00:00+00:00,APROBADO
1150,cdb614dc-4dbf-4d0b-b38c-90b45ec9d69f,9,37319.44,12,2026-02-23 12:00:00+00:00,APROBADO
1151,630a25c7-dddb-48ca-bcbe-a2b7fe1dd467,9,31109.94,12,2026-01-30 15:00:00+00:00,APROBADO
1152,03ef4b65-3203-4b32-89c6-8d99d726ea0a,9,13587.18,36,2025-10-06 10:00:00+00:00,APROBADO
1153,b66c34bd-d535-451c-b6bc-6a55eab361b0,9,19822.37,12,2026-06-27 16:00:00+00:00,APROBADO
1154,4d264257-7692-4dd4-9a46-2fa7f86102af,9,12730.57,12,2025-11-21 10:00:00+00:00,APROBADO
1155,44362d44-cc47-4788-a3eb-104582d5aa34,9,19854.92,18,2026-01-06 16:00:00+00:00,APROBADO
1156,32ad14df-9f04-4872-9a0a-ccf2a32fa024,9,20571.13,12,2025-10-04 13:00:00+00:00,APROBADO
1157,aa99aba9-6353-4e38-9a29-8aea3d3fcf35,9,23462.63,24,2026-03-03 13:00:00+00:00,APROBADO
1158,77394529-298f-46fb-8637-61aa219b9ddf,9,3777.99,12,2026-05-24 14:00:00+00:00,APROBADO
1159,366bba74-b1d1-4e42-a941-330d99f0848e,9,7636.24,18,2026-04-22 17:00:00+00:00,APROBADO
1160,ee618fbb-503d-4bd6-bfa2-06608a91022c,9,17375.10,24,2026-04-12 13:00:00+00:00,APROBADO
1161,d98cb421-38e8-4d49-b705-cec42b1da2e0,9,32669.66,18,2026-04-07 09:00:00+00:00,APROBADO
1162,e6fd8c90-456a-4882-bdb4-a6f13d9d7326,9,13224.80,12,2025-12-10 15:00:00+00:00,APROBADO
1163,3d64e640-53be-492d-99d8-4c2587a1e27f,9,17747.93,18,2025-10-12 09:00:00+00:00,APROBADO
1164,1110d994-a329-4850-a907-f50bc8fb906a,9,30414.38,36,2025-11-05 14:00:00+00:00,APROBADO
1165,bd9921f8-cddc-4bf9-8fd6-d2d307599941,9,27816.69,18,2026-04-03 13:00:00+00:00,APROBADO
1166,242e7031-a41d-4c57-a47a-8cef8b552095,9,9628.95,12,2026-05-12 11:00:00+00:00,APROBADO
1167,b64922c3-ad6f-4d38-b484-667ec306109a,9,12781.43,18,2025-12-10 09:00:00+00:00,APROBADO
1168,db05f1a3-4f7a-44d8-a0e5-38a4d40ae237,9,37753.85,18,2025-11-08 11:00:00+00:00,APROBADO
1169,64e4953d-a528-440b-bcb8-9e5826bef42c,9,28862.06,24,2026-03-14 17:00:00+00:00,APROBADO
1170,c6ab40a1-6f79-4b4d-93ec-9df0a0274c9d,9,11776.46,36,2026-03-26 11:00:00+00:00,APROBADO
1171,0092835c-9fdc-439b-8d44-7b352cc51b21,9,22738.42,36,2025-11-25 09:00:00+00:00,APROBADO
1172,afcc690b-87b1-4017-8bc1-92160a35e2d8,9,21750.93,12,2025-12-24 10:00:00+00:00,APROBADO
1173,3b575056-b592-43e6-a689-5470628b30f5,9,31864.67,12,2026-04-12 17:00:00+00:00,APROBADO
1174,7e924ed9-3fc7-4db2-bcf4-b1bca1a65e13,9,31940.37,36,2026-02-12 10:00:00+00:00,APROBADO
1175,7677164d-3290-445b-bd4d-26c1af6626b4,9,16379.39,18,2026-03-03 10:00:00+00:00,APROBADO
1176,f424e522-0d19-491c-a7d6-cd3f47cd6e63,9,8281.90,18,2026-02-09 17:00:00+00:00,APROBADO
1177,6c463bb5-ed90-4b99-86af-65e33b912a21,9,22845.50,18,2025-10-30 14:00:00+00:00,APROBADO
1178,4af346c3-bf39-4f50-902d-f98fcf3d6830,9,35911.27,24,2025-10-22 11:00:00+00:00,APROBADO
1179,6d942c70-8866-432a-b010-34101a11f27d,9,38485.04,24,2025-12-10 14:00:00+00:00,APROBADO
1180,4f118565-a51f-48bd-b4f8-2fd3069e8667,9,32055.53,12,2026-06-04 10:00:00+00:00,APROBADO
1181,d9dfbe5d-5a68-47ce-ab11-ec8b953afbf9,9,29718.78,18,2026-03-24 11:00:00+00:00,APROBADO
1182,2bd411f5-3d1c-41a6-a946-a14aff28529d,9,36820.41,12,2025-11-12 16:00:00+00:00,APROBADO
1183,c11dbb93-47bf-47e5-b57f-ad22e313e671,9,4498.86,18,2026-04-20 13:00:00+00:00,APROBADO
1184,07ede7b7-ee0d-477d-88a0-504bfc264790,9,20294.84,18,2026-02-24 14:00:00+00:00,APROBADO
1185,26e31d5f-9397-47ee-9e01-5195ffcd1eee,9,18526.22,36,2026-06-28 10:00:00+00:00,APROBADO
1186,12077cfa-9af0-4421-8741-ccd276c06dae,9,10896.07,12,2025-10-13 17:00:00+00:00,APROBADO
1187,d1df8bf8-bc26-4064-b803-71bd47a88bff,9,29778.51,36,2026-03-09 16:00:00+00:00,APROBADO
1188,eb866e9e-ccd0-413b-a87d-689247199510,9,27706.00,36,2025-12-09 17:00:00+00:00,APROBADO
1189,5fdba2ca-3265-4888-8397-b599f890df4c,9,29508.80,24,2026-03-05 12:00:00+00:00,APROBADO
1190,ba541a63-20a5-4bab-aaf4-ff3e35b397f0,9,32764.70,18,2025-11-20 13:00:00+00:00,APROBADO
1191,83eeb062-a915-42ab-a021-0889ca5b113d,9,18168.70,18,2026-03-18 15:00:00+00:00,APROBADO
1192,aa6bbceb-67c2-455c-be06-091313b6e6d8,9,31062.79,12,2025-11-06 12:00:00+00:00,APROBADO
1193,f3085121-c819-427d-a0a9-3e0f464cfa7e,9,3739.52,18,2025-11-06 16:00:00+00:00,APROBADO
1194,990dae68-1c49-4aa7-95c8-4e753685c254,9,15019.07,18,2025-12-01 12:00:00+00:00,APROBADO
1195,c13898dd-01aa-4c50-bde5-2c19ce1979f8,9,18771.79,36,2026-02-06 12:00:00+00:00,APROBADO
1196,56e88cfd-cb6a-4ecd-b858-7fd69f1f6248,9,38559.50,12,2026-02-03 13:00:00+00:00,APROBADO
1197,7e07c48e-1e63-4811-8a06-c724ba7a4d68,9,30262.34,24,2026-06-15 11:00:00+00:00,APROBADO
1198,dc449b8f-d1d6-4784-9679-3b91a3ad3fa9,9,29295.70,24,2026-03-02 13:00:00+00:00,APROBADO
1199,20ecbc28-39c7-454b-9a8e-7de63f212a18,9,7890.21,12,2026-04-16 12:00:00+00:00,APROBADO
1200,4d4f7713-63bd-4362-8389-85502648808d,9,11239.85,18,2026-02-04 14:00:00+00:00,APROBADO
1201,0565b659-c9c2-4d6b-9b17-813a45c73736,9,23226.30,12,2026-04-15 16:00:00+00:00,APROBADO
1202,8a351561-7c93-4d10-9b45-ba351d91710f,9,20916.01,24,2025-10-25 14:00:00+00:00,APROBADO
1203,c2c65a4c-29c8-4a33-a9fa-10518afcf18b,9,22320.29,12,2025-10-20 16:00:00+00:00,APROBADO
1204,6a9fc8a6-1df7-4bd7-9d02-11c91af25454,9,15274.00,36,2026-02-09 13:00:00+00:00,APROBADO
1205,e6d82598-dba4-4b3f-a69a-891dfdf95efb,9,14927.77,18,2026-02-25 10:00:00+00:00,APROBADO
1206,ad4faaa0-b7f9-4a6e-8e0c-e4266304c7c6,9,23951.11,36,2025-11-26 15:00:00+00:00,APROBADO
1207,bed37ded-30bd-43e3-af91-fc52b24434f3,9,22177.30,18,2026-01-10 14:00:00+00:00,APROBADO
1208,8cb8ffec-b7ea-468f-9e87-7410b08aaceb,9,9677.84,36,2025-10-16 09:00:00+00:00,APROBADO
1209,de6a0abe-a1e7-4695-810f-cea7ff7ce739,9,14268.37,12,2026-02-16 16:00:00+00:00,APROBADO
1210,88f86200-f952-4c30-9cb5-4f5ff6ed5e43,9,21993.40,36,2026-03-02 15:00:00+00:00,APROBADO
1211,5b3731ad-df3e-419c-891c-691d418e2acf,9,5682.23,12,2025-11-13 16:00:00+00:00,APROBADO
1212,ddd03a60-ca6f-4ca1-b682-699d15a089a5,9,19827.51,18,2026-05-09 11:00:00+00:00,APROBADO
1213,96d640d7-35d4-4e5a-badc-2df2b7fa873e,9,18044.50,12,2026-06-17 15:00:00+00:00,APROBADO
1214,b677f314-67e2-434b-b1bf-fd5fd0411a8f,9,36759.78,12,2025-11-20 17:00:00+00:00,APROBADO
1215,2f2d775e-9557-4bf1-8061-cf7399bd0451,9,32102.47,18,2026-04-02 17:00:00+00:00,APROBADO
1216,88dcfb31-bb35-4595-b94c-dd4a033d590d,9,7587.68,24,2025-11-09 16:00:00+00:00,APROBADO
1217,971edd4e-18af-42a0-88e3-d04f94f10445,9,37664.17,18,2026-05-22 13:00:00+00:00,APROBADO
1218,7d340bd7-bcc7-418d-8688-43ac8b476251,9,4853.55,18,2025-12-19 17:00:00+00:00,APROBADO
1219,ceb1f124-7033-459c-a38d-aa0df2502aae,9,27396.09,24,2026-05-06 11:00:00+00:00,APROBADO
1220,7272b181-86e1-4ba8-b227-6215d529ba42,9,35411.69,36,2025-11-09 12:00:00+00:00,APROBADO
1221,e4539fbf-f254-479c-89d8-64bea17becc0,9,14216.91,24,2026-04-06 10:00:00+00:00,APROBADO
1222,c41f1f3a-d0ec-4b38-b58d-9a9fe2e27a5f,9,34741.47,18,2026-04-20 17:00:00+00:00,APROBADO
1223,0372725e-b9b2-437d-ad91-27710bd3267f,9,3639.21,12,2026-05-17 16:00:00+00:00,APROBADO
1224,b7b7ec10-1836-4380-82e3-ce7be95de604,9,24495.86,24,2025-10-13 10:00:00+00:00,APROBADO
1225,08728361-4fff-4989-8069-f3e87da5f8b1,9,36844.33,24,2026-01-04 15:00:00+00:00,APROBADO
1226,501db59c-0a1e-4bfb-962d-499ec6d6300f,9,34144.05,24,2026-05-10 16:00:00+00:00,APROBADO
1227,42954f6a-01e3-4f0d-a1a0-42f3ab1c4597,9,27914.64,18,2026-01-25 13:00:00+00:00,APROBADO
1228,704fafa1-1e1e-43ac-86d6-b20e2014dfc1,9,6843.50,12,2025-12-17 13:00:00+00:00,APROBADO
1229,caa6e5ad-2106-44a1-af50-f22ac4e8348f,9,23988.42,12,2026-03-01 13:00:00+00:00,APROBADO
1230,3080eee0-5377-4891-92d5-9a98ec91e80a,9,4557.82,12,2026-03-11 09:00:00+00:00,APROBADO
1231,7ceb2b88-3c46-4d8c-8e0a-31f05ff3af25,9,32608.43,24,2026-04-11 12:00:00+00:00,APROBADO
1232,7c335cfa-64eb-4c1f-97a9-aa7753e4021b,9,12679.51,36,2025-12-30 15:00:00+00:00,APROBADO
1233,3c9c7ac6-ad6d-4134-9397-41b9366cb6d0,9,35697.60,24,2026-01-17 16:00:00+00:00,APROBADO
1234,232b75cb-a86e-413c-9e55-c1b739ad28d5,9,16042.60,12,2025-12-07 11:00:00+00:00,APROBADO
1235,24adb499-d39c-49a0-b23f-f53261b2e429,9,31788.49,36,2026-03-10 10:00:00+00:00,APROBADO
1236,7cef1169-1951-4761-a333-28bfd3bfb97d,9,27402.27,12,2026-05-30 09:00:00+00:00,APROBADO
1237,b64e802c-dd5f-4c7b-9385-6efbe885e3ee,9,16257.54,24,2026-05-28 17:00:00+00:00,APROBADO
1238,7a63bcac-d718-4d6f-9393-6652f2d5e5a0,9,31197.69,24,2026-03-02 09:00:00+00:00,APROBADO
1239,fc45d8bf-78c3-4ca9-93ac-59c76e63e764,9,34636.67,18,2026-03-07 10:00:00+00:00,APROBADO
1240,5a02fdb1-0a73-40e3-ba4b-e0f466677a93,9,15023.81,18,2026-02-18 16:00:00+00:00,APROBADO
1241,3495b600-3193-4726-95e9-e4dc3b43f981,9,32613.46,24,2025-10-20 17:00:00+00:00,APROBADO
1242,5585ebcf-f99e-43e1-814c-8a29bf26c55b,9,15171.48,18,2026-04-11 10:00:00+00:00,APROBADO
1243,d4f6c3ec-d254-4e05-ade4-7251eb5e4451,9,36497.89,18,2025-10-26 11:00:00+00:00,APROBADO
1244,b879115f-f836-46f8-86bc-a5161b6af265,9,38038.18,12,2026-03-10 10:00:00+00:00,APROBADO
1245,fa93c44b-56d6-4cb5-b585-d5069b85c3da,9,14287.93,24,2025-12-08 09:00:00+00:00,APROBADO
1246,f71d2543-1f9b-4c75-9e37-77b470f4273e,9,13570.17,24,2026-06-02 12:00:00+00:00,APROBADO
1247,5884aff6-6deb-4c91-9dc2-3f82e4ba97d8,9,38743.28,12,2026-01-07 10:00:00+00:00,APROBADO
1248,7e671e3f-d3eb-4e1e-ab28-5fb775d38ca7,9,39117.61,18,2025-10-23 12:00:00+00:00,APROBADO
1249,e995ae61-9ddb-47dc-9bf6-ecbcdb59f67e,9,11950.59,12,2026-06-29 09:00:00+00:00,APROBADO
1250,a33f71cc-cf8f-4d2c-a2fc-dc66d8106877,9,7174.25,36,2025-12-18 11:00:00+00:00,APROBADO
1251,21b003b5-715f-4554-b976-f8dc5059a838,9,34032.75,24,2025-12-29 17:00:00+00:00,APROBADO
1252,9dea95bb-509d-4499-a7b9-303852a769fc,9,21715.73,12,2026-04-14 16:00:00+00:00,APROBADO
1253,73d4dbe4-c3cb-4267-9984-84a65a020006,9,6472.51,12,2025-12-15 15:00:00+00:00,APROBADO
1254,9e9e8bea-96ee-42fb-bcc1-99b58471ce90,9,20113.06,36,2025-12-02 14:00:00+00:00,APROBADO
1255,0b33767e-d5c7-45bb-bdee-b1b889cfa7fb,9,7197.10,24,2026-05-29 11:00:00+00:00,APROBADO
1256,94b6a375-1c74-4b1d-80eb-ad1645c0191b,9,14306.37,18,2026-05-31 11:00:00+00:00,APROBADO
1257,c087beba-b7ab-45ac-a50d-0e944adf16c6,9,7270.26,18,2026-06-16 09:00:00+00:00,APROBADO
1258,4ae4f567-8127-41b9-ba69-0f176ab819a3,9,39946.75,36,2026-02-07 16:00:00+00:00,APROBADO
1259,66bdc63f-aa04-4c49-aee4-f652708ba037,9,26818.02,18,2026-02-28 13:00:00+00:00,APROBADO
1260,84e7e68a-2797-4db0-90d5-ab7fd3f7d1e1,9,13506.34,24,2026-01-24 16:00:00+00:00,APROBADO
1261,0abcf95f-ba65-4edd-a93e-143013877d25,9,32294.01,36,2025-12-18 15:00:00+00:00,APROBADO
1262,dc4d921d-3dfb-4b3c-9e64-22821dcf2fc3,9,30020.67,24,2026-05-24 17:00:00+00:00,APROBADO
1263,230cd6e9-a0fa-4727-ad03-22a10ab8c50c,9,4431.70,12,2026-03-20 09:00:00+00:00,APROBADO
1264,d97d1fec-fd12-4768-901d-0f4c61899cf6,9,15544.91,18,2026-04-15 10:00:00+00:00,APROBADO
1265,0e617ae6-944b-48d0-a072-59468e25ab40,9,36891.98,18,2026-05-09 10:00:00+00:00,APROBADO
1266,2cbfa975-ab0a-49b0-8de7-2a0747fa7895,9,24450.69,24,2026-01-18 17:00:00+00:00,APROBADO
1267,40de8e40-4dc0-4706-8d42-71a984410512,9,26017.24,24,2025-11-16 09:00:00+00:00,APROBADO
1268,85cd6683-8e20-4ab5-a3a2-0ba6076af8a9,9,22055.18,36,2026-04-29 16:00:00+00:00,APROBADO
1269,6009cbd4-7d72-4da3-b54e-b01ae85dee27,9,25334.18,24,2025-12-25 09:00:00+00:00,APROBADO
1270,7bff619e-922e-4690-a71b-37654817a433,9,7172.53,18,2025-10-29 13:00:00+00:00,APROBADO
1271,aecbd871-b42d-49ba-bcfb-fb0fd2d23952,9,18321.44,18,2026-02-07 09:00:00+00:00,APROBADO
1272,8a8a4788-1278-44d1-aa84-65a2bf207730,9,29255.74,18,2025-11-07 12:00:00+00:00,APROBADO
1273,9f7d6347-999d-4e1f-8550-f2d15c5ffd49,9,9090.14,18,2025-11-04 15:00:00+00:00,APROBADO
1274,dc0bbb97-6935-4a03-b39f-e716bfc4f1e7,9,5273.34,24,2026-01-16 16:00:00+00:00,APROBADO
1275,c8098568-4a60-4591-ace6-df32bb0691e6,9,32527.25,24,2025-11-18 14:00:00+00:00,APROBADO
1276,08868be3-9333-44a9-b2f7-452a0bfb8442,9,13327.20,12,2026-05-14 10:00:00+00:00,APROBADO
1277,7f1365ba-696c-4d63-a75a-cc1bbe34ec82,9,32346.30,12,2025-12-10 09:00:00+00:00,APROBADO
1278,e6fe6eb8-4392-4552-95af-46dd803637e0,9,33165.10,12,2025-11-27 16:00:00+00:00,APROBADO
1279,fb38beeb-0da6-4f62-96cc-d8a3be78ca20,9,13824.44,12,2026-05-09 10:00:00+00:00,APROBADO
1280,717ab66d-8cdc-4d33-9831-8a749e645381,9,20860.37,18,2026-03-25 09:00:00+00:00,APROBADO
1281,47ccb583-d783-4ce1-a3c6-5a2a6f2d9d6c,9,18701.22,36,2026-05-26 10:00:00+00:00,APROBADO
1282,d4231f27-3e51-4299-b2b9-7650f94c4eaf,9,22478.96,24,2026-06-20 17:00:00+00:00,APROBADO
1283,674d5e69-33d4-4d77-b7c1-722693ad4c8b,9,5126.40,24,2025-11-25 12:00:00+00:00,APROBADO
1284,4abe994f-a8a0-4b37-930f-6847e690910c,9,9686.02,18,2025-11-12 14:00:00+00:00,APROBADO
1285,b1cc120b-a1c3-4e00-a12a-06bbbdecbd50,9,11696.23,24,2026-03-31 17:00:00+00:00,APROBADO
1286,8362647f-3bdd-46cc-8993-b9f8605288ad,9,35356.59,18,2025-12-02 11:00:00+00:00,APROBADO
1287,25ffab6a-9c2c-43cd-bf56-b86b1412c963,9,3187.64,24,2025-10-12 09:00:00+00:00,APROBADO
1288,1bb10ba9-31c4-45cf-bfe1-736ac9accb97,9,34820.68,24,2026-05-23 12:00:00+00:00,APROBADO
1289,85e10e37-1acf-49e1-8a22-4e3d94c094fe,9,36325.54,24,2025-10-27 16:00:00+00:00,APROBADO
1290,197475de-f02e-45e6-9614-89f6c33c15b1,9,4220.31,36,2025-10-04 09:00:00+00:00,APROBADO
1291,26228194-e4c8-4216-9327-533ec6ec2b77,9,24591.88,24,2026-05-13 14:00:00+00:00,APROBADO
1292,8a90349a-ee3f-47ad-bdcd-5e5ddc44833a,9,34950.85,36,2025-12-14 14:00:00+00:00,APROBADO
1293,dcc65264-5837-4597-aeb8-25d152fbc7d7,9,13919.47,18,2026-01-26 14:00:00+00:00,APROBADO
1294,355023fd-de09-4adc-9f77-5eb5dae816f9,9,4896.00,24,2026-03-05 14:00:00+00:00,APROBADO
1295,0b33767e-d5c7-45bb-bdee-b1b889cfa7fb,9,10878.17,18,2026-06-18 14:00:00+00:00,APROBADO
1296,23bcea9a-6caa-465d-9c41-83d7d54d6ceb,9,10344.42,36,2026-02-20 11:00:00+00:00,APROBADO
1297,80b382d0-d26f-471d-9a6d-f6172b17b981,9,34064.21,12,2025-10-08 09:00:00+00:00,APROBADO
1298,9f2f3337-9e22-4e5c-970d-57af2aab0528,9,12215.81,36,2026-05-14 12:00:00+00:00,APROBADO
1299,5b2ada7f-3cf7-4d5b-b480-cd189d12823a,9,7162.79,24,2026-05-02 12:00:00+00:00,APROBADO
1300,ffe11ba1-5b15-4172-b636-b7da86b49054,9,13177.20,24,2025-12-15 14:00:00+00:00,APROBADO
1301,c7fde739-2fd0-4a03-b1d5-05e1a7b678c3,9,23113.52,24,2026-04-22 15:00:00+00:00,APROBADO
1302,91d6d6af-be5f-45fd-a8a2-fc9b1b4e53f3,9,32824.97,24,2025-12-02 11:00:00+00:00,APROBADO
1303,6e59517c-327b-4c40-ba46-9b9454c6c574,9,31807.16,12,2026-01-10 16:00:00+00:00,APROBADO
1304,d19d4023-b2c2-4511-aa73-32eeec67c695,9,9607.16,36,2026-03-09 15:00:00+00:00,APROBADO
1305,ddfe77a7-acdd-4cc9-9d9c-fcec239ddaf3,9,38605.01,36,2025-10-29 10:00:00+00:00,APROBADO
1306,f3c58b94-77d2-4d09-b3d5-45ee53d156b6,9,28518.23,24,2026-04-25 17:00:00+00:00,APROBADO
1307,c4751d16-9537-4ba1-8b0e-2506c9666db6,9,23757.08,18,2025-10-20 11:00:00+00:00,APROBADO
1308,05c11921-4531-4970-ae17-406072fd1ded,9,36967.61,18,2026-04-22 14:00:00+00:00,APROBADO
1309,18859713-aa5a-44e0-9bac-98c9c6a30374,9,3615.56,18,2026-01-18 15:00:00+00:00,APROBADO
1310,ffe8030b-fef1-436c-9269-49c1640d20ae,9,36341.72,36,2026-03-08 16:00:00+00:00,APROBADO
1311,f901158b-40e0-40ee-830e-37575cfa6d3c,9,11948.72,18,2026-06-01 12:00:00+00:00,APROBADO
1312,ad20bfe4-da1b-4231-8327-51d542a1ea08,9,10744.51,18,2026-02-13 12:00:00+00:00,APROBADO
1313,f6516ac2-073d-48be-b4c5-88f79a833260,9,30124.15,12,2026-05-05 16:00:00+00:00,APROBADO
1314,324a52d1-186d-4e88-8fe9-6c5854227763,9,36644.93,12,2026-03-07 10:00:00+00:00,APROBADO
1315,1304fe64-23d3-40ca-aadc-c04dd493e7d9,9,12593.51,18,2026-04-11 11:00:00+00:00,APROBADO
1316,9be0f64c-546a-45b6-ac18-b4cad7d25a09,9,18871.85,24,2025-12-04 13:00:00+00:00,APROBADO
1317,97a556b5-a7d6-4a9c-b78a-4b468df5e453,9,38926.56,18,2026-01-25 11:00:00+00:00,APROBADO
1318,7bf6452c-d838-40cf-9117-fcbfbda3ab12,9,17527.98,12,2026-06-28 13:00:00+00:00,APROBADO
1319,572acb2a-9457-4137-9281-854566584a7d,9,26890.15,12,2025-10-31 10:00:00+00:00,APROBADO
1320,64a0fc17-eeff-4816-8b8b-bde3306ca8a6,9,4628.24,18,2026-04-17 12:00:00+00:00,APROBADO
1321,5f0ce81b-2b7d-46cf-8fe3-00e704716b30,9,19553.75,24,2025-12-01 16:00:00+00:00,APROBADO
1322,3281e037-b228-4cc6-9f9a-94c365295854,9,14425.59,36,2025-12-01 12:00:00+00:00,APROBADO
1323,da25ad37-4c1f-417b-8036-02a5283006b9,9,7968.97,12,2026-02-04 15:00:00+00:00,APROBADO
1324,077d0dbf-4ec4-441d-aad5-ad5de934c93c,9,3553.91,12,2026-01-03 14:00:00+00:00,APROBADO
1325,08d1874a-2336-41c0-82c6-a4cb65611ac2,9,36256.65,18,2025-12-29 09:00:00+00:00,APROBADO
1326,9892dd73-da4f-45a4-a364-bab6bc7aae04,9,20067.51,36,2025-10-17 11:00:00+00:00,APROBADO
1327,5c29cf73-2ed2-4c2a-8b6b-f6ca333fba1e,9,30203.85,18,2025-10-17 15:00:00+00:00,APROBADO
1328,61d729eb-d1f0-4ba7-9da5-7e5e47edffc2,9,10928.00,18,2026-02-20 09:00:00+00:00,APROBADO
1329,de89574b-ad4c-41d9-8f0e-aba3186a3f2c,9,17935.64,36,2025-11-21 16:00:00+00:00,APROBADO
1330,67518854-ce66-4989-b25f-22ed46685fcb,9,15038.65,36,2026-06-21 11:00:00+00:00,APROBADO
1331,28bac9f1-14a6-43e1-9b6c-8f4700921a69,9,31427.24,12,2025-12-15 09:00:00+00:00,APROBADO
1332,f3ee7674-6d27-4660-ba43-f6681e316f92,9,6673.35,12,2026-01-18 09:00:00+00:00,APROBADO
1333,813c88fc-2d19-4fce-897f-b382d4d4a519,9,15795.62,24,2026-01-24 12:00:00+00:00,APROBADO
1334,ea9daef4-40b9-4f38-9368-20dd4db1168c,9,30348.53,36,2026-04-17 17:00:00+00:00,APROBADO
1335,e088d254-f674-481c-a9c6-4ef953a820d3,9,35514.94,36,2026-04-26 14:00:00+00:00,APROBADO
1336,40ca4b0b-ac2f-4a76-badf-180b671ff6db,9,10498.01,12,2025-11-09 12:00:00+00:00,APROBADO
1337,627c6d80-9c06-427b-9066-cc15e8610354,9,29405.19,12,2026-05-29 14:00:00+00:00,APROBADO
1338,95cf8f73-1dd0-480d-9237-ee9c4556bd77,9,19282.53,18,2026-04-20 17:00:00+00:00,APROBADO
1339,abb8e2ee-1a89-44b6-ac7f-562385f4d379,9,23309.68,24,2026-02-20 13:00:00+00:00,APROBADO
1340,8cedd06c-bc27-4976-ba32-838125b17c19,9,11063.15,12,2025-12-15 09:00:00+00:00,APROBADO
1341,beef2af5-751f-4381-b111-ec9ac50a52b3,9,5356.88,12,2025-12-14 15:00:00+00:00,APROBADO
1342,95530380-dd1c-4f8d-a1df-c666e6263aeb,9,20313.63,18,2026-05-02 11:00:00+00:00,APROBADO
1343,caa6e5ad-2106-44a1-af50-f22ac4e8348f,9,34663.48,36,2026-01-11 11:00:00+00:00,APROBADO
1344,bdcd37ea-e446-4a99-980d-cab0aef8294d,9,36844.74,24,2025-12-01 11:00:00+00:00,APROBADO
1345,4998d5b0-0973-4e83-aeec-f43584d6965a,9,39107.71,18,2026-01-30 10:00:00+00:00,APROBADO
1346,d0a6ae01-920f-4643-bcf7-30264cd198fc,9,3070.77,24,2025-11-12 14:00:00+00:00,APROBADO
1347,5cf23221-c5f0-4b8c-802f-0952de63aa79,9,25060.06,18,2026-01-26 15:00:00+00:00,APROBADO
1348,bb4e0d35-bf7b-4e7c-8cc7-8ba9da7500c9,9,35850.69,24,2026-01-21 16:00:00+00:00,APROBADO
1349,2268500f-d3f2-41b5-b705-781dc9c8fe07,9,22250.03,24,2026-05-30 13:00:00+00:00,APROBADO
1350,69c218b3-fc8b-449c-9266-9b3ee997dbfb,9,37686.32,24,2026-06-24 15:00:00+00:00,APROBADO
1351,8fcf6dd0-2904-4003-8228-c649f72b4ab5,9,31275.54,36,2026-03-21 11:00:00+00:00,APROBADO
1352,9537a22d-deaa-4828-b188-0670dbf7d649,9,13884.75,12,2026-05-05 12:00:00+00:00,APROBADO
1353,b2dc3f44-0f98-4c12-8aa0-21379652f953,9,20921.83,12,2025-10-24 16:00:00+00:00,APROBADO
1354,06325289-f1d4-4681-a2c0-56f9e3e45717,9,27297.91,24,2026-06-11 16:00:00+00:00,APROBADO
1355,c57ec7c2-0245-4222-98c9-3f877e9cfdfa,9,14688.57,12,2025-11-09 11:00:00+00:00,APROBADO
1356,570385e0-9091-44a3-b9d2-a400048a272f,9,31322.03,24,2026-03-15 11:00:00+00:00,APROBADO
1357,e846b67a-7910-4d67-9d3c-fecb312ca632,9,20523.06,18,2026-06-17 11:00:00+00:00,APROBADO
1358,433a90fa-1ba7-4098-8b4b-3685cf52ed9c,9,15077.80,24,2025-12-18 11:00:00+00:00,APROBADO
1359,6756df3c-cc39-436d-aeee-28ffab3bc098,9,7854.57,12,2025-12-17 15:00:00+00:00,APROBADO
1360,32558998-beea-448d-9725-3e6891ab8a31,9,33649.79,36,2025-12-17 13:00:00+00:00,APROBADO
1361,91c64966-947c-4b74-9b8b-5814dd617192,9,12647.90,24,2025-12-15 14:00:00+00:00,APROBADO
1362,5e355b8b-9e14-43f7-92c4-376778ba004b,9,36484.72,18,2025-11-17 11:00:00+00:00,APROBADO
1363,b3459644-e5b3-4e43-bf38-e3591f3a19b0,9,32016.80,18,2026-02-27 17:00:00+00:00,APROBADO
1364,17ea65b0-2573-43cd-a88e-1469b9bc0152,9,36757.93,12,2026-05-07 13:00:00+00:00,APROBADO
1365,8fa7bfa9-7698-4047-9a15-f6c6ebfcf2ef,9,17435.81,12,2026-05-29 12:00:00+00:00,APROBADO
1366,762a9387-1363-40e0-a338-852a1edafa2a,9,9770.34,12,2026-06-22 10:00:00+00:00,APROBADO
1367,ada208cc-c4ad-462e-93a2-0ca40cbcca45,9,37404.55,24,2025-12-13 09:00:00+00:00,APROBADO
1368,8e1b541d-9d95-4097-85ff-3b1802dba04e,9,29471.43,18,2025-12-10 10:00:00+00:00,APROBADO
1369,c1adf6c9-f571-4e67-8e32-ad0a34ce85cf,9,13395.38,12,2026-04-26 12:00:00+00:00,APROBADO
1370,729318b5-2546-4a3b-9881-4352f0ddd87e,9,8641.19,18,2025-11-19 09:00:00+00:00,APROBADO
1371,85001012-e0b0-40f0-93be-1867b07e51d9,9,34169.18,24,2025-12-13 12:00:00+00:00,APROBADO
1372,757628d2-6609-4b11-9ed7-f1fc4ff74d66,9,36771.45,18,2025-10-03 13:00:00+00:00,APROBADO
1373,7e204110-8041-408c-b504-9edf1e574e9b,9,17985.33,18,2025-10-02 10:00:00+00:00,APROBADO
1374,244a98f9-d7dc-41d9-ad0e-91d4097f4043,9,7385.66,12,2026-03-03 12:00:00+00:00,APROBADO
1375,8e82483a-66d9-4b31-bf8d-196015a8a3c7,9,6746.00,12,2025-10-26 14:00:00+00:00,APROBADO
1376,776c2353-0013-4778-bc63-378771cc1580,9,29795.41,12,2026-01-15 09:00:00+00:00,APROBADO
1377,be47b08c-b4bc-4cfc-a847-a45d3d8c9d03,9,12290.59,24,2026-04-14 09:00:00+00:00,APROBADO
1378,65339cf9-9ad2-4193-977c-182a19eab6ee,9,22072.26,18,2026-06-11 17:00:00+00:00,APROBADO
1379,0475b0c9-19ec-483c-9488-f6fff1f1a584,9,15851.17,24,2026-04-19 11:00:00+00:00,APROBADO
1380,bfa52036-e5ed-4e24-be38-2ad5edc88b31,9,21282.68,12,2026-01-26 11:00:00+00:00,APROBADO
1381,f21bf402-b60a-46f5-861e-781a3dcd3753,9,11209.27,18,2026-03-14 09:00:00+00:00,APROBADO
1382,07ede7b7-ee0d-477d-88a0-504bfc264790,9,28236.54,12,2026-04-28 12:00:00+00:00,APROBADO
1383,f6a80184-6d02-4c73-87f2-3b6741482f23,9,22964.09,24,2026-06-06 14:00:00+00:00,APROBADO
1384,cbe9700e-e118-47fe-9ced-b1c9efba6a0b,9,19785.80,24,2025-10-18 13:00:00+00:00,APROBADO
1385,7fb351e8-0c4c-4175-b700-7d7b5f793c69,9,30139.87,18,2025-10-26 14:00:00+00:00,APROBADO
1386,96497589-c4c0-4cc3-bbb0-9cb4d866f784,9,20778.57,12,2026-02-04 09:00:00+00:00,APROBADO
1387,f817f334-edf0-4053-bed2-cda30f7c70a4,9,9377.65,24,2025-10-06 16:00:00+00:00,APROBADO
1388,54935290-c5aa-4196-857b-673ae48d98b7,9,11862.38,36,2025-11-06 12:00:00+00:00,APROBADO
1389,05aebc45-1ffb-4b60-b638-96a05c2acf9b,9,14648.75,12,2025-10-25 13:00:00+00:00,APROBADO
1390,d538d214-c734-4f07-b855-01d806be56c9,9,14336.71,24,2025-11-30 15:00:00+00:00,APROBADO
1391,63e2ddea-b007-426e-8cac-7581e7a6500a,9,6025.20,12,2026-01-16 10:00:00+00:00,APROBADO
1392,764c3dfb-150a-4216-8725-c5584a616f6c,9,23575.09,18,2025-10-30 17:00:00+00:00,APROBADO
1393,3103759c-0ad2-4a04-9cb2-a1b5114e01ec,9,27063.46,12,2026-03-20 14:00:00+00:00,APROBADO
1394,9e6e694e-9783-4b0a-90f4-2c4718811e1f,9,12476.31,18,2026-06-19 12:00:00+00:00,APROBADO
1395,c8f7283a-171b-496f-b8a2-aa09e8a7ae05,9,28151.92,12,2026-03-16 11:00:00+00:00,APROBADO
1396,307f0b9f-da66-40e7-8da7-1b8cc38d58af,9,22526.01,12,2026-02-25 09:00:00+00:00,APROBADO
1397,90720181-79f9-4a68-be45-4c22e6966a2a,9,11025.90,24,2026-06-18 13:00:00+00:00,APROBADO
1398,85588869-2b2a-4ae2-b68b-387efac34ee4,9,33591.77,12,2025-11-07 13:00:00+00:00,APROBADO
1399,67954a81-6efe-403d-a5f8-3127c56f718b,9,27114.87,12,2026-03-28 15:00:00+00:00,APROBADO
1400,a0ca0915-2f12-4430-aad6-bdd0cb3c10e8,9,5743.94,36,2025-12-26 12:00:00+00:00,APROBADO
1401,6b5cbff9-a04c-4ac8-927b-bcc60e5bddf1,9,17101.87,18,2026-03-29 12:00:00+00:00,APROBADO
1402,ae590a6a-f986-468d-90f5-2356ad483857,9,15068.69,18,2026-04-02 12:00:00+00:00,APROBADO
1403,c2d3d45a-695e-4634-9da8-6d7adf9b292f,9,9384.00,36,2025-12-28 17:00:00+00:00,APROBADO
1404,70f3c65a-a0c5-4549-8a7e-92857dccf3f1,9,32254.07,12,2026-02-17 10:00:00+00:00,APROBADO
1405,e8c765e3-14fb-4c5d-b1a2-600b35569929,9,10127.30,18,2026-02-12 13:00:00+00:00,APROBADO
1406,8ec2a2b7-a067-4eca-86ff-f8e47a0c2d46,9,31599.10,18,2025-10-19 17:00:00+00:00,APROBADO
1407,89368662-82d3-414d-86db-c9823ebe6f05,9,27244.08,24,2025-10-10 16:00:00+00:00,APROBADO
1408,17ff9f98-ebf8-4448-b67f-c080afae1cd3,9,8867.50,12,2026-04-06 17:00:00+00:00,APROBADO
1409,433a90fa-1ba7-4098-8b4b-3685cf52ed9c,9,3247.58,18,2026-02-03 09:00:00+00:00,APROBADO
1410,f7918411-fbaa-4b25-ac9d-07ba7f5287d4,9,17000.57,12,2025-10-04 12:00:00+00:00,APROBADO
1411,8b6818c4-588a-46c9-9556-7598c3208b30,9,13250.65,36,2026-05-18 17:00:00+00:00,APROBADO
1412,59582f91-12c5-4534-8944-9530978b22ce,9,7639.63,36,2026-03-15 17:00:00+00:00,APROBADO
1413,d1f0d8a9-365e-4521-a8ab-d07ca772c7c3,9,35634.58,36,2026-02-14 10:00:00+00:00,APROBADO
1414,51b0a3ab-1af5-48ca-8859-64dee45f33d8,9,36244.20,18,2025-11-18 09:00:00+00:00,APROBADO
1415,68a7fb23-aa98-40a7-bab5-97b1f1b4a97f,9,28541.47,12,2025-11-29 10:00:00+00:00,APROBADO
1416,cf731139-4627-46bb-99d9-1351478520f2,9,11034.14,36,2026-03-14 09:00:00+00:00,APROBADO
1417,4057015e-dfb9-4f4d-aad3-e8df6ba74178,9,17643.44,12,2026-02-14 15:00:00+00:00,APROBADO
1418,a7a6ca70-457c-4729-9c08-437d38c15c65,9,37253.59,12,2026-03-28 16:00:00+00:00,APROBADO
1419,75592585-1d98-4f1a-b62c-4501c994e229,9,19458.41,18,2026-05-07 11:00:00+00:00,APROBADO
1420,1092a40e-004c-43b2-8539-63716a2d607d,9,36526.77,12,2026-01-04 17:00:00+00:00,APROBADO
1421,743c11a3-786f-411f-9951-bca8532e2683,9,11217.85,12,2026-06-26 14:00:00+00:00,APROBADO
1422,d5b53366-c73e-487b-95d8-5bdb5c68bb30,9,5290.91,24,2026-05-01 15:00:00+00:00,APROBADO
1423,ae45bf59-c6dc-4721-9c76-eae70ed21f37,9,33826.82,36,2025-12-10 11:00:00+00:00,APROBADO
1424,ac6a33ec-ea76-47ec-80cd-efba9ffc2888,9,7674.72,36,2026-03-26 17:00:00+00:00,APROBADO
1425,a3399d80-5c13-4b50-bbaa-673199739cc3,9,38488.27,12,2026-03-09 09:00:00+00:00,APROBADO
1426,c84e3ef3-506d-463d-be62-ab7a9704b9ed,9,13681.76,24,2026-02-24 12:00:00+00:00,APROBADO
1427,187057fa-0faf-4a9b-87e2-5a03ef3154c2,9,27947.61,18,2026-03-22 10:00:00+00:00,APROBADO
1428,5f1055f1-3c0d-42a0-a57a-fa1995bffc64,9,17002.34,12,2026-03-30 11:00:00+00:00,APROBADO
1429,ba170eae-e7e4-4896-be9e-a81ffc2e3463,9,29166.84,36,2026-03-11 16:00:00+00:00,APROBADO
1430,bbc3637c-4687-4ccb-855e-3d8d3d991010,9,37010.88,36,2026-03-09 11:00:00+00:00,APROBADO
1431,e63c1074-f505-4ec0-ac82-f1e0213bc41d,9,11728.56,24,2026-05-10 17:00:00+00:00,APROBADO
1432,a0ca0915-2f12-4430-aad6-bdd0cb3c10e8,9,9855.43,24,2026-05-07 11:00:00+00:00,APROBADO
1433,422a40ff-1929-42fe-8224-b316dc2f6648,9,25952.99,18,2026-03-17 17:00:00+00:00,APROBADO
1434,fbaf723f-c9ac-490b-813b-5d59ce1bdd2b,9,9002.47,18,2026-04-09 16:00:00+00:00,APROBADO
1435,ead75f45-6780-488f-91cb-9b20343bc49f,9,28055.28,18,2026-04-02 10:00:00+00:00,APROBADO
1436,0f616a89-0698-4513-a296-1aeace46fab1,9,17691.24,18,2026-01-14 12:00:00+00:00,APROBADO
1437,c26069d9-471e-4463-bb81-20727c0f5c6b,9,28812.60,18,2026-06-27 09:00:00+00:00,APROBADO
1438,69166dab-10c3-4a4d-8c4c-ab25c3dc6238,9,20735.78,12,2026-04-18 09:00:00+00:00,APROBADO
1439,984424ed-9447-4f69-a31a-4ff8d9322d33,9,6532.13,18,2026-02-23 17:00:00+00:00,APROBADO
1440,1f2df8d6-ca84-4d69-9415-0d22bcf1271e,9,38880.01,24,2026-06-27 13:00:00+00:00,APROBADO
1441,7745a219-b47e-4393-8f50-0c2f8ac18af1,9,37474.95,12,2026-02-20 11:00:00+00:00,APROBADO
1442,79df2319-f359-4f9b-a75f-1248286beaf7,9,25412.72,12,2025-10-06 12:00:00+00:00,APROBADO
1443,46966c39-a383-4097-8e2f-6537441acdff,9,13394.33,18,2025-12-14 09:00:00+00:00,APROBADO
1444,3a8e197a-a986-45d3-ae17-9b0509e82c27,9,38154.61,12,2025-12-13 13:00:00+00:00,APROBADO
1445,c7eb07be-9552-4bf4-93c8-60fb1d902d75,9,35168.71,12,2025-11-03 16:00:00+00:00,APROBADO
1446,1ce05d15-591f-450f-bed9-27a9dee8f101,9,15479.37,24,2026-04-17 10:00:00+00:00,APROBADO
1447,61b6dcf9-2dac-46b4-be00-dfcca66c63ed,9,34464.29,24,2026-01-10 09:00:00+00:00,APROBADO
1448,f8806b0a-29df-40cb-af01-386ae6e1e9bc,9,6973.71,18,2025-10-01 12:00:00+00:00,APROBADO
1449,5f49e39e-42e2-40d2-8321-a2426c4a3840,9,10139.37,18,2026-06-28 10:00:00+00:00,APROBADO
1450,2073172c-d46e-45c3-b4cb-1ce7218ce429,9,26375.54,12,2025-11-20 10:00:00+00:00,APROBADO
1451,e56de7a4-4e17-4a82-bf50-ba823f118acd,9,11813.98,18,2026-05-04 16:00:00+00:00,APROBADO
1452,e948d838-4a1b-47e7-b07f-b1c7e9ab5632,9,35431.13,36,2026-05-19 15:00:00+00:00,APROBADO
1453,a72a5073-14f3-4c66-82e2-8b08ecd16e27,9,4264.15,18,2026-06-12 16:00:00+00:00,APROBADO
1454,80bb2e5a-dbfb-4743-bbdf-a9424eaf98df,9,37909.22,24,2026-06-18 12:00:00+00:00,APROBADO
1455,a0bae62e-9a89-4e82-a477-83b34ee6a911,9,16602.72,18,2026-01-16 15:00:00+00:00,APROBADO
1456,e8e80847-c947-4997-954d-166b4c97267b,9,38898.22,12,2026-01-05 09:00:00+00:00,APROBADO
1457,b1853055-b709-4fd8-9ccf-9fc3bcf9600f,9,18772.14,36,2025-11-12 10:00:00+00:00,APROBADO
1458,051f0d02-d85b-49dc-80e8-4133c3c2eadb,9,25326.27,18,2025-10-28 13:00:00+00:00,APROBADO
1459,ce221f63-5e0f-47cf-887c-e52f3792525c,9,39303.12,24,2025-11-20 12:00:00+00:00,APROBADO
1460,239c9f89-d1c2-4895-b830-c74f426829b8,9,5329.19,24,2025-11-12 12:00:00+00:00,APROBADO
1461,e8c765e3-14fb-4c5d-b1a2-600b35569929,9,13147.90,12,2026-01-22 12:00:00+00:00,APROBADO
1462,6b61d7ed-583e-45c4-96e5-3eb93e30aa5c,9,22149.76,36,2026-04-15 14:00:00+00:00,APROBADO
1463,f2ba182c-1b59-4a92-94f5-49fa9988a0c2,9,9623.57,36,2026-05-17 09:00:00+00:00,APROBADO
1464,46f496d4-eb7a-4a87-bb69-2ba0b505743c,9,13828.49,12,2026-06-28 12:00:00+00:00,APROBADO
1465,29229e38-6bc7-4963-9f2b-9763d2d236fc,9,3668.85,12,2025-11-15 14:00:00+00:00,APROBADO
1466,14a98a76-7ca2-408d-ac6f-392abe4a7f0a,9,12630.61,12,2026-04-13 10:00:00+00:00,APROBADO
1467,23bcea9a-6caa-465d-9c41-83d7d54d6ceb,9,37203.71,12,2025-12-29 17:00:00+00:00,APROBADO
1468,27613094-336b-4846-b328-1e7ea45645d3,9,4387.95,18,2026-02-09 12:00:00+00:00,APROBADO
1469,f888592d-18e1-4f6e-8cb0-a3019eb81157,9,12439.90,18,2026-05-29 10:00:00+00:00,APROBADO
1470,42965619-d916-42d6-9301-1da23cdfb761,9,38554.50,12,2026-01-30 15:00:00+00:00,APROBADO
1471,2a335950-5bd4-4061-8ccd-a5332e56d014,9,39758.80,24,2026-03-03 16:00:00+00:00,APROBADO
1472,e61dddcb-bde3-4c91-acd1-b6f842b99c8c,9,3306.47,36,2025-11-12 12:00:00+00:00,APROBADO
1473,5a21d411-0b5a-467f-b282-4533913029dc,9,18582.06,18,2026-03-19 13:00:00+00:00,APROBADO
1474,c9057983-0dbc-487a-995d-c00514c3910c,9,17459.71,12,2025-11-10 17:00:00+00:00,APROBADO
1475,2cbfa975-ab0a-49b0-8de7-2a0747fa7895,9,33469.62,36,2025-12-16 17:00:00+00:00,APROBADO
1476,6ac4f073-3018-4fa7-ae1c-a64c338ad86a,9,35763.48,12,2026-02-08 12:00:00+00:00,APROBADO
1477,0be28db5-d6ea-47c2-b5c2-fadf124198b9,9,18603.09,18,2025-11-21 09:00:00+00:00,APROBADO
1478,2872c054-2682-4fea-a757-935b3d978796,9,34313.22,24,2026-03-25 12:00:00+00:00,APROBADO
1479,d4853d2e-980a-4fa9-8d0b-c749c2b83ed4,9,3450.30,12,2026-05-07 15:00:00+00:00,APROBADO
1480,42d16e72-7b4c-44fd-a180-6de3ccbbc119,9,5042.40,12,2025-12-12 10:00:00+00:00,APROBADO
1481,0c2a791b-9068-471c-b6f5-f47d17168092,9,9852.51,24,2025-11-25 13:00:00+00:00,APROBADO
1482,33f15151-fc41-4434-b041-39eea048ec46,9,8150.47,24,2026-03-16 12:00:00+00:00,APROBADO
1483,2caf2b9b-874d-4566-89fe-cbee87338642,9,3255.45,24,2026-02-01 10:00:00+00:00,APROBADO
1484,68a2d398-5fc7-4b08-a8b9-7d8e90f22128,9,5370.09,18,2025-12-31 11:00:00+00:00,APROBADO
1485,9208ebf5-c64c-443b-a91a-6801700d5527,9,15290.60,18,2026-01-08 13:00:00+00:00,APROBADO
1486,672f3a88-62c2-4c91-9b88-f2b568ad3e63,9,28773.83,36,2026-05-22 15:00:00+00:00,APROBADO
1487,77e04c30-7b5c-4f04-83d5-b274c2a25f52,9,31542.11,36,2025-12-21 14:00:00+00:00,APROBADO
1488,51684b01-5cad-43b2-8e4a-fd232996d23e,9,33861.29,18,2026-05-09 16:00:00+00:00,APROBADO
1489,e9567845-97ad-427d-8e17-78b4e0dfea1b,9,33775.27,24,2025-10-14 10:00:00+00:00,APROBADO
1490,977f10d0-d150-4521-961d-26241276abbc,9,21843.89,36,2025-10-17 09:00:00+00:00,APROBADO
1491,10e52f0a-f984-4ae4-8c72-27b9fa405763,9,29206.45,24,2026-05-30 17:00:00+00:00,APROBADO
1492,c2f8e806-3df8-40d5-aee5-dab50a51a087,9,9277.99,12,2026-01-02 13:00:00+00:00,APROBADO
1493,da8d869c-71fd-419f-8cd4-88791dd1d2e6,9,17619.69,24,2026-03-07 13:00:00+00:00,APROBADO
1494,821e7a08-9017-46e7-9d47-2d7412ef98bc,9,11046.85,12,2026-05-08 17:00:00+00:00,APROBADO
1495,aecae596-ce24-4d3a-9492-b4f2868a8384,9,8594.81,12,2026-06-29 15:00:00+00:00,APROBADO
1496,5756dd0f-bb44-4792-8c68-65332ac6c1ba,9,17025.36,12,2026-02-14 17:00:00+00:00,APROBADO
1497,50975b09-1a61-4893-9ec5-733e97ff2f06,9,7143.88,18,2026-05-28 15:00:00+00:00,APROBADO
1498,85cd6683-8e20-4ab5-a3a2-0ba6076af8a9,9,30099.68,12,2026-01-26 09:00:00+00:00,APROBADO
1499,468ff97e-835d-48ff-be99-6516c4bd5fd9,9,11783.66,36,2026-04-24 16:00:00+00:00,APROBADO
1500,560cb4ca-e8a8-4cb9-93fb-65374c9744f6,9,16319.72,24,2025-11-28 11:00:00+00:00,APROBADO
1501,c53f9c55-a9b9-4f48-b391-21e4cf0eac0d,9,15772.12,18,2026-01-28 15:00:00+00:00,APROBADO
1502,43a5c7f6-f04a-4e1e-93e8-a7cef49e0005,9,33111.23,18,2026-05-16 15:00:00+00:00,APROBADO
1503,edb0fe7a-cc15-4a04-b89f-fc367dc1eb87,9,36960.15,24,2026-05-07 13:00:00+00:00,APROBADO
1504,a0c89501-ae43-4b53-8f3d-58f6dc331b7b,9,11051.51,36,2025-12-09 11:00:00+00:00,APROBADO
1505,533a3331-40ba-4fb3-b716-f3fbe1adf0c5,9,39231.78,36,2025-12-14 16:00:00+00:00,APROBADO
1506,ebfe86dc-94de-44b4-ad12-1851c97d0c5b,9,3737.70,12,2025-12-22 11:00:00+00:00,APROBADO
1507,bc039f5b-d164-4e7e-8a0e-abde9758df67,9,5674.53,12,2025-10-28 15:00:00+00:00,APROBADO
1508,d13f3260-8a32-40ef-8fa6-795fc5367c84,9,3788.60,24,2025-12-26 09:00:00+00:00,APROBADO
1509,d98cb421-38e8-4d49-b705-cec42b1da2e0,9,6853.35,12,2025-10-21 09:00:00+00:00,APROBADO
1510,a59bcd25-2fe2-40ce-be12-c50cd5533c13,9,18362.57,12,2025-10-27 17:00:00+00:00,APROBADO
1511,d2439b71-09eb-4b80-a387-e809cc448a6f,9,33552.06,18,2026-04-05 16:00:00+00:00,APROBADO
1512,fba59a8b-3a7d-446d-b92a-267174171be1,9,25100.54,24,2026-02-18 09:00:00+00:00,APROBADO
1513,f2ba182c-1b59-4a92-94f5-49fa9988a0c2,9,27232.21,18,2025-12-22 13:00:00+00:00,APROBADO
1514,b03d2207-b5ce-48b6-a639-faf38f41277f,9,36963.51,18,2026-06-24 16:00:00+00:00,APROBADO
1515,a4ab7605-a8d0-491e-a604-d87528dac109,9,7510.71,18,2026-04-18 12:00:00+00:00,APROBADO
1516,3767b560-ca69-4f57-b7e0-550919e51baf,9,20285.76,12,2026-03-04 13:00:00+00:00,APROBADO
1517,2b2eacdb-36ba-40fa-a679-d2fbf72e7eb8,9,4613.74,36,2026-03-13 10:00:00+00:00,APROBADO
1518,9350ae77-afeb-4ec4-9fb2-e5c2dc68c06c,9,31336.41,18,2025-11-17 09:00:00+00:00,APROBADO
1519,30c39f02-63d3-43ac-b53e-e3082733a225,9,25583.31,36,2026-02-22 09:00:00+00:00,APROBADO
1520,3d97af1c-ab70-40cd-bb88-e8fbdcd438cb,9,35383.76,24,2025-11-11 11:00:00+00:00,APROBADO
1521,90720181-79f9-4a68-be45-4c22e6966a2a,9,38419.76,18,2026-01-26 14:00:00+00:00,APROBADO
1522,3e8d4781-d92d-4f74-934a-8bb250d700b5,9,36787.63,36,2025-10-24 09:00:00+00:00,APROBADO
1523,11eab609-cc19-44d5-a581-0a2afb796348,9,4363.58,24,2026-03-04 13:00:00+00:00,APROBADO
1524,4cafec1b-abe6-4297-9ab9-7c09ff830ad8,9,36182.17,18,2026-05-07 12:00:00+00:00,APROBADO
1525,e1e02dea-6964-4eb1-9b5a-a4438dc36371,9,30359.12,24,2025-12-12 17:00:00+00:00,APROBADO
1526,c41f1f3a-d0ec-4b38-b58d-9a9fe2e27a5f,9,13154.40,24,2025-11-23 17:00:00+00:00,APROBADO
1527,70914821-8550-4f18-aa84-9b4af29e2d13,9,36832.62,12,2026-06-20 15:00:00+00:00,APROBADO
1528,d4f09694-a64f-4a05-9057-89e8233a407a,9,28014.44,12,2025-11-08 10:00:00+00:00,APROBADO
1529,89e556ce-3316-426d-8ae7-b165f75a9be1,9,32524.83,24,2026-02-16 13:00:00+00:00,APROBADO
1530,d24c570b-589a-49ef-809e-59593576f583,9,16349.85,18,2026-05-01 09:00:00+00:00,APROBADO
1531,6da8d22f-3059-4658-a4ea-79c6e7b59766,9,6414.37,18,2025-11-24 12:00:00+00:00,APROBADO
1532,e8c9694d-7910-4f80-b8d2-d30eb9f03809,9,36425.30,24,2026-05-22 15:00:00+00:00,APROBADO
1533,602e5b73-ee06-4047-941c-d2b6d1cdd01b,9,36702.44,36,2026-01-11 10:00:00+00:00,APROBADO
1534,c215a210-a225-4b57-8371-a3323e9a9333,9,15433.33,36,2026-02-12 12:00:00+00:00,APROBADO
1535,8f237f44-c578-4697-848f-e8d873c5eaad,9,29941.35,36,2026-03-31 09:00:00+00:00,APROBADO
1536,f89d75f6-de3f-4952-b68c-55b3c254d792,9,6176.35,36,2026-03-19 14:00:00+00:00,APROBADO
1537,80aad643-a1a2-49d5-8226-e7e00ea70517,9,24530.69,12,2025-11-21 17:00:00+00:00,APROBADO
1538,7f055139-4fbc-4429-a7e9-17c978e4cdd8,9,13849.24,18,2025-10-30 17:00:00+00:00,APROBADO
1539,6859958b-4f93-4054-a10a-935c86430539,9,6639.96,24,2026-02-19 12:00:00+00:00,APROBADO
1540,cb10de5d-e5f1-41ea-b847-c617d047cad1,9,32328.10,18,2026-05-17 15:00:00+00:00,APROBADO
1541,714ee192-6b29-4b02-a494-499286e1e350,9,39129.61,24,2026-05-08 13:00:00+00:00,APROBADO
1542,eac8deb2-277a-491c-aa21-c7dad94ade55,9,11372.41,12,2026-01-19 17:00:00+00:00,APROBADO
1543,591a8edb-ec0b-48ba-a19c-14f79cb68d8e,9,15245.92,18,2025-10-30 09:00:00+00:00,APROBADO
1544,2dad1eff-71c6-4ee7-9519-3b93987af33e,9,36775.41,18,2026-02-20 16:00:00+00:00,APROBADO
1545,64d06ec4-f1e4-45f7-bf04-846f0abee1f5,9,33297.00,24,2026-06-02 15:00:00+00:00,APROBADO
1546,23bcea9a-6caa-465d-9c41-83d7d54d6ceb,9,35676.34,12,2026-01-02 15:00:00+00:00,APROBADO
1547,b9f2baf8-94c3-44c3-bd02-3e6cdd4a8e74,9,25157.69,12,2026-06-24 14:00:00+00:00,APROBADO
1548,083ba6b1-6c44-4e86-a9c8-f98048cdea22,9,31725.92,12,2025-12-15 10:00:00+00:00,APROBADO
1549,1f8f90ac-904b-41c1-ac6b-3a7e2e04c9d8,9,10285.19,24,2026-03-14 12:00:00+00:00,APROBADO
1550,e5a5ed36-4e9f-4bc6-b539-7010aa5cfedb,9,22889.93,24,2025-10-21 09:00:00+00:00,APROBADO
1551,33d6b21e-4c87-4189-afa0-a71ef6e81af7,9,31227.05,18,2026-03-09 10:00:00+00:00,APROBADO
1552,2b33b587-56e2-4d99-aa0c-8b90a28a208a,9,31880.32,12,2026-04-18 15:00:00+00:00,APROBADO
1553,b9d5d3a7-b5d5-4030-9807-71591fab97a7,9,7342.01,24,2025-11-16 12:00:00+00:00,APROBADO
1554,052d8e4a-6879-421b-a858-927db652cd2c,9,5346.34,24,2026-06-15 13:00:00+00:00,APROBADO
1555,936c8327-f98f-4f17-a5cc-ac8f7155ae5e,9,13726.12,24,2026-05-30 12:00:00+00:00,APROBADO
1556,5d96d7be-d8ca-49f5-b1b6-c0e1d315b5ab,9,10095.32,12,2026-03-11 15:00:00+00:00,APROBADO
1557,5ad03770-1707-4d3d-abd3-83a6b435c22c,9,28420.85,24,2026-06-24 09:00:00+00:00,APROBADO
1558,a10c8b04-f871-4499-bf61-7f731b26f00c,9,26556.69,12,2025-11-03 10:00:00+00:00,APROBADO
1559,f47fdfbe-6fa3-4b0b-9b6e-436e9e22c0af,9,33233.99,12,2026-03-07 10:00:00+00:00,APROBADO
1560,ea04ffb4-7b3a-41c1-99c8-1eeddc9ada1c,9,19051.36,12,2025-10-11 13:00:00+00:00,APROBADO
1561,f1e3a266-4308-4af1-aad4-4caf3683aba8,9,16110.11,12,2026-04-11 10:00:00+00:00,APROBADO
1562,7eca1f8c-a1d8-41cb-9a67-61671a53f7d8,9,37884.84,18,2026-04-23 15:00:00+00:00,APROBADO
1563,bcda4ed3-657b-4f67-be48-41b8f6b270bb,9,33528.22,24,2025-11-22 12:00:00+00:00,APROBADO
1564,4ae4f567-8127-41b9-ba69-0f176ab819a3,9,6168.15,18,2026-06-24 10:00:00+00:00,APROBADO
1565,2cc1d79e-cbe2-4d05-8aff-5a0475159a6c,9,25658.37,36,2026-03-16 16:00:00+00:00,APROBADO
1566,63aa1329-2c65-4f9c-bea5-0e9b127497fa,9,24842.43,12,2026-05-13 14:00:00+00:00,APROBADO
1567,5bd97ddc-0835-4951-9940-d8daed8dacb5,9,36564.31,12,2026-02-07 11:00:00+00:00,APROBADO
1568,03173a61-a8c2-4bdc-85de-95cebfd9ad94,9,9543.32,18,2026-05-18 14:00:00+00:00,APROBADO
1569,96dfa341-d9e0-49a8-afec-35db350f9eda,9,29470.71,18,2026-03-07 13:00:00+00:00,APROBADO
1570,63202615-92b3-4a38-bb10-36e9bc612e6b,9,37193.63,18,2025-11-29 14:00:00+00:00,APROBADO
1571,af5fc3c1-fd4c-4665-89cc-f281a014fe55,9,39993.73,18,2026-03-15 09:00:00+00:00,APROBADO
1572,cb57d0c0-c1db-4b4c-b2f8-78a26f1e15e2,9,32756.74,12,2026-04-27 17:00:00+00:00,APROBADO
1573,39512a03-02bc-4e49-9ff6-402e03c83282,9,27101.35,24,2026-02-02 14:00:00+00:00,APROBADO
1574,6f315833-ae1f-4613-a1f4-7b4530a00c52,9,35082.22,24,2026-05-10 16:00:00+00:00,APROBADO
1575,bae28eec-de4a-445e-9d39-c3f8eb6d534c,9,39833.11,36,2025-11-29 09:00:00+00:00,APROBADO
1576,776c2353-0013-4778-bc63-378771cc1580,9,9895.08,24,2026-03-30 12:00:00+00:00,APROBADO
1577,8c9ceea4-6624-406a-b8f8-b05a597e70c5,9,34538.07,36,2026-05-11 15:00:00+00:00,APROBADO
1578,6c463bb5-ed90-4b99-86af-65e33b912a21,9,38875.56,24,2025-10-24 16:00:00+00:00,APROBADO
1579,eef63f2d-bf0f-45ed-be95-bfbf4d17a96a,9,15896.24,12,2026-02-19 10:00:00+00:00,APROBADO
1580,ee7f73fc-f1df-41fd-aa26-925bbd2af31c,9,33890.96,18,2026-06-09 17:00:00+00:00,APROBADO
1581,1ea23660-2cdd-4f8a-bad6-e28f541974f5,9,12358.31,18,2026-03-02 15:00:00+00:00,APROBADO
1582,c15780c6-e001-4c12-969c-253842238762,9,25314.56,36,2025-10-16 10:00:00+00:00,APROBADO
1583,87ddfba1-39fa-46ec-86d4-f565821f8e38,9,36415.78,12,2026-03-02 11:00:00+00:00,APROBADO
1584,3cac7bfb-e883-4fef-abe6-c8e701a2bee6,9,6911.18,24,2025-12-17 14:00:00+00:00,APROBADO
1585,5a66077a-4aa1-4fdf-a05d-66a308bef5c5,9,34417.89,12,2026-02-14 11:00:00+00:00,APROBADO
1586,4a084deb-b513-41dc-92d7-ed7c3b97796c,9,23198.17,18,2026-05-14 13:00:00+00:00,APROBADO
1587,e5631871-f327-4d33-bbd2-484463b9209f,9,30379.45,12,2026-02-27 09:00:00+00:00,APROBADO
1588,53f56b64-8014-4876-86f1-05c3e801d857,9,11806.11,24,2026-06-07 09:00:00+00:00,APROBADO
1589,ec5e5775-056a-4e3f-b6a3-5837b39172a5,9,26181.14,36,2026-03-20 15:00:00+00:00,APROBADO
1590,1a6a6ecf-f4d1-4ae7-a024-5310d1aa150f,9,24294.08,12,2026-02-08 13:00:00+00:00,APROBADO
1591,0766f90f-71b6-4694-bc3a-facced7b6933,9,12751.17,18,2025-10-15 17:00:00+00:00,APROBADO
1592,81d23dc6-f6da-45e5-a842-0f98883add1d,9,37362.40,12,2026-02-05 15:00:00+00:00,APROBADO
1593,ecb30763-5e78-4449-a488-f20b5288b561,9,8076.63,12,2026-01-06 14:00:00+00:00,APROBADO
1594,150ba9a1-188a-4123-aba5-056e67fc19e0,9,8133.25,12,2026-02-11 16:00:00+00:00,APROBADO
1595,d162ca45-89c7-46f6-868a-cf34c0178872,9,9043.27,24,2026-03-03 10:00:00+00:00,APROBADO
1596,6f20692b-a900-4403-9c40-92d99d635f8d,9,21867.19,12,2026-02-03 09:00:00+00:00,APROBADO
1597,a52fc2d5-1196-46d2-b539-b13a9394747d,9,18986.27,12,2026-06-13 16:00:00+00:00,APROBADO
1598,8c893f2d-eb57-45a0-bb46-d2f942f6ba80,9,3133.76,36,2025-12-06 09:00:00+00:00,APROBADO
1599,7ae6aa5b-6b76-4b56-903b-3b05dc7843a5,9,18281.84,12,2026-04-24 10:00:00+00:00,APROBADO
1600,a6c4efe1-8e03-4a35-8d01-b5042e5b9e69,9,34589.64,18,2026-05-06 15:00:00+00:00,APROBADO
1601,4bd9f719-4a4a-40a2-b530-5da1563bc5f6,9,22311.59,18,2026-05-08 16:00:00+00:00,APROBADO
1602,e0e47f72-f8a4-43ac-bfc0-6e2873d4f00c,9,21599.48,18,2026-03-09 11:00:00+00:00,APROBADO
1603,0e77471d-bb54-425e-b68b-76e85c47c734,9,8253.74,36,2026-01-06 12:00:00+00:00,APROBADO
1604,cd26b999-d2c3-4861-92e8-c641b9769f76,9,20802.85,12,2026-04-26 11:00:00+00:00,APROBADO
1605,9eff6b4a-3a47-4c76-82cb-14b2bdda0ad4,9,20369.84,12,2026-02-11 14:00:00+00:00,APROBADO
1606,28122113-faed-4996-b3b5-64caf0d0a744,9,12091.11,24,2026-04-15 16:00:00+00:00,APROBADO
1607,dab0b53d-b103-492a-91f9-8d8553651905,9,19558.70,18,2026-02-02 13:00:00+00:00,APROBADO
1608,f55b7b82-203c-4ac1-b0dc-dfc426cf5d55,9,30136.53,24,2026-02-18 13:00:00+00:00,APROBADO
1609,ca6ae381-d882-4b5f-acea-ceda193a315e,9,8044.66,24,2025-11-08 11:00:00+00:00,APROBADO
1610,52a1220f-cf6f-43f9-8a7f-b15d1d75edc9,9,36972.88,18,2025-11-10 11:00:00+00:00,APROBADO
1611,a91c8b71-620c-4a88-b285-113e7ebeaba1,9,37511.37,12,2026-05-26 10:00:00+00:00,APROBADO
1612,b2d7a09e-e78d-401b-afe1-bb13f760d9c2,9,17485.58,12,2025-10-16 14:00:00+00:00,APROBADO
1613,7edf1c92-5da4-45b5-8a93-b03120d55223,9,13610.40,18,2026-03-19 11:00:00+00:00,APROBADO
1614,ed9170a8-dbe8-4e8f-bf49-54cda4e5e294,9,33241.00,24,2025-11-23 09:00:00+00:00,APROBADO
1615,1ad172ff-f93d-4360-8884-869c30f3d186,9,9229.15,36,2026-01-07 13:00:00+00:00,APROBADO
1616,2308f9af-877f-4293-ba4b-2ea672c38f43,9,31201.00,18,2025-11-16 12:00:00+00:00,APROBADO
1617,678b5f4d-7f30-43a9-96b8-65379fc5cbc6,9,39470.73,12,2026-01-14 14:00:00+00:00,APROBADO
1618,760e4a65-5233-4218-abf2-de1adaf0cf45,9,6827.85,18,2025-11-05 15:00:00+00:00,APROBADO
1619,d0b738d8-0bca-445c-8377-817eeb4757c9,9,39754.47,18,2026-03-09 10:00:00+00:00,APROBADO
1620,fb067ed8-df19-4508-b16a-b2d24486aac9,9,38976.83,18,2025-10-19 10:00:00+00:00,APROBADO
1621,f365e9ea-8b6f-4c89-af0b-d3039e79305b,9,23965.24,12,2025-11-22 11:00:00+00:00,APROBADO
1622,0b5611b3-3656-4a47-aff8-303a6a550f9f,9,11977.76,12,2025-10-11 12:00:00+00:00,APROBADO
1623,28c77af8-916d-4ddb-91f6-c754aae33c69,9,19892.89,24,2026-03-09 10:00:00+00:00,APROBADO
1624,d2a73827-fe80-4ca6-99f9-c1fa2fab1649,9,32805.20,12,2026-03-04 17:00:00+00:00,APROBADO
1625,0f7cd54d-1f72-4af6-a2fc-24c72a1da961,9,23767.52,24,2026-02-04 09:00:00+00:00,APROBADO
1626,9089f5f4-ea0a-4d9a-af90-1bc059f5ee3f,9,23410.77,24,2026-02-28 17:00:00+00:00,APROBADO
1627,53f479f5-d425-4314-af72-ccf9ed237790,9,36916.79,18,2026-04-30 09:00:00+00:00,APROBADO
1628,63ac4643-dc3b-491a-917d-c5e5a829cf80,9,24988.40,24,2025-12-04 14:00:00+00:00,APROBADO
1629,ead194b4-dd94-4c09-9482-e5a41697092b,9,11907.83,18,2026-06-23 13:00:00+00:00,APROBADO
1630,1ab620cc-df52-4c5e-9d76-2fd509a50950,9,38850.48,12,2026-06-26 09:00:00+00:00,APROBADO
1631,444ecf06-3589-4880-9a2a-e02e98a1e122,9,31268.44,24,2025-12-28 11:00:00+00:00,APROBADO
1632,2740389f-04ae-451c-89c1-38f0dd444123,9,7987.59,12,2026-06-04 09:00:00+00:00,APROBADO
1633,b87dab27-5c24-4f27-a357-6e09cc71555e,9,25109.43,24,2026-03-15 11:00:00+00:00,APROBADO
1634,69080a20-9813-467e-a1c3-7bfd2e890223,9,33013.54,36,2026-05-09 11:00:00+00:00,APROBADO
1635,890bf023-d8f2-46bc-9559-42a0352abe1d,9,22772.79,18,2025-10-06 12:00:00+00:00,APROBADO
1636,91db46b9-b208-48a3-9878-95f0cd27f545,9,26459.92,12,2025-10-08 14:00:00+00:00,APROBADO
1637,d9f21752-004a-4b1d-a0d7-de2345543453,9,16759.30,18,2025-10-14 13:00:00+00:00,APROBADO
1638,52581189-4ee6-4a12-b3bc-f96628f29f1b,9,23918.24,18,2025-11-15 12:00:00+00:00,APROBADO
1639,e1b577f8-430c-415d-b398-a57cb425a045,9,17143.24,36,2026-04-10 11:00:00+00:00,APROBADO
1640,985d93a6-a18c-4566-b87e-8ce7d4e89261,9,22388.34,36,2026-01-16 12:00:00+00:00,APROBADO
1641,078036ad-ee15-418c-8723-a805f7e9d35d,9,37063.77,36,2026-01-12 12:00:00+00:00,APROBADO
1642,9814fbdc-6230-45e5-9364-c75450d2d486,9,33827.49,12,2026-01-06 09:00:00+00:00,APROBADO
1643,db74ca22-2b92-42e3-9431-06764df7ca76,9,14853.92,12,2025-11-11 12:00:00+00:00,APROBADO
1644,a07c946f-be62-4261-9a0c-c0e449ce4239,9,24616.50,18,2026-05-13 09:00:00+00:00,APROBADO
1645,ab6bfe3f-cbb3-4ace-8660-522b76713016,9,4807.04,36,2026-02-12 09:00:00+00:00,APROBADO
1646,e4376d87-2db8-40d7-a972-5223f2ca61b8,9,16189.07,24,2026-03-01 13:00:00+00:00,APROBADO
1647,636ea701-b614-4ff2-9235-5366d5519290,9,27805.31,12,2026-03-22 16:00:00+00:00,APROBADO
1648,de0e1d99-8194-4bd7-9f02-91e77ebefa59,9,3435.92,24,2026-05-03 14:00:00+00:00,APROBADO
1649,0153bd0c-c964-4f7c-82e9-9f9d713e34d2,9,35038.26,12,2026-06-22 13:00:00+00:00,APROBADO
1650,0c873ccc-85c0-4941-889f-a9a75adcc550,9,30148.56,18,2025-10-10 11:00:00+00:00,APROBADO
1651,6e39905c-acd5-4156-951d-219c736d42db,9,10722.41,36,2026-04-19 11:00:00+00:00,APROBADO
1652,953ddccb-31aa-4c17-9a69-8326aeee1668,9,7499.84,12,2026-06-10 11:00:00+00:00,APROBADO
1653,a8c74cd1-8d0a-41e5-9ec9-e417566d70a0,9,31280.16,12,2026-03-31 10:00:00+00:00,APROBADO
1654,a429c9c8-3205-494d-94b2-6750b2320434,9,39289.11,12,2025-12-15 17:00:00+00:00,APROBADO
1655,316c06fa-c24f-4a91-8844-f4d637853485,9,16205.10,18,2026-06-30 10:00:00+00:00,APROBADO
1656,e6fe6eb8-4392-4552-95af-46dd803637e0,9,38928.49,24,2026-04-11 13:00:00+00:00,APROBADO
1657,5b9cdca6-7e28-4b16-898b-805b6c575415,9,22158.86,18,2025-11-20 09:00:00+00:00,APROBADO
1658,8a0d1dbe-9a0b-4cf6-b8b0-935b764452c9,9,9192.55,36,2026-05-07 12:00:00+00:00,APROBADO
1659,750da3d2-aca8-4766-96a2-80e386ec8d97,9,7187.20,36,2026-05-15 09:00:00+00:00,APROBADO
1660,da28baf6-f06e-4887-856f-1585e0891032,9,22495.20,18,2026-04-11 15:00:00+00:00,APROBADO
1661,e9d45bdf-248d-4ae5-83f2-1bd34fba0229,9,11403.24,12,2026-03-19 09:00:00+00:00,APROBADO
1662,8f9484a9-0494-4957-906d-f76176a29afb,9,32116.15,18,2026-05-31 11:00:00+00:00,APROBADO
1663,16860760-6f64-48f5-8303-fd319b8662fb,9,37034.82,24,2025-11-06 17:00:00+00:00,APROBADO
1664,e6de48e1-7b59-4687-9191-94a8f473745c,9,17042.95,18,2025-10-28 16:00:00+00:00,APROBADO
1665,b6cf60d4-174c-4f85-a876-a6ae00aed3ce,9,9032.23,24,2026-05-25 17:00:00+00:00,APROBADO
1666,c4a1fe25-3a64-4ac4-8a80-98b398267ac9,9,9830.89,18,2025-12-23 15:00:00+00:00,APROBADO
1667,e2701f08-1625-4b53-8f8f-c037141d8d71,9,16336.07,12,2025-12-24 17:00:00+00:00,APROBADO
1668,17b54a12-87a4-4fb2-8acd-e141b3679446,9,28728.79,18,2026-06-13 13:00:00+00:00,APROBADO
1669,0b594e1c-4eb7-4afb-86e2-6a53530e6fb2,9,9726.37,18,2026-06-26 14:00:00+00:00,APROBADO
1670,963f47ba-40eb-4c2f-928b-103804f73021,9,23013.24,18,2025-11-09 11:00:00+00:00,APROBADO
1671,0970621f-d566-4c43-93f4-fb77cdf0ca1e,9,32188.93,12,2025-11-14 17:00:00+00:00,APROBADO
1672,c1bf7cab-7f26-4dc1-8b6a-aeee0f502876,9,5128.27,24,2026-04-03 12:00:00+00:00,APROBADO
1673,b7c17f8d-3c34-4176-8545-f6561767bce0,9,7566.16,24,2025-10-07 15:00:00+00:00,APROBADO
1674,f4d36052-8b35-461f-a0b7-233c45f87d8d,9,22574.89,24,2026-02-02 12:00:00+00:00,APROBADO
1675,6ded52aa-0f80-4cd1-9f25-602bdc35ee4f,9,30907.41,12,2026-03-22 14:00:00+00:00,APROBADO
1676,1904b3dc-d259-4fcc-a45d-3b74c86905fc,9,29999.58,24,2025-11-15 11:00:00+00:00,APROBADO
1677,7038f48f-956b-424f-b30f-b7375f7eaa14,9,19159.97,36,2026-03-14 16:00:00+00:00,APROBADO
1678,34d3a1c1-9dfd-4eaf-bf67-25600dfcd88c,9,28490.23,24,2026-06-09 17:00:00+00:00,APROBADO
1679,a76fa162-f983-41dc-9373-9966e42dd95a,9,23270.73,24,2026-06-24 17:00:00+00:00,APROBADO
1680,4e32705a-a2f0-49eb-9316-45f8b1ac4bc5,9,25762.44,12,2026-04-20 16:00:00+00:00,APROBADO
1681,21a584a9-d283-4a15-9549-0cf349460fbd,9,28733.31,18,2025-12-16 10:00:00+00:00,APROBADO
1682,57c29732-a242-47f2-be15-345d7b3dc555,9,22985.14,24,2026-01-06 11:00:00+00:00,APROBADO
1683,f5b95f14-d5f5-45c7-a656-c85cdc22b11c,9,6720.32,18,2026-06-20 14:00:00+00:00,APROBADO
1684,3741e4d9-54e7-436c-bd67-68516f8d0fd1,9,22354.83,12,2025-10-01 12:00:00+00:00,APROBADO
1685,e6390d38-d091-4bf1-8d4d-2f72e4abe635,9,30596.08,24,2025-10-16 15:00:00+00:00,APROBADO
1686,f8d4fab5-5d0c-4279-81ae-1e52de0a8530,9,6191.26,36,2026-03-22 15:00:00+00:00,APROBADO
1687,6ec5cd47-b4b5-4e9a-af52-1ccefb946b2d,9,12386.78,12,2026-06-09 14:00:00+00:00,APROBADO
1688,fb330588-a2f7-4aa6-9f5b-89ddadfe56d7,9,5158.07,12,2025-12-11 16:00:00+00:00,APROBADO
1689,214c513d-e20d-4365-8c1d-f5da381a90b9,9,24116.51,12,2026-05-16 17:00:00+00:00,APROBADO
1690,1d87df64-6717-45c1-bcf3-1020a14c6738,9,12883.94,24,2025-11-14 14:00:00+00:00,APROBADO
1691,0193f735-c379-42d2-9049-a9fa74e0da0a,9,22490.94,36,2025-10-23 16:00:00+00:00,APROBADO
1692,80ee4b1d-da33-4f42-a330-c8af2983cedd,9,15935.68,12,2025-11-22 17:00:00+00:00,APROBADO
1693,799d7bfb-869d-43c0-a6ba-7d783e08641d,9,32868.31,18,2025-12-09 11:00:00+00:00,APROBADO
1694,d214aa9d-ab2b-45d8-8fb8-720596123bc7,9,33061.07,24,2025-12-13 14:00:00+00:00,APROBADO
1695,6ad94eb2-f518-45ad-86a8-fc13d17867a4,9,22553.29,18,2025-12-24 15:00:00+00:00,APROBADO
1696,ee4bad2c-8b32-464d-babd-b59f911b4812,9,36195.66,12,2026-01-20 17:00:00+00:00,APROBADO
1697,d4ba20c4-f389-45c4-88b4-d452543c5292,9,20627.77,12,2025-12-07 16:00:00+00:00,APROBADO
1698,f6479116-3ad6-44f9-a796-581db1848a42,9,30536.75,36,2026-04-24 11:00:00+00:00,APROBADO
1699,de22e8a3-c6c5-4da6-96bf-1077fbbf0f3b,9,5762.74,24,2025-10-31 12:00:00+00:00,APROBADO
1700,a90d3e26-0bee-466a-8963-4721d42d2a4d,9,34388.69,18,2026-05-24 10:00:00+00:00,APROBADO
1701,18bcba07-29d3-4d01-b22d-bf3b0aa1e503,9,29252.39,12,2026-01-11 17:00:00+00:00,APROBADO
1702,336b32b5-e48b-4e1f-82b7-dd58c7ca2ade,9,31965.39,18,2026-06-29 09:00:00+00:00,APROBADO
1703,3f86670c-81fc-447f-80f1-7ba2fdc3ca17,9,26485.26,36,2026-05-25 17:00:00+00:00,APROBADO
1704,fc9d18e3-9d0e-48d0-ab3f-b2723d8f7d5f,9,39790.16,24,2026-01-09 11:00:00+00:00,APROBADO
1705,bb98e3b2-834a-4ac0-8995-029c1d4e78c4,9,14491.39,12,2026-03-28 14:00:00+00:00,APROBADO
1706,1d86ef14-77a4-403a-9e9b-ad09267a5083,9,11986.32,12,2026-05-22 13:00:00+00:00,APROBADO
1707,e2f396fb-5a23-4096-b880-5fb5f102a1c8,9,37316.22,24,2025-10-15 17:00:00+00:00,APROBADO
1708,bc00766a-bc87-4ff3-b10c-dce67b9e4bf0,9,37919.49,24,2026-05-17 09:00:00+00:00,APROBADO
1709,40bee269-ceab-4003-965a-af60f4da3dd0,9,18264.00,24,2025-10-23 10:00:00+00:00,APROBADO
1710,cd5af554-2614-4600-8808-ea175fab952d,9,5376.85,12,2026-01-05 14:00:00+00:00,APROBADO
1711,ea0aafd5-8211-4990-ac01-91c410ec4c70,9,37776.07,12,2026-03-25 14:00:00+00:00,APROBADO
1712,0c4dfa3e-8e8c-4cd0-8de7-6599f5ef3c0d,9,34041.25,12,2026-04-05 17:00:00+00:00,APROBADO
1713,9ca79c96-0e80-47f0-b5b4-1f94ea083564,9,16898.83,36,2026-01-24 17:00:00+00:00,APROBADO
1714,bb4976f2-5ff2-4955-98a2-ddf61094e047,9,15671.67,36,2026-06-18 14:00:00+00:00,APROBADO
1715,337f79c0-1ee6-4490-8680-1f1b62ca63c3,9,25712.80,24,2025-10-27 16:00:00+00:00,APROBADO
1716,6e599abf-e003-4e75-b8d8-60040ab9e0a2,9,38496.36,24,2025-10-04 10:00:00+00:00,APROBADO
1717,8f255340-1e6f-4a55-abfc-fce6e3fb67ce,9,20576.69,12,2026-02-26 13:00:00+00:00,APROBADO
1718,e3f90090-9393-47bc-8ef3-be9b27e8a01d,9,26049.47,12,2025-11-21 14:00:00+00:00,APROBADO
1719,b7698c1b-17dd-41f5-9ae1-81913775eb55,9,20197.29,12,2025-11-28 09:00:00+00:00,APROBADO
1720,aa2d8b4e-20f3-4311-b5a3-a8efa132c4b3,9,18390.65,12,2026-04-30 13:00:00+00:00,APROBADO
1721,22d03a32-4377-4a4f-a43e-66eb3b090ad9,9,4593.98,24,2026-04-16 09:00:00+00:00,APROBADO
1722,f780706c-16fd-44e2-afa1-d3781ddfd9e8,9,29151.39,36,2026-02-04 11:00:00+00:00,APROBADO
1723,7cef1169-1951-4761-a333-28bfd3bfb97d,9,3847.02,24,2026-02-21 13:00:00+00:00,APROBADO
1724,91b364ef-5e39-49da-af6d-c1e5085a54a4,9,5528.93,36,2026-01-12 10:00:00+00:00,APROBADO
1725,379c93f5-dafd-463b-8a04-849241db00e6,9,29074.27,24,2026-06-30 10:00:00+00:00,APROBADO
1726,81f69628-0ade-4a91-abda-3e636ddf23d6,9,22913.95,36,2025-11-11 10:00:00+00:00,APROBADO
1727,dafb10f8-a1fb-48d8-b44e-66c8f9059d3b,9,28593.26,12,2025-10-29 17:00:00+00:00,APROBADO
1728,25aeb20e-e0b2-43bf-a344-7d58834e36cf,9,4408.94,24,2026-05-10 09:00:00+00:00,APROBADO
1729,38401a32-f891-46a9-bf71-9dc1ff72e77f,9,36820.51,18,2026-06-26 13:00:00+00:00,APROBADO
1730,bf886e79-2e23-4650-a6b6-ce3da2667a21,9,39812.36,12,2026-04-13 13:00:00+00:00,APROBADO
1731,75d1f62a-96c8-4ae5-bb2b-cafb0ee336f3,9,28484.54,24,2026-01-27 10:00:00+00:00,APROBADO
1732,2dcbe15b-94fc-4de9-a84a-dd9e429fdef8,9,27085.77,12,2026-03-31 10:00:00+00:00,APROBADO
1733,5108558a-5fed-4a88-bed9-d40ee93fb019,9,35690.70,12,2026-06-15 10:00:00+00:00,APROBADO
1734,531ee71a-3c9b-4541-832e-7877a9ae7e86,9,31285.82,36,2025-12-27 12:00:00+00:00,APROBADO
1735,44051544-0ad4-4552-97ae-199097cf6f06,9,36582.92,24,2026-01-30 11:00:00+00:00,APROBADO
1736,a4a02540-8163-43a1-942a-4cf34d2e2c0f,9,26169.74,18,2026-04-07 15:00:00+00:00,APROBADO
1737,6ae45d4e-548d-4f95-ac48-ade329988dd1,9,5483.02,18,2026-06-07 15:00:00+00:00,APROBADO
1738,bf2146b4-cfff-472c-86a6-b15ccb44572c,9,28397.73,24,2026-04-26 09:00:00+00:00,APROBADO
1739,4a3358a7-3ee9-4916-aa07-b5f73480b105,9,25630.43,18,2026-06-20 10:00:00+00:00,APROBADO
1740,7f9a7d2e-f337-4ab2-b18c-272b51b5aa8d,9,14908.06,18,2025-11-17 14:00:00+00:00,APROBADO
1741,01442bd0-6f71-46fb-9e38-59cc92dc59ca,9,9344.29,12,2026-02-11 09:00:00+00:00,APROBADO
1742,0ae7bf81-6243-4618-a49f-5cb03e803034,9,35099.11,24,2025-12-10 10:00:00+00:00,APROBADO
1743,6b3c72a5-49d1-4fdc-a253-5e8af7de0d66,9,11547.41,36,2025-10-08 15:00:00+00:00,APROBADO
1744,3c072cd6-ad07-4836-a73e-7e3a0fbaa40e,9,22430.99,12,2025-11-06 13:00:00+00:00,APROBADO
1745,f924d936-d85a-42dc-8d28-4b9f09af869d,9,27164.72,18,2025-12-23 14:00:00+00:00,APROBADO
1746,e441baba-5ef9-44c6-8ace-bb91ca44d295,9,4455.59,18,2025-12-23 12:00:00+00:00,APROBADO
1747,bca2fa1a-1886-4320-98b0-12e7eccf6995,9,20328.92,18,2026-03-28 12:00:00+00:00,APROBADO
1748,7affff80-b020-4636-a360-a74d4bd9c960,9,3077.27,24,2025-10-18 14:00:00+00:00,APROBADO
1749,363d9e48-519e-4633-8145-829df3e34788,9,7495.52,18,2025-10-04 09:00:00+00:00,APROBADO
1750,2e4383e3-1574-4e1f-a47b-3fb16da1e109,9,27981.78,24,2026-01-07 10:00:00+00:00,APROBADO
1751,e0538357-e62a-4237-b05a-1f6f1a9778e2,9,22694.28,36,2025-11-15 09:00:00+00:00,APROBADO
1752,d4a3f4be-d6ee-4e6d-bd37-46e8b6cf6c5d,9,21114.53,36,2026-06-23 11:00:00+00:00,APROBADO
1753,6ea38ceb-4c7b-4c86-b726-b1f3caf52d67,9,7763.65,24,2026-02-10 09:00:00+00:00,APROBADO
1754,f0d646b7-ebb9-4afa-9fc0-5b2fc9dbc536,9,22597.14,24,2026-03-04 10:00:00+00:00,APROBADO
1755,6fd4f1bd-43a8-4009-931f-73042c1e46ea,9,30868.33,12,2025-12-27 15:00:00+00:00,APROBADO
1756,0f781259-38c1-4980-bcfd-e0d58652ba44,9,17887.29,36,2025-12-22 15:00:00+00:00,APROBADO
1757,1ed70b1e-87e9-4fd5-abd6-765b93c53707,9,7465.46,36,2025-12-20 15:00:00+00:00,APROBADO
1758,4ddc9d2f-1f23-4efe-b695-6f19c8e05275,9,28366.83,36,2026-05-25 09:00:00+00:00,APROBADO
1759,52c23f6e-bb1a-42e2-8e94-80f6e8ca28b1,9,15422.36,24,2025-10-04 16:00:00+00:00,APROBADO
1760,a1e36ecb-dfe8-418a-a21e-f31c027e463a,9,17565.95,24,2025-12-15 15:00:00+00:00,APROBADO
1761,864f3c3b-7b76-4296-b969-82551958e9f2,9,39543.71,18,2025-11-16 11:00:00+00:00,APROBADO
1762,f43c93c6-d9ec-45f2-9d7d-90b18d9b18e1,9,30003.61,18,2025-10-02 12:00:00+00:00,APROBADO
1763,87b408c4-07ed-41eb-af8d-b6dba1e5f2d6,9,20191.57,24,2026-03-06 14:00:00+00:00,APROBADO
1764,a3139d59-31b3-4cdf-8e55-11be4842e8fb,9,21819.62,12,2025-11-02 10:00:00+00:00,APROBADO
1765,8c404ec2-f4dd-45b8-b066-dead316e8315,9,30985.11,24,2026-05-28 13:00:00+00:00,APROBADO
1766,eb1e6bac-5ecc-4bf7-966f-199e1968e302,9,19762.36,12,2026-04-11 11:00:00+00:00,APROBADO
1767,73ae7758-de08-46f5-b173-78c6da58dd88,9,6760.78,18,2026-06-22 10:00:00+00:00,APROBADO
1768,ce5617c0-82fd-4853-9e8c-e47ee6a7d81a,9,23055.05,18,2026-05-23 17:00:00+00:00,APROBADO
1769,49dbc8d4-1129-4245-926d-e14c8c36c3dd,9,26318.90,36,2026-02-18 10:00:00+00:00,APROBADO
1770,a69173f2-e672-4034-96b7-84559005fe76,9,35424.94,24,2025-11-11 13:00:00+00:00,APROBADO
1771,a6f5d898-c92f-43ad-8e6a-ff2dbd8fd008,9,37027.11,36,2025-10-03 16:00:00+00:00,APROBADO
1772,bd8d740b-c175-43fc-95a3-0da02cd90cca,9,4826.74,18,2025-12-12 11:00:00+00:00,APROBADO
1773,5ad55f62-265f-42c6-9b0d-45a30d7a6285,9,33005.61,18,2025-11-14 13:00:00+00:00,APROBADO
1774,8ed821d6-bc15-401b-b270-c6d3bc5a5b76,9,28857.76,12,2025-11-10 11:00:00+00:00,APROBADO
1775,140c00bd-0e47-4ada-9f71-b58226b016fd,9,4125.91,12,2026-04-14 15:00:00+00:00,APROBADO
1776,fb9fe23a-f5d6-4eec-8067-e2f60d789f17,9,26920.32,12,2025-11-11 10:00:00+00:00,APROBADO
1777,ae1a70c7-837a-4a9e-9049-e9f75c84f5e6,9,29493.61,12,2026-06-10 14:00:00+00:00,APROBADO
1778,7019f1fa-b5b0-46d8-ae9e-8faccd5df484,9,17577.91,36,2025-10-14 17:00:00+00:00,APROBADO
1779,7035adb7-3a44-40dc-b5d4-d011c57fcad7,9,3854.86,24,2025-10-09 12:00:00+00:00,APROBADO
1780,6104e45f-5fbc-4a66-b71f-289716bf856b,9,18835.00,12,2026-06-01 17:00:00+00:00,APROBADO
1781,0129768c-3f59-4452-92a6-d4b2183a16a3,9,12850.41,24,2025-12-30 13:00:00+00:00,APROBADO
1782,0bc83d73-1091-4bdc-8d5e-f63d97e2d04d,9,21272.73,12,2025-10-18 09:00:00+00:00,APROBADO
1783,8a6d3dd2-af3e-4e88-9958-8a59befbd37c,9,32425.03,24,2025-12-20 09:00:00+00:00,APROBADO
1784,64c41bf4-ea6c-4975-b6eb-8b635955690f,9,5854.68,24,2026-04-30 11:00:00+00:00,APROBADO
1785,b8273cd1-6dad-4410-bb00-af87afe2e03d,9,28895.14,12,2026-02-01 09:00:00+00:00,APROBADO
1786,13b5800f-447e-495b-8892-216c998d133c,9,14679.07,36,2026-06-10 15:00:00+00:00,APROBADO
1787,d2a73827-fe80-4ca6-99f9-c1fa2fab1649,9,7310.62,36,2025-10-09 13:00:00+00:00,APROBADO
1788,fda74fdf-4b27-4821-a1e3-2f0f26d1bf44,9,22158.23,12,2026-01-03 14:00:00+00:00,APROBADO
1789,1b106f58-99bc-4a73-9cba-987e1fe6dc30,9,34107.07,18,2025-11-18 13:00:00+00:00,APROBADO
1790,5f9b821c-fb15-4352-9365-866df759f250,9,38942.36,12,2026-03-29 16:00:00+00:00,APROBADO
1791,07dec00e-2734-4ba8-a092-b4c6f583647d,9,28353.25,24,2025-11-04 15:00:00+00:00,APROBADO
1792,c343b95a-090b-46e9-a1f1-0fe54b2910ab,9,38760.64,24,2026-05-11 12:00:00+00:00,APROBADO
1793,300ab8de-c88c-405c-a35a-7e4ec69d4c0a,9,24702.68,12,2026-06-07 13:00:00+00:00,APROBADO
1794,0cf95c3c-8d6a-422d-8235-849b9c231ec7,9,27992.37,12,2026-04-13 15:00:00+00:00,APROBADO
1795,c48f2461-5242-436b-9a6f-9ba7ed45d03c,9,37957.54,36,2026-01-31 09:00:00+00:00,APROBADO
1796,cf4b8999-c0da-464b-be64-8f9839f4c18b,9,10174.52,36,2025-11-30 13:00:00+00:00,APROBADO
1797,5438d063-8d19-4fe9-a530-401b8993908c,9,24843.99,18,2025-12-25 14:00:00+00:00,APROBADO
1798,976cc283-3799-4de0-8df1-31e4fe6f4a6d,9,19422.65,12,2026-05-05 17:00:00+00:00,APROBADO
1799,fb5a33a4-e8c4-4aab-a035-41fc5aa9f6dc,9,34913.47,12,2025-12-12 17:00:00+00:00,APROBADO
1800,be18dbb4-8534-4d5e-9e4e-e4ecc867fdb2,9,21017.79,18,2025-11-18 14:00:00+00:00,APROBADO
1801,bc926f85-d1cc-4508-97e4-ce905a038e37,9,37675.14,24,2026-06-19 15:00:00+00:00,APROBADO
1802,ba187ed9-472f-436f-b090-fd7fe7d832ac,9,10006.30,12,2026-05-11 12:00:00+00:00,APROBADO
1803,94519de8-ca47-4245-9dd7-04a09fef2228,9,32723.70,18,2026-02-23 09:00:00+00:00,APROBADO
1804,1ba3af3f-c1cf-49d6-9604-fdf526a9ef8c,9,27328.06,18,2026-01-24 11:00:00+00:00,APROBADO
1805,5652bb55-2d3d-4b13-be2f-bee93078d906,9,13533.26,18,2026-06-13 16:00:00+00:00,APROBADO
1806,4abe994f-a8a0-4b37-930f-6847e690910c,9,27203.75,36,2026-04-10 11:00:00+00:00,APROBADO
1807,af4f5c20-f74b-4774-8e90-f39a3ee78231,9,6947.91,36,2026-06-26 15:00:00+00:00,APROBADO
1808,08aa02d5-b1c0-470f-abf1-12bcd31d8b4e,9,19308.22,24,2025-10-23 13:00:00+00:00,APROBADO
1809,283812c1-6d0c-42c7-97cb-b7cc0723ff9f,9,10234.80,12,2026-01-27 16:00:00+00:00,APROBADO
1810,58605119-bfa5-4d71-99ec-34cd03045799,9,15081.26,18,2026-01-25 16:00:00+00:00,APROBADO
1811,28e193d5-1219-4e46-ba65-e4a7b5fa354b,9,4040.81,18,2025-11-11 16:00:00+00:00,APROBADO
1812,a97174b4-c8ab-4e64-afd5-fda89921b698,9,9812.86,24,2025-10-29 16:00:00+00:00,APROBADO
1813,9160f736-67f0-4e7d-9e9a-9a15d6b7f2f0,9,7192.37,36,2026-02-05 13:00:00+00:00,APROBADO
1814,3e66e63e-dc26-41dc-90ea-77ed3fd33244,9,35233.32,24,2025-11-16 09:00:00+00:00,APROBADO
1815,e20048a7-8440-4981-bb44-bdda30b68fe0,9,4596.81,18,2025-11-01 16:00:00+00:00,APROBADO
1816,38254ae9-89c6-488b-9447-38109a501f74,9,18259.19,36,2026-03-07 14:00:00+00:00,APROBADO
1817,1c7deb76-8a4a-4339-b14d-936878ba1f77,9,8207.46,36,2026-03-17 12:00:00+00:00,APROBADO
1818,86d8974e-0246-4f91-99d4-d8b38ae1b4ff,9,15814.30,36,2026-06-04 15:00:00+00:00,APROBADO
1819,18859713-aa5a-44e0-9bac-98c9c6a30374,9,5091.81,24,2026-06-19 15:00:00+00:00,APROBADO
1820,b1c8d56f-421e-4034-99b2-87e9439e9849,9,20845.36,24,2026-04-09 13:00:00+00:00,APROBADO
1821,5cdf1c10-a6e2-45b9-ac72-a9849106ae42,9,25903.05,36,2026-03-07 13:00:00+00:00,APROBADO
1822,2e27f5a7-da00-4b6f-805c-4fa4c00195fc,9,27159.45,24,2026-03-06 12:00:00+00:00,APROBADO
1823,516fbd96-4655-47b3-9a54-3ac31cfd9469,9,13406.17,12,2026-05-12 16:00:00+00:00,APROBADO
1824,781ec74d-204e-418a-afd7-1d40680f5cc1,9,28324.40,18,2025-12-22 14:00:00+00:00,APROBADO
1825,80028868-a857-4c39-8ae9-2184e9671281,9,38098.05,18,2026-06-18 14:00:00+00:00,APROBADO
1826,3719f11e-38d3-4064-8c4e-68ee5a208d2a,9,7587.93,24,2025-11-22 12:00:00+00:00,APROBADO
1827,6b3c72a5-49d1-4fdc-a253-5e8af7de0d66,9,39348.68,12,2025-11-15 12:00:00+00:00,APROBADO
1828,07e50192-ac09-4909-a132-5af2512e81f5,9,23584.89,36,2025-10-01 13:00:00+00:00,APROBADO
1829,22b71c80-d861-4b92-b81c-196bc48adfcd,9,29861.44,18,2026-04-21 13:00:00+00:00,APROBADO
1830,d7079b3c-6f24-4fd4-b204-45a3c010127e,9,23804.22,24,2026-06-29 09:00:00+00:00,APROBADO
1831,f09bb092-ac54-4830-89e2-4589e1f504ef,9,25326.77,18,2025-10-10 17:00:00+00:00,APROBADO
1832,ffef8fae-13b0-49de-919c-098687735b5b,9,25674.04,18,2025-11-28 09:00:00+00:00,APROBADO
1833,7b6b4eed-41d4-426f-bdc2-ec5e37ff8483,9,19886.25,36,2025-12-21 14:00:00+00:00,APROBADO
1834,4257a22e-ed6b-4063-9360-5e7e6c648e01,9,39955.44,12,2025-10-22 12:00:00+00:00,APROBADO
1835,a357be58-7d72-44d1-bc5a-919563846cab,9,14446.53,18,2026-04-24 14:00:00+00:00,APROBADO
1836,e53a5b58-fa86-418f-a3d7-14f9026d4824,9,29337.98,36,2026-02-21 09:00:00+00:00,APROBADO
1837,d8796231-87a3-44a0-bbd5-2b02a2c65d2a,9,32162.97,36,2025-11-25 12:00:00+00:00,APROBADO
1838,c4f2d225-5fa2-4cb2-b982-3491b64df305,9,12349.01,18,2026-02-18 16:00:00+00:00,APROBADO
1839,40158fa8-e149-48aa-8455-f90887cfe6f7,9,3163.90,12,2025-11-03 11:00:00+00:00,APROBADO
1840,8748f603-44dc-4b42-9f54-07609ad0562f,9,3905.13,18,2026-03-03 12:00:00+00:00,APROBADO
1841,363d9e48-519e-4633-8145-829df3e34788,9,12531.46,36,2026-01-12 17:00:00+00:00,APROBADO
1842,12e3dd5e-1a5d-4c07-8a05-4f687e5a5d38,9,5287.31,18,2025-10-18 12:00:00+00:00,APROBADO
1843,1002d9a3-598b-4ff2-b406-af36bc87f9de,9,4501.55,12,2026-02-17 09:00:00+00:00,APROBADO
1844,43d06b7a-e560-4b4b-ae47-c149174964a4,9,5098.02,18,2025-11-13 14:00:00+00:00,APROBADO
1845,bedd5c68-5853-4f6b-8f38-7a84725d4776,9,27212.21,24,2025-12-08 16:00:00+00:00,APROBADO
1846,48c78d9a-1163-4de9-8bb8-9e104a41603a,9,29224.77,36,2026-02-14 15:00:00+00:00,APROBADO
1847,ec363ff0-6e3b-4429-84b9-e56c51bf722f,9,37482.11,36,2025-11-18 14:00:00+00:00,APROBADO
1848,d85cb075-7258-4c9b-a44c-dc53a30289d5,9,18729.55,24,2025-12-16 11:00:00+00:00,APROBADO
1849,7adfbe04-f7aa-42ed-bcba-9b52b2ecc0c2,9,9498.11,12,2026-06-11 09:00:00+00:00,APROBADO
1850,2c282826-91e4-4a3d-b720-57f50eabc97a,9,26386.16,12,2026-06-23 17:00:00+00:00,APROBADO
1851,5cf23a52-73ec-4b02-af14-60f5d1230db2,9,7531.79,12,2025-11-04 13:00:00+00:00,APROBADO
1852,964e2552-72ee-496a-957f-80d7acf1a12f,9,33731.12,24,2026-02-09 13:00:00+00:00,APROBADO
1853,83b21d5e-7a69-49f9-b0da-bea8e2c6033e,9,6458.65,18,2026-01-13 14:00:00+00:00,APROBADO
1854,6376a09c-7307-453f-be77-8bd5005b9dba,9,36272.88,18,2026-05-12 11:00:00+00:00,APROBADO
1855,491169e6-2f35-4c1f-9ad6-5f45ead9c3c3,9,31897.12,18,2026-04-14 12:00:00+00:00,APROBADO
1856,a53fa69f-d48e-4774-ac95-e8624af583f7,9,19249.14,24,2025-12-20 15:00:00+00:00,APROBADO
1857,484e8db3-102f-459a-90c6-be126a00c616,9,5282.69,18,2026-01-30 17:00:00+00:00,APROBADO
1858,18e3609c-6a6c-417c-9774-c7feef442a70,9,26411.22,18,2026-06-09 12:00:00+00:00,APROBADO
1859,d42715ee-7b6c-48df-bc90-6302369496c3,9,31886.11,18,2025-11-01 15:00:00+00:00,APROBADO
1860,7c3ca569-6cdb-41c9-9d43-2e69695f3d9d,9,27827.97,24,2026-02-14 17:00:00+00:00,APROBADO
1861,242694be-905c-49d4-a584-2d3936620863,9,30639.63,18,2025-11-21 09:00:00+00:00,APROBADO
1862,b8b9cb0e-c33f-4075-8551-35fda7ddef52,9,27238.41,18,2026-03-09 17:00:00+00:00,APROBADO
1863,7c92021b-1662-47be-a791-8396e087db9e,9,3909.86,18,2025-12-09 11:00:00+00:00,APROBADO
1864,4a7255ab-1804-4fae-bc27-da8405c522f0,9,32688.57,36,2025-12-07 10:00:00+00:00,APROBADO
1865,6fe93fa6-f724-4a02-8981-ed7b53eaf4b5,9,14406.46,36,2026-06-09 09:00:00+00:00,APROBADO
1866,45d1df1e-9674-4a01-8dac-53bb7ecc0563,9,21961.30,18,2026-06-27 14:00:00+00:00,APROBADO
1867,19e5f3f3-e258-40a9-8c1b-a28b92dad7d4,9,19957.73,18,2026-03-01 14:00:00+00:00,APROBADO
1868,f21c5157-31db-4de8-b532-49a8cf898f94,9,15961.46,12,2026-05-06 13:00:00+00:00,APROBADO
1869,5fb5308c-0f5d-4746-8420-fbeab839667c,9,15706.90,12,2025-12-07 17:00:00+00:00,APROBADO
1870,870ff4c5-0af4-471b-9d2c-88fa9f7ce988,9,4253.63,18,2026-01-02 13:00:00+00:00,APROBADO
1871,fd4505d3-ee80-4186-8ee9-a444b2074e46,9,35180.97,12,2025-12-31 11:00:00+00:00,APROBADO
1872,3c65896e-9f43-4a7b-bf2f-ee7932319201,9,30134.98,12,2026-02-13 10:00:00+00:00,APROBADO
1873,9bd6c094-2a1a-4ff9-8863-ac1a2962f619,9,32729.49,24,2026-06-22 14:00:00+00:00,APROBADO
1874,5c22da6e-7199-402c-82e1-344daf49e25c,9,33278.61,24,2026-04-26 13:00:00+00:00,APROBADO
1875,3bcb7db7-2c9c-48a2-9a80-975aa0669ac9,9,8240.52,24,2026-02-20 09:00:00+00:00,APROBADO
1876,38cd33da-a56d-49c3-a8af-e94c87ae5563,9,25127.38,24,2026-02-21 10:00:00+00:00,APROBADO
1877,f7eff7b9-21dc-4f37-91e2-0a952f829581,9,30468.08,12,2026-02-20 16:00:00+00:00,APROBADO
1878,3c878e3b-0a2b-412f-b0a0-45d9ba5a3f23,9,27847.40,18,2026-03-17 09:00:00+00:00,APROBADO
1879,cd8bd15e-6c87-42a7-a23c-3a8152a21629,9,12899.60,18,2025-12-29 09:00:00+00:00,APROBADO
1880,841b513d-e91a-485e-a2eb-665e14e7cd35,9,14888.21,12,2025-11-25 16:00:00+00:00,APROBADO
1881,39111fff-2987-4d24-b21a-87189474bc88,9,5916.80,12,2025-12-03 13:00:00+00:00,APROBADO
1882,70306173-844a-4dc3-ba93-bfee589e69f8,9,35757.15,12,2025-10-08 14:00:00+00:00,APROBADO
1883,4eb37c5e-2a41-4181-9d3a-826252e7f6d3,9,36021.13,18,2026-02-20 14:00:00+00:00,APROBADO
1884,f590ba7d-8d37-442f-a928-2a5ef9616130,9,33351.01,12,2026-01-12 10:00:00+00:00,APROBADO
1885,3ad11b8d-02f9-499b-acdb-22867e5d5e94,9,3821.34,18,2026-04-30 17:00:00+00:00,APROBADO
1886,a661944f-fdee-41aa-b5b6-58ea027e007f,9,27397.40,12,2026-04-13 17:00:00+00:00,APROBADO
1887,d155288d-3c92-4815-bed0-aa5244739a88,9,36640.02,18,2026-06-10 09:00:00+00:00,APROBADO
1888,237bce2a-bf2b-4b90-a09a-089ac5f71ce9,9,21395.47,18,2025-10-23 12:00:00+00:00,APROBADO
1889,b2b67bec-7fff-43ff-a69d-6096a4804441,9,25202.78,24,2026-02-15 11:00:00+00:00,APROBADO
1890,f0b0db32-a888-47e4-b59e-1b22d1779dac,9,22970.78,18,2026-05-13 16:00:00+00:00,APROBADO
1891,b4d62638-5947-48c8-9573-2a8db32a689d,9,31489.58,18,2026-03-01 16:00:00+00:00,APROBADO
1892,b29cc1a2-d97e-469e-95f8-9e17cda97d83,9,3969.86,12,2025-12-24 16:00:00+00:00,APROBADO
1893,9854b2af-f342-4847-a791-bf538eafc9e4,9,15569.35,24,2026-04-11 16:00:00+00:00,APROBADO
1894,0f420bbd-f3b4-413d-9e7b-92ceaba13819,9,22250.10,18,2025-12-11 14:00:00+00:00,APROBADO
1895,73c91b9b-8ba1-4c74-8243-ae565af11500,9,23032.06,18,2026-01-03 15:00:00+00:00,APROBADO
1896,e73bd482-7731-48d4-b8c7-ec8987ceca81,9,21255.41,18,2025-10-09 17:00:00+00:00,APROBADO
1897,6da8d22f-3059-4658-a4ea-79c6e7b59766,9,26066.93,12,2025-12-10 16:00:00+00:00,APROBADO
1898,2bf38a17-7cac-47da-813f-6352017f7405,9,28169.23,12,2026-04-21 09:00:00+00:00,APROBADO
1899,d37004af-b3f2-4bf2-bce5-3d9809df7d65,9,35812.14,18,2026-01-14 10:00:00+00:00,APROBADO
1900,cafafb3a-00bc-4c6c-846f-105093ffcd34,9,30446.91,24,2026-03-21 12:00:00+00:00,APROBADO
1901,80e9a8ca-968e-4add-ad76-0737b7fe68e7,9,37861.99,24,2026-01-23 11:00:00+00:00,APROBADO
1902,d4a2df0d-52d6-46c8-a5d2-532e1f2c797a,9,36578.20,24,2026-05-11 10:00:00+00:00,APROBADO
1903,a6868f0b-65a0-43a3-be2f-685ebc13b360,9,7450.65,18,2026-04-25 10:00:00+00:00,APROBADO
1904,bb3ddd48-0200-4305-ae18-1726cd75d26d,9,30649.99,12,2026-01-05 15:00:00+00:00,APROBADO
1905,b1b64a8a-e2c9-4837-bef9-1d7f8bc41adc,9,38267.18,12,2026-01-18 14:00:00+00:00,APROBADO
1906,5222b704-ba32-4c6a-a0a8-cef796aea2e3,9,22665.32,18,2026-02-15 16:00:00+00:00,APROBADO
1907,564b7ea5-9dcd-4bb3-a481-4934801d63b4,9,5288.04,18,2026-03-25 13:00:00+00:00,APROBADO
1908,9ec6ae34-52b0-4174-bd8d-15da075e1454,9,30619.03,24,2025-11-21 09:00:00+00:00,APROBADO
1909,9d6afbc6-5510-4ece-89e6-3f0f4a699277,9,22087.99,36,2026-06-08 17:00:00+00:00,APROBADO
1910,9af0c190-cdb0-4c1a-9490-6070c2eb19a9,9,8386.85,12,2026-01-13 13:00:00+00:00,APROBADO
1911,28393d7a-b6d2-4696-a760-ad2af0987713,9,16689.98,12,2025-11-18 13:00:00+00:00,APROBADO
1912,4ad87caa-bab0-441c-bee7-2e2d7ce0210e,9,10926.83,18,2026-05-19 15:00:00+00:00,APROBADO
1913,42d32508-cf39-4df4-8cea-50a835ebd512,9,26783.99,24,2026-06-27 11:00:00+00:00,APROBADO
1914,d2a69a3c-3193-45b5-b087-d15ee58c4608,9,34263.78,24,2026-02-23 10:00:00+00:00,APROBADO
1915,6f3eaa4c-697e-4e3a-acbe-d3e6d129ff83,9,36778.35,12,2026-06-06 11:00:00+00:00,APROBADO
1916,ce1b8280-a18c-409f-a090-a5196751be6e,9,4092.04,24,2026-06-16 13:00:00+00:00,APROBADO
1917,e846b67a-7910-4d67-9d3c-fecb312ca632,9,39611.52,12,2025-12-12 15:00:00+00:00,APROBADO
1918,9ea17c15-b9f8-4d30-bb8b-8cfabef16ba6,9,28847.23,24,2026-03-07 15:00:00+00:00,APROBADO
1919,8651631d-ae36-4c25-b91b-dea6b110ea14,9,28713.98,18,2026-05-11 10:00:00+00:00,APROBADO
1920,6b1a4f17-8f4e-4d66-8685-612b27e09676,9,31643.44,12,2026-03-29 14:00:00+00:00,APROBADO
1921,77c4b026-29d5-4b9e-be35-3758de0e51c1,9,23458.56,24,2026-04-19 12:00:00+00:00,APROBADO
1922,a9fad9e2-b4c5-4dcc-a20a-e979a33090f2,9,17027.00,18,2026-04-15 16:00:00+00:00,APROBADO
1923,a1c48b8d-3686-4c77-94ca-ac021b0e0927,9,24661.66,24,2026-01-27 12:00:00+00:00,APROBADO
1924,09e1eb9e-208d-490c-8985-ae9f43f1627a,9,20900.35,36,2026-03-27 10:00:00+00:00,APROBADO
1925,6b3c72a5-49d1-4fdc-a253-5e8af7de0d66,9,37420.77,24,2025-12-09 15:00:00+00:00,APROBADO
1926,3657bf12-7d0a-436b-9910-4dd8be62c620,9,12954.27,24,2026-05-31 14:00:00+00:00,APROBADO
1927,3b4e5c44-bf98-4166-9c58-7de72020bf95,9,33979.91,12,2026-06-09 14:00:00+00:00,APROBADO
1928,c615d178-e4ba-479b-bb10-f51b9155103f,9,5065.64,24,2026-02-01 11:00:00+00:00,APROBADO
1929,b1a57f3e-1942-49f8-8b66-8dec91779dae,9,10094.54,12,2025-12-14 09:00:00+00:00,APROBADO
1930,4e974375-03a9-47ae-b8e1-acb01c73716a,9,39595.47,12,2026-06-25 17:00:00+00:00,APROBADO
1931,cf7993c5-62ec-4b89-b051-438eab497b7c,9,23754.69,18,2026-06-23 16:00:00+00:00,APROBADO
1932,bfa256b2-f5be-475b-aab8-6549d0277fe2,9,34067.90,24,2026-06-25 16:00:00+00:00,APROBADO
1933,51e2c386-88b9-4a11-aabd-63ac9f0b30e9,9,37903.15,18,2026-01-10 11:00:00+00:00,APROBADO
1934,0289a52e-2de4-4406-9690-58b592057b72,9,29569.46,18,2026-02-12 17:00:00+00:00,APROBADO
1935,bf2146b4-cfff-472c-86a6-b15ccb44572c,9,28848.32,36,2026-01-20 17:00:00+00:00,APROBADO
1936,6befc125-11f6-4652-8a1f-c9b004117266,9,39409.06,18,2026-02-11 13:00:00+00:00,APROBADO
1937,62f684a6-d0d2-4b96-a94c-2430bc6adf35,9,7028.25,24,2025-10-25 16:00:00+00:00,APROBADO
1938,3b58eea8-18d3-4da8-afba-dc0bd887a66b,9,20588.50,36,2025-11-19 09:00:00+00:00,APROBADO
1939,9d6afbc6-5510-4ece-89e6-3f0f4a699277,9,7647.85,24,2026-02-23 17:00:00+00:00,APROBADO
1940,68f77e5d-2acd-45c0-b23a-e395c06d8a61,9,39386.89,12,2026-01-06 13:00:00+00:00,APROBADO
1941,7e23d920-a102-4011-b1b9-a5ef7fd6ab41,9,28370.43,36,2025-10-07 10:00:00+00:00,APROBADO
1942,d65dcdc9-2f92-42e1-bc06-3c4402ebfd09,9,38682.33,36,2025-12-06 13:00:00+00:00,APROBADO
1943,be90e289-96d9-4724-b8a1-0133c9dc64e2,9,9266.75,36,2025-11-14 17:00:00+00:00,APROBADO
1944,dc2dd8ba-5b7f-46e3-ae9d-a2695752904e,9,4913.45,36,2026-03-12 10:00:00+00:00,APROBADO
1945,2e9651b6-36c1-41ea-863b-74896dd82276,9,13322.07,18,2026-04-28 09:00:00+00:00,APROBADO
1946,0f9a219d-4806-4597-9a28-7f21802fbbde,9,32702.23,36,2026-06-18 17:00:00+00:00,APROBADO
1947,ff249ba6-c411-40ac-8856-f902642be621,9,9101.66,12,2026-06-07 09:00:00+00:00,APROBADO
1948,c37cc394-ec75-4b7d-9522-a5cbf8976c05,9,25479.26,36,2025-10-06 11:00:00+00:00,APROBADO
1949,323926cb-eeb2-4453-aaed-b1a44d257d2a,9,24880.67,18,2026-05-18 14:00:00+00:00,APROBADO
1950,5d5a4045-08d2-42a2-aa7b-d98b53cd748b,9,33243.74,12,2025-10-03 13:00:00+00:00,APROBADO
1951,bcd4431d-4c70-4568-9dd6-c2a4ed06c735,9,27778.88,24,2026-01-29 09:00:00+00:00,APROBADO
1952,7f5432cc-8ec3-4907-8072-1aad997adc2b,9,23960.29,24,2026-05-14 16:00:00+00:00,APROBADO
1953,fed29817-9663-48da-855c-93fd20be5cca,9,39750.51,18,2025-10-07 10:00:00+00:00,APROBADO
1954,db3ec2a9-e326-4f1c-ba8e-cd8ffb6de49e,9,16377.94,12,2026-04-01 15:00:00+00:00,APROBADO
1955,8b02e899-ff93-489b-8658-bd0c4a2d69c0,9,3035.65,24,2026-02-23 16:00:00+00:00,APROBADO
1956,c28105d9-337b-49fc-be44-f001148d1a0a,9,17777.50,24,2026-03-09 13:00:00+00:00,APROBADO
1957,5e424ae5-9916-4566-b1a1-4ab5726bd4bd,9,3206.98,24,2026-06-04 15:00:00+00:00,APROBADO
1958,c6c98d23-6638-4506-a97b-797d67e1336d,9,26544.45,12,2025-12-19 13:00:00+00:00,APROBADO
1959,bb17efda-f962-4989-bdd0-d56273281e9b,9,7514.05,12,2026-05-25 09:00:00+00:00,APROBADO
1960,731efc42-2f0f-4576-b405-5ea0e71269c3,9,30074.58,24,2026-04-24 16:00:00+00:00,APROBADO
1961,91310527-4b05-4ff8-997e-75c0cb8e4e39,9,18380.02,24,2026-01-29 12:00:00+00:00,APROBADO
1962,ddb22676-6432-4ba8-b4a2-21e95fde96ef,9,10328.90,18,2026-05-11 15:00:00+00:00,APROBADO
1963,2ca6edae-336f-4534-bbac-3d15cd8443b0,9,25210.96,36,2025-10-31 14:00:00+00:00,APROBADO
1964,75df5665-80b4-485d-832e-d17f1a566a25,9,36403.95,18,2025-12-17 14:00:00+00:00,APROBADO
1965,3c5ddd31-a688-402a-b9d4-f54229d5ec4e,9,23997.90,18,2026-03-18 15:00:00+00:00,APROBADO
1966,c0236f53-358f-4bf8-96ed-1a3bc1eb0b7a,9,26565.93,24,2025-11-30 12:00:00+00:00,APROBADO
1967,d44696e4-1489-49be-a6e7-e9ffe29443ce,9,36369.89,36,2026-02-21 12:00:00+00:00,APROBADO
1968,c3261f47-2104-45c7-a7ca-3f08338a0497,9,20305.85,18,2025-11-10 16:00:00+00:00,APROBADO
1969,9d5d302a-06f9-432a-8803-006648087025,9,13072.93,18,2026-03-29 09:00:00+00:00,APROBADO
1970,f3ee2d48-5e71-4503-ac47-71d47fbe6b4f,9,26886.74,12,2026-04-01 11:00:00+00:00,APROBADO
1971,c9584818-1b86-4390-9c2b-61b2f3379517,9,38944.34,12,2026-05-08 13:00:00+00:00,APROBADO
1972,bbeabb33-a151-4e6e-b7d9-edcbaf5bd146,9,6467.09,36,2026-04-10 16:00:00+00:00,APROBADO
1973,08124802-b81c-4d78-89ec-8e562b0f0a84,9,20784.15,12,2026-05-22 12:00:00+00:00,APROBADO
1974,ce169b94-4a9d-42bc-995e-1bf76baeac6f,9,32051.38,24,2026-01-09 16:00:00+00:00,APROBADO
1975,e8d7ac8e-a5e5-4d84-9604-6473ab77ee5e,9,18520.93,18,2026-02-22 16:00:00+00:00,APROBADO
1976,851ca103-e700-48bc-b2b8-e2392edf12dd,9,11589.95,24,2026-03-25 11:00:00+00:00,APROBADO
1977,a6b26397-88eb-4f91-8982-fca8ffbac0cc,9,19800.95,36,2026-02-10 16:00:00+00:00,APROBADO
1978,64c41bf4-ea6c-4975-b6eb-8b635955690f,9,9828.21,24,2026-02-22 10:00:00+00:00,APROBADO
1979,d8b98c8f-d922-4e85-808c-8e651e087c5c,9,31256.69,24,2025-11-30 10:00:00+00:00,APROBADO
1980,627c6d80-9c06-427b-9066-cc15e8610354,9,15891.05,36,2026-03-25 11:00:00+00:00,APROBADO
1981,e0e47f72-f8a4-43ac-bfc0-6e2873d4f00c,9,24775.31,12,2025-11-02 17:00:00+00:00,APROBADO
1982,89368662-82d3-414d-86db-c9823ebe6f05,9,24092.35,24,2026-03-19 14:00:00+00:00,APROBADO
1983,c37d320b-2b03-4e16-b4af-57f1cb07d827,9,11393.24,12,2026-02-25 11:00:00+00:00,APROBADO
1984,80ee4b1d-da33-4f42-a330-c8af2983cedd,9,35277.35,12,2026-03-25 14:00:00+00:00,APROBADO
1985,5380828f-f248-49a9-8231-e4014886e72b,9,38391.32,18,2026-05-24 11:00:00+00:00,APROBADO
1986,edc9e3c3-7d2a-48d6-914e-56e041f644e7,9,24247.57,24,2025-10-31 10:00:00+00:00,APROBADO
1987,fb75146c-752c-4289-9293-418b9ff726da,9,10789.85,12,2026-05-06 16:00:00+00:00,APROBADO
1988,1825c6ed-1dbe-4b65-89b2-bf5950e33cc6,9,16938.94,36,2026-01-06 10:00:00+00:00,APROBADO
1989,45ace10a-696b-4ba2-9fe5-af887dd467c6,9,36340.73,24,2026-04-05 10:00:00+00:00,APROBADO
1990,7b119e46-e98a-4dbd-b51a-58f82aae0385,9,23190.03,24,2026-03-21 09:00:00+00:00,APROBADO
1991,6c1931cd-e029-4af8-9c26-79c9cbd7bf65,9,23791.17,12,2025-12-17 17:00:00+00:00,APROBADO
1992,ed378b50-7efd-4a75-a34c-1f7b845c3373,9,26804.27,36,2026-06-15 09:00:00+00:00,APROBADO
1993,da3f9393-29f9-4221-b00f-bd9ac993b24f,9,18351.74,24,2026-01-01 13:00:00+00:00,APROBADO
1994,4e962184-0d51-47f0-8ea9-afdb621b9c15,9,10496.58,36,2026-01-26 15:00:00+00:00,APROBADO
1995,74fc1b33-5e2d-4199-bd55-3cd57bbe6717,9,4416.12,18,2025-10-06 11:00:00+00:00,APROBADO
1996,ea0e5bd2-1827-430f-948d-0d1e64f11a69,9,20606.08,24,2025-11-11 12:00:00+00:00,APROBADO
1997,6408e3ea-ae4c-42fc-8a5a-cfa0f3980316,9,14966.00,24,2026-02-23 11:00:00+00:00,APROBADO
1998,6cfacd40-556b-4f08-9add-5dbf4df073c8,9,39761.23,24,2025-11-24 17:00:00+00:00,APROBADO
1999,db65f7e2-5197-40c4-b14a-0865ed22b66f,9,34383.15,12,2026-06-16 15:00:00+00:00,APROBADO
2000,2cca6584-0067-4de7-b700-86f2da7ead99,9,8461.46,18,2026-01-13 10:00:00+00:00,APROBADO
2001,b2341058-af5c-42b6-a1cc-5b4b34abad07,9,28661.11,24,2025-12-20 11:00:00+00:00,RECHAZADO
2002,bf044602-5834-4702-8b54-c4523d9656a8,9,33961.11,12,2025-12-25 16:00:00+00:00,RECHAZADO
2003,97999c4e-0e81-410d-b10f-00b4be9145e1,9,29423.71,12,2026-02-06 10:00:00+00:00,RECHAZADO
2004,4a980653-69f4-4e78-9b39-65d9c977b755,9,29001.66,36,2026-03-22 11:00:00+00:00,RECHAZADO
2005,ee894ec0-153d-452a-b770-427d6764ab7c,9,35069.07,12,2026-02-16 14:00:00+00:00,RECHAZADO
2006,44861d1a-1ca6-476d-8eaf-848935b69255,9,27658.64,36,2026-03-21 09:00:00+00:00,RECHAZADO
2007,639e0406-7d03-45c7-9129-b60222a43434,9,25268.89,12,2026-01-23 15:00:00+00:00,RECHAZADO
2008,d2169173-9ecd-4550-b1d6-7426c51526ae,9,15726.45,18,2026-01-25 12:00:00+00:00,RECHAZADO
2009,808d0c78-7ab0-4856-acaf-99b14663e798,9,7316.44,18,2026-02-05 12:00:00+00:00,RECHAZADO
2010,2a549364-b4f5-499c-b66c-c4b0df8b08b0,9,24185.44,12,2025-10-31 10:00:00+00:00,RECHAZADO
2011,fd852db8-6954-4975-9cb6-e0ca69ef350c,9,24090.73,36,2026-06-26 13:00:00+00:00,RECHAZADO
2012,0b278206-c19e-46b1-997f-06097bc21a6d,9,37771.15,12,2025-12-12 10:00:00+00:00,RECHAZADO
2013,7c22c9ca-4aab-4525-9c12-b752f38b6a0d,9,4837.19,12,2026-02-16 15:00:00+00:00,RECHAZADO
2014,312f407a-ad99-41cc-a77b-937c04e6b0ae,9,22830.48,36,2025-12-08 12:00:00+00:00,RECHAZADO
2015,83176e2f-15ad-43de-b572-e20faef408ab,9,38942.57,12,2026-01-28 11:00:00+00:00,RECHAZADO
2016,6db3853f-c2ad-4f62-8b21-566aec82d6bd,9,7578.30,12,2026-06-15 09:00:00+00:00,RECHAZADO
2017,f83dd64a-bacd-4541-8d12-a7836da27f15,9,14664.04,18,2026-01-20 11:00:00+00:00,RECHAZADO
2018,148938c4-d443-4b6a-ac31-cd8fb1b62426,9,8746.62,36,2026-05-29 12:00:00+00:00,RECHAZADO
2019,c1c22480-32c1-48cd-ad33-2d7efc67bf16,9,19371.09,24,2026-01-16 14:00:00+00:00,RECHAZADO
2020,e4e16589-6fb0-48aa-a584-cd3fab476c52,9,15495.26,18,2026-03-27 09:00:00+00:00,RECHAZADO
2021,0125258e-7306-46b4-ad0e-b2818233ec2f,9,33861.78,12,2026-01-01 17:00:00+00:00,RECHAZADO
2022,c2ae66fb-d3b9-42df-a675-3d31019c530e,9,7610.20,18,2026-06-12 10:00:00+00:00,RECHAZADO
2023,69309a48-6ff2-408f-91ce-64690b740b78,9,21185.25,24,2025-12-16 10:00:00+00:00,RECHAZADO
2024,a209d14e-de99-4c80-8ec0-491419b0190e,9,13724.57,12,2026-04-28 16:00:00+00:00,RECHAZADO
2025,e26e75f9-885a-4ece-b0fd-b914474a02b8,9,14448.40,12,2026-05-05 15:00:00+00:00,RECHAZADO
2026,a1eb590f-ead4-4570-b93c-a53e21d3593e,9,6671.53,12,2026-06-05 12:00:00+00:00,RECHAZADO
2027,e60b1c93-d223-4855-b7e0-cc68ec644984,9,9368.52,24,2025-11-01 09:00:00+00:00,RECHAZADO
2028,b484fecb-0260-4bbc-a77c-ab573af77318,9,28126.97,36,2026-04-09 16:00:00+00:00,RECHAZADO
2029,2e4383e3-1574-4e1f-a47b-3fb16da1e109,9,4620.60,18,2026-04-12 10:00:00+00:00,RECHAZADO
2030,e39b4ab9-6f52-4c3d-8dd8-967d2e1bc43b,9,7533.51,12,2026-01-09 15:00:00+00:00,RECHAZADO
2031,9af0c190-cdb0-4c1a-9490-6070c2eb19a9,9,20549.66,24,2025-11-20 09:00:00+00:00,RECHAZADO
2032,a20d4e84-251c-4ee4-9f40-6e90721203bf,9,23641.41,36,2026-06-04 15:00:00+00:00,RECHAZADO
2033,be662798-c9b8-4b60-9985-b7de066e9fbd,9,3773.03,18,2026-03-03 13:00:00+00:00,RECHAZADO
2034,bb7bdf21-10cf-4e1d-9ab8-2350ef404109,9,3526.95,24,2026-02-02 11:00:00+00:00,RECHAZADO
2035,b7e54ef2-aa82-4c04-99b9-c25546c81a48,9,22408.41,12,2026-01-15 13:00:00+00:00,RECHAZADO
2036,f7a5629b-4bca-4a65-b92c-398973c5af70,9,9007.38,12,2025-12-15 14:00:00+00:00,RECHAZADO
2037,cde9c2cc-b34d-4b2a-bce2-db33033c7518,9,29131.31,24,2026-01-12 14:00:00+00:00,RECHAZADO
2038,56ba1cd2-a51b-49bd-9a3c-ab4e3339d178,9,31202.04,12,2025-12-20 11:00:00+00:00,RECHAZADO
2039,eb462558-50bb-4f21-b7eb-9587b71daa31,9,22034.59,18,2026-03-25 15:00:00+00:00,RECHAZADO
2040,05aebc45-1ffb-4b60-b638-96a05c2acf9b,9,32160.05,18,2026-02-14 14:00:00+00:00,RECHAZADO
2041,19dc9902-d59f-4b23-bfd8-21d6175a40f0,9,18445.39,36,2026-02-17 09:00:00+00:00,RECHAZADO
2042,c3119ec5-69d0-4b40-8fcf-269635e2b4d0,9,6335.32,24,2025-11-09 12:00:00+00:00,RECHAZADO
2043,7a8057a7-22bc-4525-aa2f-aaf278d138ab,9,32479.80,18,2026-02-07 14:00:00+00:00,RECHAZADO
2044,2c324554-b4e0-4665-9fca-86553309fff1,9,30395.26,24,2025-12-24 14:00:00+00:00,RECHAZADO
2045,eae312a8-d45b-4cb8-9325-ba9fe0ac0db4,9,7359.70,24,2026-04-12 09:00:00+00:00,RECHAZADO
2046,69d6228a-4f30-44a4-b4ee-907a82d906cf,9,28732.41,18,2025-10-23 12:00:00+00:00,RECHAZADO
2047,4baeb25f-5fe2-4d44-90a6-af33791344ee,9,26609.03,24,2026-03-07 16:00:00+00:00,RECHAZADO
2048,8e1b541d-9d95-4097-85ff-3b1802dba04e,9,21039.88,18,2026-03-25 09:00:00+00:00,RECHAZADO
2049,89b3a2bb-ebdc-4583-af76-bc7cf0f63091,9,4044.79,18,2026-02-10 09:00:00+00:00,RECHAZADO
2050,1a05b97c-21f1-476c-a194-228717abb25e,9,27629.65,24,2026-01-22 14:00:00+00:00,RECHAZADO
2051,9b57be16-6de9-4cb7-8a46-0d3bef33ff3e,9,27978.92,12,2025-10-30 16:00:00+00:00,RECHAZADO
2052,fe6a88b6-5634-49d9-a6c6-20f3749a79eb,9,28325.12,12,2026-04-28 13:00:00+00:00,RECHAZADO
2053,e8251a63-ee33-448f-8112-5744b132ccda,9,31622.97,36,2026-03-24 09:00:00+00:00,RECHAZADO
2054,f99a694c-1bb6-4bb9-a3ed-1380228ad81f,9,18083.24,24,2026-01-09 13:00:00+00:00,RECHAZADO
2055,183f8230-0a89-405a-96ea-ac9306ac214d,9,12798.56,36,2026-01-17 17:00:00+00:00,RECHAZADO
2056,d4c889e3-1979-4fbb-8b3b-3fb4ef57ad9c,9,7077.72,24,2025-10-14 13:00:00+00:00,RECHAZADO
2057,3d97af1c-ab70-40cd-bb88-e8fbdcd438cb,9,25948.97,12,2025-11-04 17:00:00+00:00,RECHAZADO
2058,2388bc21-7c2e-41e3-96ed-286215b09782,9,8578.05,18,2026-01-31 13:00:00+00:00,RECHAZADO
2059,2e1330ee-cb71-423f-b637-e93486cdbec5,9,23478.47,18,2026-03-30 17:00:00+00:00,RECHAZADO
2060,6a0a554d-b383-454c-826a-31eaaf6fec7d,9,32918.90,36,2026-04-06 17:00:00+00:00,RECHAZADO
2061,05dbbadd-0f1e-4d41-89ad-8cfc84cad25f,9,7783.52,24,2025-10-29 16:00:00+00:00,RECHAZADO
2062,1e44a9ed-094f-4ad2-9179-556b3848f03a,9,27034.29,12,2025-12-24 11:00:00+00:00,RECHAZADO
2063,f655a5cd-7b50-4b78-86d6-095f5cbed638,9,4853.78,12,2026-01-12 09:00:00+00:00,RECHAZADO
2064,0aba4122-4ae5-4f05-bcd3-47b4bd6f47f0,9,29571.55,12,2025-11-23 17:00:00+00:00,RECHAZADO
2065,2783b0bc-f79a-4ead-96fe-815fffee2e24,9,4424.38,12,2026-06-10 11:00:00+00:00,RECHAZADO
2066,6361f5b6-f364-4ed3-97d1-8695b654e2ec,9,23733.60,18,2026-05-20 15:00:00+00:00,RECHAZADO
2067,31e7bd73-7a63-44bc-878f-faf3c153dbb2,9,31840.59,12,2026-03-10 15:00:00+00:00,RECHAZADO
2068,01f99892-a65b-4480-b867-cd72ce789382,9,14685.28,36,2025-10-11 11:00:00+00:00,RECHAZADO
2069,554d610c-b62d-4e09-a7e3-aa18b38d43ff,9,19112.78,24,2025-11-09 09:00:00+00:00,RECHAZADO
2070,f29e22f6-3aed-48d6-9b5c-d1c6420b882c,9,16917.49,18,2026-02-26 12:00:00+00:00,RECHAZADO
2071,340d6165-c018-47ba-8823-bdc9e159ca35,9,12170.25,24,2026-04-20 13:00:00+00:00,RECHAZADO
2072,2bca6312-0f63-41e8-ad31-3836cc0a1cd3,9,3160.07,24,2025-12-06 17:00:00+00:00,RECHAZADO
2073,63ecbd8d-5efb-427d-aa7d-dc25e8545ae4,9,23534.29,36,2026-02-01 10:00:00+00:00,RECHAZADO
2074,d813249c-e647-4044-9502-04a0710826c5,9,39569.28,18,2026-03-10 14:00:00+00:00,RECHAZADO
2075,0f38cd76-44fc-4054-af2d-fb26bea6d3c1,9,20114.59,24,2026-01-10 09:00:00+00:00,RECHAZADO
2076,7db6005e-cdf8-451f-9a48-c1edcb28cc09,9,20425.57,18,2025-10-19 14:00:00+00:00,RECHAZADO
2077,5ce8e21e-ff0a-48bc-a3d6-947591284a9d,9,38638.14,24,2025-10-01 16:00:00+00:00,RECHAZADO
2078,3ea93ea0-04a9-4dd6-8d13-40a7fd5ddf06,9,10911.29,12,2026-02-09 13:00:00+00:00,RECHAZADO
2079,bedd5c68-5853-4f6b-8f38-7a84725d4776,9,12899.20,24,2025-11-18 15:00:00+00:00,RECHAZADO
2080,9814fbdc-6230-45e5-9364-c75450d2d486,9,14265.80,24,2026-02-27 15:00:00+00:00,RECHAZADO
2081,fb876189-845c-4e5b-8b94-e79d5b777f58,9,13109.78,18,2026-02-14 11:00:00+00:00,RECHAZADO
2082,e4596472-e75a-4594-98e5-1d87fe0d3a5b,9,22769.69,18,2026-02-22 16:00:00+00:00,RECHAZADO
2083,f5afbf74-08c9-4f35-8525-ae5fa8e4d835,9,15912.98,18,2025-12-28 15:00:00+00:00,RECHAZADO
2084,39af2275-d2c2-4465-8b1f-517f7977395f,9,18551.22,12,2026-06-13 13:00:00+00:00,RECHAZADO
2085,0e813904-e54d-490a-aa5c-0be3a3914da7,9,28037.00,12,2025-10-13 16:00:00+00:00,RECHAZADO
2086,2a8c3570-de05-4243-9a6f-6282be4a46cd,9,35304.60,24,2026-01-16 14:00:00+00:00,RECHAZADO
2087,7de6a98d-ac8d-4e79-91b6-5788ce338a49,9,26256.84,12,2025-10-17 09:00:00+00:00,RECHAZADO
2088,08014885-2369-4912-b92c-863da8ca5709,9,16972.45,12,2025-11-12 13:00:00+00:00,RECHAZADO
2089,c414afd4-260f-4012-83f6-0f0c5b464d5b,9,6974.60,18,2026-02-27 12:00:00+00:00,RECHAZADO
2090,b678fb96-a6fb-4395-b581-d8a0b2519f68,9,6398.87,36,2026-04-27 09:00:00+00:00,RECHAZADO
2091,b4622764-46f9-45b6-81fd-970e99fd586f,9,23446.95,12,2026-02-09 11:00:00+00:00,RECHAZADO
2092,fdb5508f-43de-42da-80d4-08daf7ac6ef4,9,5741.02,24,2026-04-25 09:00:00+00:00,RECHAZADO
2093,9bccd636-b9f8-471d-9f6d-2058e28b25f5,9,17959.34,36,2026-02-25 10:00:00+00:00,RECHAZADO
2094,1436408b-1530-4ec6-8a00-00a585968ecf,9,9715.34,12,2025-10-23 17:00:00+00:00,RECHAZADO
2095,3865b82b-b7be-4c19-88c8-16e8ee40c959,9,17302.66,12,2026-02-15 17:00:00+00:00,RECHAZADO
2096,bfa81ca0-4364-4482-abb0-ec83234acedb,9,26349.17,18,2026-03-09 15:00:00+00:00,RECHAZADO
2097,8ff2f297-34d3-4db8-80d4-97151c908e50,9,12194.45,24,2025-12-18 09:00:00+00:00,RECHAZADO
2098,99b6a62f-15c8-4227-94c4-e1e66ea4af70,9,27752.12,12,2025-10-03 10:00:00+00:00,RECHAZADO
2099,214916e8-f0b4-4ad3-98a0-dda034778145,9,21570.41,12,2026-02-17 09:00:00+00:00,RECHAZADO
2100,b76663c6-fb15-4eb3-b369-c9ec77819917,9,11666.28,36,2026-06-15 14:00:00+00:00,RECHAZADO
2101,0e1f08d9-b202-4307-903f-3d8ef51ac501,9,7925.31,18,2026-01-12 11:00:00+00:00,RECHAZADO
2102,a359935a-dbe7-4d36-ae3e-ce2271547be8,9,5549.94,18,2025-12-17 13:00:00+00:00,RECHAZADO
2103,80a86d19-36b4-41da-bd53-743726219df8,9,16548.56,18,2025-11-25 12:00:00+00:00,RECHAZADO
2104,c2174283-878a-4a87-94de-1c8e6ca2169e,9,28565.31,18,2026-03-06 11:00:00+00:00,RECHAZADO
2105,4643ed85-8992-4bf8-94f7-b6635d4ee42c,9,14825.79,24,2025-10-16 15:00:00+00:00,RECHAZADO
2106,16702a74-f9a6-467b-8d4d-8233dea348ae,9,25978.16,36,2026-02-06 15:00:00+00:00,RECHAZADO
2107,4b73dcf5-408c-4595-8429-6b5682b71459,9,25492.30,24,2025-11-21 13:00:00+00:00,RECHAZADO
2108,9cecd89f-5b28-46bb-bef8-8293fd3994b1,9,32215.91,36,2026-01-20 17:00:00+00:00,RECHAZADO
2109,17bf080b-9e1f-419c-9379-32e35372c1f1,9,34683.79,36,2026-06-20 17:00:00+00:00,RECHAZADO
2110,3ff33f42-74e0-4d04-bddd-e297b048c66b,9,6238.82,24,2025-12-31 13:00:00+00:00,RECHAZADO
2111,aa6bbceb-67c2-455c-be06-091313b6e6d8,9,34941.64,24,2026-03-05 13:00:00+00:00,RECHAZADO
2112,de64651a-8483-4a0b-8500-ac4da1bd77f3,9,13722.47,36,2026-05-04 14:00:00+00:00,RECHAZADO
2113,6f663ee9-2534-4ba1-a000-bbb63b6a48f7,9,27089.01,18,2026-02-24 16:00:00+00:00,RECHAZADO
2114,f4017651-02dc-4e25-a3de-3816101c453c,9,14375.06,12,2026-04-09 13:00:00+00:00,RECHAZADO
2115,386ce28b-38dd-4be0-abcd-f4e1237881d7,9,18492.33,12,2026-06-10 10:00:00+00:00,RECHAZADO
2116,d43108d5-05ef-481e-a43e-dbe9bc76a015,9,20809.94,18,2026-01-08 15:00:00+00:00,RECHAZADO
2117,9e04a052-107c-4fd1-9eee-8cc123f92b49,9,24389.03,12,2026-06-05 10:00:00+00:00,RECHAZADO
2118,dedd460e-24aa-433c-922c-c86958187edd,9,24174.25,12,2026-03-09 16:00:00+00:00,RECHAZADO
2119,71b4566e-30da-415e-b978-eccad380b85a,9,20210.40,36,2026-06-12 13:00:00+00:00,RECHAZADO
2120,e4f4bae7-f586-4f54-868e-8d62c8d0e537,9,4908.25,24,2026-04-22 16:00:00+00:00,RECHAZADO
2121,ee6c6eb6-d904-4299-87a9-c212cbf0c5e7,9,15442.74,12,2026-05-09 10:00:00+00:00,RECHAZADO
2122,7fa59a06-a406-4102-ae41-6c94a5e77a6f,9,13354.91,24,2026-05-25 11:00:00+00:00,RECHAZADO
2123,ef6aa74f-c9d0-42b1-adc6-8d2760c7c5f1,9,13039.97,18,2026-03-10 12:00:00+00:00,RECHAZADO
2124,d25c38e5-0be0-4ff2-8b86-e647ba792f29,9,9473.79,12,2026-01-11 17:00:00+00:00,RECHAZADO
2125,57f49d27-008c-4c53-8f8b-cba7ee539ff9,9,9371.05,18,2026-01-10 10:00:00+00:00,RECHAZADO
2126,b66c34bd-d535-451c-b6bc-6a55eab361b0,9,25261.62,24,2025-12-19 14:00:00+00:00,RECHAZADO
2127,a62a9058-9723-4fe5-b49c-e45bf8564769,9,8455.24,18,2025-11-11 14:00:00+00:00,RECHAZADO
2128,66243307-6e84-4d20-bff8-cdf2c1069b8c,9,15703.97,12,2026-04-20 09:00:00+00:00,RECHAZADO
2129,2bf1e2bb-9f73-47aa-921c-a73692b6bc30,9,20014.90,18,2025-12-15 12:00:00+00:00,RECHAZADO
2130,2e01baa6-21d4-47cb-b593-a582097dc6db,9,12739.20,12,2026-05-02 17:00:00+00:00,RECHAZADO
2131,6798706d-8baa-462e-8c75-348ef1d9b7cf,9,28843.46,24,2026-04-07 10:00:00+00:00,RECHAZADO
2132,ee7b5391-2943-4474-a3c8-5acad32513ba,9,27289.73,12,2026-05-06 15:00:00+00:00,RECHAZADO
2133,613d8b10-fcc0-4864-a741-76fee36b4801,9,4225.63,18,2026-05-27 14:00:00+00:00,RECHAZADO
2134,cadec0cc-bd55-482d-a4f1-9ed940f016b1,9,19615.83,24,2025-10-07 10:00:00+00:00,RECHAZADO
2135,bfafd554-3775-4965-b47f-614e36ae5dfd,9,30285.60,12,2026-06-26 13:00:00+00:00,RECHAZADO
2136,8c525462-9e6a-4468-8b27-0a723cf7f394,9,15280.90,12,2026-01-23 09:00:00+00:00,RECHAZADO
2137,7fcba088-f3c5-43df-8288-f4b817772bdb,9,11756.08,18,2026-02-01 14:00:00+00:00,RECHAZADO
2138,7035adb7-3a44-40dc-b5d4-d011c57fcad7,9,7660.86,24,2025-12-19 13:00:00+00:00,RECHAZADO
2139,41c0312e-c9e0-414a-b732-b0a4a6cc9db1,9,6171.28,36,2026-01-12 13:00:00+00:00,RECHAZADO
2140,8ea4cb84-5ff9-4962-a3e6-42c2aef88b69,9,7843.63,36,2025-11-27 12:00:00+00:00,RECHAZADO
2141,2e983743-61ae-47c4-980e-65ca388c7970,9,33336.86,12,2026-06-26 13:00:00+00:00,RECHAZADO
2142,1b984c36-275b-45cb-9f23-9766b7042582,9,10619.77,36,2025-11-09 10:00:00+00:00,RECHAZADO
2143,ceac1026-d228-48cb-a2a5-0e0ab94676a8,9,24440.07,12,2025-11-14 13:00:00+00:00,RECHAZADO
2144,e2f39e6f-638b-45e8-8a41-44cc8ac5b2cb,9,17872.27,18,2026-04-12 09:00:00+00:00,RECHAZADO
2145,479af52b-cbf4-49f1-a4cc-79806ee3c2ff,9,28124.42,18,2026-06-24 13:00:00+00:00,RECHAZADO
2146,2df9245f-b87d-44e5-bd6f-e57534b47db1,9,27737.92,12,2026-06-09 12:00:00+00:00,RECHAZADO
2147,7380eece-79bd-4f06-9f35-7802691ddb13,9,22864.25,18,2025-10-14 14:00:00+00:00,RECHAZADO
2148,49da74dc-4616-4a59-a47e-0e32e968aef1,9,27429.51,12,2026-04-06 16:00:00+00:00,RECHAZADO
2149,9f13f62b-1918-40a7-82d5-de5143193cec,9,34329.09,12,2026-06-01 17:00:00+00:00,RECHAZADO
2150,e8b43eae-9ce3-469a-b0aa-125baec8bac5,9,33919.24,12,2026-04-16 16:00:00+00:00,RECHAZADO
2151,aa5d225b-99cf-4d05-a40b-5b244af15422,9,26620.24,18,2026-05-25 16:00:00+00:00,RECHAZADO
2152,9f7d6347-999d-4e1f-8550-f2d15c5ffd49,9,22745.12,36,2025-11-20 10:00:00+00:00,RECHAZADO
2153,d873c32c-4c47-4f36-92f6-55173efb3a03,9,32307.68,12,2025-12-11 15:00:00+00:00,RECHAZADO
2154,15c62fe5-7f9c-45d7-8887-40410f44e13e,9,29232.81,24,2026-03-27 14:00:00+00:00,RECHAZADO
2155,89caf3e6-6851-4b04-9a3a-da7cec175dc2,9,4923.03,12,2026-03-06 14:00:00+00:00,RECHAZADO
2156,493a44d8-f8b7-4d8e-85a7-5e45b0bb7b2a,9,11940.62,18,2025-11-21 14:00:00+00:00,RECHAZADO
2157,ff1ebb2d-6f96-49fa-8bea-435e7246747c,9,16402.33,18,2025-10-20 15:00:00+00:00,RECHAZADO
2158,88f22e53-79a2-4908-a008-a7a51304d336,9,20210.01,18,2025-12-21 12:00:00+00:00,RECHAZADO
2159,cda5deed-3d08-420c-9305-243c148f5577,9,23909.00,24,2026-03-26 11:00:00+00:00,RECHAZADO
2160,4d848cbd-9cc4-4604-917d-ee64d1147e94,9,14449.68,18,2026-03-08 09:00:00+00:00,RECHAZADO
2161,bf511172-c54f-4ef7-8f81-122a561d8fdb,9,39594.26,18,2025-11-29 11:00:00+00:00,RECHAZADO
2162,30e224c0-7109-47ad-8b70-8d142381ccd0,9,13651.25,24,2025-12-27 14:00:00+00:00,RECHAZADO
2163,79f31f83-7f0a-47ba-a5ad-da62ff88b511,9,36191.82,12,2026-01-07 17:00:00+00:00,RECHAZADO
2164,f0584cc0-0807-4397-ab70-745936128fb3,9,31339.09,24,2025-10-20 10:00:00+00:00,RECHAZADO
2165,7f25c1c0-eefd-46cb-a5d9-59dbd71c1c5f,9,18832.20,36,2026-02-18 12:00:00+00:00,RECHAZADO
2166,e1cfd200-4ee4-471f-a0f2-606a814ad9f2,9,31748.72,36,2025-11-12 11:00:00+00:00,RECHAZADO
2167,d7310d08-da1c-4d5d-bd75-14e26b1d4a52,9,22346.76,18,2026-06-22 11:00:00+00:00,RECHAZADO
2168,6943c261-f8ff-4fce-bb55-f1da4e4416e6,9,6331.33,18,2026-04-14 09:00:00+00:00,RECHAZADO
2169,40de8e40-4dc0-4706-8d42-71a984410512,9,23998.41,18,2025-12-01 14:00:00+00:00,RECHAZADO
2170,6ff0fea9-b326-463a-a34c-2780b55bbe93,9,18787.18,36,2026-03-02 12:00:00+00:00,RECHAZADO
2171,1156fc18-ec28-4c9f-87ab-08c6f19f7483,9,18307.81,24,2026-01-09 15:00:00+00:00,RECHAZADO
2172,a91007ca-7ff8-4a55-beba-787f85e5c321,9,9683.33,12,2026-01-16 16:00:00+00:00,RECHAZADO
2173,d343e4c6-8b8f-410c-8d09-132bc9ef52dd,9,24569.26,24,2026-04-25 14:00:00+00:00,RECHAZADO
2174,17ac4cf2-a01b-48e5-b65f-53b57d1fa1de,9,37953.98,18,2026-05-02 09:00:00+00:00,RECHAZADO
2175,f2eb36b6-cbbd-4199-a2fe-137028bf86b7,9,12534.13,36,2026-06-04 12:00:00+00:00,RECHAZADO
2176,2d06c41b-b92a-4fe8-98dc-a3cafd36f3f2,9,37295.41,12,2026-06-20 12:00:00+00:00,RECHAZADO
2177,02b20fcd-c5d9-4812-9a3c-7a6488d67271,9,38923.32,12,2026-02-02 15:00:00+00:00,RECHAZADO
2178,86d8974e-0246-4f91-99d4-d8b38ae1b4ff,9,17300.67,36,2026-03-28 10:00:00+00:00,RECHAZADO
2179,f76c8042-26d0-4d30-920d-db7cb7b8e705,9,33472.19,36,2025-12-30 12:00:00+00:00,RECHAZADO
2180,99fcf6ce-a3ce-4902-8c5c-65aa1a031e79,9,13243.01,12,2026-02-05 09:00:00+00:00,RECHAZADO
2181,b03b91ff-6686-43bf-9bff-8d8684fb4882,9,24233.34,18,2026-04-05 13:00:00+00:00,RECHAZADO
2182,ed2acf12-2849-4eac-8d96-b279e05f0dee,9,10487.58,12,2025-10-01 13:00:00+00:00,RECHAZADO
2183,935cd433-693a-499b-a1a6-079f73e7d5ad,9,31333.79,12,2025-11-09 15:00:00+00:00,RECHAZADO
2184,8ca7660a-affd-46dd-8fce-7cdef4bb5776,9,27347.07,12,2026-03-25 12:00:00+00:00,RECHAZADO
2185,d2d84c71-2895-4963-80e1-97b86081c17e,9,32828.68,18,2026-05-11 11:00:00+00:00,RECHAZADO
2186,a835442d-3823-43f7-8d35-4f374f1b09d1,9,21193.92,36,2026-04-26 17:00:00+00:00,RECHAZADO
2187,a261f8bc-2978-4f41-a4c5-8ee12f1355b2,9,17042.44,24,2025-10-04 17:00:00+00:00,RECHAZADO
2188,b7f0df35-2848-4b03-bc4b-6a9c428177b0,9,20539.41,24,2026-06-10 14:00:00+00:00,RECHAZADO
2189,a1c6a5c0-2578-45fd-b2bb-c518e38b3260,9,13384.20,36,2026-05-07 09:00:00+00:00,RECHAZADO
2190,12bddd25-227a-4745-b30c-98c703c0fbf7,9,28558.45,24,2025-12-31 14:00:00+00:00,RECHAZADO
2191,93367c1a-ba39-442e-bf4c-f308737bcdcc,9,13721.92,18,2026-02-15 16:00:00+00:00,RECHAZADO
2192,ab15c023-f021-4cbf-a687-0f9a9459d065,9,30535.94,24,2026-06-02 12:00:00+00:00,RECHAZADO
2193,7b833bd3-7442-42e5-9a29-89689df7faee,9,36755.14,24,2026-03-20 12:00:00+00:00,RECHAZADO
2194,52baaae6-6e74-4386-bf8a-f1e906bbd7d9,9,25220.60,12,2026-01-20 17:00:00+00:00,RECHAZADO
2195,6fd4f1bd-43a8-4009-931f-73042c1e46ea,9,4484.29,12,2026-04-24 14:00:00+00:00,RECHAZADO
2196,223e5c3c-ee67-4e67-a5ec-426e1b152b28,9,22697.82,24,2026-02-18 10:00:00+00:00,RECHAZADO
2197,df9b0f9e-e9b4-4bf5-bc67-e55cee86abdf,9,36126.65,18,2026-02-08 11:00:00+00:00,RECHAZADO
2198,97e03d38-8c8f-48ee-9200-6967b40659d9,9,28175.83,12,2026-02-11 16:00:00+00:00,RECHAZADO
2199,64e4953d-a528-440b-bcb8-9e5826bef42c,9,25011.58,12,2025-11-11 14:00:00+00:00,RECHAZADO
2200,afef1f75-0801-47dc-b7b6-44bac106e482,9,15888.71,18,2025-12-18 10:00:00+00:00,RECHAZADO
2201,c7bd320d-982c-45be-b0dd-41d465385bfa,9,8566.36,18,2026-06-23 11:00:00+00:00,RECHAZADO
2202,134d6e0f-7bb0-4e41-8731-76bb38b386f6,9,22336.43,24,2026-02-23 10:00:00+00:00,RECHAZADO
2203,9da615f8-472c-4fe6-942c-95504fb497cc,9,14573.45,18,2026-06-22 16:00:00+00:00,RECHAZADO
2204,babe7a3d-2aff-4d89-8378-316bdad7cfdd,9,7857.12,24,2025-12-31 13:00:00+00:00,RECHAZADO
2205,4e811a76-507e-44bf-b68f-e2724292039f,9,38103.58,12,2026-05-08 16:00:00+00:00,RECHAZADO
2206,1bdee615-1d97-4a48-a776-635cbc0e86bf,9,16507.49,12,2026-05-07 13:00:00+00:00,RECHAZADO
2207,8ea4cb84-5ff9-4962-a3e6-42c2aef88b69,9,13737.14,12,2026-02-21 16:00:00+00:00,RECHAZADO
2208,78dfc381-2559-4ef8-aa10-541b9f7b2381,9,35477.19,12,2026-04-13 11:00:00+00:00,RECHAZADO
2209,58ded081-30c1-4933-8eb8-c62612f6ab30,9,25691.65,12,2025-12-20 13:00:00+00:00,RECHAZADO
2210,6adcfb94-8929-4e38-98a3-5a7c92cde8af,9,4097.64,12,2025-10-03 17:00:00+00:00,RECHAZADO
2211,2d93a365-ca5d-45c4-99db-373567e2b084,9,22275.07,12,2026-04-29 17:00:00+00:00,RECHAZADO
2212,c8a68894-d9f1-4b9c-a5d1-ca349b8ea52d,9,21462.49,18,2026-02-17 14:00:00+00:00,RECHAZADO
2213,7edf1c92-5da4-45b5-8a93-b03120d55223,9,6059.42,18,2026-06-08 11:00:00+00:00,RECHAZADO
2214,d20a1632-9ebf-4904-b2c0-dde25c396fd5,9,10451.30,36,2026-04-14 16:00:00+00:00,RECHAZADO
2215,2d0069c8-4de7-454c-a719-59d92ecc5a17,9,26914.65,24,2026-03-22 12:00:00+00:00,RECHAZADO
2216,e5d5d618-10cf-4236-a0e3-8dc2b12a07b3,9,33650.30,24,2025-11-03 17:00:00+00:00,RECHAZADO
2217,61b3352c-f409-4403-a107-784b0067e25d,9,29165.43,18,2026-01-26 10:00:00+00:00,RECHAZADO
2218,22d03a32-4377-4a4f-a43e-66eb3b090ad9,9,35849.37,36,2026-05-22 13:00:00+00:00,RECHAZADO
2219,6c0f948d-3852-430a-b8be-bfc2fced021b,9,35154.86,18,2026-04-23 10:00:00+00:00,RECHAZADO
2220,a5374720-885d-4349-a486-ada3bcd417f9,9,26228.99,18,2026-04-22 16:00:00+00:00,RECHAZADO
2221,762a9387-1363-40e0-a338-852a1edafa2a,9,9149.78,18,2026-05-26 12:00:00+00:00,RECHAZADO
2222,b226cec6-cb0b-4d53-a7c2-a30bfaa9cd58,9,29294.09,12,2025-11-17 15:00:00+00:00,RECHAZADO
2223,bc11baec-c194-4abf-9886-96e46b7aa48e,9,22825.26,18,2026-01-04 17:00:00+00:00,RECHAZADO
2224,fc9d18e3-9d0e-48d0-ab3f-b2723d8f7d5f,9,30566.09,36,2026-03-11 17:00:00+00:00,RECHAZADO
2225,e3d84a23-3429-4336-8c17-5013d18cdcc8,9,38799.28,18,2026-05-17 14:00:00+00:00,RECHAZADO
2226,c0c3ae9e-eb33-4b5e-9474-1036144c0922,9,7920.07,12,2025-10-01 12:00:00+00:00,RECHAZADO
2227,73ca344c-e2cf-45a8-95a3-d92458cbaaa3,9,5448.57,24,2026-04-12 10:00:00+00:00,RECHAZADO
2228,42e9fee0-d88f-414b-a7e4-9363d20c9bcd,9,10216.60,12,2025-12-15 10:00:00+00:00,RECHAZADO
2229,d0903018-b9de-4a20-bb56-2c53b8da7e56,9,32308.03,24,2026-01-06 12:00:00+00:00,RECHAZADO
2230,1021a12a-834a-4e64-a3c6-6f0a1f2ed6c4,9,8342.22,12,2025-11-26 09:00:00+00:00,RECHAZADO
2231,1aca19d4-3418-42a1-9c78-1b40e753db0b,9,8113.54,12,2026-04-01 17:00:00+00:00,RECHAZADO
2232,38a3f058-e31d-4e1d-8e2b-861f8bc6c3ef,9,4856.55,24,2026-03-06 09:00:00+00:00,RECHAZADO
2233,f4269331-d940-459c-a5e7-5c71a93371bc,9,35560.85,18,2026-06-19 15:00:00+00:00,RECHAZADO
2234,781d9e7e-c293-4286-9b2e-9f6e06f448c4,9,5276.83,24,2025-10-19 14:00:00+00:00,RECHAZADO
2235,e2f9a9a3-3f09-4fbd-8265-0054f2b359d4,9,8240.93,12,2026-04-21 17:00:00+00:00,RECHAZADO
2236,861c4da2-703b-4a15-bf63-0a5bed8adda1,9,29957.05,12,2026-02-01 15:00:00+00:00,RECHAZADO
2237,a9423219-6672-4fed-8571-4f2afd3699b3,9,7582.83,24,2025-11-15 16:00:00+00:00,RECHAZADO
2238,1f6fc056-d010-487b-a484-27b76ea855b0,9,20625.33,18,2025-12-28 13:00:00+00:00,RECHAZADO
2239,de2e2294-7cbf-40c4-bbc7-3e718d81af2b,9,21380.58,12,2026-04-27 17:00:00+00:00,RECHAZADO
2240,e6d82598-dba4-4b3f-a69a-891dfdf95efb,9,24189.40,18,2026-03-25 09:00:00+00:00,RECHAZADO
2241,4224383f-80c7-4bc3-9fcd-cd8ad8079352,9,25312.67,18,2026-02-26 15:00:00+00:00,RECHAZADO
2242,3a6cfed3-f3d1-45dc-a47c-301e61c73f71,9,15287.00,12,2026-05-07 09:00:00+00:00,RECHAZADO
2243,9e0760d8-21aa-4c4a-9d63-597319b75b1e,9,11565.17,36,2025-10-08 10:00:00+00:00,RECHAZADO
2244,bb98e3b2-834a-4ac0-8995-029c1d4e78c4,9,24775.82,24,2025-10-17 10:00:00+00:00,RECHAZADO
2245,72f7cb75-6095-4d72-b8f1-878eeb2ed6ab,9,7985.18,18,2026-06-14 15:00:00+00:00,RECHAZADO
2246,dc0ff3df-a6b7-4151-827d-799d34bc7b7f,9,19170.57,12,2025-10-17 15:00:00+00:00,RECHAZADO
2247,39837e83-8b6c-4519-af47-3be8446421f3,9,32068.48,24,2026-02-09 13:00:00+00:00,RECHAZADO
2248,5271892f-ae78-45cf-b04b-8731d0fa19a4,9,18206.77,18,2026-03-21 15:00:00+00:00,RECHAZADO
2249,004bc916-b33d-46c7-bc60-f19a3973c4c5,9,13094.45,24,2025-12-26 09:00:00+00:00,RECHAZADO
2250,4f118565-a51f-48bd-b4f8-2fd3069e8667,9,7677.43,12,2026-06-03 12:00:00+00:00,RECHAZADO
2251,a9aee85e-c03a-4dde-b4ef-1af428bee1c0,9,3521.09,36,2026-03-04 14:00:00+00:00,RECHAZADO
2252,e2f396fb-5a23-4096-b880-5fb5f102a1c8,9,27878.78,36,2025-10-07 14:00:00+00:00,RECHAZADO
2253,85588869-2b2a-4ae2-b68b-387efac34ee4,9,37458.13,18,2026-05-20 17:00:00+00:00,RECHAZADO
2254,c0e6c40e-c909-4dad-baa7-3ce87f742ab7,9,4726.82,18,2026-04-25 17:00:00+00:00,RECHAZADO
2255,523b8608-f663-48e7-8b7e-a71b0420c894,9,38056.90,18,2026-01-15 17:00:00+00:00,RECHAZADO
2256,1977faa7-045b-4f50-9175-02e417776c20,9,28172.32,18,2026-02-15 11:00:00+00:00,RECHAZADO
2257,f5049af2-518d-4714-9ecf-bff4a661059e,9,38095.52,18,2026-06-11 17:00:00+00:00,RECHAZADO
2258,0f99979f-a154-417f-835b-2907b2f652ba,9,38090.51,36,2026-02-22 15:00:00+00:00,RECHAZADO
2259,52e8ead8-51a4-4ad2-87df-9df202420e43,9,27688.32,18,2025-10-02 15:00:00+00:00,RECHAZADO
2260,aade803f-9145-4f8f-9742-f513fcb170dd,9,31373.30,18,2026-03-03 13:00:00+00:00,RECHAZADO
2261,8bdf846e-ec75-47e0-ac86-1e8173b50353,9,14077.71,12,2025-10-27 12:00:00+00:00,RECHAZADO
2262,34c47539-cd10-4ab6-8ba3-2fd386688ee9,9,30927.30,12,2026-02-02 09:00:00+00:00,RECHAZADO
2263,979ab6fd-728d-44d9-a7a9-bbe176bea749,9,28879.52,18,2026-04-25 11:00:00+00:00,RECHAZADO
2264,bd40ea5b-79c9-418d-bb6a-bcabdace0f24,9,22167.27,12,2026-01-31 14:00:00+00:00,RECHAZADO
2265,97811e4e-4085-4076-9e4e-4c80dd9bba77,9,33458.32,36,2025-12-09 09:00:00+00:00,RECHAZADO
2266,0e0147da-7d0d-414d-ab2b-c934b539c881,9,7774.92,12,2026-03-23 13:00:00+00:00,RECHAZADO
2267,2a7e110a-35a0-40a2-8f29-8a89b888c289,9,19058.42,18,2025-10-29 14:00:00+00:00,RECHAZADO
2268,d0818b42-c451-4fd4-afcc-ba68db185336,9,14935.71,12,2025-10-24 10:00:00+00:00,RECHAZADO
2269,a3120b23-ded4-46c7-a81b-365836db94fd,9,10801.58,36,2025-10-10 14:00:00+00:00,RECHAZADO
2270,bbc01ef4-f9aa-486e-b2d4-5fdf0d44df37,9,26832.82,18,2025-12-05 16:00:00+00:00,RECHAZADO
2271,f5f12a1f-eefe-4a88-bc15-59e22f0369c1,9,39527.77,18,2026-04-30 16:00:00+00:00,RECHAZADO
2272,58d2ff48-6e59-4df9-84bc-e0be8c9eb285,9,5053.78,12,2025-12-13 10:00:00+00:00,RECHAZADO
2273,f3ee7674-6d27-4660-ba43-f6681e316f92,9,3011.53,18,2026-06-10 15:00:00+00:00,RECHAZADO
2274,b32553c1-ea48-40ab-a2a4-71048c58b429,9,12646.73,24,2025-11-06 13:00:00+00:00,RECHAZADO
2275,4d6a103b-f964-4469-a71e-fe4e7bca4024,9,26401.75,36,2026-06-12 17:00:00+00:00,RECHAZADO
2276,64c41bf4-ea6c-4975-b6eb-8b635955690f,9,8405.95,12,2025-11-14 13:00:00+00:00,RECHAZADO
2277,53b208c1-109a-41df-8fc6-44b1368e7f90,9,4546.71,12,2026-03-11 16:00:00+00:00,RECHAZADO
2278,25b6ea97-8427-4eca-a2af-9002894f20c5,9,32323.79,18,2025-12-22 12:00:00+00:00,RECHAZADO
2279,dd2e0ece-238f-49cf-96d6-9a549a3eedc0,9,27049.21,18,2026-06-26 13:00:00+00:00,RECHAZADO
2280,ceed1af1-4ab1-4599-81ac-fac705754988,9,6404.64,18,2026-01-13 10:00:00+00:00,RECHAZADO
2281,19bdf741-85d6-443d-bdcd-60570a43ac5a,9,29385.57,12,2026-04-09 17:00:00+00:00,RECHAZADO
2282,535380f4-8d18-4bfa-988b-07d74ae30edf,9,39893.45,12,2025-12-30 11:00:00+00:00,RECHAZADO
2283,3d634e65-a907-49ee-848c-e2fd36223962,9,12530.64,12,2026-03-04 10:00:00+00:00,RECHAZADO
2284,be6cb83a-52f2-4757-82be-e892d0feb112,9,13069.31,12,2026-01-02 17:00:00+00:00,RECHAZADO
2285,2e68c42d-1643-40e1-b97e-6dd4dd6c6ebd,9,30867.88,24,2026-06-07 16:00:00+00:00,RECHAZADO
2286,3e7602c5-ce41-4026-acd2-91451b2faabd,9,21374.31,18,2025-10-19 15:00:00+00:00,RECHAZADO
2287,14a98a76-7ca2-408d-ac6f-392abe4a7f0a,9,17424.60,18,2026-02-01 12:00:00+00:00,RECHAZADO
2288,f6c1077c-f6a5-4eb2-a1ff-9f10d104979b,9,17249.37,18,2025-12-15 11:00:00+00:00,RECHAZADO
2289,bb191812-b02d-4928-81e8-86459c7c8fb9,9,34953.50,24,2026-02-04 16:00:00+00:00,RECHAZADO
2290,7409a5aa-1ac0-4ee3-8002-458b72b317a4,9,30684.60,18,2026-02-21 15:00:00+00:00,RECHAZADO
2291,8578df4b-3ac9-4d1a-9319-1543ebae761d,9,17958.96,18,2026-01-17 11:00:00+00:00,RECHAZADO
2292,712407bc-5f04-4c17-b08d-747af0a4dd01,9,10370.54,12,2026-06-04 15:00:00+00:00,RECHAZADO
2293,3f8685a8-bbaa-4301-a240-aa51da5913cf,9,37819.50,24,2026-06-12 10:00:00+00:00,RECHAZADO
2294,fb5f5f50-de82-414d-b386-421c67c28e8e,9,24955.45,36,2025-10-15 12:00:00+00:00,RECHAZADO
2295,ed360c0b-3c10-41e0-95ba-8cc3f1cf594d,9,3137.40,24,2025-10-20 10:00:00+00:00,RECHAZADO
2296,82630c9c-bce5-469b-965f-396d0dc2dac8,9,9632.66,18,2026-06-25 11:00:00+00:00,RECHAZADO
2297,8c358f57-3105-4ad3-b4a2-8c9b184a90c4,9,29702.13,12,2026-01-20 15:00:00+00:00,RECHAZADO
2298,d26b87eb-48e5-4a22-b612-8a35246b7630,9,13142.63,24,2026-06-15 14:00:00+00:00,RECHAZADO
2299,468a3999-2ebc-4566-8b7f-85ca54065cbe,9,26304.65,12,2026-04-04 13:00:00+00:00,RECHAZADO
2300,165acebe-9ab0-4f75-8c65-58e8d6360a0e,9,31083.98,24,2026-03-21 12:00:00+00:00,RECHAZADO
2301,ea1e8843-0bdf-4575-984f-7361abd0b292,9,17791.28,18,2026-02-17 17:00:00+00:00,RECHAZADO
2302,f1d9b2b8-ad3d-4236-88ca-97f236dc453f,9,32171.86,18,2026-02-24 17:00:00+00:00,RECHAZADO
2303,44705bbf-04c6-4ed3-8158-0ed4f59279d7,9,29565.21,18,2026-03-25 11:00:00+00:00,RECHAZADO
2304,c5439609-2e32-47ec-9084-64f0a0e4c6ee,9,7151.82,12,2026-03-03 14:00:00+00:00,RECHAZADO
2305,236d611b-dc35-4a8b-a003-95987933a41a,9,21024.63,18,2026-03-05 09:00:00+00:00,RECHAZADO
2306,fe07af23-38ca-4693-b30f-728d561a7bd9,9,30949.75,18,2026-04-20 14:00:00+00:00,RECHAZADO
2307,f1cea690-7891-4730-b120-b8760972a975,9,23667.10,12,2026-06-26 12:00:00+00:00,RECHAZADO
2308,f0d36068-5270-4747-a9e4-36cd683a3e9a,9,6388.59,24,2026-04-13 17:00:00+00:00,RECHAZADO
2309,f6ec05d6-b1e6-4456-b36c-0f656f67e4c8,9,10423.38,24,2026-02-02 16:00:00+00:00,RECHAZADO
2310,b43e0208-cdf7-4c4b-975e-219a5096fcaf,9,38689.98,12,2026-03-17 12:00:00+00:00,RECHAZADO
2311,0b1ac15d-4af8-4d54-8ed7-7fe612927c22,9,35604.76,12,2026-01-17 10:00:00+00:00,RECHAZADO
2312,8f3e76d1-5bff-4108-bcb4-f58ba2b2006a,9,13876.24,12,2026-06-21 11:00:00+00:00,RECHAZADO
2313,1c09cb5a-5b37-4371-9c8d-94ea19f979d2,9,36327.36,36,2026-01-01 10:00:00+00:00,RECHAZADO
2314,7388b84d-5733-4d62-b0ec-211cf94cf582,9,6262.87,36,2026-04-25 15:00:00+00:00,RECHAZADO
2315,5163034a-7bea-4e1e-8423-2e0dc73a2ec2,9,38210.77,36,2026-06-14 10:00:00+00:00,RECHAZADO
2316,478dadb0-dfd9-4ec0-bdfb-be3ec854bc83,9,14729.16,18,2026-05-29 15:00:00+00:00,RECHAZADO
2317,062db9f8-6aaa-46c8-8eb0-c1f96f6b3178,9,14915.36,18,2026-04-23 13:00:00+00:00,RECHAZADO
2318,52e8ead8-51a4-4ad2-87df-9df202420e43,9,39090.37,24,2026-02-02 13:00:00+00:00,RECHAZADO
2319,003992b7-78e5-467d-91b5-1d496d11e239,9,18012.39,18,2025-10-10 10:00:00+00:00,RECHAZADO
2320,cb19171e-abd2-4802-bc5b-72b986f2a008,9,13064.19,12,2026-05-29 17:00:00+00:00,RECHAZADO
2321,3826607c-5803-4e2d-a5a5-c6a9147b9ed7,9,39919.65,12,2026-02-10 10:00:00+00:00,RECHAZADO
2322,50512ac5-6fc1-4ab8-8a9f-a3a93d86d3bd,9,11112.45,24,2026-03-23 11:00:00+00:00,RECHAZADO
2323,e5bf5bb6-09d5-4aa1-aaef-0413811ce47e,9,18839.16,18,2026-03-13 14:00:00+00:00,RECHAZADO
2324,d56d8392-1320-4a69-89eb-9ccc088dc40f,9,35453.95,12,2026-04-25 16:00:00+00:00,RECHAZADO
2325,d3970b73-91c7-4617-aa1d-991a25449144,9,18774.24,18,2025-11-22 15:00:00+00:00,RECHAZADO
2326,c4d9786f-884c-4e0b-aa38-8080ecb24faa,9,9435.56,18,2026-04-29 12:00:00+00:00,RECHAZADO
2327,77f82ea8-3fa2-436f-90b9-982550e2e706,9,34865.05,18,2026-03-25 11:00:00+00:00,RECHAZADO
2328,e1b75f53-89ec-42b8-993d-7148c9d86afe,9,26476.46,36,2025-10-17 09:00:00+00:00,RECHAZADO
2329,7b19b11a-3bf3-4677-83b3-5e626a648a30,9,30358.04,36,2025-12-18 11:00:00+00:00,RECHAZADO
2330,0b33767e-d5c7-45bb-bdee-b1b889cfa7fb,9,36080.54,18,2025-12-22 10:00:00+00:00,RECHAZADO
2331,70517e20-8c26-47c1-a665-05cf5b585039,9,38323.66,24,2026-06-22 09:00:00+00:00,RECHAZADO
2332,c526ca85-9298-4c0f-a59b-a8d86912c3fc,9,32905.11,12,2025-11-01 17:00:00+00:00,RECHAZADO
2333,aafe5e16-7819-4793-a165-0b2b31e04d26,9,37958.88,24,2026-06-08 17:00:00+00:00,RECHAZADO
2334,14f58d0a-684f-46d5-8634-1c604ac71609,9,23940.67,24,2025-12-07 14:00:00+00:00,RECHAZADO
2335,508468a4-fa56-4b1a-afc2-e23ecf4959f5,9,14899.07,12,2025-10-19 11:00:00+00:00,RECHAZADO
2336,a8de5750-8251-41d0-bdf2-3dc5eb2a948d,9,27062.25,12,2026-03-26 16:00:00+00:00,RECHAZADO
2337,e411b63c-d787-4471-9e2a-96b7ac3564e2,9,38885.80,18,2026-06-25 17:00:00+00:00,RECHAZADO
2338,24962c69-2775-471c-83cd-add10228157e,9,22772.41,36,2026-05-20 15:00:00+00:00,RECHAZADO
2339,1ed70b1e-87e9-4fd5-abd6-765b93c53707,9,7879.76,18,2026-06-28 16:00:00+00:00,RECHAZADO
2340,cebb102c-4356-49c4-b805-50b1b507a2eb,9,14770.00,24,2025-11-04 12:00:00+00:00,RECHAZADO
2341,8bb479b6-7d5e-446f-8556-f12129023cb9,9,31703.99,36,2026-04-26 15:00:00+00:00,RECHAZADO
2342,9605db55-39d8-493e-ad87-fce7c2601254,9,16348.03,18,2026-02-01 16:00:00+00:00,RECHAZADO
2343,38e1ca40-cbc9-4596-b00b-5d8055ab1177,9,22052.74,24,2026-05-20 16:00:00+00:00,RECHAZADO
2344,43a5c7f6-f04a-4e1e-93e8-a7cef49e0005,9,33400.39,12,2026-02-03 16:00:00+00:00,RECHAZADO
2345,97811e4e-4085-4076-9e4e-4c80dd9bba77,9,35335.99,24,2026-01-30 11:00:00+00:00,RECHAZADO
2346,ecb30763-5e78-4449-a488-f20b5288b561,9,16105.34,24,2026-02-12 17:00:00+00:00,RECHAZADO
2347,165eeb2f-a574-425e-a1b5-bc551b762606,9,4945.42,18,2026-06-13 17:00:00+00:00,RECHAZADO
2348,2970b4df-289e-4b1d-9d18-90e92f7ca5ea,9,18283.85,24,2025-12-15 17:00:00+00:00,RECHAZADO
2349,a835442d-3823-43f7-8d35-4f374f1b09d1,9,32258.15,24,2026-06-16 10:00:00+00:00,RECHAZADO
2350,661656a8-b372-4151-b151-dabd40e04560,9,27024.59,12,2026-02-02 12:00:00+00:00,RECHAZADO
2351,af6bf0b8-43c2-41c7-a832-7cc6d6ee6d02,9,24495.35,24,2026-05-30 16:00:00+00:00,RECHAZADO
2352,8b4c0dcc-ef48-490e-b56e-1bae63ca1563,9,37469.42,18,2025-11-17 11:00:00+00:00,RECHAZADO
2353,78cb467b-fb68-4e66-9bea-9b6fa6c6530f,9,3233.05,24,2025-12-19 16:00:00+00:00,RECHAZADO
2354,6cec2b98-f02d-44db-9f1b-536af6370e41,9,14086.43,12,2025-11-19 14:00:00+00:00,RECHAZADO
2355,9fb6fe97-8f8c-4d60-8d56-6b9c7adb3a71,9,3538.17,12,2026-04-29 09:00:00+00:00,RECHAZADO
2356,dc51ac4b-f5c6-4aa5-9b70-21b7176dee8d,9,5696.02,18,2026-01-02 17:00:00+00:00,RECHAZADO
2357,00650fad-d4bf-438b-80fe-34c327d7ce5d,9,21267.01,12,2025-11-24 12:00:00+00:00,RECHAZADO
2358,a1937fc1-6718-4227-99df-46404693366f,9,3483.53,18,2025-11-21 17:00:00+00:00,RECHAZADO
2359,9830ec9e-bd49-477b-9d1c-eabf635ca4a0,9,11639.56,24,2025-11-05 13:00:00+00:00,RECHAZADO
2360,973cacdc-2415-4edb-a845-5e4de2adedcf,9,3855.31,24,2026-04-10 11:00:00+00:00,RECHAZADO
2361,9eafc56f-0ad0-4ff7-b152-703e3f7781db,9,4400.88,36,2026-02-17 11:00:00+00:00,RECHAZADO
2362,0b1ac15d-4af8-4d54-8ed7-7fe612927c22,9,7424.28,12,2026-05-09 16:00:00+00:00,RECHAZADO
2363,e7601647-ce1a-4a3e-93fa-5a91dd9a835b,9,17339.74,12,2026-03-09 17:00:00+00:00,RECHAZADO
2364,58e2c916-412b-4d65-b1ce-329e772272f0,9,31284.91,24,2025-12-13 09:00:00+00:00,RECHAZADO
2365,e3c8f7e6-ecd0-4be1-a8c4-a15add27fc6b,9,22772.40,12,2025-11-05 09:00:00+00:00,RECHAZADO
2366,05842b18-c5c0-4195-a320-1a99310a5680,9,27670.46,12,2026-03-10 17:00:00+00:00,RECHAZADO
2367,b1f52870-3927-41fb-bf54-386baf7ce25c,9,16683.04,12,2026-02-03 15:00:00+00:00,RECHAZADO
2368,78dfc381-2559-4ef8-aa10-541b9f7b2381,9,17171.43,18,2026-01-17 14:00:00+00:00,RECHAZADO
2369,de93ba53-ab0f-4462-8237-60d243eb3b2a,9,20811.25,24,2026-03-05 12:00:00+00:00,RECHAZADO
2370,1c6fdd5c-95d6-439c-af65-6ab67cd857ac,9,7905.65,12,2026-03-14 10:00:00+00:00,RECHAZADO
2371,8f54e5fb-b844-4a32-a669-a306a3d750bd,9,7174.34,12,2025-12-17 14:00:00+00:00,RECHAZADO
2372,5a1e8cb0-9746-4833-8e33-3c089741991b,9,18274.69,24,2026-02-09 14:00:00+00:00,RECHAZADO
2373,38401a32-f891-46a9-bf71-9dc1ff72e77f,9,17578.23,12,2026-04-10 13:00:00+00:00,RECHAZADO
2374,9a742ea5-b4ab-4274-9d02-49cb532f2295,9,39301.02,36,2026-03-29 14:00:00+00:00,RECHAZADO
2375,2783b0bc-f79a-4ead-96fe-815fffee2e24,9,7872.03,12,2026-02-13 16:00:00+00:00,RECHAZADO
2376,2b51fb7d-5234-4689-b877-298fc60f6f12,9,23948.43,18,2026-04-04 11:00:00+00:00,RECHAZADO
2377,211d6903-7c1c-42c0-b2b4-71475a3d7a81,9,12744.20,12,2026-03-07 13:00:00+00:00,RECHAZADO
2378,d329da77-754f-4146-b6b1-e4f31ac5d8f1,9,36687.07,36,2026-02-02 14:00:00+00:00,RECHAZADO
2379,d7f5ae03-56c3-4d96-be89-7d8b956d33c5,9,21465.20,12,2026-04-10 14:00:00+00:00,RECHAZADO
2380,5a7471e4-a795-4a5f-a1ba-af1d2d31d4da,9,16851.77,24,2026-04-30 14:00:00+00:00,RECHAZADO
2381,c2f8e806-3df8-40d5-aee5-dab50a51a087,9,17428.57,12,2026-04-28 16:00:00+00:00,RECHAZADO
2382,a3ab79e9-670c-40da-a3a2-ef5837cdd19b,9,27918.67,18,2025-11-10 16:00:00+00:00,RECHAZADO
2383,3b575056-b592-43e6-a689-5470628b30f5,9,31039.14,18,2026-03-21 17:00:00+00:00,RECHAZADO
2384,0e361edd-cc04-4dfb-bf80-bb0e26a4e219,9,10963.69,12,2026-01-29 16:00:00+00:00,RECHAZADO
2385,6e1a7dbb-2748-4e33-a3f4-8a15fa5c6809,9,27579.43,18,2026-03-26 12:00:00+00:00,RECHAZADO
2386,6b6422b3-63db-489d-ba48-253c013a4372,9,39590.53,24,2025-11-14 10:00:00+00:00,RECHAZADO
2387,bfe646e1-d343-4b26-8527-4bfea194725b,9,7141.52,18,2026-06-13 10:00:00+00:00,RECHAZADO
2388,00159007-c8a8-4cb2-895c-f083d0c196ea,9,33830.94,18,2026-03-22 17:00:00+00:00,RECHAZADO
2389,f47f8871-6044-49d8-9454-11391da2b5cc,9,24543.47,18,2026-02-27 11:00:00+00:00,RECHAZADO
2390,17155bde-8f1e-4e74-9417-4a2ed48868bc,9,14770.60,24,2025-10-19 12:00:00+00:00,RECHAZADO
2391,36951cbf-3c1a-423f-a76f-ebb784a675f2,9,12811.41,24,2026-04-22 10:00:00+00:00,RECHAZADO
2392,ec745361-5db4-40b2-a1c2-3b60ae262a78,9,16144.15,24,2026-03-16 12:00:00+00:00,RECHAZADO
2393,5a66077a-4aa1-4fdf-a05d-66a308bef5c5,9,21092.04,12,2025-10-28 13:00:00+00:00,RECHAZADO
2394,0c05f4c3-5866-4ea6-a615-0fe2f3ea3113,9,34279.69,36,2025-11-06 15:00:00+00:00,RECHAZADO
2395,f6276ce8-1029-43ec-a1c5-5df0d180f827,9,9894.97,36,2025-10-02 14:00:00+00:00,RECHAZADO
2396,6217646d-ab1e-4d0f-9125-f78f2a7accbc,9,37763.83,36,2026-03-07 13:00:00+00:00,RECHAZADO
2397,60646790-be16-4864-b498-68cb2b18def7,9,20724.55,24,2026-06-21 16:00:00+00:00,RECHAZADO
2398,c2154a77-1a5f-4c54-9f85-980a9e1405ae,9,39264.97,12,2026-02-18 16:00:00+00:00,RECHAZADO
2399,69515d8c-1772-46bf-bebd-61f9e1046d86,9,31694.04,24,2026-04-25 13:00:00+00:00,RECHAZADO
2400,37ce5e72-1db4-4d31-a182-926a1fa867bb,9,13960.61,12,2026-06-01 16:00:00+00:00,RECHAZADO
2401,cedb547d-204b-43b2-bfe8-d0947f1772ea,9,36983.78,12,2026-01-12 10:00:00+00:00,RECHAZADO
2402,9c51a229-191d-44e0-8656-e1efc4749806,9,17554.07,18,2026-03-25 15:00:00+00:00,RECHAZADO
2403,7fd8b31b-1bce-48d3-a7d8-2eaf6eb9ecfc,9,37040.69,24,2025-10-09 13:00:00+00:00,RECHAZADO
2404,3a9f253e-af68-4f6b-afc5-11c8c3ab0e56,9,8529.30,24,2025-12-29 17:00:00+00:00,RECHAZADO
2405,da468ba6-ff7a-487b-b943-32a4a0bc7b60,9,13963.77,12,2025-12-22 14:00:00+00:00,RECHAZADO
2406,b6303c44-4c24-46a7-9be8-29e130d9d77b,9,38541.08,18,2026-01-12 10:00:00+00:00,RECHAZADO
2407,e67e0553-147d-4673-b055-5b9892e1e50e,9,30458.90,24,2025-11-22 14:00:00+00:00,RECHAZADO
2408,47648019-0adb-4cc9-aa34-bf502a8526d7,9,30788.04,36,2026-02-27 10:00:00+00:00,RECHAZADO
2409,e8577a7d-f5ff-4975-86e4-a4083034f1c8,9,4744.30,12,2026-05-09 17:00:00+00:00,RECHAZADO
2410,f590ba7d-8d37-442f-a928-2a5ef9616130,9,27096.69,12,2026-03-25 12:00:00+00:00,RECHAZADO
2411,10cfd856-b6eb-40e6-9120-69cc3921d307,9,12280.55,36,2026-06-18 11:00:00+00:00,RECHAZADO
2412,f7eff7b9-21dc-4f37-91e2-0a952f829581,9,23699.97,18,2026-01-04 14:00:00+00:00,RECHAZADO
2413,75beaa08-a751-48c9-9b48-61fc9aee6ed7,9,17677.72,24,2026-04-28 13:00:00+00:00,RECHAZADO
2414,3e393ba8-fd60-4697-9c62-c0762a78ddf5,9,28121.66,36,2025-11-28 16:00:00+00:00,RECHAZADO
2415,f40bf766-27ac-4af2-a804-2cad609a314e,9,7713.54,12,2025-10-11 16:00:00+00:00,RECHAZADO
2416,fa963476-8045-4de3-a674-014d9232c902,9,18979.07,18,2025-10-24 10:00:00+00:00,RECHAZADO
2417,1791a404-d45e-49de-b00e-46a5491750e9,9,25101.67,18,2025-10-21 09:00:00+00:00,RECHAZADO
2418,e4685426-362a-4ae7-9b5b-ce205b995115,9,36292.47,18,2025-11-19 16:00:00+00:00,RECHAZADO
2419,630a25c7-dddb-48ca-bcbe-a2b7fe1dd467,9,21305.56,18,2025-10-21 09:00:00+00:00,RECHAZADO
2420,a2baa393-3052-42da-919a-592717f33fc2,9,5780.76,36,2026-06-26 13:00:00+00:00,RECHAZADO
2421,2f30a22b-a992-4720-a31d-a3411e6935df,9,10763.11,24,2026-02-24 16:00:00+00:00,RECHAZADO
2422,50260a5d-cc1e-484e-9737-34736929e8d3,9,12684.11,24,2026-06-07 11:00:00+00:00,RECHAZADO
2423,af1898b1-3986-41b8-98c7-dede8e9ee951,9,6263.66,24,2025-12-13 11:00:00+00:00,RECHAZADO
2424,183f8230-0a89-405a-96ea-ac9306ac214d,9,23000.44,18,2026-03-03 16:00:00+00:00,RECHAZADO
2425,0ec002ad-b083-47ab-8192-aa62e137487c,9,14304.46,18,2026-01-30 16:00:00+00:00,RECHAZADO
2426,a429c9c8-3205-494d-94b2-6750b2320434,9,6095.90,18,2026-02-04 15:00:00+00:00,RECHAZADO
2427,71cb14be-7742-4089-9285-44d2418981a2,9,6356.79,36,2026-02-11 09:00:00+00:00,RECHAZADO
2428,935cd433-693a-499b-a1a6-079f73e7d5ad,9,25419.71,24,2026-02-10 16:00:00+00:00,RECHAZADO
2429,b7cb82aa-ad99-455f-a6dd-db90d9400ef3,9,24042.17,18,2026-05-09 11:00:00+00:00,RECHAZADO
2430,96767ed6-fed9-4b8a-ad19-8222695618a2,9,26389.54,18,2026-06-17 15:00:00+00:00,RECHAZADO
2431,e995ae61-9ddb-47dc-9bf6-ecbcdb59f67e,9,13265.31,12,2025-10-17 12:00:00+00:00,RECHAZADO
2432,990dae68-1c49-4aa7-95c8-4e753685c254,9,5237.89,24,2026-03-15 13:00:00+00:00,RECHAZADO
2433,dd1940f9-b007-47cc-a612-1a8727a933c9,9,7100.04,18,2026-03-25 16:00:00+00:00,RECHAZADO
2434,9ca79c96-0e80-47f0-b5b4-1f94ea083564,9,13835.62,24,2026-04-12 17:00:00+00:00,RECHAZADO
2435,7e351200-384f-476e-8c1d-59239e61aafe,9,23272.07,12,2025-12-25 12:00:00+00:00,RECHAZADO
2436,f0c71bbd-164f-4fd7-b4dc-d92c6564e6e0,9,3008.77,12,2026-06-13 14:00:00+00:00,RECHAZADO
2437,039351dc-ca9e-4618-aed5-c325bddd5903,9,30896.71,18,2026-06-11 17:00:00+00:00,RECHAZADO
2438,bd9b1018-7b79-4be3-a305-1b5fe8afb82f,9,5685.59,36,2026-05-17 12:00:00+00:00,RECHAZADO
2439,ea1184d3-dc0c-4672-9001-e097b3a1d470,9,35293.87,12,2026-05-27 15:00:00+00:00,RECHAZADO
2440,b64ab011-8fa0-448d-80ee-b05981fc5a79,9,27406.35,24,2026-01-19 17:00:00+00:00,RECHAZADO
2441,c46aa46a-61a9-4d59-af42-67f4782f610d,9,25219.73,36,2026-03-01 11:00:00+00:00,RECHAZADO
2442,a85ab033-6b44-47b6-beff-36ecb59d729c,9,8658.99,24,2026-04-28 10:00:00+00:00,RECHAZADO
2443,0f6d4afb-350e-47eb-bbfa-c2bd2447f4c5,9,22755.58,24,2025-10-30 11:00:00+00:00,RECHAZADO
2444,605d0da4-5502-407b-aac7-d70c499ada5a,9,37350.78,12,2026-05-08 17:00:00+00:00,RECHAZADO
2445,ef81be56-056a-41a4-96ed-5257d1ad3924,9,34523.94,18,2026-04-24 17:00:00+00:00,RECHAZADO
2446,6e03d90d-c97a-4531-ba74-0d0a66db67ab,9,16434.19,36,2025-11-25 15:00:00+00:00,RECHAZADO
2447,42a0b368-9545-4279-af21-409eb460167a,9,30681.37,12,2025-11-25 11:00:00+00:00,RECHAZADO
2448,4d16cfb7-b204-4fa4-95e6-e87d051a1456,9,9132.48,18,2026-03-28 11:00:00+00:00,RECHAZADO
2449,dec90ae8-ea18-40ff-bda5-b7613ff0e917,9,19672.76,18,2026-05-26 11:00:00+00:00,RECHAZADO
2450,821e7a08-9017-46e7-9d47-2d7412ef98bc,9,19122.22,24,2025-12-08 16:00:00+00:00,RECHAZADO
2451,5e355b8b-9e14-43f7-92c4-376778ba004b,9,28396.40,18,2026-05-13 15:00:00+00:00,RECHAZADO
2452,482a3de7-9451-464f-8fbf-a53d0aeff5e6,9,33259.11,18,2026-06-23 11:00:00+00:00,RECHAZADO
2453,ca17491d-ee1b-4df9-8b94-c2669ec78f9d,9,24522.78,18,2026-01-02 17:00:00+00:00,RECHAZADO
2454,61db10d6-8e10-45ba-982e-34fab54e23e7,9,19456.34,18,2025-12-20 10:00:00+00:00,RECHAZADO
2455,7b54ea09-b5ed-420b-a70d-e1d61a7a1c74,9,6423.08,18,2026-03-10 17:00:00+00:00,RECHAZADO
2456,08847cc4-0a38-4925-b0e8-062d024a7bda,9,8045.24,12,2026-03-02 15:00:00+00:00,RECHAZADO
2457,5ad55f62-265f-42c6-9b0d-45a30d7a6285,9,15685.96,18,2026-06-01 16:00:00+00:00,RECHAZADO
2458,ef934733-8986-479b-89b4-33fea6694433,9,13329.99,12,2026-02-02 13:00:00+00:00,RECHAZADO
2459,928050c8-2559-46b7-a64a-12fb7a2b3cc6,9,31153.11,18,2026-05-21 16:00:00+00:00,RECHAZADO
2460,1360eaca-bd51-4000-a866-499b25aa144b,9,12862.56,24,2026-03-18 16:00:00+00:00,RECHAZADO
2461,2ea4b8fd-4f2b-4a33-a198-8ddcd6efeb7a,9,3344.45,36,2026-04-13 17:00:00+00:00,RECHAZADO
2462,9dea95bb-509d-4499-a7b9-303852a769fc,9,31637.09,12,2025-12-11 15:00:00+00:00,RECHAZADO
2463,5e0a5cbd-6656-494a-a7ee-26dc4b23fe85,9,27595.52,12,2025-10-08 10:00:00+00:00,RECHAZADO
2464,bc97368c-9344-4631-aaa6-e8870c171bd5,9,5355.87,12,2025-10-04 17:00:00+00:00,RECHAZADO
2465,397f63b1-23a4-40e7-beed-e1f58d240787,9,10619.63,18,2026-03-27 13:00:00+00:00,RECHAZADO
2466,3f76755d-506b-47ad-94ad-62f25ee387ba,9,27575.73,12,2026-05-19 13:00:00+00:00,RECHAZADO
2467,e61dddcb-bde3-4c91-acd1-b6f842b99c8c,9,29551.38,36,2025-10-02 09:00:00+00:00,RECHAZADO
2468,46c1db4f-8776-4436-92f8-5ff454138f5d,9,9525.32,24,2025-12-14 11:00:00+00:00,RECHAZADO
2469,76f30730-3556-4e14-ab47-2f716faa2814,9,31611.95,12,2026-04-27 16:00:00+00:00,RECHAZADO
2470,06013af3-e5fd-443b-97f6-a23df7982f88,9,23276.11,18,2026-06-12 11:00:00+00:00,RECHAZADO
2471,73ae7758-de08-46f5-b173-78c6da58dd88,9,26468.28,18,2025-11-03 14:00:00+00:00,RECHAZADO
2472,caf26e95-31ee-46b4-82d7-6b29751dade9,9,33444.36,24,2025-10-26 17:00:00+00:00,RECHAZADO
2473,8b36dda4-7e70-4ab4-9476-f077f51e7962,9,6790.52,18,2026-02-18 12:00:00+00:00,RECHAZADO
2474,b7d812b9-76bb-4d57-bd83-a7d948f96ca9,9,29256.71,24,2025-11-27 10:00:00+00:00,RECHAZADO
2475,8bf0793d-8c31-4e8f-ba67-d17d683d690f,9,38796.00,36,2026-06-28 09:00:00+00:00,RECHAZADO
2476,37e15b99-9e61-4187-a1a8-1f8ba55ec1cb,9,5389.17,12,2026-01-27 13:00:00+00:00,RECHAZADO
2477,96767ed6-fed9-4b8a-ad19-8222695618a2,9,6169.13,36,2026-06-28 11:00:00+00:00,RECHAZADO
2478,99615aae-dabc-411c-90d6-44abda0b761b,9,13607.98,12,2026-04-16 09:00:00+00:00,RECHAZADO
2479,b5c807d7-65e4-4e8a-982d-160c0d05402f,9,14952.53,12,2025-10-06 13:00:00+00:00,RECHAZADO
2480,a59bcd25-2fe2-40ce-be12-c50cd5533c13,9,5108.75,18,2025-10-08 17:00:00+00:00,RECHAZADO
2481,cbcec48a-3613-4436-8d6e-6663768d3b69,9,5301.48,18,2026-04-17 09:00:00+00:00,RECHAZADO
2482,b607d9ea-fae6-4152-b239-8978fbb2e98c,9,39323.93,12,2026-01-15 09:00:00+00:00,RECHAZADO
2483,59fb29c8-3a2f-4f68-a54f-728cb3cfc640,9,30293.22,12,2026-01-17 10:00:00+00:00,RECHAZADO
2484,47984e08-c958-49ba-9462-3a48a76ba485,9,20658.36,12,2026-02-08 14:00:00+00:00,RECHAZADO
2485,ff39d73a-93c4-4b02-be75-72c8ae50353a,9,34448.35,24,2026-03-17 17:00:00+00:00,RECHAZADO
2486,fe45cdbf-8e35-4d5e-870c-5975e230c844,9,15821.80,12,2026-03-25 10:00:00+00:00,RECHAZADO
2487,8178d536-a523-4ee9-a699-d440238d666b,9,35262.84,36,2025-12-28 10:00:00+00:00,RECHAZADO
2488,0cd4fcde-93e6-4388-b11a-a2698518340c,9,26792.03,24,2025-11-28 09:00:00+00:00,RECHAZADO
2489,95eb6ae5-042d-4508-97da-5332744ef4de,9,15709.74,24,2026-05-13 10:00:00+00:00,RECHAZADO
2490,26e31d5f-9397-47ee-9e01-5195ffcd1eee,9,38116.87,12,2026-03-31 15:00:00+00:00,RECHAZADO
2491,13b3d87c-8eb0-4580-b738-42e2881cabd3,9,30494.06,36,2025-12-26 12:00:00+00:00,RECHAZADO
2492,de26084c-7864-435e-88ec-22b5b669fc9c,9,13377.11,24,2026-06-21 12:00:00+00:00,RECHAZADO
2493,178d90b0-3b4f-41cc-80c8-684102309748,9,13465.64,18,2025-12-08 09:00:00+00:00,RECHAZADO
2494,978e6f37-9b86-4b55-a93b-a3675a7a8f15,9,29801.24,12,2026-01-14 14:00:00+00:00,RECHAZADO
2495,191a2bb4-5578-4a92-acd9-3062693ee8eb,9,37064.31,24,2026-02-10 12:00:00+00:00,RECHAZADO
2496,8464e395-e2ec-45b6-b9ef-6a9505c53bab,9,15161.37,12,2026-02-06 15:00:00+00:00,RECHAZADO
2497,b5d55b22-8149-46e3-bedb-1512004ab91e,9,37272.13,18,2025-10-01 09:00:00+00:00,RECHAZADO
2498,7b9f88fc-6f77-437e-9311-fc3180068968,9,24937.05,12,2026-01-19 16:00:00+00:00,RECHAZADO
2499,e1236e6b-6ce8-4ac6-8482-1d23b1fa7cb2,9,20139.91,12,2026-02-09 09:00:00+00:00,RECHAZADO
2500,46804048-acf5-41e1-b184-9a88abf746c6,9,16517.47,18,2026-01-11 10:00:00+00:00,RECHAZADO
2501,d7079b3c-6f24-4fd4-b204-45a3c010127e,9,12311.92,18,2026-01-11 09:00:00+00:00,RECHAZADO
2502,527fb89c-28b0-45d3-8771-205d7dae346f,9,32091.62,18,2025-11-02 17:00:00+00:00,RECHAZADO
2503,6a9d1999-a8cd-4c04-aa32-f860721542ae,9,33774.14,12,2025-10-25 14:00:00+00:00,RECHAZADO
2504,0c8b2df5-af03-40e3-a993-632af6a18c1d,9,33669.77,12,2025-12-21 15:00:00+00:00,RECHAZADO
2505,0099afed-51c7-4080-b1ba-98644c2b99b0,9,8783.03,12,2026-02-08 16:00:00+00:00,RECHAZADO
2506,53deffc9-e6c1-4501-adfb-fd3dcae493b2,9,16059.72,36,2026-05-21 09:00:00+00:00,RECHAZADO
2507,2275e74b-c397-47aa-9401-b76e8c4dc7df,9,10658.08,36,2026-04-04 16:00:00+00:00,RECHAZADO
2508,941123d9-00c9-4456-895f-9ac08d3efd90,9,11030.94,36,2025-11-14 10:00:00+00:00,RECHAZADO
2509,acdc2574-5121-4d2d-92b7-186e28640873,9,6504.57,36,2026-02-25 14:00:00+00:00,RECHAZADO
2510,5271892f-ae78-45cf-b04b-8731d0fa19a4,9,28955.07,18,2026-04-25 12:00:00+00:00,RECHAZADO
2511,b2aa6b10-b78a-4ab5-9c70-86a3e38e1f47,9,38798.35,36,2026-06-11 09:00:00+00:00,RECHAZADO
2512,0ceb28ba-efbe-471f-8286-e5f0dd90c356,9,20462.16,18,2025-11-13 10:00:00+00:00,RECHAZADO
2513,0f6d4afb-350e-47eb-bbfa-c2bd2447f4c5,9,16987.22,12,2026-06-12 16:00:00+00:00,RECHAZADO
2514,3732e930-f762-4fd8-b970-7a835932cce5,9,24735.68,24,2026-04-15 17:00:00+00:00,RECHAZADO
2515,f9cb0552-6350-4d29-8276-963f2cbd3959,9,28039.44,18,2026-04-04 14:00:00+00:00,RECHAZADO
2516,0c07778e-bbb0-4beb-aa3a-013bd648a056,9,24481.47,12,2026-02-21 14:00:00+00:00,RECHAZADO
2517,459077e5-61ca-4e09-aafd-5ed53d4191ab,9,3688.50,12,2025-10-18 09:00:00+00:00,RECHAZADO
2518,70914821-8550-4f18-aa84-9b4af29e2d13,9,8772.56,24,2026-03-21 14:00:00+00:00,RECHAZADO
2519,2a88e59b-60bd-4f87-843b-1063058c557c,9,17951.43,18,2026-03-23 17:00:00+00:00,RECHAZADO
2520,54975239-aacc-4832-bf1d-727a2af2fbe7,9,15779.86,24,2025-11-25 13:00:00+00:00,RECHAZADO
2521,67d17bfc-5b13-4fba-b3c9-830ab046d0e3,9,13154.57,12,2026-05-22 16:00:00+00:00,RECHAZADO
2522,d8ae92dd-562f-4287-ae41-4f68573d5475,9,9802.64,12,2025-10-28 17:00:00+00:00,RECHAZADO
2523,71c63f32-a5aa-4a9d-b498-0bb2cc695578,9,13860.60,18,2025-10-23 16:00:00+00:00,RECHAZADO
2524,4ff026f9-6ef7-4197-a39b-1e199d5588bf,9,24080.88,18,2025-11-24 12:00:00+00:00,RECHAZADO
2525,660a3459-93e6-41d7-9390-cfb5a28da9aa,9,11177.56,12,2026-06-22 15:00:00+00:00,RECHAZADO
2526,363d9e48-519e-4633-8145-829df3e34788,9,8615.00,24,2026-04-17 10:00:00+00:00,RECHAZADO
2527,47859fbc-8aee-4cf6-99d6-ede804d53668,9,31181.26,36,2026-02-18 17:00:00+00:00,RECHAZADO
2528,6bdc170f-9ac0-4879-b04f-0530245e81f0,9,37159.46,18,2026-06-22 15:00:00+00:00,RECHAZADO
2529,62647991-f9cb-4fb5-8f3d-3ebe44ed6929,9,23693.74,24,2025-10-12 17:00:00+00:00,RECHAZADO
2530,5321493c-3099-4bd3-9b49-eeb533a0acad,9,20328.98,36,2026-01-19 16:00:00+00:00,RECHAZADO
2531,4155fdb2-267d-4835-89f0-6890457ec114,9,17322.24,12,2026-03-29 10:00:00+00:00,RECHAZADO
2532,cc2da0a3-0d61-4375-957a-731aa96cabd8,9,22320.84,36,2026-02-17 17:00:00+00:00,RECHAZADO
2533,851f33b0-71b1-409a-9b0f-6d514604522c,9,19980.90,12,2026-02-21 12:00:00+00:00,RECHAZADO
2534,e28d34a2-60bd-45ac-bab0-1ebd7056d0fa,9,28080.30,18,2026-03-07 10:00:00+00:00,RECHAZADO
2535,59ff58b1-3b5a-42cd-b6d8-6317227b6018,9,30745.54,24,2026-01-19 11:00:00+00:00,RECHAZADO
2536,ede67770-3558-440f-87c9-d611d40445d1,9,15515.14,18,2026-03-24 10:00:00+00:00,RECHAZADO
2537,77eb89c3-d1cd-4354-bc32-c2769a4cd4f7,9,38219.58,24,2025-11-30 14:00:00+00:00,RECHAZADO
2538,c12a1704-b397-4e62-ab39-8c69851ba93b,9,31740.44,24,2026-03-18 17:00:00+00:00,RECHAZADO
2539,f7918411-fbaa-4b25-ac9d-07ba7f5287d4,9,35092.17,12,2026-02-10 14:00:00+00:00,RECHAZADO
2540,621d6a65-98c2-4b0d-a247-b7ed88c76f07,9,17680.35,24,2026-03-08 12:00:00+00:00,RECHAZADO
2541,7eca1f8c-a1d8-41cb-9a67-61671a53f7d8,9,8964.45,24,2026-06-08 12:00:00+00:00,RECHAZADO
2542,74b9df8e-f795-4e32-aa27-7ad598aebdfc,9,20273.17,24,2025-10-26 10:00:00+00:00,RECHAZADO
2543,28b6a5fc-8fa2-4e9e-b652-45ea30802195,9,25785.29,24,2026-06-22 16:00:00+00:00,RECHAZADO
2544,483b4851-6854-447c-a005-04d87237168e,9,37893.02,18,2026-05-12 10:00:00+00:00,RECHAZADO
2545,21c44225-d1ff-4f12-81fa-56da14f93c2b,9,6060.76,24,2025-11-20 09:00:00+00:00,RECHAZADO
2546,608ac665-0b15-4c3f-9615-9c413f42a2fc,9,30716.56,24,2026-01-02 09:00:00+00:00,RECHAZADO
2547,5ed2426f-e738-432b-8777-c08fc63e46ec,9,9612.11,18,2026-06-27 12:00:00+00:00,RECHAZADO
2548,44625284-4447-4ed8-b0ac-5b01902e95cf,9,36934.84,18,2026-02-19 09:00:00+00:00,RECHAZADO
2549,b678fb96-a6fb-4395-b581-d8a0b2519f68,9,38798.63,24,2025-12-25 10:00:00+00:00,RECHAZADO
2550,51516742-28f6-4e87-9542-d1a940658028,9,31860.81,36,2025-12-29 09:00:00+00:00,RECHAZADO
2551,aa4de771-5ea9-4890-af2f-11186a3b31f5,9,20748.31,18,2025-11-19 11:00:00+00:00,RECHAZADO
2552,47789665-ee23-47bd-bdcf-b41c3c583a8c,9,5090.52,18,2025-11-07 12:00:00+00:00,RECHAZADO
2553,cc3f0581-0a5d-4be1-9d59-9b13c7512923,9,22236.34,18,2025-11-22 13:00:00+00:00,RECHAZADO
2554,d3095935-524d-48f1-a00a-8057b74fc848,9,32274.23,12,2025-10-03 13:00:00+00:00,RECHAZADO
2555,edae02a4-99c7-4aa7-b080-52d0a55c5b7e,9,13816.30,24,2025-12-28 17:00:00+00:00,RECHAZADO
2556,53228f77-87f3-4e6f-b89e-b2a5b14bf723,9,6117.18,12,2026-01-29 10:00:00+00:00,RECHAZADO
2557,0b5611b3-3656-4a47-aff8-303a6a550f9f,9,32419.68,18,2026-04-01 12:00:00+00:00,RECHAZADO
2558,8cb8ffec-b7ea-468f-9e87-7410b08aaceb,9,30456.61,24,2025-12-12 14:00:00+00:00,RECHAZADO
2559,18790dd2-a026-4bd6-af96-408fe5400f3e,9,38763.70,12,2026-05-25 11:00:00+00:00,RECHAZADO
2560,3671eedc-e83f-4d60-897b-614ea524e142,9,8914.00,12,2026-04-06 14:00:00+00:00,RECHAZADO
2561,6103333d-104b-4d7b-b51d-6321f744b414,9,10133.61,12,2025-10-02 12:00:00+00:00,RECHAZADO
2562,c11bcc70-d15e-416a-a93d-c2c3830b8598,9,26917.19,18,2025-10-29 16:00:00+00:00,RECHAZADO
2563,e9566b29-d0d5-4500-8b96-af43c22edaf1,9,4504.97,18,2026-06-24 10:00:00+00:00,RECHAZADO
2564,99b86194-48cd-465d-b196-09c69ce60bb3,9,25879.50,24,2025-12-10 09:00:00+00:00,RECHAZADO
2565,0565b659-c9c2-4d6b-9b17-813a45c73736,9,21292.83,18,2026-04-29 15:00:00+00:00,RECHAZADO
2566,8e3c2ed0-18ab-4fa6-9926-0d35a79b9d50,9,27552.56,18,2026-02-03 09:00:00+00:00,RECHAZADO
2567,daf1fe4c-4627-48eb-804b-f1ee7d7a7272,9,8260.09,12,2026-04-15 16:00:00+00:00,RECHAZADO
2568,8a0d1dbe-9a0b-4cf6-b8b0-935b764452c9,9,11098.78,36,2025-10-14 11:00:00+00:00,RECHAZADO
2569,23808e61-548c-4375-b61f-05a8b1453fb1,9,8724.87,12,2025-12-22 11:00:00+00:00,RECHAZADO
2570,8bb6c1e3-842c-429d-a38e-fd289559b92f,9,37797.92,24,2026-05-05 11:00:00+00:00,RECHAZADO
2571,1708d9ee-ad06-4714-bef2-b9501ff515e4,9,29045.67,12,2025-12-05 12:00:00+00:00,RECHAZADO
2572,40e8052e-8980-45f1-abfb-81bb00d13786,9,14464.31,12,2026-04-15 13:00:00+00:00,RECHAZADO
2573,37a87e71-5a20-452c-90f1-0a074d3ebaeb,9,19330.03,24,2025-12-26 17:00:00+00:00,RECHAZADO
2574,d47d43c1-18a9-41b4-876e-6d1cafb0c515,9,36608.03,12,2026-02-09 17:00:00+00:00,RECHAZADO
2575,b053a064-283b-4216-a35d-bfc06b707ee1,9,39495.18,24,2025-11-22 13:00:00+00:00,RECHAZADO
2576,e8d0051b-45cd-4431-acbf-7264e4a68ab2,9,18384.34,36,2025-11-09 15:00:00+00:00,RECHAZADO
2577,61066c6d-5596-4fcf-b3b3-755ad5959df4,9,15037.96,18,2025-10-27 11:00:00+00:00,RECHAZADO
2578,11d2d742-032f-4048-9be1-3328fc313a7f,9,39495.08,12,2026-01-09 13:00:00+00:00,RECHAZADO
2579,3e252f6d-c53b-4a2d-ba87-f22f46367687,9,28464.88,36,2025-10-16 17:00:00+00:00,RECHAZADO
2580,c297daf1-995a-44ee-ab2a-6b2cf2fe41fb,9,13789.14,24,2026-05-17 11:00:00+00:00,RECHAZADO
2581,a6f71a30-ce9d-4d9a-a4bf-f2f4c9e8e4d6,9,35753.77,18,2025-12-08 14:00:00+00:00,RECHAZADO
2582,5661beea-6425-409d-b423-08321cca9d45,9,21002.30,24,2026-06-24 15:00:00+00:00,RECHAZADO
2583,aec0c937-7182-4de1-8a41-55ee2de1f5a2,9,20295.44,24,2026-04-26 10:00:00+00:00,RECHAZADO
2584,1fd85dc4-91b9-43b2-84c9-c2bc232826ab,9,19043.54,36,2026-02-01 11:00:00+00:00,RECHAZADO
2585,b29fc6ec-26f4-40dc-964d-c650bc1fa4b1,9,8548.46,24,2026-06-08 10:00:00+00:00,RECHAZADO
2586,faffc427-0c22-40cc-957d-378206530ae8,9,19545.28,18,2026-01-17 14:00:00+00:00,RECHAZADO
2587,8eb8364e-e87a-43b7-83c9-e36de670a1a3,9,10857.34,24,2025-10-28 11:00:00+00:00,RECHAZADO
2588,cd28e7a1-b7c6-42ae-8bbe-35818f238623,9,37637.80,24,2025-11-16 11:00:00+00:00,RECHAZADO
2589,68a7fb23-aa98-40a7-bab5-97b1f1b4a97f,9,25772.14,24,2026-05-06 13:00:00+00:00,RECHAZADO
2590,ec70d1d9-675c-48c0-8aa8-6b6225e90e29,9,25425.81,18,2025-10-31 15:00:00+00:00,RECHAZADO
2591,28c28785-a25e-493c-b913-59b2f1e21272,9,30278.05,18,2025-12-29 14:00:00+00:00,RECHAZADO
2592,23808e61-548c-4375-b61f-05a8b1453fb1,9,16620.69,12,2025-11-29 15:00:00+00:00,RECHAZADO
2593,7c1ea17e-b9c3-4c73-8d38-1bfd0a20ab8f,9,4581.28,12,2026-01-30 13:00:00+00:00,RECHAZADO
2594,49c2d989-22bb-49f6-a1fb-2760bec73011,9,32077.22,24,2026-06-10 10:00:00+00:00,RECHAZADO
2595,d7acc55c-e2c8-4724-a078-a89166aba07e,9,37613.96,18,2026-01-06 12:00:00+00:00,RECHAZADO
2596,f30d9c2e-cffd-4ca7-b6d9-536e16a41ebd,9,23604.79,18,2025-11-05 09:00:00+00:00,RECHAZADO
2597,fe1a3782-18d3-44db-bdd2-6dd1aa368178,9,26217.00,24,2025-10-23 14:00:00+00:00,RECHAZADO
2598,bc18eb75-37b5-4ac4-a0b4-9cb2bf7f9868,9,26180.30,18,2025-10-16 16:00:00+00:00,RECHAZADO
2599,7d242364-e54f-47dc-bf01-1498fc74a6b5,9,17546.63,12,2026-03-10 11:00:00+00:00,RECHAZADO
2600,f3d88997-ea16-46b0-8ce4-5be1f7fb90eb,9,5297.12,24,2025-12-03 13:00:00+00:00,RECHAZADO
2601,a85ab033-6b44-47b6-beff-36ecb59d729c,9,36989.87,12,2025-11-22 16:00:00+00:00,RECHAZADO
2602,70bc65f6-7783-4614-bf15-04b1c72034c4,9,10861.16,18,2026-05-31 15:00:00+00:00,RECHAZADO
2603,77ebc1fc-cb54-43ff-8a52-1642f9bc4d08,9,20078.87,36,2026-03-11 09:00:00+00:00,RECHAZADO
2604,07eb21fc-23f2-42d6-8e04-40be6314874e,9,17748.86,18,2025-11-05 12:00:00+00:00,RECHAZADO
2605,4c399fdc-9ca8-4a59-ba1c-5034884a9bcd,9,19707.86,12,2026-06-28 12:00:00+00:00,RECHAZADO
2606,7c7f6d82-e958-4c0d-9e96-047cb27b2ff0,9,12191.25,36,2026-03-23 10:00:00+00:00,RECHAZADO
2607,273f78a0-727b-43be-922f-5106d3f788f4,9,23073.25,18,2025-10-13 12:00:00+00:00,RECHAZADO
2608,359a05d5-f316-4d59-a787-813130cafb71,9,23501.31,24,2026-04-21 13:00:00+00:00,RECHAZADO
2609,844c3fae-1db4-43b4-a86c-abc4bd9ce0fb,9,36699.55,12,2026-03-02 10:00:00+00:00,RECHAZADO
2610,91b364ef-5e39-49da-af6d-c1e5085a54a4,9,13135.63,24,2026-03-14 12:00:00+00:00,RECHAZADO
2611,ab2ba988-c5eb-4dfd-bac6-aff11c21fc14,9,4296.67,36,2026-06-26 15:00:00+00:00,RECHAZADO
2612,4112c28a-034a-431a-874e-0e93aa6db43d,9,22868.29,36,2026-05-08 14:00:00+00:00,RECHAZADO
2613,49e56cf6-fcb1-4887-9b7d-968d757527c5,9,6934.62,24,2026-01-14 11:00:00+00:00,RECHAZADO
2614,afa5498e-9227-46b3-92e1-420bcae94ca1,9,11726.52,36,2026-01-02 15:00:00+00:00,RECHAZADO
2615,6f2e79f6-bfd1-49e5-87d1-65bab0124267,9,36409.88,18,2026-01-23 12:00:00+00:00,RECHAZADO
2616,335d0412-3e3a-416e-a9ec-61648a325ee9,9,7278.64,24,2025-11-04 12:00:00+00:00,RECHAZADO
2617,c0c4e94e-97b5-426a-826a-9c6047a3944e,9,15667.38,12,2026-05-18 13:00:00+00:00,RECHAZADO
2618,67f5896b-3c01-4305-8305-3c681a247fe2,9,6288.16,24,2025-11-27 11:00:00+00:00,RECHAZADO
2619,7892f688-1d18-4696-8639-4001b7231932,9,4156.27,18,2026-03-11 12:00:00+00:00,RECHAZADO
2620,d26b87eb-48e5-4a22-b612-8a35246b7630,9,12589.93,18,2026-04-12 13:00:00+00:00,RECHAZADO
2621,613d8b10-fcc0-4864-a741-76fee36b4801,9,37855.15,12,2026-01-10 10:00:00+00:00,RECHAZADO
2622,afd83c6c-a461-4369-bd4e-fa5dadb769df,9,16587.69,12,2026-01-19 13:00:00+00:00,RECHAZADO
2623,bd78ff10-fc35-4a4d-8fe2-258086c612af,9,6272.37,12,2025-12-10 09:00:00+00:00,RECHAZADO
2624,8ec2a2b7-a067-4eca-86ff-f8e47a0c2d46,9,33522.35,24,2026-02-18 13:00:00+00:00,RECHAZADO
2625,5996a985-7f0d-4ad5-a613-f7ea437c68b3,9,11127.96,36,2025-10-24 12:00:00+00:00,RECHAZADO
2626,8a2ec25b-5e04-41a9-80ef-53e3b5713a2e,9,25598.52,18,2026-03-01 11:00:00+00:00,RECHAZADO
2627,dc51ac4b-f5c6-4aa5-9b70-21b7176dee8d,9,10763.31,36,2025-10-26 14:00:00+00:00,RECHAZADO
2628,5acc2a39-b6d7-44a6-9d77-9974c4a7c9dc,9,4870.27,18,2026-06-13 10:00:00+00:00,RECHAZADO
2629,7c01152f-396d-43fd-8240-d2babbe3b77f,9,32206.54,24,2026-02-01 11:00:00+00:00,RECHAZADO
2630,865ec12d-daed-48de-a643-d82fcf8d9a54,9,33127.04,36,2026-06-08 10:00:00+00:00,RECHAZADO
2631,72bb548a-b995-46db-bb37-01d06ceb3185,9,32735.37,36,2026-01-10 17:00:00+00:00,RECHAZADO
2632,e6de48e1-7b59-4687-9191-94a8f473745c,9,30691.85,12,2026-04-06 16:00:00+00:00,RECHAZADO
2633,84b281ce-6eb4-450d-83a0-0b35df9fcedb,9,32423.70,12,2025-12-07 11:00:00+00:00,RECHAZADO
2634,68210dda-3dbf-4e37-b734-42335fc114f3,9,5207.69,18,2026-04-12 15:00:00+00:00,RECHAZADO
2635,d9de4cdd-428d-4b77-8baf-bd4b1d4415d7,9,7407.46,12,2025-11-06 17:00:00+00:00,RECHAZADO
2636,00e1ac46-e750-4ab7-a8ca-3785a0aea360,9,20896.37,18,2026-06-08 14:00:00+00:00,RECHAZADO
2637,05e8e5c8-c8fc-4cf2-9de8-2a26f1197544,9,5078.22,36,2026-02-01 16:00:00+00:00,RECHAZADO
2638,653bb584-a178-4ff6-8f66-2ba2e73117c9,9,13664.92,36,2026-05-12 10:00:00+00:00,RECHAZADO
2639,8828d07a-6fe5-4592-a307-4ba19c1e1802,9,20378.59,24,2026-01-27 09:00:00+00:00,RECHAZADO
2640,169a791d-988a-4f7f-8a28-3b8360affccd,9,16989.20,12,2026-05-24 10:00:00+00:00,RECHAZADO
2641,e0307965-f7c5-4729-808f-d257bfe519ff,9,24646.42,12,2026-04-16 10:00:00+00:00,RECHAZADO
2642,cf491fa8-1721-4c75-9bed-053c0187f945,9,36078.46,12,2026-02-17 14:00:00+00:00,RECHAZADO
2643,cd550895-02b5-456d-8df0-a927833e7016,9,23882.41,24,2026-02-02 16:00:00+00:00,RECHAZADO
2644,50c52e95-532f-4574-b297-20990e3e201a,9,14480.65,36,2026-05-15 15:00:00+00:00,RECHAZADO
2645,8c404ec2-f4dd-45b8-b066-dead316e8315,9,32392.79,36,2025-12-12 09:00:00+00:00,RECHAZADO
2646,1ca6cdf3-b551-4f5c-82bf-7a9e66fdbbe9,9,12604.52,18,2025-10-22 15:00:00+00:00,RECHAZADO
2647,ee77ab15-e2e8-4c52-87d1-779d2286ddbd,9,31783.60,12,2025-10-30 10:00:00+00:00,RECHAZADO
2648,db777896-8156-4062-a7f6-57155d1fb74a,9,27334.67,12,2026-06-25 15:00:00+00:00,RECHAZADO
2649,49fb1a0a-592f-4d4d-b24f-db501733080d,9,16559.44,18,2026-02-24 11:00:00+00:00,RECHAZADO
2650,cc3e3f32-6acb-425f-8fb6-85a216969559,9,6427.12,18,2026-03-16 16:00:00+00:00,RECHAZADO
2651,52a6f381-e16d-46fe-a2a2-87c96f99c57b,9,12726.81,12,2026-01-17 15:00:00+00:00,RECHAZADO
2652,564b7ea5-9dcd-4bb3-a481-4934801d63b4,9,33988.99,18,2025-12-25 11:00:00+00:00,RECHAZADO
2653,2174d45c-91d5-4861-9771-7edc57411c0f,9,3781.54,18,2026-06-13 11:00:00+00:00,RECHAZADO
2654,f9c669d8-f86f-4666-b492-1157676aa74e,9,19361.16,18,2025-11-20 10:00:00+00:00,RECHAZADO
2655,aa6bbceb-67c2-455c-be06-091313b6e6d8,9,32178.43,18,2026-01-20 14:00:00+00:00,RECHAZADO
2656,c6c98d23-6638-4506-a97b-797d67e1336d,9,28146.92,36,2026-01-02 11:00:00+00:00,RECHAZADO
2657,14672fcd-b414-4ee9-b064-91206cc5fcf9,9,29171.14,18,2025-10-15 13:00:00+00:00,RECHAZADO
2658,8d0aa631-0355-453e-970c-b463ccc6ff97,9,19574.55,12,2025-12-22 14:00:00+00:00,RECHAZADO
2659,bba5fc5a-ff2f-4b3f-9d15-73042713aa93,9,28479.97,36,2026-03-10 17:00:00+00:00,RECHAZADO
2660,62764912-8439-4293-9795-4bf66e40e3f1,9,30849.25,18,2026-03-18 09:00:00+00:00,RECHAZADO
2661,48c78d9a-1163-4de9-8bb8-9e104a41603a,9,34205.39,24,2026-03-30 13:00:00+00:00,RECHAZADO
2662,fb0335ae-1c1d-4ef1-b2a3-8a7f2cb719bb,9,25527.15,12,2026-05-14 11:00:00+00:00,RECHAZADO
2663,51b0a3ab-1af5-48ca-8859-64dee45f33d8,9,25791.75,12,2025-11-27 12:00:00+00:00,RECHAZADO
2664,0f14eb0e-3d9b-4aac-a015-3938b1ba04f7,9,33969.63,12,2026-01-06 09:00:00+00:00,RECHAZADO
2665,65e645d4-eca0-458f-b3a8-e3a176479bbd,9,37494.15,36,2025-11-15 10:00:00+00:00,RECHAZADO
2666,eb7a10c3-73e2-421f-a0f7-060846f72602,9,24622.89,18,2026-04-29 10:00:00+00:00,RECHAZADO
2667,789000dd-bd1a-4195-bc19-e803b6bc1cb7,9,31546.13,12,2026-06-09 13:00:00+00:00,RECHAZADO
2668,314ab55f-09cd-40a3-ac48-4feccf0a0f51,9,15240.27,36,2025-12-03 12:00:00+00:00,RECHAZADO
2669,18859713-aa5a-44e0-9bac-98c9c6a30374,9,4368.89,18,2026-04-10 17:00:00+00:00,RECHAZADO
2670,43cc6b3b-b502-4ce7-8a4d-fcad4fdf2647,9,23887.14,18,2025-10-19 11:00:00+00:00,RECHAZADO
2671,d04cea25-7049-44f4-96e3-04b692e9d499,9,5031.75,12,2026-05-14 16:00:00+00:00,RECHAZADO
2672,13f41f61-cc2d-43af-be0a-19ac9143492b,9,10792.07,18,2025-10-01 11:00:00+00:00,RECHAZADO
2673,88138cf2-32cc-4e69-b55c-5341eb7a5501,9,8342.59,36,2025-12-25 09:00:00+00:00,RECHAZADO
2674,7710e65b-f251-40e6-a044-cadc6f084006,9,35162.81,36,2026-05-03 11:00:00+00:00,RECHAZADO
2675,48355c9f-792b-4dea-970f-907ba9066e82,9,29629.25,24,2026-03-12 11:00:00+00:00,RECHAZADO
2676,3c1f7240-8d58-49db-aa74-2c3b39781c98,9,31485.46,24,2025-11-30 10:00:00+00:00,RECHAZADO
2677,de0e1d99-8194-4bd7-9f02-91e77ebefa59,9,19498.51,24,2026-06-07 11:00:00+00:00,RECHAZADO
2678,bbc3637c-4687-4ccb-855e-3d8d3d991010,9,26724.37,18,2025-11-06 13:00:00+00:00,RECHAZADO
2679,10d9db50-6124-46e1-9c1f-bf3a611ee4c5,9,35457.11,18,2025-12-22 13:00:00+00:00,RECHAZADO
2680,493a44d8-f8b7-4d8e-85a7-5e45b0bb7b2a,9,27730.40,12,2026-04-13 13:00:00+00:00,RECHAZADO
2681,41d444b7-6319-4931-b65d-b86e1a136512,9,9153.99,12,2025-12-05 11:00:00+00:00,RECHAZADO
2682,813c88fc-2d19-4fce-897f-b382d4d4a519,9,38990.78,12,2025-10-30 17:00:00+00:00,RECHAZADO
2683,2d2aa969-a181-484b-9030-6a8879629c6d,9,8998.01,18,2025-11-18 16:00:00+00:00,RECHAZADO
2684,c7f8f26c-dfc3-4c2a-b13c-bc9e9f51cc46,9,17848.72,12,2025-11-19 13:00:00+00:00,RECHAZADO
2685,2888e944-8a47-4345-bd32-6d214e8a8e84,9,25155.37,36,2026-03-23 14:00:00+00:00,RECHAZADO
2686,2d99ea9d-d281-45b0-82d0-85cfb2b0378e,9,3221.30,18,2026-01-14 15:00:00+00:00,RECHAZADO
2687,87000317-54e4-4e22-81f0-ae3583d0b365,9,25778.22,12,2025-10-01 14:00:00+00:00,RECHAZADO
2688,6e4d7468-d2a4-40ee-bc38-cd04c636a0ed,9,23494.52,12,2025-11-05 09:00:00+00:00,RECHAZADO
2689,53c824a9-c3a0-4022-ae50-bb6ece701ba7,9,3833.24,18,2026-06-12 15:00:00+00:00,RECHAZADO
2690,1c6fdd5c-95d6-439c-af65-6ab67cd857ac,9,32604.55,36,2025-11-14 13:00:00+00:00,RECHAZADO
2691,ddd03a60-ca6f-4ca1-b682-699d15a089a5,9,15323.71,12,2025-11-13 14:00:00+00:00,RECHAZADO
2692,e82f7d3c-e17a-4adf-85aa-b899985d404f,9,32403.72,12,2026-02-19 09:00:00+00:00,RECHAZADO
2693,214c513d-e20d-4365-8c1d-f5da381a90b9,9,17032.43,24,2025-11-06 13:00:00+00:00,RECHAZADO
2694,479af52b-cbf4-49f1-a4cc-79806ee3c2ff,9,32626.38,36,2025-12-01 09:00:00+00:00,RECHAZADO
2695,05534147-2238-4b9c-9427-8acc78dd2e13,9,15039.90,18,2026-01-18 09:00:00+00:00,RECHAZADO
2696,d343e4c6-8b8f-410c-8d09-132bc9ef52dd,9,36722.01,18,2026-06-22 11:00:00+00:00,RECHAZADO
2697,80132d31-7d67-48ae-8fe7-43d8787bd694,9,39608.77,18,2025-10-16 11:00:00+00:00,RECHAZADO
2698,1e03b579-3e83-461d-9d4d-b84e32b28a95,9,15170.02,18,2026-06-08 17:00:00+00:00,RECHAZADO
2699,18af9fc0-5ee9-4f11-8af5-5e759f23aa57,9,7041.80,12,2026-02-03 11:00:00+00:00,RECHAZADO
2700,cd77dfa2-bf47-4aa4-9734-313da1fe0a2c,9,38099.64,12,2025-10-10 17:00:00+00:00,RECHAZADO
2701,6ee32715-a8b3-46c4-858b-80126cd12b4b,9,7233.72,24,2026-06-29 10:00:00+00:00,RECHAZADO
2702,2bd411f5-3d1c-41a6-a946-a14aff28529d,9,24155.34,24,2026-06-12 09:00:00+00:00,RECHAZADO
2703,c66c97d1-52d1-43cd-934f-df5fce9fe6e9,9,36649.74,12,2025-12-18 16:00:00+00:00,RECHAZADO
2704,0d112bd2-3795-4a83-8838-649a8a495bb1,9,11165.96,24,2026-05-28 14:00:00+00:00,RECHAZADO
2705,b98353e4-fdc9-408a-894a-6f7595c9130e,9,24373.87,36,2025-11-08 13:00:00+00:00,RECHAZADO
2706,64dff06e-8457-40f3-be0e-b0f4c179b2fb,9,11274.61,36,2026-05-13 11:00:00+00:00,RECHAZADO
2707,6069bf09-2ab0-4e53-9ed0-6949d22aecff,9,33976.67,36,2026-06-16 10:00:00+00:00,RECHAZADO
2708,7c3ca569-6cdb-41c9-9d43-2e69695f3d9d,9,3898.69,24,2025-10-19 10:00:00+00:00,RECHAZADO
2709,c66c97d1-52d1-43cd-934f-df5fce9fe6e9,9,8818.81,12,2026-04-21 16:00:00+00:00,RECHAZADO
2710,dde6fa6f-f9be-4ae5-98c6-c718b4026059,9,24099.28,18,2026-03-17 13:00:00+00:00,RECHAZADO
2711,5884aff6-6deb-4c91-9dc2-3f82e4ba97d8,9,19025.47,36,2026-04-24 14:00:00+00:00,RECHAZADO
2712,31414207-c191-4394-81ba-f3c06b367516,9,12289.37,36,2026-03-29 15:00:00+00:00,RECHAZADO
2713,0ca81833-9827-42ad-afe2-8e43b86bf48b,9,17077.07,36,2026-03-22 14:00:00+00:00,RECHAZADO
2714,4e144e40-176d-4a7c-8f5a-9a560720fdc5,9,33522.31,12,2026-03-29 11:00:00+00:00,RECHAZADO
2715,628d7825-b3e0-4731-bf2d-b64bdae20e87,9,38033.83,12,2025-11-12 11:00:00+00:00,RECHAZADO
2716,04f10e56-8f77-4b18-b4b5-da1feb554c14,9,36725.21,12,2026-03-29 14:00:00+00:00,RECHAZADO
2717,8245d91a-f39a-4d9c-b0e6-c0c78ba26ad6,9,17705.02,36,2026-06-30 17:00:00+00:00,RECHAZADO
2718,7bc14a65-e91e-478c-8ee7-38d6c6f83dc6,9,32364.46,12,2026-01-05 17:00:00+00:00,RECHAZADO
2719,75df5665-80b4-485d-832e-d17f1a566a25,9,13970.43,24,2025-12-02 17:00:00+00:00,RECHAZADO
2720,3f1e391f-bf98-4c6c-a46c-e9004df0dd34,9,33184.76,24,2025-10-14 13:00:00+00:00,RECHAZADO
2721,f802e670-e520-4fe6-ad4c-709773ece2e1,9,36140.40,24,2025-10-23 16:00:00+00:00,RECHAZADO
2722,d445f031-fafb-4401-85a1-c79307a0cdab,9,19847.45,36,2025-11-28 13:00:00+00:00,RECHAZADO
2723,65d942c0-8ee7-4ebb-a8cc-2f06a782081b,9,23501.48,18,2025-12-25 10:00:00+00:00,RECHAZADO
2724,1977faa7-045b-4f50-9175-02e417776c20,9,25846.01,12,2026-06-19 10:00:00+00:00,RECHAZADO
2725,876918d6-7fac-43f2-8c2d-da679c8b337f,9,8547.58,24,2025-11-15 10:00:00+00:00,RECHAZADO
2726,870ff4c5-0af4-471b-9d2c-88fa9f7ce988,9,24559.89,12,2026-02-26 14:00:00+00:00,RECHAZADO
2727,ff249ba6-c411-40ac-8856-f902642be621,9,15604.07,24,2025-12-24 10:00:00+00:00,RECHAZADO
2728,eccaf75a-c76a-458c-9e5c-dac39590bf5f,9,28175.21,12,2026-05-29 13:00:00+00:00,RECHAZADO
2729,70bc8111-af5e-4bdd-a5fe-f7d8fa01e24a,9,18915.73,12,2025-11-20 12:00:00+00:00,RECHAZADO
2730,d6aa7213-8362-4f93-89b5-7806b7933adc,9,8283.73,18,2026-02-03 14:00:00+00:00,RECHAZADO
2731,004f0ddf-1d7f-4b58-a93c-e44524d1ebee,9,11803.75,24,2025-11-04 17:00:00+00:00,RECHAZADO
2732,ee55791a-d2cd-4204-bac7-4962cc53b9f0,9,21731.11,18,2025-10-17 14:00:00+00:00,RECHAZADO
2733,efd773b3-2eff-4919-89d2-5b8bfebf1751,9,21634.30,12,2025-11-16 17:00:00+00:00,RECHAZADO
2734,0bc83d73-1091-4bdc-8d5e-f63d97e2d04d,9,23218.12,12,2026-01-29 13:00:00+00:00,RECHAZADO
2735,daf1fe4c-4627-48eb-804b-f1ee7d7a7272,9,6071.20,12,2025-12-26 15:00:00+00:00,RECHAZADO
2736,caa948f6-4362-44a8-8526-aa2158b38921,9,13462.70,18,2026-06-05 16:00:00+00:00,RECHAZADO
2737,f489fe80-6b47-4c6d-9f0b-56b5373cc50c,9,18205.18,12,2025-11-02 09:00:00+00:00,RECHAZADO
2738,051f0d02-d85b-49dc-80e8-4133c3c2eadb,9,19323.72,12,2025-10-08 13:00:00+00:00,RECHAZADO
2739,21852da5-018d-4299-8e25-1b9c4fd27b63,9,39698.10,18,2026-02-19 10:00:00+00:00,RECHAZADO
2740,b3e1e9b3-8268-4490-9550-13a47e8f60d8,9,28549.38,18,2025-10-08 11:00:00+00:00,RECHAZADO
2741,e1a88de8-8390-499c-a4e2-74bb8715a6f9,9,34740.67,18,2025-12-06 16:00:00+00:00,RECHAZADO
2742,34c98e28-b545-43f0-85a5-8e68f28715c0,9,37593.61,18,2025-12-09 09:00:00+00:00,RECHAZADO
2743,d4ddc8a5-a9fa-4e9c-a41e-2d66265a71f8,9,31125.04,36,2026-01-24 13:00:00+00:00,RECHAZADO
2744,88c7c117-a73e-4eeb-850e-3889e9553b6e,9,34559.69,18,2026-05-30 15:00:00+00:00,RECHAZADO
2745,1c22f25a-29d0-4626-8189-f69442daef3e,9,39108.98,12,2026-05-16 17:00:00+00:00,RECHAZADO
2746,0b66840e-e518-4731-94ff-b71423f05d31,9,11518.51,18,2026-06-26 14:00:00+00:00,RECHAZADO
2747,367dec65-223c-4822-a8f3-0d6df559c612,9,29993.91,12,2026-05-07 10:00:00+00:00,RECHAZADO
2748,bb6191c1-f2d3-4eaa-81f6-3bf224ddb376,9,15946.12,18,2026-05-07 14:00:00+00:00,RECHAZADO
2749,574fe4f0-51d5-4c9c-b188-7e06400b56e8,9,28969.66,18,2026-03-02 15:00:00+00:00,RECHAZADO
2750,f9b892dc-7b84-49d1-be59-75583d183d4d,9,14161.03,18,2026-02-27 14:00:00+00:00,RECHAZADO
2751,154283fd-7143-4493-b8ac-a1b056fb0ace,9,11374.69,12,2026-05-10 12:00:00+00:00,RECHAZADO
2752,579dbdcd-2694-4b39-bf1e-e14bc9eeac18,9,17345.36,36,2025-10-06 10:00:00+00:00,RECHAZADO
2753,a1e36ecb-dfe8-418a-a21e-f31c027e463a,9,20810.11,18,2026-02-27 16:00:00+00:00,RECHAZADO
2754,731efc42-2f0f-4576-b405-5ea0e71269c3,9,20313.47,36,2026-03-16 13:00:00+00:00,RECHAZADO
2755,de59a892-41b6-41c6-82d2-56789eb398a4,9,19742.27,24,2025-10-06 09:00:00+00:00,RECHAZADO
2756,51a5f082-435a-4e72-8fb0-2016927e93f6,9,19483.20,36,2026-02-10 13:00:00+00:00,RECHAZADO
2757,4610a2cb-faee-4533-a469-3656b09c85f7,9,9113.29,18,2026-06-30 16:00:00+00:00,RECHAZADO
2758,1a2b8c88-d12e-499b-840d-6ba8060a2c4d,9,39612.84,12,2026-06-01 17:00:00+00:00,RECHAZADO
2759,9c696bd7-e9b5-4297-83a9-25800bf19b9f,9,16853.53,18,2026-01-28 13:00:00+00:00,RECHAZADO
2760,624b16af-1c32-4cec-b26c-936854246ae4,9,28725.40,18,2026-04-19 13:00:00+00:00,RECHAZADO
2761,b45d3a06-6cb3-452b-bab2-bb13509a42cd,9,21032.24,12,2025-10-24 14:00:00+00:00,RECHAZADO
2762,0099afed-51c7-4080-b1ba-98644c2b99b0,9,25445.14,18,2025-11-21 15:00:00+00:00,RECHAZADO
2763,5f84db0a-7c49-4c7f-862d-4ee12da60eca,9,3089.71,36,2025-10-24 10:00:00+00:00,RECHAZADO
2764,8f3e76d1-5bff-4108-bcb4-f58ba2b2006a,9,6148.25,18,2026-01-26 14:00:00+00:00,RECHAZADO
2765,570505ed-af4d-43b4-baf0-4b2efab8fcb0,9,11251.35,24,2026-03-21 11:00:00+00:00,RECHAZADO
2766,19dc9902-d59f-4b23-bfd8-21d6175a40f0,9,8520.76,12,2025-12-03 16:00:00+00:00,RECHAZADO
2767,61d729eb-d1f0-4ba7-9da5-7e5e47edffc2,9,23790.23,12,2026-02-28 16:00:00+00:00,RECHAZADO
2768,3c81be35-d873-4681-a6f3-ceb0edd444e7,9,18469.76,12,2026-03-21 09:00:00+00:00,RECHAZADO
2769,9034c783-5368-4f65-9865-3f08f4d50219,9,32764.63,24,2025-10-14 10:00:00+00:00,RECHAZADO
2770,964373a9-9ec8-49d0-a848-69597971a890,9,39792.64,12,2026-02-02 12:00:00+00:00,RECHAZADO
2771,eab11034-4557-4519-a452-2152f9b4329a,9,17008.12,24,2026-02-23 15:00:00+00:00,RECHAZADO
2772,40a2280e-5fdc-4faa-b2ee-f7308f2ade22,9,3275.15,24,2026-03-25 11:00:00+00:00,RECHAZADO
2773,fd6dd104-fd6f-4d4c-98ae-94f8c401bfc3,9,16603.31,12,2026-05-05 12:00:00+00:00,RECHAZADO
2774,25fed679-df53-45f9-a5b4-2d0135a90fb0,9,24678.91,24,2025-12-27 12:00:00+00:00,RECHAZADO
2775,4ff026f9-6ef7-4197-a39b-1e199d5588bf,9,13897.08,18,2026-01-31 16:00:00+00:00,RECHAZADO
2776,641d59ae-99a4-491c-aaf8-091d3d57533f,9,38527.36,12,2026-01-24 17:00:00+00:00,RECHAZADO
2777,8eda2137-b34f-4007-aeda-aad78b07492a,9,15767.38,18,2026-06-18 15:00:00+00:00,RECHAZADO
2778,dc12e32c-fc99-4178-84e7-6e7cdcdf5921,9,6605.38,18,2026-06-06 17:00:00+00:00,RECHAZADO
2779,ab9cdc55-d615-491c-aef2-eac4e952cb95,9,13564.26,18,2025-11-29 17:00:00+00:00,RECHAZADO
2780,f611487e-14e4-437f-8e9c-c30a572047d3,9,26026.10,18,2025-11-10 16:00:00+00:00,RECHAZADO
2781,eccaa3f6-8346-4dea-bd14-2ae790baaba9,9,21612.30,36,2025-11-22 13:00:00+00:00,RECHAZADO
2782,87000317-54e4-4e22-81f0-ae3583d0b365,9,15689.49,24,2025-10-13 17:00:00+00:00,RECHAZADO
2783,4bf7f2b6-a328-47e4-b4a5-e3de6fe20429,9,7439.43,12,2025-10-30 16:00:00+00:00,RECHAZADO
2784,564b348e-4d72-4462-8289-cef843e7347e,9,13450.45,18,2025-11-24 09:00:00+00:00,RECHAZADO
2785,78ad6e6d-4120-442e-b762-1e2d098a5f93,9,15368.21,12,2026-04-27 13:00:00+00:00,RECHAZADO
2786,7f6908db-c000-48b7-88c6-28d36a5991c2,9,31133.66,12,2026-02-06 12:00:00+00:00,RECHAZADO
2787,8beee337-b033-4878-8e38-dd3582742b56,9,29034.16,18,2026-02-03 11:00:00+00:00,RECHAZADO
2788,89ec5c2d-f6e3-4619-89ab-dd1f27096942,9,22291.27,24,2026-02-07 09:00:00+00:00,RECHAZADO
2789,1e579c53-ddfa-43b2-97ca-b69395a98ac6,9,23093.49,36,2026-06-18 12:00:00+00:00,RECHAZADO
2790,027d8ad7-36bd-413c-8caa-576e52e6c0d7,9,29172.94,18,2026-06-02 12:00:00+00:00,RECHAZADO
2791,427f0076-d966-40c6-a765-8495be7d2d0a,9,8701.16,18,2026-02-04 16:00:00+00:00,RECHAZADO
2792,80092321-279d-4147-add2-ae8c6b45080f,9,18659.93,18,2026-05-08 14:00:00+00:00,RECHAZADO
2793,6aaad89c-cb7d-447b-b95b-9b86ff230bf7,9,37873.85,12,2025-10-12 16:00:00+00:00,RECHAZADO
2794,d7bd69c0-c374-4e10-8f45-89b951dc15b9,9,16638.46,12,2025-10-27 10:00:00+00:00,RECHAZADO
2795,4eb37c5e-2a41-4181-9d3a-826252e7f6d3,9,11934.96,18,2026-01-18 14:00:00+00:00,RECHAZADO
2796,4ff0ec34-ffc6-4c1d-af2c-b8aeda60df3f,9,18217.62,24,2026-02-05 15:00:00+00:00,RECHAZADO
2797,ef192c11-d327-43ef-bccb-c3cf8f96d4ff,9,11163.44,18,2026-05-15 14:00:00+00:00,RECHAZADO
2798,0ef041d5-67ce-4db2-b70c-e531ed26b317,9,6479.11,18,2025-12-24 14:00:00+00:00,RECHAZADO
2799,bf99ddd2-4e55-4276-83e9-9e563a9988d0,9,39194.22,24,2026-06-15 10:00:00+00:00,RECHAZADO
2800,e2d1ac1f-44f6-4145-bae9-2b9f180f4426,9,11562.52,12,2026-05-11 13:00:00+00:00,RECHAZADO
2801,c152432b-c5f7-4bba-a8cc-f33ecf9875f9,9,20764.10,36,2025-12-09 10:00:00+00:00,RECHAZADO
2802,3f172198-a7d2-419d-aade-07a5bf4c55db,9,8526.11,36,2026-01-01 17:00:00+00:00,RECHAZADO
2803,36e3571c-9143-44a4-94d7-b4465a4f35ec,9,22113.92,12,2025-10-22 10:00:00+00:00,RECHAZADO
2804,c1adf6c9-f571-4e67-8e32-ad0a34ce85cf,9,8570.32,12,2025-10-21 17:00:00+00:00,RECHAZADO
2805,29e75f09-b63b-474a-93d3-8207bdcba1df,9,26485.91,18,2025-11-24 16:00:00+00:00,RECHAZADO
2806,ffcdec07-0aad-4213-8258-6ecb09c52b93,9,5043.00,18,2025-12-30 11:00:00+00:00,RECHAZADO
2807,737fba75-de50-49bc-b064-8bc709e19cc7,9,12108.33,24,2025-10-03 09:00:00+00:00,RECHAZADO
2808,045810a4-5b85-4476-81cd-c415f729b011,9,25398.52,36,2026-04-14 15:00:00+00:00,RECHAZADO
2809,116dfa3a-b500-4a87-9e2d-e7815dfa088f,9,15566.37,24,2026-05-13 15:00:00+00:00,RECHAZADO
2810,d539d598-798d-4531-a42b-871dfd26ca0c,9,23822.78,12,2026-03-03 11:00:00+00:00,RECHAZADO
2811,f0bc6868-967e-4372-b7aa-11db98139085,9,30424.57,24,2025-12-12 10:00:00+00:00,RECHAZADO
2812,6408e739-d7b8-4be4-bee1-3a8b272ca186,9,21470.24,24,2026-06-10 13:00:00+00:00,RECHAZADO
2813,9a776451-62ec-4fd4-a06f-8d5133bcee6c,9,23218.44,12,2026-06-25 09:00:00+00:00,RECHAZADO
2814,2fd4e520-edb4-4814-b051-b0e918884be2,9,7779.11,12,2026-03-20 13:00:00+00:00,RECHAZADO
2815,70e26f47-6b60-4b62-875e-e09d8d12a816,9,27320.42,36,2026-05-15 13:00:00+00:00,RECHAZADO
2816,b4750478-a683-47e0-a2de-734ce6ba1e10,9,23455.44,24,2026-04-23 14:00:00+00:00,RECHAZADO
2817,303b0682-aa93-4e36-bd3d-268717288bd7,9,25539.43,36,2025-10-04 16:00:00+00:00,RECHAZADO
2818,697de5bb-599f-443b-b0c8-8b3c1dd5f837,9,38101.76,36,2025-10-19 12:00:00+00:00,RECHAZADO
2819,7b23dcdb-9388-4e43-ab14-44f9349d9778,9,11260.85,12,2026-05-25 13:00:00+00:00,RECHAZADO
2820,0181290d-8aa3-47b2-a289-82301425b2a4,9,15462.92,12,2025-10-21 15:00:00+00:00,RECHAZADO
2821,5fd9ac21-f050-4d06-b538-673c1a6417a8,9,30285.78,12,2026-01-15 14:00:00+00:00,RECHAZADO
2822,ad4be4be-5434-4dbe-909f-faec86620f77,9,28854.47,18,2025-11-13 17:00:00+00:00,RECHAZADO
2823,ff2cba9e-a84d-4c86-b6be-361b613a86ae,9,16398.88,24,2026-05-01 10:00:00+00:00,RECHAZADO
2824,e0307965-f7c5-4729-808f-d257bfe519ff,9,23009.28,18,2026-03-20 09:00:00+00:00,RECHAZADO
2825,ea04ffb4-7b3a-41c1-99c8-1eeddc9ada1c,9,35710.85,24,2025-11-11 12:00:00+00:00,RECHAZADO
2826,d79dbf6b-8be0-4fac-9ef9-5eed410d137d,9,27208.02,36,2026-05-30 13:00:00+00:00,RECHAZADO
2827,d04cea25-7049-44f4-96e3-04b692e9d499,9,28583.65,24,2026-01-01 13:00:00+00:00,RECHAZADO
2828,605976e0-006b-4d46-8a48-58f990812124,9,11826.29,12,2025-11-15 17:00:00+00:00,RECHAZADO
2829,4b5dbe9e-c7ee-4a61-bfb9-62b8604a2c13,9,25023.20,24,2025-11-04 16:00:00+00:00,RECHAZADO
2830,063779d5-b7d6-45c1-b18f-4b7ffa2f626f,9,6885.21,18,2026-01-09 16:00:00+00:00,RECHAZADO
2831,dc0bbb97-6935-4a03-b39f-e716bfc4f1e7,9,25759.58,12,2026-02-02 17:00:00+00:00,RECHAZADO
2832,a1365e01-af50-421f-9a13-b248d33608ea,9,3642.94,12,2025-11-18 14:00:00+00:00,RECHAZADO
2833,84c8c8b9-be6f-4e6e-9338-5a88f7038a07,9,34685.03,18,2025-12-14 11:00:00+00:00,RECHAZADO
2834,3529e6f7-c725-46a3-a29f-8dd059607301,9,39235.21,24,2025-11-12 09:00:00+00:00,RECHAZADO
2835,902e7958-9bd7-452a-9697-b5000d0a3abb,9,21056.56,12,2025-10-01 09:00:00+00:00,RECHAZADO
2836,79c14065-4132-4250-a4cf-4baf16bdf138,9,7055.57,36,2026-02-01 11:00:00+00:00,RECHAZADO
2837,e2ec58cf-56eb-4fe8-83c9-821b10206edb,9,39453.49,12,2025-12-06 12:00:00+00:00,RECHAZADO
2838,9ac6da61-9730-444d-937d-9628db52b52a,9,32155.40,36,2026-03-15 09:00:00+00:00,RECHAZADO
2839,8c4065b6-3fad-4ed2-b554-65a3a39314bc,9,26363.56,18,2026-05-28 14:00:00+00:00,RECHAZADO
2840,a1f487d2-a415-4838-809c-bdfa06156639,9,12050.95,12,2025-12-16 17:00:00+00:00,RECHAZADO
2841,39a8db1b-882f-4772-99f8-fe0861004e7c,9,3059.45,12,2026-04-27 10:00:00+00:00,RECHAZADO
2842,c10c01da-938d-4fde-b99c-6b76897cc055,9,4057.62,36,2025-11-01 09:00:00+00:00,RECHAZADO
2843,fb0390b8-71d2-48e6-9f08-7e7c5e14a5a9,9,24948.03,18,2025-12-12 16:00:00+00:00,RECHAZADO
2844,68d7fd7d-44b4-4ecc-8efd-018024e10a87,9,16411.18,24,2026-05-13 12:00:00+00:00,RECHAZADO
2845,5f38739c-3ac0-48c8-b1a3-a6eaae9da3e6,9,14253.98,24,2026-03-16 12:00:00+00:00,RECHAZADO
2846,26637dd0-c530-43dd-86fe-30df77fd1c59,9,16687.80,36,2026-03-09 13:00:00+00:00,RECHAZADO
2847,769a12a4-04b4-45ce-961c-cb96b1b12b47,9,24421.72,36,2025-11-11 11:00:00+00:00,RECHAZADO
2848,e1b75f53-89ec-42b8-993d-7148c9d86afe,9,13340.03,24,2026-03-23 11:00:00+00:00,RECHAZADO
2849,0c828f67-1d01-4316-9f2b-3ebd5a2eb0fc,9,31199.39,12,2026-03-30 12:00:00+00:00,RECHAZADO
2850,41c0312e-c9e0-414a-b732-b0a4a6cc9db1,9,17815.53,18,2026-04-16 10:00:00+00:00,RECHAZADO
2851,405b2197-7bb6-4a6b-9b47-fc1f9c76d592,9,13064.75,36,2025-12-25 12:00:00+00:00,RECHAZADO
2852,5c78dbab-d9f3-4865-94d6-e75129ad149f,9,3606.52,18,2025-12-20 16:00:00+00:00,RECHAZADO
2853,d3aec9ae-11cb-45c1-bf56-50c7271d9378,9,9556.09,12,2026-04-21 15:00:00+00:00,RECHAZADO
2854,9ae20c5d-5b1a-4e2d-a02c-455705bfc784,9,18585.10,24,2026-02-19 13:00:00+00:00,RECHAZADO
2855,7d9200eb-a26e-4786-bd93-1ca2de82ef53,9,3300.46,24,2026-04-23 15:00:00+00:00,RECHAZADO
2856,062db9f8-6aaa-46c8-8eb0-c1f96f6b3178,9,9544.24,12,2026-01-09 12:00:00+00:00,RECHAZADO
2857,f73904c7-4c68-4d5c-920b-e787cc6feede,9,32512.20,36,2026-05-21 13:00:00+00:00,RECHAZADO
2858,d831b0e8-f0b4-4c42-9433-b6b3aae1b6fd,9,5670.61,12,2026-03-22 13:00:00+00:00,RECHAZADO
2859,4112c28a-034a-431a-874e-0e93aa6db43d,9,6548.35,18,2025-10-28 13:00:00+00:00,RECHAZADO
2860,2b2b2c79-a808-4bd2-aa73-935fa3ac96fb,9,33976.16,12,2026-01-31 16:00:00+00:00,RECHAZADO
2861,bf237464-37c3-43f0-b583-76f26b1e8697,9,11914.26,12,2025-10-01 15:00:00+00:00,RECHAZADO
2862,dd3946f3-b75e-46f4-bd14-e68f3b6b5904,9,14088.46,24,2026-01-29 10:00:00+00:00,RECHAZADO
2863,cebb102c-4356-49c4-b805-50b1b507a2eb,9,36259.29,12,2025-12-09 15:00:00+00:00,RECHAZADO
2864,fb78f9ec-d939-485c-bda0-13e98d25b120,9,34640.23,24,2026-05-05 13:00:00+00:00,RECHAZADO
2865,b6630d6f-c3ef-4d5b-b042-319087208086,9,21648.64,12,2026-03-17 10:00:00+00:00,RECHAZADO
2866,856555c5-3b50-4fd0-bd7f-406dae053d37,9,29204.43,36,2026-04-17 10:00:00+00:00,RECHAZADO
2867,d2a73827-fe80-4ca6-99f9-c1fa2fab1649,9,38848.49,12,2026-05-28 13:00:00+00:00,RECHAZADO
2868,0693e803-02f6-4486-beb0-f3632039a1ce,9,4692.27,36,2026-06-11 11:00:00+00:00,RECHAZADO
2869,4fa3460a-eafb-4b23-b8c3-cf7b1d2d4782,9,38874.50,36,2026-06-22 09:00:00+00:00,RECHAZADO
2870,0b33767e-d5c7-45bb-bdee-b1b889cfa7fb,9,22539.43,24,2026-06-13 14:00:00+00:00,RECHAZADO
2871,317790fd-fe04-4fe1-98ad-7fdb79859d1d,9,17233.24,24,2026-06-19 13:00:00+00:00,RECHAZADO
2872,18e34af4-9807-4051-82df-4d9fc31e5e86,9,17555.47,12,2026-01-09 16:00:00+00:00,RECHAZADO
2873,d3cfa8f1-0ece-4812-aae5-cae7f6b5a70d,9,36479.17,24,2026-04-02 12:00:00+00:00,RECHAZADO
2874,3dbf9657-caaf-4a27-ad53-9f6b6e7a706b,9,26913.07,24,2025-12-11 11:00:00+00:00,RECHAZADO
2875,d2057c11-e649-4cf8-bdf6-6d3d891b5ee3,9,4604.30,36,2025-11-16 14:00:00+00:00,RECHAZADO
2876,64fb3ed4-e221-4ce4-b18e-a0d1974f8456,9,31935.25,18,2026-01-16 11:00:00+00:00,RECHAZADO
2877,415d112e-ae9d-4fad-a65c-d35eae676ef8,9,13696.40,24,2026-02-24 16:00:00+00:00,RECHAZADO
2878,64bc52a8-631c-4393-a769-78040419615a,9,19410.52,18,2026-03-01 10:00:00+00:00,RECHAZADO
2879,80c23c6d-3486-4b72-80d1-f6cacb451d3b,9,33000.90,18,2026-01-12 09:00:00+00:00,RECHAZADO
2880,a7615581-220e-43a9-bd6d-6f0ec9852915,9,31298.37,12,2025-10-28 17:00:00+00:00,RECHAZADO
2881,734d4001-34a4-40d1-8909-e36cbe676141,9,9861.78,24,2026-03-08 09:00:00+00:00,RECHAZADO
2882,89ec5c2d-f6e3-4619-89ab-dd1f27096942,9,5349.23,18,2025-10-17 11:00:00+00:00,RECHAZADO
2883,af42e920-8da7-43e5-bb36-6680d2b7935e,9,36120.99,18,2026-04-14 10:00:00+00:00,RECHAZADO
2884,3351dd1d-a360-4c0a-a8e7-d70c8c23de11,9,7533.48,18,2026-04-13 09:00:00+00:00,RECHAZADO
2885,3d9f7d10-dc56-4ec1-94f6-b35bc6f42e46,9,18048.09,12,2026-02-13 16:00:00+00:00,RECHAZADO
2886,15b55441-f357-4b24-a0cb-c3fa5c461351,9,6114.59,12,2026-05-29 11:00:00+00:00,RECHAZADO
2887,5f943efb-e6bd-4270-b936-4fd07d0ef217,9,31050.48,12,2026-02-15 17:00:00+00:00,RECHAZADO
2888,a2f111af-7af4-4f57-a7b4-1e37441176de,9,11621.95,12,2025-12-14 11:00:00+00:00,RECHAZADO
2889,bcd90d22-02e5-4091-9c3d-19dda87b111f,9,39800.49,12,2026-06-23 12:00:00+00:00,RECHAZADO
2890,9f181d1f-b58a-4cbe-ac72-69def3fd4f49,9,26303.25,12,2026-02-02 09:00:00+00:00,RECHAZADO
2891,1f9d0460-121d-4f91-b214-b8fcd3fca54a,9,34294.27,18,2026-06-25 14:00:00+00:00,RECHAZADO
2892,06a79cfa-cb8a-43f4-8b8d-ccb82704d1bb,9,18865.59,24,2025-10-08 10:00:00+00:00,RECHAZADO
2893,53b208c1-109a-41df-8fc6-44b1368e7f90,9,20234.34,24,2025-10-02 16:00:00+00:00,RECHAZADO
2894,60d52f31-f0bc-46f5-b538-50af956a11ea,9,18498.52,12,2025-11-25 09:00:00+00:00,RECHAZADO
2895,d1150679-1200-4019-85d8-80017f6b43d5,9,12233.02,36,2025-10-11 09:00:00+00:00,RECHAZADO
2896,c9dfc2c7-56b8-4924-ac41-123cb2b88922,9,15964.30,24,2026-04-28 13:00:00+00:00,RECHAZADO
2897,0af0ab72-5463-4f11-bdea-5a9fdc346d57,9,30733.07,24,2026-01-06 09:00:00+00:00,RECHAZADO
2898,2e30ce17-e110-4688-92ae-f96e6562eed7,9,8060.09,12,2025-10-08 17:00:00+00:00,RECHAZADO
2899,2e275c89-053a-4750-aebf-73bfc4c3376e,9,37609.00,18,2025-12-11 09:00:00+00:00,RECHAZADO
2900,c48f2461-5242-436b-9a6f-9ba7ed45d03c,9,35825.53,24,2025-12-27 12:00:00+00:00,RECHAZADO
2901,e87ad06e-44f9-45ab-9272-a5ea575fbab0,9,13222.18,24,2026-05-11 14:00:00+00:00,RECHAZADO
2902,0b33767e-d5c7-45bb-bdee-b1b889cfa7fb,9,20194.68,24,2025-11-08 14:00:00+00:00,RECHAZADO
2903,8d948d41-4554-42fe-a91f-5c1e528613ac,9,23368.88,12,2026-01-05 14:00:00+00:00,RECHAZADO
2904,ca683f8e-eb08-4fbe-8af2-914bd719b870,9,15734.87,24,2026-04-05 14:00:00+00:00,RECHAZADO
2905,9f386357-939e-4373-bd93-293166407eb3,9,17031.81,18,2025-10-24 11:00:00+00:00,RECHAZADO
2906,b1e7b60b-2438-4f9b-a554-8c02f8a4193a,9,16722.26,12,2026-02-01 14:00:00+00:00,RECHAZADO
2907,584ce01e-6b04-46e6-bf23-e86159cad56a,9,30584.46,18,2025-11-30 14:00:00+00:00,RECHAZADO
2908,ebe52969-a2b8-4952-a930-e4d178d2479a,9,25684.73,12,2026-01-27 11:00:00+00:00,RECHAZADO
2909,2bed1227-b174-41b9-952d-b55436b29685,9,34977.84,18,2026-02-22 14:00:00+00:00,RECHAZADO
2910,68b084a3-fc96-4d7b-8d56-e4a03fda5efe,9,25256.01,12,2026-05-07 16:00:00+00:00,RECHAZADO
2911,7d53376f-9692-4699-a770-4ec3468a058b,9,38425.11,24,2026-01-26 14:00:00+00:00,RECHAZADO
2912,930f6c6d-55d2-4bf4-b0a8-517868bdaad2,9,6385.22,24,2025-11-01 13:00:00+00:00,RECHAZADO
2913,fe0d8c99-0d01-4434-8297-8f1369abaad6,9,37234.50,18,2026-01-25 16:00:00+00:00,RECHAZADO
2914,685b28bb-72ad-42b8-a35b-1c578f791651,9,30465.63,18,2026-03-21 13:00:00+00:00,RECHAZADO
2915,602e5b73-ee06-4047-941c-d2b6d1cdd01b,9,13911.42,36,2026-03-01 11:00:00+00:00,RECHAZADO
2916,fb7d8133-dc10-4978-8643-508130735767,9,35440.26,12,2026-06-02 12:00:00+00:00,RECHAZADO
2917,ff42be21-44e2-4b74-99ae-9aefc260eb0d,9,12005.88,24,2025-10-24 17:00:00+00:00,RECHAZADO
2918,979ab6fd-728d-44d9-a7a9-bbe176bea749,9,3669.59,36,2025-12-26 16:00:00+00:00,RECHAZADO
2919,3e393ba8-fd60-4697-9c62-c0762a78ddf5,9,21400.22,18,2026-01-30 10:00:00+00:00,RECHAZADO
2920,a6c4efe1-8e03-4a35-8d01-b5042e5b9e69,9,16342.46,24,2025-11-22 13:00:00+00:00,RECHAZADO
2921,44c6c62f-9e6c-4265-8972-9a622081c57b,9,13288.45,18,2026-01-20 09:00:00+00:00,RECHAZADO
2922,366d7f8c-0560-4b87-9898-15c2b41554c7,9,25487.33,36,2026-06-03 12:00:00+00:00,RECHAZADO
2923,85c2e6c0-061c-4861-b319-5f5b9a7ede78,9,35418.04,12,2026-01-08 09:00:00+00:00,RECHAZADO
2924,75a59266-7399-44b1-9b4c-fa49675f46a9,9,39548.91,18,2026-02-25 11:00:00+00:00,RECHAZADO
2925,4aff6966-8b44-44ae-b2ec-b2171276d90f,9,20636.81,36,2026-03-16 17:00:00+00:00,RECHAZADO
2926,4966b2a1-c24e-45cb-8430-e544d582af67,9,11757.82,12,2026-06-10 09:00:00+00:00,RECHAZADO
2927,54ade330-aa76-489d-8da5-e7b6a1fa298d,9,33368.36,36,2026-05-05 10:00:00+00:00,RECHAZADO
2928,75e6387f-9d69-463f-8108-8c03fe6ffe85,9,3723.38,18,2026-01-29 17:00:00+00:00,RECHAZADO
2929,d9f21752-004a-4b1d-a0d7-de2345543453,9,39707.75,36,2026-06-20 12:00:00+00:00,RECHAZADO
2930,04850911-259e-4740-b8fb-fe5937282ee1,9,12622.38,12,2025-12-20 17:00:00+00:00,RECHAZADO
2931,4f5746b0-33c5-418f-85c5-8f3118b2f5e5,9,13140.49,24,2025-11-10 14:00:00+00:00,RECHAZADO
2932,b29cc1a2-d97e-469e-95f8-9e17cda97d83,9,8915.36,24,2026-02-18 12:00:00+00:00,RECHAZADO
2933,10876651-a829-444a-8aa6-ab01edb139bb,9,5390.87,36,2026-03-25 17:00:00+00:00,RECHAZADO
2934,ebdcc919-827b-4023-a990-95fe72ec7a35,9,26012.61,12,2025-12-07 15:00:00+00:00,RECHAZADO
2935,caf26e95-31ee-46b4-82d7-6b29751dade9,9,36415.32,18,2025-11-13 12:00:00+00:00,RECHAZADO
2936,04a72089-2353-4f6c-89a5-f018f5679f0d,9,10328.32,18,2026-03-08 17:00:00+00:00,RECHAZADO
2937,63f8dd3a-82fe-405b-b046-d6523606a4c3,9,11204.38,12,2025-10-01 14:00:00+00:00,RECHAZADO
2938,25c28727-c5fa-471e-bac8-6cb4455fd568,9,22277.08,24,2026-05-31 11:00:00+00:00,RECHAZADO
2939,14f58d0a-684f-46d5-8634-1c604ac71609,9,19111.62,12,2026-05-18 15:00:00+00:00,RECHAZADO
2940,41c0312e-c9e0-414a-b732-b0a4a6cc9db1,9,34658.60,18,2026-04-21 12:00:00+00:00,RECHAZADO
2941,f21c5157-31db-4de8-b532-49a8cf898f94,9,13440.62,12,2025-12-26 14:00:00+00:00,RECHAZADO
2942,d9ecd276-caf6-4e82-a685-84b2d4e712fd,9,8021.53,12,2026-03-23 16:00:00+00:00,RECHAZADO
2943,447072b9-4b8f-4f5d-9bd5-51a7dc63ccda,9,5005.18,24,2026-02-09 15:00:00+00:00,RECHAZADO
2944,eb23269d-497a-4acc-8a96-46ef63f7b491,9,39740.77,24,2025-10-23 14:00:00+00:00,RECHAZADO
2945,decf71bb-621a-4538-823b-695b38b5b75f,9,16633.47,18,2025-11-02 16:00:00+00:00,RECHAZADO
2946,2e27f5a7-da00-4b6f-805c-4fa4c00195fc,9,5037.54,24,2025-10-30 10:00:00+00:00,RECHAZADO
2947,676612ec-2251-48b3-aa8c-b4c7a34a2715,9,33630.50,12,2025-12-01 12:00:00+00:00,RECHAZADO
2948,3291c843-e8f3-404d-a62b-d99400b98be8,9,13846.42,18,2025-11-27 13:00:00+00:00,RECHAZADO
2949,a6f43599-e208-43e1-8748-dfaa950d9401,9,26134.44,36,2026-03-24 11:00:00+00:00,RECHAZADO
2950,fbbfd5b2-e194-40f1-9454-cd8181ea7319,9,5677.41,24,2026-03-18 16:00:00+00:00,RECHAZADO
2951,976809fe-ef2b-4f2d-b55f-df9fb7b025cd,9,26093.84,18,2026-05-20 17:00:00+00:00,RECHAZADO
2952,90dd9156-1f80-4a00-8cad-0eda7dc03ee5,9,18294.47,36,2026-02-11 12:00:00+00:00,RECHAZADO
2953,70717808-896c-4900-91f8-80336984a231,9,19058.90,24,2025-12-27 13:00:00+00:00,RECHAZADO
2954,279a93fb-77e7-47f3-893c-e0e41b27a4bd,9,5087.56,24,2025-10-27 16:00:00+00:00,RECHAZADO
2955,daadf4da-d102-4ff5-8332-a86b1586619f,9,22556.35,12,2026-04-16 16:00:00+00:00,RECHAZADO
2956,055b7eed-822d-48ec-a29c-d200e5abc229,9,11425.02,36,2026-06-03 11:00:00+00:00,RECHAZADO
2957,25d0176d-8592-4314-9459-25b195b21379,9,23301.46,18,2026-03-11 17:00:00+00:00,RECHAZADO
2958,fccdc0d2-e82f-4971-9824-d86a12c22957,9,32925.91,36,2026-05-30 15:00:00+00:00,RECHAZADO
2959,324641d1-d7c8-428d-8ac3-91b14f2834bc,9,39838.63,18,2026-03-23 10:00:00+00:00,RECHAZADO
2960,a3ad63b2-3bfe-4977-9b8a-cf2274727d5f,9,8400.60,12,2025-10-02 13:00:00+00:00,RECHAZADO
2961,c80d7846-b484-46b7-8e7a-f88b738d46d2,9,17943.67,12,2026-03-12 14:00:00+00:00,RECHAZADO
2962,02f8d554-2b37-482d-b6b1-6323a8f7e1cc,9,8172.80,12,2025-10-06 09:00:00+00:00,RECHAZADO
2963,9e6e694e-9783-4b0a-90f4-2c4718811e1f,9,29651.68,12,2026-01-27 15:00:00+00:00,RECHAZADO
2964,865904bb-23c9-4b36-b54d-93b64fdee65f,9,13207.43,18,2026-05-13 10:00:00+00:00,RECHAZADO
2965,7917f9f9-2b62-41c2-8142-9074489cddd7,9,10435.26,24,2025-12-16 15:00:00+00:00,RECHAZADO
2966,3421dd21-0361-46de-ac60-02d0c6ce0bf0,9,13914.72,18,2026-06-10 15:00:00+00:00,RECHAZADO
2967,7141dd96-9842-497f-a5b4-f179324a126f,9,36391.52,18,2025-10-30 10:00:00+00:00,RECHAZADO
2968,6102b4ed-135c-4c2c-9e89-937397a6ddb8,9,15935.35,18,2025-10-14 17:00:00+00:00,RECHAZADO
2969,6b677a12-39e2-4d91-a5cd-7c35836ad17a,9,35161.32,18,2025-12-16 13:00:00+00:00,RECHAZADO
2970,f55b7b82-203c-4ac1-b0dc-dfc426cf5d55,9,5060.06,36,2025-11-14 10:00:00+00:00,RECHAZADO
2971,5c0473a3-5133-4c81-882b-daa170040519,9,20374.29,12,2026-01-20 11:00:00+00:00,RECHAZADO
2972,660b4ba7-570b-4d54-9b25-9526993906de,9,3535.03,18,2026-01-18 10:00:00+00:00,RECHAZADO
2973,5e76c84d-8916-4b5d-ab0f-609fae188257,9,32491.27,24,2025-12-02 11:00:00+00:00,RECHAZADO
2974,59fa4174-5e1b-46d5-9357-78d65ed0b3d9,9,32357.57,36,2026-04-10 11:00:00+00:00,RECHAZADO
2975,43a5c7f6-f04a-4e1e-93e8-a7cef49e0005,9,20696.25,12,2025-10-26 12:00:00+00:00,RECHAZADO
2976,ad16225c-96da-4491-9b52-87175d586418,9,8208.12,12,2025-11-14 09:00:00+00:00,RECHAZADO
2977,c9273243-182b-4d25-9dbd-73c4f06b61ce,9,12803.73,24,2025-10-25 16:00:00+00:00,RECHAZADO
2978,b4b60338-962f-4a16-9229-b2268228addf,9,35278.58,12,2026-04-06 12:00:00+00:00,RECHAZADO
2979,ce5617c0-82fd-4853-9e8c-e47ee6a7d81a,9,3426.14,18,2026-03-27 09:00:00+00:00,RECHAZADO
2980,87de6ad4-0293-4672-a17e-186a79c95700,9,15255.99,18,2025-11-07 15:00:00+00:00,RECHAZADO
2981,ce5617c0-82fd-4853-9e8c-e47ee6a7d81a,9,17185.48,12,2025-11-24 17:00:00+00:00,RECHAZADO
2982,21bea36a-deb4-498d-8b77-9be3c3cfbf1e,9,21626.86,24,2026-03-24 15:00:00+00:00,RECHAZADO
2983,6e710d07-e038-4026-821a-73db182ab18b,9,6510.32,18,2025-12-22 14:00:00+00:00,RECHAZADO
2984,663c5346-c0fc-4ba8-aa66-fbdc56e94e97,9,10852.68,36,2025-10-21 14:00:00+00:00,RECHAZADO
2985,f089788a-b02d-45c0-9eee-da62c767ac46,9,5179.30,12,2025-10-31 11:00:00+00:00,RECHAZADO
2986,d3b7e4b5-16b0-45a4-b098-83d6d98fc12d,9,18753.43,12,2026-04-03 09:00:00+00:00,RECHAZADO
2987,114673c1-f7f3-4d2c-be64-e0fd07d627df,9,38080.94,18,2025-11-25 10:00:00+00:00,RECHAZADO
2988,4c25ae70-c37f-4f42-a2ea-287ac35af78d,9,12760.06,36,2025-11-23 09:00:00+00:00,RECHAZADO
2989,1b05e246-ba67-4321-b842-f1837004c1e1,9,12109.14,12,2026-02-14 09:00:00+00:00,RECHAZADO
2990,c8f7283a-171b-496f-b8a2-aa09e8a7ae05,9,17001.69,36,2026-02-11 11:00:00+00:00,RECHAZADO
2991,b61bead0-47c2-4db1-869b-275d6745a194,9,37884.57,24,2026-04-09 09:00:00+00:00,RECHAZADO
2992,44af40f2-b9af-4558-838a-18ab8a26d448,9,24383.76,36,2026-01-10 15:00:00+00:00,RECHAZADO
2993,0a58cb9a-87e1-474c-aaad-5366e3f8c2dc,9,9730.87,36,2025-10-26 11:00:00+00:00,RECHAZADO
2994,18e3609c-6a6c-417c-9774-c7feef442a70,9,27949.54,18,2025-12-25 12:00:00+00:00,RECHAZADO
2995,fdb5508f-43de-42da-80d4-08daf7ac6ef4,9,12794.38,12,2025-12-31 17:00:00+00:00,RECHAZADO
2996,e350a1f5-3fff-420c-9118-3939fe98fae2,9,36924.02,18,2026-02-25 11:00:00+00:00,RECHAZADO
2997,38deac2b-1422-43a3-8acb-4a82037ba1b8,9,33890.93,36,2026-01-07 14:00:00+00:00,RECHAZADO
2998,64dff06e-8457-40f3-be0e-b0f4c179b2fb,9,22124.72,12,2026-01-15 10:00:00+00:00,RECHAZADO
2999,74f25a46-da6b-4d58-b522-3f510e20ca4f,9,28209.56,18,2026-01-25 13:00:00+00:00,RECHAZADO
3000,1990eeff-458c-4f29-8d92-8480cdb28dbe,9,17371.61,36,2026-06-11 17:00:00+00:00,RECHAZADO
